ISO-10303-21;
HEADER;
FILE_DESCRIPTION(('STEP AP242'),'1');
FILE_NAME('1722861103.stp','2025-11-18T19:08:03',('TraceParts'),('TraceParts S.A.S.'),'Spatial InterOp 3D',' ',' ');
FILE_SCHEMA(('AP242_MANAGED_MODEL_BASED_3D_ENGINEERING_MIM_LF  {1 0 10303 442 1 1 4}'));
ENDSEC;
DATA;
#1=MECHANICAL_DESIGN_GEOMETRIC_PRESENTATION_REPRESENTATION(' ',(#10,#11,#12,#13,#14,#15,#16,#17,#18,#19,#20,#21,#22,#23,#24,#25,#26,#27,#28,#29,#30,#31,#32,#33,#34,#35,#36,#37,#38,#39,#40,#41,#42,#43,#44,#45,#46,#47,#48,#49,#50,#51,#52,#53,#54,#55,#56,#57,#58,#59,#60,#61,#62,#63,#64,#65,#66,#67,#68,#69,#70,#71,#72,#73,#74,#75,#76,#77,#78,#79,#80,#81,#82,#83,#84),#6);
#2=PRODUCT_DEFINITION_CONTEXT('',#85,'design');
#3=APPLICATION_PROTOCOL_DEFINITION('INTERNATIONAL STANDARD','ap242_managed_model_based_3d_engineering',2014,#85);
#4=PRODUCT_CATEGORY_RELATIONSHIP('NONE','NONE',#86,#87);
#5=SHAPE_DEFINITION_REPRESENTATION(#88,#89);
#6= (GEOMETRIC_REPRESENTATION_CONTEXT(3)GLOBAL_UNCERTAINTY_ASSIGNED_CONTEXT((#92))GLOBAL_UNIT_ASSIGNED_CONTEXT((#94,#95,#96))REPRESENTATION_CONTEXT('NONE','WORKSPACE'));
#10=STYLED_ITEM('',(#98),#99);
#11=STYLED_ITEM('',(#100),#101);
#12=STYLED_ITEM('',(#102),#103);
#13=STYLED_ITEM('',(#104),#105);
#14=STYLED_ITEM('',(#106),#107);
#15=STYLED_ITEM('',(#108),#109);
#16=STYLED_ITEM('',(#110),#111);
#17=STYLED_ITEM('',(#112),#113);
#18=STYLED_ITEM('',(#114),#115);
#19=STYLED_ITEM('',(#116),#117);
#20=STYLED_ITEM('',(#118),#119);
#21=STYLED_ITEM('',(#120),#121);
#22=STYLED_ITEM('',(#122),#123);
#23=STYLED_ITEM('',(#124),#125);
#24=STYLED_ITEM('',(#126),#127);
#25=STYLED_ITEM('',(#128),#129);
#26=STYLED_ITEM('',(#130),#131);
#27=STYLED_ITEM('',(#132),#133);
#28=STYLED_ITEM('',(#134),#135);
#29=STYLED_ITEM('',(#136),#137);
#30=STYLED_ITEM('',(#138),#139);
#31=STYLED_ITEM('',(#140),#141);
#32=STYLED_ITEM('',(#142),#143);
#33=STYLED_ITEM('',(#144),#145);
#34=STYLED_ITEM('',(#146),#147);
#35=STYLED_ITEM('',(#148),#149);
#36=STYLED_ITEM('',(#150),#151);
#37=STYLED_ITEM('',(#152),#153);
#38=STYLED_ITEM('',(#154),#155);
#39=STYLED_ITEM('',(#156),#157);
#40=STYLED_ITEM('',(#158),#159);
#41=STYLED_ITEM('',(#160),#161);
#42=STYLED_ITEM('',(#162),#163);
#43=STYLED_ITEM('',(#164),#165);
#44=STYLED_ITEM('',(#166),#167);
#45=STYLED_ITEM('',(#168),#169);
#46=STYLED_ITEM('',(#170),#171);
#47=STYLED_ITEM('',(#172),#173);
#48=STYLED_ITEM('',(#174),#175);
#49=STYLED_ITEM('',(#176),#177);
#50=STYLED_ITEM('',(#178),#179);
#51=STYLED_ITEM('',(#180),#181);
#52=STYLED_ITEM('',(#182),#183);
#53=STYLED_ITEM('',(#184),#185);
#54=STYLED_ITEM('',(#186),#187);
#55=STYLED_ITEM('',(#188),#189);
#56=STYLED_ITEM('',(#190),#191);
#57=STYLED_ITEM('',(#192),#193);
#58=STYLED_ITEM('',(#194),#195);
#59=STYLED_ITEM('',(#196),#197);
#60=STYLED_ITEM('',(#198),#199);
#61=STYLED_ITEM('',(#200),#201);
#62=STYLED_ITEM('',(#202),#203);
#63=STYLED_ITEM('',(#204),#205);
#64=STYLED_ITEM('',(#206),#207);
#65=STYLED_ITEM('',(#208),#209);
#66=STYLED_ITEM('',(#210),#211);
#67=STYLED_ITEM('',(#212),#213);
#68=STYLED_ITEM('',(#214),#215);
#69=STYLED_ITEM('',(#216),#217);
#70=STYLED_ITEM('',(#218),#219);
#71=STYLED_ITEM('',(#220),#221);
#72=STYLED_ITEM('',(#222),#223);
#73=STYLED_ITEM('',(#224),#225);
#74=STYLED_ITEM('',(#226),#227);
#75=STYLED_ITEM('',(#228),#229);
#76=STYLED_ITEM('',(#230),#231);
#77=STYLED_ITEM('',(#232),#233);
#78=STYLED_ITEM('',(#234),#235);
#79=STYLED_ITEM('',(#236),#237);
#80=STYLED_ITEM('',(#238),#239);
#81=STYLED_ITEM('',(#240),#241);
#82=STYLED_ITEM('',(#242),#243);
#83=STYLED_ITEM('',(#244),#245);
#84=STYLED_ITEM('',(#246),#247);
#85=APPLICATION_CONTEXT('managed model based 3d engineering');
#86=PRODUCT_CATEGORY('part','NONE');
#87=PRODUCT_RELATED_PRODUCT_CATEGORY('detail',' ',(#248));
#88=PRODUCT_DEFINITION_SHAPE('NONE','NONE',#249);
#89=ADVANCED_BREP_SHAPE_REPRESENTATION('UltraFit',(#247,#250),#6);
#92=UNCERTAINTY_MEASURE_WITH_UNIT(LENGTH_MEASURE(1.0E-06),#94,'','');
#94= (CONVERSION_BASED_UNIT('MILLIMETRE',#253)LENGTH_UNIT()NAMED_UNIT(#256));
#95= (NAMED_UNIT(#258)PLANE_ANGLE_UNIT()SI_UNIT($,.RADIAN.));
#96= (NAMED_UNIT(#258)SOLID_ANGLE_UNIT()SI_UNIT($,.STERADIAN.));
#98=PRESENTATION_STYLE_ASSIGNMENT((#264));
#99=ADVANCED_FACE('',(#265),#266,.F.);
#100=PRESENTATION_STYLE_ASSIGNMENT((#267));
#101=ADVANCED_FACE('',(#268),#269,.T.);
#102=PRESENTATION_STYLE_ASSIGNMENT((#270));
#103=ADVANCED_FACE('',(#271),#272,.F.);
#104=PRESENTATION_STYLE_ASSIGNMENT((#273));
#105=ADVANCED_FACE('',(#274),#275,.T.);
#106=PRESENTATION_STYLE_ASSIGNMENT((#276));
#107=ADVANCED_FACE('',(#277),#278,.F.);
#108=PRESENTATION_STYLE_ASSIGNMENT((#279));
#109=ADVANCED_FACE('',(#280),#281,.F.);
#110=PRESENTATION_STYLE_ASSIGNMENT((#282));
#111=ADVANCED_FACE('',(#283),#284,.T.);
#112=PRESENTATION_STYLE_ASSIGNMENT((#285));
#113=ADVANCED_FACE('',(#286),#287,.F.);
#114=PRESENTATION_STYLE_ASSIGNMENT((#288));
#115=ADVANCED_FACE('',(#289),#290,.F.);
#116=PRESENTATION_STYLE_ASSIGNMENT((#291));
#117=ADVANCED_FACE('',(#292),#293,.F.);
#118=PRESENTATION_STYLE_ASSIGNMENT((#294));
#119=ADVANCED_FACE('',(#295),#296,.F.);
#120=PRESENTATION_STYLE_ASSIGNMENT((#297));
#121=ADVANCED_FACE('',(#298),#299,.F.);
#122=PRESENTATION_STYLE_ASSIGNMENT((#300));
#123=ADVANCED_FACE('',(#301),#302,.T.);
#124=PRESENTATION_STYLE_ASSIGNMENT((#303));
#125=ADVANCED_FACE('',(#304),#305,.F.);
#126=PRESENTATION_STYLE_ASSIGNMENT((#306));
#127=ADVANCED_FACE('',(#307),#308,.F.);
#128=PRESENTATION_STYLE_ASSIGNMENT((#309));
#129=ADVANCED_FACE('',(#310),#311,.T.);
#130=PRESENTATION_STYLE_ASSIGNMENT((#312));
#131=ADVANCED_FACE('',(#313),#314,.F.);
#132=PRESENTATION_STYLE_ASSIGNMENT((#315));
#133=ADVANCED_FACE('',(#316),#317,.F.);
#134=PRESENTATION_STYLE_ASSIGNMENT((#318));
#135=ADVANCED_FACE('',(#319),#320,.F.);
#136=PRESENTATION_STYLE_ASSIGNMENT((#321));
#137=ADVANCED_FACE('',(#322),#323,.F.);
#138=PRESENTATION_STYLE_ASSIGNMENT((#324));
#139=ADVANCED_FACE('',(#325),#326,.F.);
#140=PRESENTATION_STYLE_ASSIGNMENT((#327));
#141=ADVANCED_FACE('',(#328),#329,.T.);
#142=PRESENTATION_STYLE_ASSIGNMENT((#330));
#143=ADVANCED_FACE('',(#331),#332,.F.);
#144=PRESENTATION_STYLE_ASSIGNMENT((#333));
#145=ADVANCED_FACE('',(#334),#335,.F.);
#146=PRESENTATION_STYLE_ASSIGNMENT((#336));
#147=ADVANCED_FACE('',(#337),#338,.T.);
#148=PRESENTATION_STYLE_ASSIGNMENT((#339));
#149=ADVANCED_FACE('',(#340),#341,.F.);
#150=PRESENTATION_STYLE_ASSIGNMENT((#342));
#151=ADVANCED_FACE('',(#343),#344,.F.);
#152=PRESENTATION_STYLE_ASSIGNMENT((#345));
#153=ADVANCED_FACE('',(#346),#347,.F.);
#154=PRESENTATION_STYLE_ASSIGNMENT((#348));
#155=ADVANCED_FACE('',(#349),#350,.F.);
#156=PRESENTATION_STYLE_ASSIGNMENT((#351));
#157=ADVANCED_FACE('',(#352),#353,.F.);
#158=PRESENTATION_STYLE_ASSIGNMENT((#354));
#159=ADVANCED_FACE('',(#355),#356,.T.);
#160=PRESENTATION_STYLE_ASSIGNMENT((#357));
#161=ADVANCED_FACE('',(#358),#359,.F.);
#162=PRESENTATION_STYLE_ASSIGNMENT((#360));
#163=ADVANCED_FACE('',(#361),#362,.T.);
#164=PRESENTATION_STYLE_ASSIGNMENT((#363));
#165=ADVANCED_FACE('',(#364),#365,.F.);
#166=PRESENTATION_STYLE_ASSIGNMENT((#366));
#167=ADVANCED_FACE('',(#367),#368,.F.);
#168=PRESENTATION_STYLE_ASSIGNMENT((#369));
#169=ADVANCED_FACE('',(#370),#371,.F.);
#170=PRESENTATION_STYLE_ASSIGNMENT((#372));
#171=ADVANCED_FACE('',(#373),#374,.F.);
#172=PRESENTATION_STYLE_ASSIGNMENT((#375));
#173=ADVANCED_FACE('',(#376),#377,.T.);
#174=PRESENTATION_STYLE_ASSIGNMENT((#378));
#175=ADVANCED_FACE('',(#379),#380,.T.);
#176=PRESENTATION_STYLE_ASSIGNMENT((#381));
#177=ADVANCED_FACE('',(#382),#383,.T.);
#178=PRESENTATION_STYLE_ASSIGNMENT((#384));
#179=ADVANCED_FACE('',(#385),#386,.F.);
#180=PRESENTATION_STYLE_ASSIGNMENT((#387));
#181=ADVANCED_FACE('',(#388),#389,.F.);
#182=PRESENTATION_STYLE_ASSIGNMENT((#390));
#183=ADVANCED_FACE('',(#391),#392,.F.);
#184=PRESENTATION_STYLE_ASSIGNMENT((#393));
#185=ADVANCED_FACE('',(#394),#395,.F.);
#186=PRESENTATION_STYLE_ASSIGNMENT((#396));
#187=ADVANCED_FACE('',(#397),#398,.T.);
#188=PRESENTATION_STYLE_ASSIGNMENT((#399));
#189=ADVANCED_FACE('',(#400),#401,.T.);
#190=PRESENTATION_STYLE_ASSIGNMENT((#402));
#191=ADVANCED_FACE('',(#403),#404,.F.);
#192=PRESENTATION_STYLE_ASSIGNMENT((#405));
#193=ADVANCED_FACE('',(#406),#407,.T.);
#194=PRESENTATION_STYLE_ASSIGNMENT((#408));
#195=ADVANCED_FACE('',(#409),#410,.F.);
#196=PRESENTATION_STYLE_ASSIGNMENT((#411));
#197=ADVANCED_FACE('',(#412),#413,.T.);
#198=PRESENTATION_STYLE_ASSIGNMENT((#414));
#199=ADVANCED_FACE('',(#415),#416,.F.);
#200=PRESENTATION_STYLE_ASSIGNMENT((#417));
#201=ADVANCED_FACE('',(#418),#419,.F.);
#202=PRESENTATION_STYLE_ASSIGNMENT((#420));
#203=ADVANCED_FACE('',(#421),#422,.F.);
#204=PRESENTATION_STYLE_ASSIGNMENT((#423));
#205=ADVANCED_FACE('',(#424),#425,.F.);
#206=PRESENTATION_STYLE_ASSIGNMENT((#426));
#207=ADVANCED_FACE('',(#427),#428,.T.);
#208=PRESENTATION_STYLE_ASSIGNMENT((#429));
#209=ADVANCED_FACE('',(#430),#431,.T.);
#210=PRESENTATION_STYLE_ASSIGNMENT((#432));
#211=ADVANCED_FACE('',(#433),#434,.T.);
#212=PRESENTATION_STYLE_ASSIGNMENT((#435));
#213=ADVANCED_FACE('',(#436),#437,.F.);
#214=PRESENTATION_STYLE_ASSIGNMENT((#438));
#215=ADVANCED_FACE('',(#439),#440,.F.);
#216=PRESENTATION_STYLE_ASSIGNMENT((#441));
#217=ADVANCED_FACE('',(#442),#443,.F.);
#218=PRESENTATION_STYLE_ASSIGNMENT((#444));
#219=ADVANCED_FACE('',(#445),#446,.F.);
#220=PRESENTATION_STYLE_ASSIGNMENT((#447));
#221=ADVANCED_FACE('',(#448),#449,.T.);
#222=PRESENTATION_STYLE_ASSIGNMENT((#450));
#223=ADVANCED_FACE('',(#451),#452,.T.);
#224=PRESENTATION_STYLE_ASSIGNMENT((#453));
#225=ADVANCED_FACE('',(#454),#455,.F.);
#226=PRESENTATION_STYLE_ASSIGNMENT((#456));
#227=ADVANCED_FACE('',(#457),#458,.T.);
#228=PRESENTATION_STYLE_ASSIGNMENT((#459));
#229=ADVANCED_FACE('',(#460),#461,.T.);
#230=PRESENTATION_STYLE_ASSIGNMENT((#462));
#231=ADVANCED_FACE('',(#463),#464,.F.);
#232=PRESENTATION_STYLE_ASSIGNMENT((#465));
#233=ADVANCED_FACE('',(#466),#467,.F.);
#234=PRESENTATION_STYLE_ASSIGNMENT((#468));
#235=ADVANCED_FACE('',(#469),#470,.F.);
#236=PRESENTATION_STYLE_ASSIGNMENT((#471));
#237=ADVANCED_FACE('',(#472),#473,.F.);
#238=PRESENTATION_STYLE_ASSIGNMENT((#474));
#239=ADVANCED_FACE('',(#475),#476,.F.);
#240=PRESENTATION_STYLE_ASSIGNMENT((#477));
#241=ADVANCED_FACE('',(#478),#479,.F.);
#242=PRESENTATION_STYLE_ASSIGNMENT((#480));
#243=ADVANCED_FACE('',(#481),#482,.F.);
#244=PRESENTATION_STYLE_ASSIGNMENT((#483));
#245=ADVANCED_FACE('',(#484),#485,.T.);
#246=PRESENTATION_STYLE_ASSIGNMENT((#486));
#247=MANIFOLD_SOLID_BREP('UltraFit',#487);
#248=PRODUCT('UltraFit','','PART--DESC',(#488));
#249=PRODUCT_DEFINITION('','NONE',#489,#2);
#250=AXIS2_PLACEMENT_3D('',#490,#491,#492);
#253=LENGTH_MEASURE_WITH_UNIT(LENGTH_MEASURE(1.0),#493);
#256=DIMENSIONAL_EXPONENTS(1.0,0.0,0.0,0.0,0.0,0.0,0.0);
#258=DIMENSIONAL_EXPONENTS(0.0,0.0,0.0,0.0,0.0,0.0,0.0);
#264=SURFACE_STYLE_USAGE(.BOTH.,#494);
#265=FACE_OUTER_BOUND('',#495,.T.);
#266=CYLINDRICAL_SURFACE('',#496,1.365);
#267=SURFACE_STYLE_USAGE(.BOTH.,#497);
#268=FACE_OUTER_BOUND('',#498,.T.);
#269=CYLINDRICAL_SURFACE('',#499,2.0);
#270=SURFACE_STYLE_USAGE(.BOTH.,#500);
#271=FACE_OUTER_BOUND('',#501,.T.);
#272=CYLINDRICAL_SURFACE('',#502,1.365);
#273=SURFACE_STYLE_USAGE(.BOTH.,#503);
#274=FACE_OUTER_BOUND('',#504,.T.);
#275=CYLINDRICAL_SURFACE('',#505,2.0);
#276=SURFACE_STYLE_USAGE(.BOTH.,#506);
#277=FACE_OUTER_BOUND('',#507,.T.);
#278=PLANE('',#508);
#279=SURFACE_STYLE_USAGE(.BOTH.,#509);
#280=FACE_OUTER_BOUND('',#510,.T.);
#281=PLANE('',#511);
#282=SURFACE_STYLE_USAGE(.BOTH.,#512);
#283=FACE_OUTER_BOUND('',#513,.T.);
#284=PLANE('',#514);
#285=SURFACE_STYLE_USAGE(.BOTH.,#515);
#286=FACE_OUTER_BOUND('',#516,.T.);
#287=PLANE('',#517);
#288=SURFACE_STYLE_USAGE(.BOTH.,#518);
#289=FACE_OUTER_BOUND('',#519,.T.);
#290=PLANE('',#520);
#291=SURFACE_STYLE_USAGE(.BOTH.,#521);
#292=FACE_OUTER_BOUND('',#522,.T.);
#293=PLANE('',#523);
#294=SURFACE_STYLE_USAGE(.BOTH.,#524);
#295=FACE_OUTER_BOUND('',#525,.T.);
#296=PLANE('',#526);
#297=SURFACE_STYLE_USAGE(.BOTH.,#527);
#298=FACE_OUTER_BOUND('',#528,.T.);
#299=PLANE('',#529);
#300=SURFACE_STYLE_USAGE(.BOTH.,#530);
#301=FACE_OUTER_BOUND('',#531,.T.);
#302=PLANE('',#532);
#303=SURFACE_STYLE_USAGE(.BOTH.,#533);
#304=FACE_OUTER_BOUND('',#534,.T.);
#305=PLANE('',#535);
#306=SURFACE_STYLE_USAGE(.BOTH.,#536);
#307=FACE_OUTER_BOUND('',#537,.T.);
#308=PLANE('',#538);
#309=SURFACE_STYLE_USAGE(.BOTH.,#539);
#310=FACE_OUTER_BOUND('',#540,.T.);
#311=PLANE('',#541);
#312=SURFACE_STYLE_USAGE(.BOTH.,#542);
#313=FACE_OUTER_BOUND('',#543,.T.);
#314=PLANE('',#544);
#315=SURFACE_STYLE_USAGE(.BOTH.,#545);
#316=FACE_OUTER_BOUND('',#546,.T.);
#317=PLANE('',#547);
#318=SURFACE_STYLE_USAGE(.BOTH.,#548);
#319=FACE_OUTER_BOUND('',#549,.T.);
#320=PLANE('',#550);
#321=SURFACE_STYLE_USAGE(.BOTH.,#551);
#322=FACE_OUTER_BOUND('',#552,.T.);
#323=PLANE('',#553);
#324=SURFACE_STYLE_USAGE(.BOTH.,#554);
#325=FACE_OUTER_BOUND('',#555,.T.);
#326=PLANE('',#556);
#327=SURFACE_STYLE_USAGE(.BOTH.,#557);
#328=FACE_OUTER_BOUND('',#558,.T.);
#329=PLANE('',#559);
#330=SURFACE_STYLE_USAGE(.BOTH.,#560);
#331=FACE_OUTER_BOUND('',#561,.T.);
#332=PLANE('',#562);
#333=SURFACE_STYLE_USAGE(.BOTH.,#563);
#334=FACE_OUTER_BOUND('',#564,.T.);
#335=PLANE('',#565);
#336=SURFACE_STYLE_USAGE(.BOTH.,#566);
#337=FACE_OUTER_BOUND('',#567,.T.);
#338=PLANE('',#568);
#339=SURFACE_STYLE_USAGE(.BOTH.,#569);
#340=FACE_OUTER_BOUND('',#570,.T.);
#341=PLANE('',#571);
#342=SURFACE_STYLE_USAGE(.BOTH.,#572);
#343=FACE_OUTER_BOUND('',#573,.T.);
#344=PLANE('',#574);
#345=SURFACE_STYLE_USAGE(.BOTH.,#575);
#346=FACE_OUTER_BOUND('',#576,.T.);
#347=PLANE('',#577);
#348=SURFACE_STYLE_USAGE(.BOTH.,#578);
#349=FACE_OUTER_BOUND('',#579,.T.);
#350=PLANE('',#580);
#351=SURFACE_STYLE_USAGE(.BOTH.,#581);
#352=FACE_OUTER_BOUND('',#582,.T.);
#353=PLANE('',#583);
#354=SURFACE_STYLE_USAGE(.BOTH.,#584);
#355=FACE_OUTER_BOUND('',#585,.T.);
#356=PLANE('',#586);
#357=SURFACE_STYLE_USAGE(.BOTH.,#587);
#358=FACE_OUTER_BOUND('',#588,.T.);
#359=PLANE('',#589);
#360=SURFACE_STYLE_USAGE(.BOTH.,#590);
#361=FACE_OUTER_BOUND('',#591,.T.);
#362=PLANE('',#592);
#363=SURFACE_STYLE_USAGE(.BOTH.,#593);
#364=FACE_OUTER_BOUND('',#594,.T.);
#365=PLANE('',#595);
#366=SURFACE_STYLE_USAGE(.BOTH.,#596);
#367=FACE_OUTER_BOUND('',#597,.T.);
#368=PLANE('',#598);
#369=SURFACE_STYLE_USAGE(.BOTH.,#599);
#370=FACE_OUTER_BOUND('',#600,.T.);
#371=PLANE('',#601);
#372=SURFACE_STYLE_USAGE(.BOTH.,#602);
#373=FACE_OUTER_BOUND('',#603,.T.);
#374=PLANE('',#604);
#375=SURFACE_STYLE_USAGE(.BOTH.,#605);
#376=FACE_OUTER_BOUND('',#606,.T.);
#377=PLANE('',#607);
#378=SURFACE_STYLE_USAGE(.BOTH.,#608);
#379=FACE_OUTER_BOUND('',#609,.T.);
#380=CYLINDRICAL_SURFACE('',#610,1.5);
#381=SURFACE_STYLE_USAGE(.BOTH.,#611);
#382=FACE_OUTER_BOUND('',#612,.T.);
#383=PLANE('',#613);
#384=SURFACE_STYLE_USAGE(.BOTH.,#614);
#385=FACE_OUTER_BOUND('',#615,.T.);
#386=PLANE('',#616);
#387=SURFACE_STYLE_USAGE(.BOTH.,#617);
#388=FACE_OUTER_BOUND('',#618,.T.);
#389=PLANE('',#619);
#390=SURFACE_STYLE_USAGE(.BOTH.,#620);
#391=FACE_OUTER_BOUND('',#621,.T.);
#392=CYLINDRICAL_SURFACE('',#622,1.5);
#393=SURFACE_STYLE_USAGE(.BOTH.,#623);
#394=FACE_OUTER_BOUND('',#624,.T.);
#395=CYLINDRICAL_SURFACE('',#625,1.5);
#396=SURFACE_STYLE_USAGE(.BOTH.,#626);
#397=FACE_OUTER_BOUND('',#627,.T.);
#398=CYLINDRICAL_SURFACE('',#628,2.0);
#399=SURFACE_STYLE_USAGE(.BOTH.,#629);
#400=FACE_OUTER_BOUND('',#630,.T.);
#401=CYLINDRICAL_SURFACE('',#631,1.5);
#402=SURFACE_STYLE_USAGE(.BOTH.,#632);
#403=FACE_OUTER_BOUND('',#633,.T.);
#404=CYLINDRICAL_SURFACE('',#634,1.365);
#405=SURFACE_STYLE_USAGE(.BOTH.,#635);
#406=FACE_OUTER_BOUND('',#636,.T.);
#407=PLANE('',#637);
#408=SURFACE_STYLE_USAGE(.BOTH.,#638);
#409=FACE_OUTER_BOUND('',#639,.T.);
#410=PLANE('',#640);
#411=SURFACE_STYLE_USAGE(.BOTH.,#641);
#412=FACE_OUTER_BOUND('',#642,.T.);
#413=PLANE('',#643);
#414=SURFACE_STYLE_USAGE(.BOTH.,#644);
#415=FACE_OUTER_BOUND('',#645,.T.);
#416=PLANE('',#646);
#417=SURFACE_STYLE_USAGE(.BOTH.,#647);
#418=FACE_OUTER_BOUND('',#648,.T.);
#419=PLANE('',#649);
#420=SURFACE_STYLE_USAGE(.BOTH.,#650);
#421=FACE_OUTER_BOUND('',#651,.T.);
#422=PLANE('',#652);
#423=SURFACE_STYLE_USAGE(.BOTH.,#653);
#424=FACE_OUTER_BOUND('',#654,.T.);
#425=PLANE('',#655);
#426=SURFACE_STYLE_USAGE(.BOTH.,#656);
#427=FACE_OUTER_BOUND('',#657,.T.);
#428=PLANE('',#658);
#429=SURFACE_STYLE_USAGE(.BOTH.,#659);
#430=FACE_OUTER_BOUND('',#660,.T.);
#431=CYLINDRICAL_SURFACE('',#661,1.5);
#432=SURFACE_STYLE_USAGE(.BOTH.,#662);
#433=FACE_OUTER_BOUND('',#663,.T.);
#434=PLANE('',#664);
#435=SURFACE_STYLE_USAGE(.BOTH.,#665);
#436=FACE_OUTER_BOUND('',#666,.T.);
#437=PLANE('',#667);
#438=SURFACE_STYLE_USAGE(.BOTH.,#668);
#439=FACE_OUTER_BOUND('',#669,.T.);
#440=PLANE('',#670);
#441=SURFACE_STYLE_USAGE(.BOTH.,#671);
#442=FACE_OUTER_BOUND('',#672,.T.);
#443=CYLINDRICAL_SURFACE('',#673,1.5);
#444=SURFACE_STYLE_USAGE(.BOTH.,#674);
#445=FACE_OUTER_BOUND('',#675,.T.);
#446=CYLINDRICAL_SURFACE('',#676,1.5);
#447=SURFACE_STYLE_USAGE(.BOTH.,#677);
#448=FACE_OUTER_BOUND('',#678,.T.);
#449=CYLINDRICAL_SURFACE('',#679,2.0);
#450=SURFACE_STYLE_USAGE(.BOTH.,#680);
#451=FACE_OUTER_BOUND('',#681,.T.);
#452=CYLINDRICAL_SURFACE('',#682,1.5);
#453=SURFACE_STYLE_USAGE(.BOTH.,#683);
#454=FACE_OUTER_BOUND('',#684,.T.);
#455=CYLINDRICAL_SURFACE('',#685,1.365);
#456=SURFACE_STYLE_USAGE(.BOTH.,#686);
#457=FACE_OUTER_BOUND('',#687,.T.);
#458=PLANE('',#688);
#459=SURFACE_STYLE_USAGE(.BOTH.,#689);
#460=FACE_OUTER_BOUND('',#690,.T.);
#461=PLANE('',#691);
#462=SURFACE_STYLE_USAGE(.BOTH.,#692);
#463=FACE_OUTER_BOUND('',#693,.T.);
#464=PLANE('',#694);
#465=SURFACE_STYLE_USAGE(.BOTH.,#695);
#466=FACE_OUTER_BOUND('',#696,.T.);
#467=PLANE('',#697);
#468=SURFACE_STYLE_USAGE(.BOTH.,#698);
#469=FACE_OUTER_BOUND('',#699,.T.);
#470=PLANE('',#700);
#471=SURFACE_STYLE_USAGE(.BOTH.,#701);
#472=FACE_OUTER_BOUND('',#702,.T.);
#473=PLANE('',#703);
#474=SURFACE_STYLE_USAGE(.BOTH.,#704);
#475=FACE_OUTER_BOUND('',#705,.T.);
#476=PLANE('',#706);
#477=SURFACE_STYLE_USAGE(.BOTH.,#707);
#478=FACE_OUTER_BOUND('',#708,.T.);
#479=PLANE('',#709);
#480=SURFACE_STYLE_USAGE(.BOTH.,#710);
#481=FACE_OUTER_BOUND('',#711,.T.);
#482=PLANE('',#712);
#483=SURFACE_STYLE_USAGE(.BOTH.,#713);
#484=FACE_OUTER_BOUND('',#714,.T.);
#485=PLANE('',#715);
#486=SURFACE_STYLE_USAGE(.BOTH.,#716);
#487=CLOSED_SHELL('',(#717,#718,#99,#101,#103,#105,#107,#109,#111,#113,#115,#117,#119,#121,#123,#125,#127,#129,#131,#133,#135,#137,#139,#141,#143,#145,#147,#149,#151,#153,#155,#157,#159,#161,#163,#165,#167,#169,#171,#173,#175,#177,#179,#181,#183,#185,#187,#189,#191,#193,#195,#197,#199,#201,#203,#205,#207,#209,#211,#213,#215,#217,#219,#221,#223,#225,#227,#229,#231,#233,#235,#237,#239,#241,#243,#245,#719,#720,#721,#722,#723,#724,#725,#726,#727,#728,#729,#730,#731,#732,#733,#734,#735,#736,#737,#738,#739,#740,#741,#742,#743,#744,#745,#746,#747,#748,#749,#750,#751,#752,#753,#754,#755,#756,#757,#758,#759,#760,#761,#762,#763,#764,#765,#766,#767,#768,#769,#770,#771,#772,#773,#774,#775,#776,#777,#778,#779,#780,#781,#782,#783,#784,#785,#786,#787,#788,#789,#790,#791,#792,#793,#794,#795,#796,#797,#798,#799,#800,#801,#802,#803,#804,#805,#806,#807,#808,#809,#810,#811,#812,#813,#814,#815,#816,#817,#818,#819,#820,#821,#822,#823,#824,#825,#826,#827,#828,#829,#830,#831,#832,#833,#834,#835,#836,#837,#838,#839,#840,#841,#842,#843,#844,#845,#846,#847,#848,#849,#850,#851,#852,#853,#854,#855,#856,#857,#858,#859,#860,#861,#862,#863,#864,#865,#866,#867,#868,#869,#870,#871,#872,#873,#874,#875,#876,#877,#878,#879,#880,#881,#882,#883,#884,#885,#886,#887,#888,#889,#890,#891,#892,#893,#894,#895,#896,#897,#898,#899,#900,#901,#902,#903,#904,#905,#906,#907,#908,#909,#910,#911,#912));
#488=PRODUCT_CONTEXT('',#85,'mechanical');
#489=PRODUCT_DEFINITION_FORMATION_WITH_SPECIFIED_SOURCE(' ','NONE',#248,.NOT_KNOWN.);
#490=CARTESIAN_POINT('',(0.0,0.0,0.0));
#491=DIRECTION('',(0.0,0.0,1.0));
#492=DIRECTION('',(1.0,0.0,0.0));
#493= (NAMED_UNIT(#256)LENGTH_UNIT()SI_UNIT(.MILLI.,.METRE.));
#494=SURFACE_SIDE_STYLE('',(#914));
#495=EDGE_LOOP('',(#915,#916,#917,#918));
#496=AXIS2_PLACEMENT_3D('',#919,#920,#921);
#497=SURFACE_SIDE_STYLE('',(#922));
#498=EDGE_LOOP('',(#923,#924,#925,#926));
#499=AXIS2_PLACEMENT_3D('',#927,#928,#929);
#500=SURFACE_SIDE_STYLE('',(#930));
#501=EDGE_LOOP('',(#931,#932,#933,#934));
#502=AXIS2_PLACEMENT_3D('',#935,#936,#937);
#503=SURFACE_SIDE_STYLE('',(#938));
#504=EDGE_LOOP('',(#939,#940,#941,#942));
#505=AXIS2_PLACEMENT_3D('',#943,#944,#945);
#506=SURFACE_SIDE_STYLE('',(#946));
#507=EDGE_LOOP('',(#947,#948,#949,#950));
#508=AXIS2_PLACEMENT_3D('',#951,#952,#953);
#509=SURFACE_SIDE_STYLE('',(#954));
#510=EDGE_LOOP('',(#955,#956,#957,#958));
#511=AXIS2_PLACEMENT_3D('',#959,#960,#961);
#512=SURFACE_SIDE_STYLE('',(#962));
#513=EDGE_LOOP('',(#963,#964,#965,#966));
#514=AXIS2_PLACEMENT_3D('',#967,#968,#969);
#515=SURFACE_SIDE_STYLE('',(#970));
#516=EDGE_LOOP('',(#971,#972,#973,#974));
#517=AXIS2_PLACEMENT_3D('',#975,#976,#977);
#518=SURFACE_SIDE_STYLE('',(#978));
#519=EDGE_LOOP('',(#979,#980,#981,#982));
#520=AXIS2_PLACEMENT_3D('',#983,#984,#985);
#521=SURFACE_SIDE_STYLE('',(#986));
#522=EDGE_LOOP('',(#987,#988,#989,#990));
#523=AXIS2_PLACEMENT_3D('',#991,#992,#993);
#524=SURFACE_SIDE_STYLE('',(#994));
#525=EDGE_LOOP('',(#995,#996,#997,#998));
#526=AXIS2_PLACEMENT_3D('',#999,#1000,#1001);
#527=SURFACE_SIDE_STYLE('',(#1002));
#528=EDGE_LOOP('',(#1003,#1004,#1005,#1006));
#529=AXIS2_PLACEMENT_3D('',#1007,#1008,#1009);
#530=SURFACE_SIDE_STYLE('',(#1010));
#531=EDGE_LOOP('',(#1011,#1012,#1013,#1014));
#532=AXIS2_PLACEMENT_3D('',#1015,#1016,#1017);
#533=SURFACE_SIDE_STYLE('',(#1018));
#534=EDGE_LOOP('',(#1019,#1020,#1021,#1022));
#535=AXIS2_PLACEMENT_3D('',#1023,#1024,#1025);
#536=SURFACE_SIDE_STYLE('',(#1026));
#537=EDGE_LOOP('',(#1027,#1028,#1029,#1030));
#538=AXIS2_PLACEMENT_3D('',#1031,#1032,#1033);
#539=SURFACE_SIDE_STYLE('',(#1034));
#540=EDGE_LOOP('',(#1035,#1036,#1037,#1038));
#541=AXIS2_PLACEMENT_3D('',#1039,#1040,#1041);
#542=SURFACE_SIDE_STYLE('',(#1042));
#543=EDGE_LOOP('',(#1043,#1044,#1045,#1046));
#544=AXIS2_PLACEMENT_3D('',#1047,#1048,#1049);
#545=SURFACE_SIDE_STYLE('',(#1050));
#546=EDGE_LOOP('',(#1051,#1052,#1053,#1054));
#547=AXIS2_PLACEMENT_3D('',#1055,#1056,#1057);
#548=SURFACE_SIDE_STYLE('',(#1058));
#549=EDGE_LOOP('',(#1059,#1060,#1061,#1062));
#550=AXIS2_PLACEMENT_3D('',#1063,#1064,#1065);
#551=SURFACE_SIDE_STYLE('',(#1066));
#552=EDGE_LOOP('',(#1067,#1068,#1069,#1070));
#553=AXIS2_PLACEMENT_3D('',#1071,#1072,#1073);
#554=SURFACE_SIDE_STYLE('',(#1074));
#555=EDGE_LOOP('',(#1075,#1076,#1077,#1078));
#556=AXIS2_PLACEMENT_3D('',#1079,#1080,#1081);
#557=SURFACE_SIDE_STYLE('',(#1082));
#558=EDGE_LOOP('',(#1083,#1084,#1085,#1086));
#559=AXIS2_PLACEMENT_3D('',#1087,#1088,#1089);
#560=SURFACE_SIDE_STYLE('',(#1090));
#561=EDGE_LOOP('',(#1091,#1092,#1093,#1094));
#562=AXIS2_PLACEMENT_3D('',#1095,#1096,#1097);
#563=SURFACE_SIDE_STYLE('',(#1098));
#564=EDGE_LOOP('',(#1099,#1100,#1101,#1102));
#565=AXIS2_PLACEMENT_3D('',#1103,#1104,#1105);
#566=SURFACE_SIDE_STYLE('',(#1106));
#567=EDGE_LOOP('',(#1107,#1108,#1109,#1110));
#568=AXIS2_PLACEMENT_3D('',#1111,#1112,#1113);
#569=SURFACE_SIDE_STYLE('',(#1114));
#570=EDGE_LOOP('',(#1115,#1116,#1117,#1118));
#571=AXIS2_PLACEMENT_3D('',#1119,#1120,#1121);
#572=SURFACE_SIDE_STYLE('',(#1122));
#573=EDGE_LOOP('',(#1123,#1124,#1125,#1126));
#574=AXIS2_PLACEMENT_3D('',#1127,#1128,#1129);
#575=SURFACE_SIDE_STYLE('',(#1130));
#576=EDGE_LOOP('',(#1131,#1132,#1133,#1134));
#577=AXIS2_PLACEMENT_3D('',#1135,#1136,#1137);
#578=SURFACE_SIDE_STYLE('',(#1138));
#579=EDGE_LOOP('',(#1139,#1140,#1141,#1142));
#580=AXIS2_PLACEMENT_3D('',#1143,#1144,#1145);
#581=SURFACE_SIDE_STYLE('',(#1146));
#582=EDGE_LOOP('',(#1147,#1148,#1149,#1150));
#583=AXIS2_PLACEMENT_3D('',#1151,#1152,#1153);
#584=SURFACE_SIDE_STYLE('',(#1154));
#585=EDGE_LOOP('',(#1155,#1156,#1157,#1158));
#586=AXIS2_PLACEMENT_3D('',#1159,#1160,#1161);
#587=SURFACE_SIDE_STYLE('',(#1162));
#588=EDGE_LOOP('',(#1163,#1164,#1165,#1166));
#589=AXIS2_PLACEMENT_3D('',#1167,#1168,#1169);
#590=SURFACE_SIDE_STYLE('',(#1170));
#591=EDGE_LOOP('',(#1171,#1172,#1173,#1174,#1175,#1176,#1177,#1178,#1179,#1180,#1181,#1182,#1183,#1184));
#592=AXIS2_PLACEMENT_3D('',#1185,#1186,#1187);
#593=SURFACE_SIDE_STYLE('',(#1188));
#594=EDGE_LOOP('',(#1189,#1190,#1191,#1192,#1193,#1194,#1195,#1196,#1197,#1198,#1199,#1200,#1201,#1202));
#595=AXIS2_PLACEMENT_3D('',#1203,#1204,#1205);
#596=SURFACE_SIDE_STYLE('',(#1206));
#597=EDGE_LOOP('',(#1207,#1208,#1209,#1210));
#598=AXIS2_PLACEMENT_3D('',#1211,#1212,#1213);
#599=SURFACE_SIDE_STYLE('',(#1214));
#600=EDGE_LOOP('',(#1215,#1216,#1217,#1218));
#601=AXIS2_PLACEMENT_3D('',#1219,#1220,#1221);
#602=SURFACE_SIDE_STYLE('',(#1222));
#603=EDGE_LOOP('',(#1223,#1224,#1225,#1226));
#604=AXIS2_PLACEMENT_3D('',#1227,#1228,#1229);
#605=SURFACE_SIDE_STYLE('',(#1230));
#606=EDGE_LOOP('',(#1231,#1232,#1233,#1234));
#607=AXIS2_PLACEMENT_3D('',#1235,#1236,#1237);
#608=SURFACE_SIDE_STYLE('',(#1238));
#609=EDGE_LOOP('',(#1239,#1240,#1241,#1242));
#610=AXIS2_PLACEMENT_3D('',#1243,#1244,#1245);
#611=SURFACE_SIDE_STYLE('',(#1246));
#612=EDGE_LOOP('',(#1247,#1248,#1249,#1250));
#613=AXIS2_PLACEMENT_3D('',#1251,#1252,#1253);
#614=SURFACE_SIDE_STYLE('',(#1254));
#615=EDGE_LOOP('',(#1255,#1256,#1257,#1258));
#616=AXIS2_PLACEMENT_3D('',#1259,#1260,#1261);
#617=SURFACE_SIDE_STYLE('',(#1262));
#618=EDGE_LOOP('',(#1263,#1264,#1265,#1266));
#619=AXIS2_PLACEMENT_3D('',#1267,#1268,#1269);
#620=SURFACE_SIDE_STYLE('',(#1270));
#621=EDGE_LOOP('',(#1271,#1272,#1273,#1274));
#622=AXIS2_PLACEMENT_3D('',#1275,#1276,#1277);
#623=SURFACE_SIDE_STYLE('',(#1278));
#624=EDGE_LOOP('',(#1279,#1280,#1281,#1282));
#625=AXIS2_PLACEMENT_3D('',#1283,#1284,#1285);
#626=SURFACE_SIDE_STYLE('',(#1286));
#627=EDGE_LOOP('',(#1287,#1288,#1289,#1290));
#628=AXIS2_PLACEMENT_3D('',#1291,#1292,#1293);
#629=SURFACE_SIDE_STYLE('',(#1294));
#630=EDGE_LOOP('',(#1295,#1296,#1297,#1298));
#631=AXIS2_PLACEMENT_3D('',#1299,#1300,#1301);
#632=SURFACE_SIDE_STYLE('',(#1302));
#633=EDGE_LOOP('',(#1303,#1304,#1305,#1306));
#634=AXIS2_PLACEMENT_3D('',#1307,#1308,#1309);
#635=SURFACE_SIDE_STYLE('',(#1310));
#636=EDGE_LOOP('',(#1311,#1312,#1313,#1314));
#637=AXIS2_PLACEMENT_3D('',#1315,#1316,#1317);
#638=SURFACE_SIDE_STYLE('',(#1318));
#639=EDGE_LOOP('',(#1319,#1320,#1321,#1322));
#640=AXIS2_PLACEMENT_3D('',#1323,#1324,#1325);
#641=SURFACE_SIDE_STYLE('',(#1326));
#642=EDGE_LOOP('',(#1327,#1328,#1329,#1330,#1331,#1332,#1333,#1334,#1335,#1336,#1337,#1338,#1339,#1340));
#643=AXIS2_PLACEMENT_3D('',#1341,#1342,#1343);
#644=SURFACE_SIDE_STYLE('',(#1344));
#645=EDGE_LOOP('',(#1345,#1346,#1347,#1348,#1349,#1350,#1351,#1352,#1353,#1354,#1355,#1356,#1357,#1358));
#646=AXIS2_PLACEMENT_3D('',#1359,#1360,#1361);
#647=SURFACE_SIDE_STYLE('',(#1362));
#648=EDGE_LOOP('',(#1363,#1364,#1365,#1366));
#649=AXIS2_PLACEMENT_3D('',#1367,#1368,#1369);
#650=SURFACE_SIDE_STYLE('',(#1370));
#651=EDGE_LOOP('',(#1371,#1372,#1373,#1374));
#652=AXIS2_PLACEMENT_3D('',#1375,#1376,#1377);
#653=SURFACE_SIDE_STYLE('',(#1378));
#654=EDGE_LOOP('',(#1379,#1380,#1381,#1382));
#655=AXIS2_PLACEMENT_3D('',#1383,#1384,#1385);
#656=SURFACE_SIDE_STYLE('',(#1386));
#657=EDGE_LOOP('',(#1387,#1388,#1389,#1390));
#658=AXIS2_PLACEMENT_3D('',#1391,#1392,#1393);
#659=SURFACE_SIDE_STYLE('',(#1394));
#660=EDGE_LOOP('',(#1395,#1396,#1397,#1398));
#661=AXIS2_PLACEMENT_3D('',#1399,#1400,#1401);
#662=SURFACE_SIDE_STYLE('',(#1402));
#663=EDGE_LOOP('',(#1403,#1404,#1405,#1406));
#664=AXIS2_PLACEMENT_3D('',#1407,#1408,#1409);
#665=SURFACE_SIDE_STYLE('',(#1410));
#666=EDGE_LOOP('',(#1411,#1412,#1413,#1414));
#667=AXIS2_PLACEMENT_3D('',#1415,#1416,#1417);
#668=SURFACE_SIDE_STYLE('',(#1418));
#669=EDGE_LOOP('',(#1419,#1420,#1421,#1422));
#670=AXIS2_PLACEMENT_3D('',#1423,#1424,#1425);
#671=SURFACE_SIDE_STYLE('',(#1426));
#672=EDGE_LOOP('',(#1427,#1428,#1429,#1430));
#673=AXIS2_PLACEMENT_3D('',#1431,#1432,#1433);
#674=SURFACE_SIDE_STYLE('',(#1434));
#675=EDGE_LOOP('',(#1435,#1436,#1437,#1438));
#676=AXIS2_PLACEMENT_3D('',#1439,#1440,#1441);
#677=SURFACE_SIDE_STYLE('',(#1442));
#678=EDGE_LOOP('',(#1443,#1444,#1445,#1446));
#679=AXIS2_PLACEMENT_3D('',#1447,#1448,#1449);
#680=SURFACE_SIDE_STYLE('',(#1450));
#681=EDGE_LOOP('',(#1451,#1452,#1453,#1454));
#682=AXIS2_PLACEMENT_3D('',#1455,#1456,#1457);
#683=SURFACE_SIDE_STYLE('',(#1458));
#684=EDGE_LOOP('',(#1459,#1460,#1461,#1462));
#685=AXIS2_PLACEMENT_3D('',#1463,#1464,#1465);
#686=SURFACE_SIDE_STYLE('',(#1466));
#687=EDGE_LOOP('',(#1467,#1468,#1469,#1470));
#688=AXIS2_PLACEMENT_3D('',#1471,#1472,#1473);
#689=SURFACE_SIDE_STYLE('',(#1474));
#690=EDGE_LOOP('',(#1475,#1476,#1477,#1478));
#691=AXIS2_PLACEMENT_3D('',#1479,#1480,#1481);
#692=SURFACE_SIDE_STYLE('',(#1482));
#693=EDGE_LOOP('',(#1483,#1484,#1485,#1486));
#694=AXIS2_PLACEMENT_3D('',#1487,#1488,#1489);
#695=SURFACE_SIDE_STYLE('',(#1490));
#696=EDGE_LOOP('',(#1491,#1492,#1493,#1494));
#697=AXIS2_PLACEMENT_3D('',#1495,#1496,#1497);
#698=SURFACE_SIDE_STYLE('',(#1498));
#699=EDGE_LOOP('',(#1499,#1500,#1501,#1502));
#700=AXIS2_PLACEMENT_3D('',#1503,#1504,#1505);
#701=SURFACE_SIDE_STYLE('',(#1506));
#702=EDGE_LOOP('',(#1507,#1508,#1509,#1510));
#703=AXIS2_PLACEMENT_3D('',#1511,#1512,#1513);
#704=SURFACE_SIDE_STYLE('',(#1514));
#705=EDGE_LOOP('',(#1515,#1516,#1517,#1518));
#706=AXIS2_PLACEMENT_3D('',#1519,#1520,#1521);
#707=SURFACE_SIDE_STYLE('',(#1522));
#708=EDGE_LOOP('',(#1523,#1524,#1525,#1526));
#709=AXIS2_PLACEMENT_3D('',#1527,#1528,#1529);
#710=SURFACE_SIDE_STYLE('',(#1530));
#711=EDGE_LOOP('',(#1531,#1532,#1533,#1534));
#712=AXIS2_PLACEMENT_3D('',#1535,#1536,#1537);
#713=SURFACE_SIDE_STYLE('',(#1538));
#714=EDGE_LOOP('',(#1539,#1540,#1541,#1542));
#715=AXIS2_PLACEMENT_3D('',#1543,#1544,#1545);
#716=SURFACE_SIDE_STYLE('',(#1546));
#717=ADVANCED_FACE('',(#1547),#1548,.T.);
#718=ADVANCED_FACE('',(#1549),#1550,.T.);
#719=ADVANCED_FACE('',(#1551),#1552,.T.);
#720=ADVANCED_FACE('',(#1553),#1554,.F.);
#721=ADVANCED_FACE('',(#1555),#1556,.T.);
#722=ADVANCED_FACE('',(#1557),#1558,.T.);
#723=ADVANCED_FACE('',(#1559),#1560,.F.);
#724=ADVANCED_FACE('',(#1561),#1562,.F.);
#725=ADVANCED_FACE('',(#1563),#1564,.F.);
#726=ADVANCED_FACE('',(#1565),#1566,.T.);
#727=ADVANCED_FACE('',(#1567),#1568,.T.);
#728=ADVANCED_FACE('',(#1569),#1570,.F.);
#729=ADVANCED_FACE('',(#1571),#1572,.T.);
#730=ADVANCED_FACE('',(#1573),#1574,.F.);
#731=ADVANCED_FACE('',(#1575),#1576,.F.);
#732=ADVANCED_FACE('',(#1577),#1578,.T.);
#733=ADVANCED_FACE('',(#1579),#1580,.T.);
#734=ADVANCED_FACE('',(#1581),#1582,.T.);
#735=ADVANCED_FACE('',(#1583),#1584,.T.);
#736=ADVANCED_FACE('',(#1585),#1586,.T.);
#737=ADVANCED_FACE('',(#1587),#1588,.T.);
#738=ADVANCED_FACE('',(#1589),#1590,.F.);
#739=ADVANCED_FACE('',(#1591),#1592,.F.);
#740=ADVANCED_FACE('',(#1593),#1594,.F.);
#741=ADVANCED_FACE('',(#1595),#1596,.F.);
#742=ADVANCED_FACE('',(#1597),#1598,.T.);
#743=ADVANCED_FACE('',(#1599),#1600,.F.);
#744=ADVANCED_FACE('',(#1601),#1602,.F.);
#745=ADVANCED_FACE('',(#1603),#1604,.F.);
#746=ADVANCED_FACE('',(#1605),#1606,.T.);
#747=ADVANCED_FACE('',(#1607),#1608,.T.);
#748=ADVANCED_FACE('',(#1609),#1610,.F.);
#749=ADVANCED_FACE('',(#1611),#1612,.F.);
#750=ADVANCED_FACE('',(#1613),#1614,.F.);
#751=ADVANCED_FACE('',(#1615),#1616,.F.);
#752=ADVANCED_FACE('',(#1617),#1618,.F.);
#753=ADVANCED_FACE('',(#1619),#1620,.F.);
#754=ADVANCED_FACE('',(#1621),#1622,.T.);
#755=ADVANCED_FACE('',(#1623),#1624,.F.);
#756=ADVANCED_FACE('',(#1625),#1626,.T.);
#757=ADVANCED_FACE('',(#1627),#1628,.T.);
#758=ADVANCED_FACE('',(#1629,#1630),#1631,.T.);
#759=ADVANCED_FACE('',(#1632),#1633,.F.);
#760=ADVANCED_FACE('',(#1634,#1635),#1636,.F.);
#761=ADVANCED_FACE('',(#1637),#1638,.F.);
#762=ADVANCED_FACE('',(#1639),#1640,.F.);
#763=ADVANCED_FACE('',(#1641),#1642,.T.);
#764=ADVANCED_FACE('',(#1643),#1644,.T.);
#765=ADVANCED_FACE('',(#1645),#1646,.F.);
#766=ADVANCED_FACE('',(#1647),#1648,.F.);
#767=ADVANCED_FACE('',(#1649,#1650,#1651,#1652,#1653,#1654),#1655,.F.);
#768=ADVANCED_FACE('',(#1656,#1657),#1658,.T.);
#769=ADVANCED_FACE('',(#1659),#1660,.T.);
#770=ADVANCED_FACE('',(#1661),#1662,.T.);
#771=ADVANCED_FACE('',(#1663),#1664,.F.);
#772=ADVANCED_FACE('',(#1665),#1666,.T.);
#773=ADVANCED_FACE('',(#1667),#1668,.F.);
#774=ADVANCED_FACE('',(#1669),#1670,.T.);
#775=ADVANCED_FACE('',(#1671),#1672,.F.);
#776=ADVANCED_FACE('',(#1673),#1674,.T.);
#777=ADVANCED_FACE('',(#1675),#1676,.F.);
#778=ADVANCED_FACE('',(#1677),#1678,.T.);
#779=ADVANCED_FACE('',(#1679),#1680,.T.);
#780=ADVANCED_FACE('',(#1681),#1682,.F.);
#781=ADVANCED_FACE('',(#1683),#1684,.T.);
#782=ADVANCED_FACE('',(#1685),#1686,.T.);
#783=ADVANCED_FACE('',(#1687),#1688,.F.);
#784=ADVANCED_FACE('',(#1689),#1690,.T.);
#785=ADVANCED_FACE('',(#1691),#1692,.F.);
#786=ADVANCED_FACE('',(#1693),#1694,.F.);
#787=ADVANCED_FACE('',(#1695),#1696,.T.);
#788=ADVANCED_FACE('',(#1697),#1698,.F.);
#789=ADVANCED_FACE('',(#1699),#1700,.F.);
#790=ADVANCED_FACE('',(#1701),#1702,.T.);
#791=ADVANCED_FACE('',(#1703),#1704,.F.);
#792=ADVANCED_FACE('',(#1705),#1706,.F.);
#793=ADVANCED_FACE('',(#1707),#1708,.F.);
#794=ADVANCED_FACE('',(#1709),#1710,.F.);
#795=ADVANCED_FACE('',(#1711),#1712,.F.);
#796=ADVANCED_FACE('',(#1713),#1714,.F.);
#797=ADVANCED_FACE('',(#1715),#1716,.F.);
#798=ADVANCED_FACE('',(#1717),#1718,.F.);
#799=ADVANCED_FACE('',(#1719),#1720,.T.);
#800=ADVANCED_FACE('',(#1721),#1722,.T.);
#801=ADVANCED_FACE('',(#1723,#1724),#1725,.T.);
#802=ADVANCED_FACE('',(#1726),#1727,.T.);
#803=ADVANCED_FACE('',(#1728),#1729,.T.);
#804=ADVANCED_FACE('',(#1730),#1731,.F.);
#805=ADVANCED_FACE('',(#1732,#1733),#1734,.F.);
#806=ADVANCED_FACE('',(#1735),#1736,.F.);
#807=ADVANCED_FACE('',(#1737),#1738,.F.);
#808=ADVANCED_FACE('',(#1739),#1740,.T.);
#809=ADVANCED_FACE('',(#1741,#1742),#1743,.T.);
#810=ADVANCED_FACE('',(#1744),#1745,.T.);
#811=ADVANCED_FACE('',(#1746),#1747,.T.);
#812=ADVANCED_FACE('',(#1748),#1749,.F.);
#813=ADVANCED_FACE('',(#1750),#1751,.F.);
#814=ADVANCED_FACE('',(#1752),#1753,.F.);
#815=ADVANCED_FACE('',(#1754),#1755,.T.);
#816=ADVANCED_FACE('',(#1756),#1757,.F.);
#817=ADVANCED_FACE('',(#1758),#1759,.F.);
#818=ADVANCED_FACE('',(#1760),#1761,.T.);
#819=ADVANCED_FACE('',(#1762),#1763,.F.);
#820=ADVANCED_FACE('',(#1764),#1765,.T.);
#821=ADVANCED_FACE('',(#1766),#1767,.F.);
#822=ADVANCED_FACE('',(#1768),#1769,.T.);
#823=ADVANCED_FACE('',(#1770),#1771,.F.);
#824=ADVANCED_FACE('',(#1772),#1773,.T.);
#825=ADVANCED_FACE('',(#1774),#1775,.T.);
#826=ADVANCED_FACE('',(#1776),#1777,.T.);
#827=ADVANCED_FACE('',(#1778),#1779,.F.);
#828=ADVANCED_FACE('',(#1780),#1781,.F.);
#829=ADVANCED_FACE('',(#1782),#1783,.F.);
#830=ADVANCED_FACE('',(#1784),#1785,.F.);
#831=ADVANCED_FACE('',(#1786),#1787,.F.);
#832=ADVANCED_FACE('',(#1788),#1789,.F.);
#833=ADVANCED_FACE('',(#1790),#1791,.F.);
#834=ADVANCED_FACE('',(#1792),#1793,.T.);
#835=ADVANCED_FACE('',(#1794),#1795,.F.);
#836=ADVANCED_FACE('',(#1796),#1797,.T.);
#837=ADVANCED_FACE('',(#1798),#1799,.F.);
#838=ADVANCED_FACE('',(#1800),#1801,.F.);
#839=ADVANCED_FACE('',(#1802),#1803,.F.);
#840=ADVANCED_FACE('',(#1804),#1805,.F.);
#841=ADVANCED_FACE('',(#1806),#1807,.F.);
#842=ADVANCED_FACE('',(#1808),#1809,.F.);
#843=ADVANCED_FACE('',(#1810),#1811,.F.);
#844=ADVANCED_FACE('',(#1812),#1813,.F.);
#845=ADVANCED_FACE('',(#1814),#1815,.F.);
#846=ADVANCED_FACE('',(#1816),#1817,.T.);
#847=ADVANCED_FACE('',(#1818),#1819,.F.);
#848=ADVANCED_FACE('',(#1820),#1821,.T.);
#849=ADVANCED_FACE('',(#1822),#1823,.F.);
#850=ADVANCED_FACE('',(#1824),#1825,.F.);
#851=ADVANCED_FACE('',(#1826,#1827),#1828,.T.);
#852=ADVANCED_FACE('',(#1829),#1830,.F.);
#853=ADVANCED_FACE('',(#1831),#1832,.F.);
#854=ADVANCED_FACE('',(#1833),#1834,.T.);
#855=ADVANCED_FACE('',(#1835),#1836,.T.);
#856=ADVANCED_FACE('',(#1837,#1838),#1839,.T.);
#857=ADVANCED_FACE('',(#1840),#1841,.T.);
#858=ADVANCED_FACE('',(#1842),#1843,.T.);
#859=ADVANCED_FACE('',(#1844,#1845),#1846,.F.);
#860=ADVANCED_FACE('',(#1847),#1848,.F.);
#861=ADVANCED_FACE('',(#1849),#1850,.F.);
#862=ADVANCED_FACE('',(#1851),#1852,.T.);
#863=ADVANCED_FACE('',(#1853),#1854,.T.);
#864=ADVANCED_FACE('',(#1855),#1856,.T.);
#865=ADVANCED_FACE('',(#1857),#1858,.F.);
#866=ADVANCED_FACE('',(#1859),#1860,.F.);
#867=ADVANCED_FACE('',(#1861),#1862,.T.);
#868=ADVANCED_FACE('',(#1863),#1864,.F.);
#869=ADVANCED_FACE('',(#1865),#1866,.T.);
#870=ADVANCED_FACE('',(#1867),#1868,.F.);
#871=ADVANCED_FACE('',(#1869),#1870,.F.);
#872=ADVANCED_FACE('',(#1871),#1872,.F.);
#873=ADVANCED_FACE('',(#1873),#1874,.F.);
#874=ADVANCED_FACE('',(#1875),#1876,.T.);
#875=ADVANCED_FACE('',(#1877),#1878,.T.);
#876=ADVANCED_FACE('',(#1879),#1880,.F.);
#877=ADVANCED_FACE('',(#1881),#1882,.F.);
#878=ADVANCED_FACE('',(#1883),#1884,.F.);
#879=ADVANCED_FACE('',(#1885),#1886,.F.);
#880=ADVANCED_FACE('',(#1887),#1888,.T.);
#881=ADVANCED_FACE('',(#1889),#1890,.F.);
#882=ADVANCED_FACE('',(#1891),#1892,.T.);
#883=ADVANCED_FACE('',(#1893),#1894,.F.);
#884=ADVANCED_FACE('',(#1895),#1896,.F.);
#885=ADVANCED_FACE('',(#1897),#1898,.F.);
#886=ADVANCED_FACE('',(#1899),#1900,.F.);
#887=ADVANCED_FACE('',(#1901),#1902,.F.);
#888=ADVANCED_FACE('',(#1903),#1904,.F.);
#889=ADVANCED_FACE('',(#1905),#1906,.T.);
#890=ADVANCED_FACE('',(#1907),#1908,.F.);
#891=ADVANCED_FACE('',(#1909),#1910,.T.);
#892=ADVANCED_FACE('',(#1911),#1912,.F.);
#893=ADVANCED_FACE('',(#1913),#1914,.T.);
#894=ADVANCED_FACE('',(#1915),#1916,.F.);
#895=ADVANCED_FACE('',(#1917),#1918,.T.);
#896=ADVANCED_FACE('',(#1919),#1920,.F.);
#897=ADVANCED_FACE('',(#1921),#1922,.T.);
#898=ADVANCED_FACE('',(#1923),#1924,.F.);
#899=ADVANCED_FACE('',(#1925),#1926,.T.);
#900=ADVANCED_FACE('',(#1927),#1928,.F.);
#901=ADVANCED_FACE('',(#1929),#1930,.T.);
#902=ADVANCED_FACE('',(#1931),#1932,.F.);
#903=ADVANCED_FACE('',(#1933),#1934,.T.);
#904=ADVANCED_FACE('',(#1935),#1936,.T.);
#905=ADVANCED_FACE('',(#1937),#1938,.F.);
#906=ADVANCED_FACE('',(#1939),#1940,.T.);
#907=ADVANCED_FACE('',(#1941),#1942,.F.);
#908=ADVANCED_FACE('',(#1943),#1944,.T.);
#909=ADVANCED_FACE('',(#1945),#1946,.T.);
#910=ADVANCED_FACE('',(#1947),#1948,.T.);
#911=ADVANCED_FACE('',(#1949),#1950,.T.);
#912=ADVANCED_FACE('',(#1951),#1952,.T.);
#914=SURFACE_STYLE_FILL_AREA(#1953);
#915=ORIENTED_EDGE('',*,*,#1954,.F.);
#916=ORIENTED_EDGE('',*,*,#1955,.T.);
#917=ORIENTED_EDGE('',*,*,#1956,.F.);
#918=ORIENTED_EDGE('',*,*,#1957,.F.);
#919=CARTESIAN_POINT('',(-3.8175000000005,-12.929954595263,-1.63269840574687));
#920=DIRECTION('',(1.0,0.0,0.0));
#921=DIRECTION('',(0.0,-6.12323399573676E-17,1.0));
#922=SURFACE_STYLE_FILL_AREA(#1958);
#923=ORIENTED_EDGE('',*,*,#1959,.F.);
#924=ORIENTED_EDGE('',*,*,#1960,.T.);
#925=ORIENTED_EDGE('',*,*,#1961,.T.);
#926=ORIENTED_EDGE('',*,*,#1962,.F.);
#927=CARTESIAN_POINT('',(-3.8175000000005,-12.929954595263,-1.63269840574687));
#928=DIRECTION('',(1.0,0.0,0.0));
#929=DIRECTION('',(0.0,-6.12323399573676E-17,1.0));
#930=SURFACE_STYLE_FILL_AREA(#1963);
#931=ORIENTED_EDGE('',*,*,#1964,.F.);
#932=ORIENTED_EDGE('',*,*,#1965,.T.);
#933=ORIENTED_EDGE('',*,*,#1966,.F.);
#934=ORIENTED_EDGE('',*,*,#1967,.F.);
#935=CARTESIAN_POINT('',(3.8175000000005,-12.929954595263,1.63269840574687));
#936=DIRECTION('',(-1.0,-7.49879891330927E-33,1.22464679914735E-16));
#937=DIRECTION('',(-1.22464679914735E-16,6.12323399573676E-17,-1.0));
#938=SURFACE_STYLE_FILL_AREA(#1968);
#939=ORIENTED_EDGE('',*,*,#1969,.F.);
#940=ORIENTED_EDGE('',*,*,#1970,.T.);
#941=ORIENTED_EDGE('',*,*,#1971,.T.);
#942=ORIENTED_EDGE('',*,*,#1972,.F.);
#943=CARTESIAN_POINT('',(3.8175000000005,-12.929954595263,1.63269840574687));
#944=DIRECTION('',(-1.0,-7.49879891330927E-33,1.22464679914735E-16));
#945=DIRECTION('',(-1.22464679914735E-16,6.12323399573676E-17,-1.0));
#946=SURFACE_STYLE_FILL_AREA(#1973);
#947=ORIENTED_EDGE('',*,*,#1974,.F.);
#948=ORIENTED_EDGE('',*,*,#1975,.F.);
#949=ORIENTED_EDGE('',*,*,#1976,.F.);
#950=ORIENTED_EDGE('',*,*,#1977,.T.);
#951=CARTESIAN_POINT('',(3.18250000000047,-13.862727709372,0.536999999999898));
#952=DIRECTION('',(1.0,7.49879891330927E-33,-1.22464679914735E-16));
#953=DIRECTION('',(-1.22464679914735E-16,6.12323399573676E-17,-1.0));
#954=SURFACE_STYLE_FILL_AREA(#1978);
#955=ORIENTED_EDGE('',*,*,#1979,.F.);
#956=ORIENTED_EDGE('',*,*,#1980,.F.);
#957=ORIENTED_EDGE('',*,*,#1981,.F.);
#958=ORIENTED_EDGE('',*,*,#1975,.T.);
#959=CARTESIAN_POINT('',(12.4416090000125,-3.45238357533201,0.317499999999969));
#960=DIRECTION('',(-1.22464679914735E-16,6.12323399573676E-17,-1.0));
#961=DIRECTION('',(1.0,7.49879891330927E-33,-1.22464679914735E-16));
#962=SURFACE_STYLE_FILL_AREA(#1982);
#963=ORIENTED_EDGE('',*,*,#1983,.T.);
#964=ORIENTED_EDGE('',*,*,#1984,.T.);
#965=ORIENTED_EDGE('',*,*,#1985,.T.);
#966=ORIENTED_EDGE('',*,*,#1986,.T.);
#967=CARTESIAN_POINT('',(4.03700000000048,-1.7049,0.584999999999947));
#968=DIRECTION('',(-0.0,1.0,6.12323399573676E-17));
#969=DIRECTION('',(1.0,0.0,0.0));
#970=SURFACE_STYLE_FILL_AREA(#1987);
#971=ORIENTED_EDGE('',*,*,#1984,.F.);
#972=ORIENTED_EDGE('',*,*,#1988,.F.);
#973=ORIENTED_EDGE('',*,*,#1989,.F.);
#974=ORIENTED_EDGE('',*,*,#1990,.F.);
#975=CARTESIAN_POINT('',(3.80500000000047,-2.36011609259903,0.332689255218011));
#976=DIRECTION('',(-0.955278362122344,-0.295708050044047,9.88809629983576E-17));
#977=DIRECTION('',(-0.295708050044047,0.955278362122344,5.84939294233927E-17));
#978=SURFACE_STYLE_FILL_AREA(#1991);
#979=ORIENTED_EDGE('',*,*,#1985,.F.);
#980=ORIENTED_EDGE('',*,*,#1990,.T.);
#981=ORIENTED_EDGE('',*,*,#1992,.T.);
#982=ORIENTED_EDGE('',*,*,#1993,.T.);
#983=CARTESIAN_POINT('',(2.28545655394549,-2.36011609260004,-0.30500000000011));
#984=DIRECTION('',(1.16987858846785E-16,-0.295708050044047,0.955278362122344));
#985=DIRECTION('',(0.0,-0.955278362122344,-0.295708050044047));
#986=SURFACE_STYLE_FILL_AREA(#1994);
#987=ORIENTED_EDGE('',*,*,#1986,.F.);
#988=ORIENTED_EDGE('',*,*,#1993,.F.);
#989=ORIENTED_EDGE('',*,*,#1976,.T.);
#990=ORIENTED_EDGE('',*,*,#1995,.F.);
#991=CARTESIAN_POINT('',(3.19500000000047,-2.36011609259903,0.332689255218011));
#992=DIRECTION('',(0.955278362122344,-0.295708050044047,-1.35094754695212E-16));
#993=DIRECTION('',(0.0,-4.56851799181961E-16,1.0));
#994=SURFACE_STYLE_FILL_AREA(#1996);
#995=ORIENTED_EDGE('',*,*,#1983,.F.);
#996=ORIENTED_EDGE('',*,*,#1995,.T.);
#997=ORIENTED_EDGE('',*,*,#1981,.T.);
#998=ORIENTED_EDGE('',*,*,#1988,.T.);
#999=CARTESIAN_POINT('',(2.28545655394549,-2.36011609260004,0.304999999999889));
#1000=DIRECTION('',(-1.16987858846785E-16,-0.295708050044047,-0.955278362122344));
#1001=DIRECTION('',(-1.0,3.95619459224594E-16,2.11828697566926E-33));
#1002=SURFACE_STYLE_FILL_AREA(#1997);
#1003=ORIENTED_EDGE('',*,*,#1998,.F.);
#1004=ORIENTED_EDGE('',*,*,#1977,.F.);
#1005=ORIENTED_EDGE('',*,*,#1992,.F.);
#1006=ORIENTED_EDGE('',*,*,#1999,.F.);
#1007=CARTESIAN_POINT('',(12.4416090000135,-13.612727709372,-0.317500000000084));
#1008=DIRECTION('',(1.22464679914735E-16,-6.12323399573676E-17,1.0));
#1009=DIRECTION('',(0.0,-1.0,-6.12323399573676E-17));
#1010=SURFACE_STYLE_FILL_AREA(#2000);
#1011=ORIENTED_EDGE('',*,*,#2001,.F.);
#1012=ORIENTED_EDGE('',*,*,#1999,.T.);
#1013=ORIENTED_EDGE('',*,*,#1989,.T.);
#1014=ORIENTED_EDGE('',*,*,#1980,.T.);
#1015=CARTESIAN_POINT('',(3.8175000000005,-9.92459157533301,-0.537000000000122));
#1016=DIRECTION('',(1.0,7.49879891330927E-33,-1.22464679914735E-16));
#1017=DIRECTION('',(-1.22464679914735E-16,6.12323399573676E-17,-1.0));
#1018=SURFACE_STYLE_FILL_AREA(#2002);
#1019=ORIENTED_EDGE('',*,*,#2003,.F.);
#1020=ORIENTED_EDGE('',*,*,#2004,.F.);
#1021=ORIENTED_EDGE('',*,*,#2005,.F.);
#1022=ORIENTED_EDGE('',*,*,#2006,.T.);
#1023=CARTESIAN_POINT('',(-0.317499999999527,-13.862727709372,0.536999999999898));
#1024=DIRECTION('',(1.0,7.49879891330927E-33,-1.22464679914735E-16));
#1025=DIRECTION('',(-1.22464679914735E-16,6.12323399573676E-17,-1.0));
#1026=SURFACE_STYLE_FILL_AREA(#2007);
#1027=ORIENTED_EDGE('',*,*,#2008,.F.);
#1028=ORIENTED_EDGE('',*,*,#2009,.F.);
#1029=ORIENTED_EDGE('',*,*,#2010,.F.);
#1030=ORIENTED_EDGE('',*,*,#2004,.T.);
#1031=CARTESIAN_POINT('',(8.94160900001249,-3.45238357533201,0.317499999999969));
#1032=DIRECTION('',(-1.22464679914735E-16,6.12323399573676E-17,-1.0));
#1033=DIRECTION('',(1.0,7.49879891330927E-33,-1.22464679914735E-16));
#1034=SURFACE_STYLE_FILL_AREA(#2011);
#1035=ORIENTED_EDGE('',*,*,#2012,.T.);
#1036=ORIENTED_EDGE('',*,*,#2013,.T.);
#1037=ORIENTED_EDGE('',*,*,#2014,.T.);
#1038=ORIENTED_EDGE('',*,*,#2015,.T.);
#1039=CARTESIAN_POINT('',(0.537000000000482,-1.7049,0.584999999999947));
#1040=DIRECTION('',(-0.0,1.0,6.12323399573676E-17));
#1041=DIRECTION('',(1.0,0.0,0.0));
#1042=SURFACE_STYLE_FILL_AREA(#2016);
#1043=ORIENTED_EDGE('',*,*,#2013,.F.);
#1044=ORIENTED_EDGE('',*,*,#2017,.F.);
#1045=ORIENTED_EDGE('',*,*,#2018,.F.);
#1046=ORIENTED_EDGE('',*,*,#2019,.F.);
#1047=CARTESIAN_POINT('',(0.305000000000472,-2.36011609259903,0.332689255218011));
#1048=DIRECTION('',(-0.955278362122344,-0.295708050044047,9.88809629983576E-17));
#1049=DIRECTION('',(-0.295708050044047,0.955278362122344,5.84939294233927E-17));
#1050=SURFACE_STYLE_FILL_AREA(#2020);
#1051=ORIENTED_EDGE('',*,*,#2014,.F.);
#1052=ORIENTED_EDGE('',*,*,#2019,.T.);
#1053=ORIENTED_EDGE('',*,*,#2021,.T.);
#1054=ORIENTED_EDGE('',*,*,#2022,.T.);
#1055=CARTESIAN_POINT('',(-1.21454344605451,-2.36011609260004,-0.30500000000011));
#1056=DIRECTION('',(1.16987858846785E-16,-0.295708050044047,0.955278362122344));
#1057=DIRECTION('',(0.0,-0.955278362122344,-0.295708050044047));
#1058=SURFACE_STYLE_FILL_AREA(#2023);
#1059=ORIENTED_EDGE('',*,*,#2015,.F.);
#1060=ORIENTED_EDGE('',*,*,#2022,.F.);
#1061=ORIENTED_EDGE('',*,*,#2005,.T.);
#1062=ORIENTED_EDGE('',*,*,#2024,.F.);
#1063=CARTESIAN_POINT('',(-0.304999999999528,-2.36011609259903,0.332689255218011));
#1064=DIRECTION('',(0.955278362122344,-0.295708050044047,-1.35094754695212E-16));
#1065=DIRECTION('',(0.0,-4.56851799181961E-16,1.0));
#1066=SURFACE_STYLE_FILL_AREA(#2025);
#1067=ORIENTED_EDGE('',*,*,#2012,.F.);
#1068=ORIENTED_EDGE('',*,*,#2024,.T.);
#1069=ORIENTED_EDGE('',*,*,#2010,.T.);
#1070=ORIENTED_EDGE('',*,*,#2017,.T.);
#1071=CARTESIAN_POINT('',(-1.21454344605451,-2.36011609260004,0.304999999999889));
#1072=DIRECTION('',(-1.16987858846785E-16,-0.295708050044047,-0.955278362122344));
#1073=DIRECTION('',(-1.0,3.95619459224594E-16,2.11828697566926E-33));
#1074=SURFACE_STYLE_FILL_AREA(#2026);
#1075=ORIENTED_EDGE('',*,*,#2027,.F.);
#1076=ORIENTED_EDGE('',*,*,#2006,.F.);
#1077=ORIENTED_EDGE('',*,*,#2021,.F.);
#1078=ORIENTED_EDGE('',*,*,#2028,.F.);
#1079=CARTESIAN_POINT('',(8.94160900001349,-13.612727709372,-0.317500000000084));
#1080=DIRECTION('',(1.22464679914735E-16,-6.12323399573676E-17,1.0));
#1081=DIRECTION('',(0.0,-1.0,-6.12323399573676E-17));
#1082=SURFACE_STYLE_FILL_AREA(#2029);
#1083=ORIENTED_EDGE('',*,*,#2030,.F.);
#1084=ORIENTED_EDGE('',*,*,#2028,.T.);
#1085=ORIENTED_EDGE('',*,*,#2018,.T.);
#1086=ORIENTED_EDGE('',*,*,#2009,.T.);
#1087=CARTESIAN_POINT('',(0.317500000000498,-9.92459157533301,-0.537000000000122));
#1088=DIRECTION('',(1.0,7.49879891330927E-33,-1.22464679914735E-16));
#1089=DIRECTION('',(-1.22464679914735E-16,6.12323399573676E-17,-1.0));
#1090=SURFACE_STYLE_FILL_AREA(#2031);
#1091=ORIENTED_EDGE('',*,*,#2032,.F.);
#1092=ORIENTED_EDGE('',*,*,#2033,.F.);
#1093=ORIENTED_EDGE('',*,*,#2034,.F.);
#1094=ORIENTED_EDGE('',*,*,#2035,.T.);
#1095=CARTESIAN_POINT('',(-3.81749999999953,-13.862727709372,0.536999999999898));
#1096=DIRECTION('',(1.0,7.49879891330927E-33,-1.22464679914735E-16));
#1097=DIRECTION('',(-1.22464679914735E-16,6.12323399573676E-17,-1.0));
#1098=SURFACE_STYLE_FILL_AREA(#2036);
#1099=ORIENTED_EDGE('',*,*,#2037,.F.);
#1100=ORIENTED_EDGE('',*,*,#2038,.F.);
#1101=ORIENTED_EDGE('',*,*,#2039,.F.);
#1102=ORIENTED_EDGE('',*,*,#2033,.T.);
#1103=CARTESIAN_POINT('',(5.44160900001249,-3.45238357533201,0.317499999999969));
#1104=DIRECTION('',(-1.22464679914735E-16,6.12323399573676E-17,-1.0));
#1105=DIRECTION('',(1.0,7.49879891330927E-33,-1.22464679914735E-16));
#1106=SURFACE_STYLE_FILL_AREA(#2040);
#1107=ORIENTED_EDGE('',*,*,#2041,.T.);
#1108=ORIENTED_EDGE('',*,*,#2042,.T.);
#1109=ORIENTED_EDGE('',*,*,#2043,.T.);
#1110=ORIENTED_EDGE('',*,*,#2044,.T.);
#1111=CARTESIAN_POINT('',(-2.96299999999952,-1.7049,0.584999999999947));
#1112=DIRECTION('',(-0.0,1.0,6.12323399573676E-17));
#1113=DIRECTION('',(1.0,0.0,0.0));
#1114=SURFACE_STYLE_FILL_AREA(#2045);
#1115=ORIENTED_EDGE('',*,*,#2042,.F.);
#1116=ORIENTED_EDGE('',*,*,#2046,.F.);
#1117=ORIENTED_EDGE('',*,*,#2047,.F.);
#1118=ORIENTED_EDGE('',*,*,#2048,.F.);
#1119=CARTESIAN_POINT('',(-3.19499999999953,-2.36011609259903,0.332689255218011));
#1120=DIRECTION('',(-0.955278362122344,-0.295708050044047,9.88809629983576E-17));
#1121=DIRECTION('',(-0.295708050044047,0.955278362122344,5.84939294233927E-17));
#1122=SURFACE_STYLE_FILL_AREA(#2049);
#1123=ORIENTED_EDGE('',*,*,#2043,.F.);
#1124=ORIENTED_EDGE('',*,*,#2048,.T.);
#1125=ORIENTED_EDGE('',*,*,#2050,.T.);
#1126=ORIENTED_EDGE('',*,*,#2051,.T.);
#1127=CARTESIAN_POINT('',(-4.71454344605451,-2.36011609260004,-0.30500000000011));
#1128=DIRECTION('',(1.16987858846785E-16,-0.295708050044047,0.955278362122344));
#1129=DIRECTION('',(0.0,-0.955278362122344,-0.295708050044047));
#1130=SURFACE_STYLE_FILL_AREA(#2052);
#1131=ORIENTED_EDGE('',*,*,#2044,.F.);
#1132=ORIENTED_EDGE('',*,*,#2051,.F.);
#1133=ORIENTED_EDGE('',*,*,#2034,.T.);
#1134=ORIENTED_EDGE('',*,*,#2053,.F.);
#1135=CARTESIAN_POINT('',(-3.80499999999953,-2.36011609259903,0.332689255218011));
#1136=DIRECTION('',(0.955278362122344,-0.295708050044047,-1.35094754695212E-16));
#1137=DIRECTION('',(0.0,-4.56851799181961E-16,1.0));
#1138=SURFACE_STYLE_FILL_AREA(#2054);
#1139=ORIENTED_EDGE('',*,*,#2041,.F.);
#1140=ORIENTED_EDGE('',*,*,#2053,.T.);
#1141=ORIENTED_EDGE('',*,*,#2039,.T.);
#1142=ORIENTED_EDGE('',*,*,#2046,.T.);
#1143=CARTESIAN_POINT('',(-4.71454344605451,-2.36011609260004,0.304999999999889));
#1144=DIRECTION('',(-1.16987858846785E-16,-0.295708050044047,-0.955278362122344));
#1145=DIRECTION('',(-1.0,3.95619459224594E-16,2.11828697566926E-33));
#1146=SURFACE_STYLE_FILL_AREA(#2055);
#1147=ORIENTED_EDGE('',*,*,#2056,.F.);
#1148=ORIENTED_EDGE('',*,*,#2035,.F.);
#1149=ORIENTED_EDGE('',*,*,#2050,.F.);
#1150=ORIENTED_EDGE('',*,*,#2057,.F.);
#1151=CARTESIAN_POINT('',(5.44160900001349,-13.612727709372,-0.317500000000084));
#1152=DIRECTION('',(1.22464679914735E-16,-6.12323399573676E-17,1.0));
#1153=DIRECTION('',(0.0,-1.0,-6.12323399573676E-17));
#1154=SURFACE_STYLE_FILL_AREA(#2058);
#1155=ORIENTED_EDGE('',*,*,#2059,.F.);
#1156=ORIENTED_EDGE('',*,*,#2057,.T.);
#1157=ORIENTED_EDGE('',*,*,#2047,.T.);
#1158=ORIENTED_EDGE('',*,*,#2038,.T.);
#1159=CARTESIAN_POINT('',(-3.1824999999995,-9.92459157533301,-0.537000000000122));
#1160=DIRECTION('',(1.0,7.49879891330927E-33,-1.22464679914735E-16));
#1161=DIRECTION('',(-1.22464679914735E-16,6.12323399573676E-17,-1.0));
#1162=SURFACE_STYLE_FILL_AREA(#2060);
#1163=ORIENTED_EDGE('',*,*,#2061,.F.);
#1164=ORIENTED_EDGE('',*,*,#2062,.F.);
#1165=ORIENTED_EDGE('',*,*,#2063,.F.);
#1166=ORIENTED_EDGE('',*,*,#2064,.F.);
#1167=CARTESIAN_POINT('',(12.4416090000135,-13.612727709372,-0.317500000000084));
#1168=DIRECTION('',(1.22464679914735E-16,-6.12323399573676E-17,1.0));
#1169=DIRECTION('',(0.0,-1.0,-6.12323399573676E-17));
#1170=SURFACE_STYLE_FILL_AREA(#2065);
#1171=ORIENTED_EDGE('',*,*,#2066,.F.);
#1172=ORIENTED_EDGE('',*,*,#2067,.T.);
#1173=ORIENTED_EDGE('',*,*,#2068,.T.);
#1174=ORIENTED_EDGE('',*,*,#1965,.F.);
#1175=ORIENTED_EDGE('',*,*,#2069,.F.);
#1176=ORIENTED_EDGE('',*,*,#2070,.T.);
#1177=ORIENTED_EDGE('',*,*,#2071,.T.);
#1178=ORIENTED_EDGE('',*,*,#2072,.F.);
#1179=ORIENTED_EDGE('',*,*,#2073,.F.);
#1180=ORIENTED_EDGE('',*,*,#2074,.F.);
#1181=ORIENTED_EDGE('',*,*,#2075,.T.);
#1182=ORIENTED_EDGE('',*,*,#1972,.T.);
#1183=ORIENTED_EDGE('',*,*,#2076,.F.);
#1184=ORIENTED_EDGE('',*,*,#2062,.T.);
#1185=CARTESIAN_POINT('',(3.8175000000005,-9.92459157533301,-0.537000000000122));
#1186=DIRECTION('',(1.0,7.49879891330927E-33,-1.22464679914735E-16));
#1187=DIRECTION('',(-1.22464679914735E-16,6.12323399573676E-17,-1.0));
#1188=SURFACE_STYLE_FILL_AREA(#2077);
#1189=ORIENTED_EDGE('',*,*,#2078,.F.);
#1190=ORIENTED_EDGE('',*,*,#2064,.T.);
#1191=ORIENTED_EDGE('',*,*,#2079,.T.);
#1192=ORIENTED_EDGE('',*,*,#1970,.F.);
#1193=ORIENTED_EDGE('',*,*,#2080,.F.);
#1194=ORIENTED_EDGE('',*,*,#2081,.T.);
#1195=ORIENTED_EDGE('',*,*,#2082,.T.);
#1196=ORIENTED_EDGE('',*,*,#2083,.F.);
#1197=ORIENTED_EDGE('',*,*,#2084,.T.);
#1198=ORIENTED_EDGE('',*,*,#2085,.F.);
#1199=ORIENTED_EDGE('',*,*,#2086,.T.);
#1200=ORIENTED_EDGE('',*,*,#1967,.T.);
#1201=ORIENTED_EDGE('',*,*,#2087,.F.);
#1202=ORIENTED_EDGE('',*,*,#2088,.F.);
#1203=CARTESIAN_POINT('',(3.18250000000047,-13.862727709372,0.536999999999898));
#1204=DIRECTION('',(1.0,7.49879891330927E-33,-1.22464679914735E-16));
#1205=DIRECTION('',(-1.22464679914735E-16,6.12323399573676E-17,-1.0));
#1206=SURFACE_STYLE_FILL_AREA(#2089);
#1207=ORIENTED_EDGE('',*,*,#2090,.F.);
#1208=ORIENTED_EDGE('',*,*,#2088,.T.);
#1209=ORIENTED_EDGE('',*,*,#2091,.T.);
#1210=ORIENTED_EDGE('',*,*,#2067,.F.);
#1211=CARTESIAN_POINT('',(12.4416090000125,-3.45238357533201,0.317499999999969));
#1212=DIRECTION('',(-1.22464679914735E-16,6.12323399573676E-17,-1.0));
#1213=DIRECTION('',(1.0,7.49879891330927E-33,-1.22464679914735E-16));
#1214=SURFACE_STYLE_FILL_AREA(#2092);
#1215=ORIENTED_EDGE('',*,*,#2093,.F.);
#1216=ORIENTED_EDGE('',*,*,#2094,.F.);
#1217=ORIENTED_EDGE('',*,*,#2072,.T.);
#1218=ORIENTED_EDGE('',*,*,#2095,.F.);
#1219=CARTESIAN_POINT('',(3.80500000000047,-14.142787192102,-0.232689255219022));
#1220=DIRECTION('',(-0.955278362122344,0.295708050044047,1.35094754695212E-16));
#1221=DIRECTION('',(-1.22464679914735E-16,6.12323399573676E-17,-1.0));
#1222=SURFACE_STYLE_FILL_AREA(#2096);
#1223=ORIENTED_EDGE('',*,*,#2097,.F.);
#1224=ORIENTED_EDGE('',*,*,#2095,.T.);
#1225=ORIENTED_EDGE('',*,*,#2098,.T.);
#1226=ORIENTED_EDGE('',*,*,#2099,.T.);
#1227=CARTESIAN_POINT('',(2.28545655394549,-14.142787192102,0.404999999999877));
#1228=DIRECTION('',(-1.16987858846785E-16,0.295708050044047,-0.955278362122344));
#1229=DIRECTION('',(1.0,3.95619459224594E-16,5.03475191985094E-32));
#1230=SURFACE_STYLE_FILL_AREA(#2100);
#1231=ORIENTED_EDGE('',*,*,#2084,.F.);
#1232=ORIENTED_EDGE('',*,*,#2098,.F.);
#1233=ORIENTED_EDGE('',*,*,#2071,.F.);
#1234=ORIENTED_EDGE('',*,*,#2101,.F.);
#1235=CARTESIAN_POINT('',(3.18250000000047,-12.929954595263,0.417499999999959));
#1236=DIRECTION('',(1.22464679914735E-16,-6.12323399573676E-17,1.0));
#1237=DIRECTION('',(0.0,-1.0,-6.12323399573676E-17));
#1238=SURFACE_STYLE_FILL_AREA(#2102);
#1239=ORIENTED_EDGE('',*,*,#2087,.T.);
#1240=ORIENTED_EDGE('',*,*,#1966,.T.);
#1241=ORIENTED_EDGE('',*,*,#2068,.F.);
#1242=ORIENTED_EDGE('',*,*,#2091,.F.);
#1243=CARTESIAN_POINT('',(3.8175000000005,-12.398087190472,-1.18250000000009));
#1244=DIRECTION('',(-1.0,-7.49879891330927E-33,1.22464679914735E-16));
#1245=DIRECTION('',(1.22464679914735E-16,-6.12323399573676E-17,1.0));
#1246=SURFACE_STYLE_FILL_AREA(#2103);
#1247=ORIENTED_EDGE('',*,*,#2082,.F.);
#1248=ORIENTED_EDGE('',*,*,#2104,.T.);
#1249=ORIENTED_EDGE('',*,*,#2073,.T.);
#1250=ORIENTED_EDGE('',*,*,#2105,.F.);
#1251=CARTESIAN_POINT('',(3.8175000000005,-12.929954595263,-0.217500000000094));
#1252=DIRECTION('',(-1.22464679914735E-16,6.12323399573676E-17,-1.0));
#1253=DIRECTION('',(1.0,7.49879891330927E-33,-1.22464679914735E-16));
#1254=SURFACE_STYLE_FILL_AREA(#2106);
#1255=ORIENTED_EDGE('',*,*,#2107,.F.);
#1256=ORIENTED_EDGE('',*,*,#2099,.F.);
#1257=ORIENTED_EDGE('',*,*,#2083,.T.);
#1258=ORIENTED_EDGE('',*,*,#2108,.F.);
#1259=CARTESIAN_POINT('',(3.19500000000047,-14.142787192102,-0.232689255219021));
#1260=DIRECTION('',(0.955278362122344,0.295708050044047,-9.88809629983576E-17));
#1261=DIRECTION('',(-3.61719241671301E-32,3.34387119267226E-16,1.0));
#1262=SURFACE_STYLE_FILL_AREA(#2109);
#1263=ORIENTED_EDGE('',*,*,#2110,.F.);
#1264=ORIENTED_EDGE('',*,*,#2108,.T.);
#1265=ORIENTED_EDGE('',*,*,#2105,.T.);
#1266=ORIENTED_EDGE('',*,*,#2094,.T.);
#1267=CARTESIAN_POINT('',(2.28545655394549,-14.142787192102,-0.205000000000123));
#1268=DIRECTION('',(1.16987858846785E-16,0.295708050044047,0.955278362122344));
#1269=DIRECTION('',(-1.0,-1.49635195545536E-32,1.22464679914735E-16));
#1270=SURFACE_STYLE_FILL_AREA(#2111);
#1271=ORIENTED_EDGE('',*,*,#2079,.F.);
#1272=ORIENTED_EDGE('',*,*,#2063,.T.);
#1273=ORIENTED_EDGE('',*,*,#2076,.T.);
#1274=ORIENTED_EDGE('',*,*,#1971,.F.);
#1275=CARTESIAN_POINT('',(3.8175000000005,-12.341625638828,-1.81750000000003));
#1276=DIRECTION('',(-1.0,-7.49879891330927E-33,1.22464679914735E-16));
#1277=DIRECTION('',(1.22464679914735E-16,-6.12323399573676E-17,1.0));
#1278=SURFACE_STYLE_FILL_AREA(#2112);
#1279=ORIENTED_EDGE('',*,*,#2081,.F.);
#1280=ORIENTED_EDGE('',*,*,#2113,.T.);
#1281=ORIENTED_EDGE('',*,*,#2074,.T.);
#1282=ORIENTED_EDGE('',*,*,#2104,.F.);
#1283=CARTESIAN_POINT('',(3.8175000000005,-13.942955405791,-1.71750000000004));
#1284=DIRECTION('',(-1.0,-7.49879891330927E-33,1.22464679914735E-16));
#1285=DIRECTION('',(1.22464679914735E-16,-6.12323399573676E-17,1.0));
#1286=SURFACE_STYLE_FILL_AREA(#2114);
#1287=ORIENTED_EDGE('',*,*,#1969,.T.);
#1288=ORIENTED_EDGE('',*,*,#2075,.F.);
#1289=ORIENTED_EDGE('',*,*,#2113,.F.);
#1290=ORIENTED_EDGE('',*,*,#2080,.T.);
#1291=CARTESIAN_POINT('',(3.8175000000005,-12.929954595263,1.63269840574687));
#1292=DIRECTION('',(-1.0,-7.49879891330927E-33,1.22464679914735E-16));
#1293=DIRECTION('',(-1.22464679914735E-16,6.12323399573676E-17,-1.0));
#1294=SURFACE_STYLE_FILL_AREA(#2115);
#1295=ORIENTED_EDGE('',*,*,#2085,.T.);
#1296=ORIENTED_EDGE('',*,*,#2101,.T.);
#1297=ORIENTED_EDGE('',*,*,#2070,.F.);
#1298=ORIENTED_EDGE('',*,*,#2116,.F.);
#1299=CARTESIAN_POINT('',(3.8175000000005,-13.844242633809,-1.0825000000001));
#1300=DIRECTION('',(-1.0,-7.49879891330927E-33,1.22464679914735E-16));
#1301=DIRECTION('',(1.22464679914735E-16,-6.12323399573676E-17,1.0));
#1302=SURFACE_STYLE_FILL_AREA(#2117);
#1303=ORIENTED_EDGE('',*,*,#1964,.T.);
#1304=ORIENTED_EDGE('',*,*,#2086,.F.);
#1305=ORIENTED_EDGE('',*,*,#2116,.T.);
#1306=ORIENTED_EDGE('',*,*,#2069,.T.);
#1307=CARTESIAN_POINT('',(3.8175000000005,-12.929954595263,1.63269840574687));
#1308=DIRECTION('',(-1.0,-7.49879891330927E-33,1.22464679914735E-16));
#1309=DIRECTION('',(-1.22464679914735E-16,6.12323399573676E-17,-1.0));
#1310=SURFACE_STYLE_FILL_AREA(#2118);
#1311=ORIENTED_EDGE('',*,*,#2093,.T.);
#1312=ORIENTED_EDGE('',*,*,#2097,.T.);
#1313=ORIENTED_EDGE('',*,*,#2107,.T.);
#1314=ORIENTED_EDGE('',*,*,#2110,.T.);
#1315=CARTESIAN_POINT('',(4.03700000000048,-14.798003284701,-0.585000000000059));
#1316=DIRECTION('',(0.0,-1.0,-6.12323399573676E-17));
#1317=DIRECTION('',(0.0,-6.12323399573676E-17,1.0));
#1318=SURFACE_STYLE_FILL_AREA(#2119);
#1319=ORIENTED_EDGE('',*,*,#2120,.F.);
#1320=ORIENTED_EDGE('',*,*,#2121,.F.);
#1321=ORIENTED_EDGE('',*,*,#2122,.F.);
#1322=ORIENTED_EDGE('',*,*,#2123,.F.);
#1323=CARTESIAN_POINT('',(-12.4416090000135,-13.612727709372,0.31750000000008));
#1324=DIRECTION('',(-1.12103877145985E-44,6.12323399573676E-17,-1.0));
#1325=DIRECTION('',(1.0,6.86438271594193E-61,-1.12103877145985E-44));
#1326=SURFACE_STYLE_FILL_AREA(#2124);
#1327=ORIENTED_EDGE('',*,*,#2125,.F.);
#1328=ORIENTED_EDGE('',*,*,#2126,.T.);
#1329=ORIENTED_EDGE('',*,*,#2127,.T.);
#1330=ORIENTED_EDGE('',*,*,#1955,.F.);
#1331=ORIENTED_EDGE('',*,*,#2128,.F.);
#1332=ORIENTED_EDGE('',*,*,#2129,.T.);
#1333=ORIENTED_EDGE('',*,*,#2130,.T.);
#1334=ORIENTED_EDGE('',*,*,#2131,.F.);
#1335=ORIENTED_EDGE('',*,*,#2132,.F.);
#1336=ORIENTED_EDGE('',*,*,#2133,.F.);
#1337=ORIENTED_EDGE('',*,*,#2134,.T.);
#1338=ORIENTED_EDGE('',*,*,#1962,.T.);
#1339=ORIENTED_EDGE('',*,*,#2135,.F.);
#1340=ORIENTED_EDGE('',*,*,#2121,.T.);
#1341=CARTESIAN_POINT('',(-3.8175000000005,-9.92459157533301,0.53700000000012));
#1342=DIRECTION('',(-1.0,0.0,0.0));
#1343=DIRECTION('',(0.0,1.0,6.12323399573676E-17));
#1344=SURFACE_STYLE_FILL_AREA(#2136);
#1345=ORIENTED_EDGE('',*,*,#2137,.F.);
#1346=ORIENTED_EDGE('',*,*,#2123,.T.);
#1347=ORIENTED_EDGE('',*,*,#2138,.T.);
#1348=ORIENTED_EDGE('',*,*,#1960,.F.);
#1349=ORIENTED_EDGE('',*,*,#2139,.F.);
#1350=ORIENTED_EDGE('',*,*,#2140,.T.);
#1351=ORIENTED_EDGE('',*,*,#2141,.T.);
#1352=ORIENTED_EDGE('',*,*,#2142,.F.);
#1353=ORIENTED_EDGE('',*,*,#2143,.T.);
#1354=ORIENTED_EDGE('',*,*,#2144,.F.);
#1355=ORIENTED_EDGE('',*,*,#2145,.T.);
#1356=ORIENTED_EDGE('',*,*,#1957,.T.);
#1357=ORIENTED_EDGE('',*,*,#2146,.F.);
#1358=ORIENTED_EDGE('',*,*,#2147,.F.);
#1359=CARTESIAN_POINT('',(-3.18250000000047,-13.862727709372,-0.5369999999999));
#1360=DIRECTION('',(-1.0,6.86438271594193E-61,-1.12103877145985E-44));
#1361=DIRECTION('',(-1.41494985606667E-76,1.0,6.12323399573676E-17));
#1362=SURFACE_STYLE_FILL_AREA(#2148);
#1363=ORIENTED_EDGE('',*,*,#2149,.F.);
#1364=ORIENTED_EDGE('',*,*,#2147,.T.);
#1365=ORIENTED_EDGE('',*,*,#2150,.T.);
#1366=ORIENTED_EDGE('',*,*,#2126,.F.);
#1367=CARTESIAN_POINT('',(-12.4416090000125,-3.45238357533201,-0.317499999999971));
#1368=DIRECTION('',(-1.12103877145985E-44,-6.12323399573676E-17,1.0));
#1369=DIRECTION('',(-1.0,6.86438271594193E-61,-1.12103877145985E-44));
#1370=SURFACE_STYLE_FILL_AREA(#2151);
#1371=ORIENTED_EDGE('',*,*,#2152,.F.);
#1372=ORIENTED_EDGE('',*,*,#2153,.F.);
#1373=ORIENTED_EDGE('',*,*,#2131,.T.);
#1374=ORIENTED_EDGE('',*,*,#2154,.F.);
#1375=CARTESIAN_POINT('',(-3.80500000000047,-14.142787192102,0.23268925521902));
#1376=DIRECTION('',(0.955278362122344,0.295708050044047,1.81068958484274E-17));
#1377=DIRECTION('',(0.0,-6.12323399573676E-17,1.0));
#1378=SURFACE_STYLE_FILL_AREA(#2155);
#1379=ORIENTED_EDGE('',*,*,#2156,.F.);
#1380=ORIENTED_EDGE('',*,*,#2154,.T.);
#1381=ORIENTED_EDGE('',*,*,#2157,.T.);
#1382=ORIENTED_EDGE('',*,*,#2158,.T.);
#1383=CARTESIAN_POINT('',(-2.28545655394549,-14.142787192102,-0.404999999999878));
#1384=DIRECTION('',(9.68944130068523E-46,0.295708050044047,0.955278362122344));
#1385=DIRECTION('',(-1.0,-6.21083013334841E-62,1.01430553489751E-45));
#1386=SURFACE_STYLE_FILL_AREA(#2159);
#1387=ORIENTED_EDGE('',*,*,#2143,.F.);
#1388=ORIENTED_EDGE('',*,*,#2157,.F.);
#1389=ORIENTED_EDGE('',*,*,#2130,.F.);
#1390=ORIENTED_EDGE('',*,*,#2160,.F.);
#1391=CARTESIAN_POINT('',(-3.18250000000047,-12.929954595263,-0.417499999999961));
#1392=DIRECTION('',(0.0,6.12323399573676E-17,-1.0));
#1393=DIRECTION('',(1.0,0.0,0.0));
#1394=SURFACE_STYLE_FILL_AREA(#2161);
#1395=ORIENTED_EDGE('',*,*,#2146,.T.);
#1396=ORIENTED_EDGE('',*,*,#1956,.T.);
#1397=ORIENTED_EDGE('',*,*,#2127,.F.);
#1398=ORIENTED_EDGE('',*,*,#2150,.F.);
#1399=CARTESIAN_POINT('',(-3.8175000000005,-12.398087190472,1.18250000000009));
#1400=DIRECTION('',(1.0,0.0,0.0));
#1401=DIRECTION('',(0.0,6.12323399573676E-17,-1.0));
#1402=SURFACE_STYLE_FILL_AREA(#2162);
#1403=ORIENTED_EDGE('',*,*,#2141,.F.);
#1404=ORIENTED_EDGE('',*,*,#2163,.T.);
#1405=ORIENTED_EDGE('',*,*,#2132,.T.);
#1406=ORIENTED_EDGE('',*,*,#2164,.F.);
#1407=CARTESIAN_POINT('',(-3.8175000000005,-12.929954595263,0.217500000000092));
#1408=DIRECTION('',(0.0,-6.12323399573676E-17,1.0));
#1409=DIRECTION('',(0.0,-1.0,-6.12323399573676E-17));
#1410=SURFACE_STYLE_FILL_AREA(#2165);
#1411=ORIENTED_EDGE('',*,*,#2166,.F.);
#1412=ORIENTED_EDGE('',*,*,#2158,.F.);
#1413=ORIENTED_EDGE('',*,*,#2142,.T.);
#1414=ORIENTED_EDGE('',*,*,#2167,.F.);
#1415=CARTESIAN_POINT('',(-3.19500000000047,-14.142787192102,0.23268925521902));
#1416=DIRECTION('',(-0.955278362122344,0.295708050044047,1.81068958484274E-17));
#1417=DIRECTION('',(-3.15643165970549E-33,6.12323399573676E-17,-1.0));
#1418=SURFACE_STYLE_FILL_AREA(#2168);
#1419=ORIENTED_EDGE('',*,*,#2169,.F.);
#1420=ORIENTED_EDGE('',*,*,#2167,.T.);
#1421=ORIENTED_EDGE('',*,*,#2164,.T.);
#1422=ORIENTED_EDGE('',*,*,#2153,.T.);
#1423=CARTESIAN_POINT('',(-2.28545655394549,-14.142787192102,0.205000000000121));
#1424=DIRECTION('',(0.0,0.295708050044047,-0.955278362122344));
#1425=DIRECTION('',(1.0,0.0,0.0));
#1426=SURFACE_STYLE_FILL_AREA(#2170);
#1427=ORIENTED_EDGE('',*,*,#2138,.F.);
#1428=ORIENTED_EDGE('',*,*,#2122,.T.);
#1429=ORIENTED_EDGE('',*,*,#2135,.T.);
#1430=ORIENTED_EDGE('',*,*,#1961,.F.);
#1431=CARTESIAN_POINT('',(-3.8175000000005,-12.341625638828,1.81750000000003));
#1432=DIRECTION('',(1.0,0.0,0.0));
#1433=DIRECTION('',(0.0,6.12323399573676E-17,-1.0));
#1434=SURFACE_STYLE_FILL_AREA(#2171);
#1435=ORIENTED_EDGE('',*,*,#2140,.F.);
#1436=ORIENTED_EDGE('',*,*,#2172,.T.);
#1437=ORIENTED_EDGE('',*,*,#2133,.T.);
#1438=ORIENTED_EDGE('',*,*,#2163,.F.);
#1439=CARTESIAN_POINT('',(-3.8175000000005,-13.942955405791,1.71750000000004));
#1440=DIRECTION('',(1.0,0.0,0.0));
#1441=DIRECTION('',(0.0,6.12323399573676E-17,-1.0));
#1442=SURFACE_STYLE_FILL_AREA(#2173);
#1443=ORIENTED_EDGE('',*,*,#1959,.T.);
#1444=ORIENTED_EDGE('',*,*,#2134,.F.);
#1445=ORIENTED_EDGE('',*,*,#2172,.F.);
#1446=ORIENTED_EDGE('',*,*,#2139,.T.);
#1447=CARTESIAN_POINT('',(-3.8175000000005,-12.929954595263,-1.63269840574687));
#1448=DIRECTION('',(1.0,0.0,0.0));
#1449=DIRECTION('',(0.0,-6.12323399573676E-17,1.0));
#1450=SURFACE_STYLE_FILL_AREA(#2174);
#1451=ORIENTED_EDGE('',*,*,#2144,.T.);
#1452=ORIENTED_EDGE('',*,*,#2160,.T.);
#1453=ORIENTED_EDGE('',*,*,#2129,.F.);
#1454=ORIENTED_EDGE('',*,*,#2175,.F.);
#1455=CARTESIAN_POINT('',(-3.8175000000005,-13.844242633809,1.0825000000001));
#1456=DIRECTION('',(1.0,0.0,0.0));
#1457=DIRECTION('',(0.0,6.12323399573676E-17,-1.0));
#1458=SURFACE_STYLE_FILL_AREA(#2176);
#1459=ORIENTED_EDGE('',*,*,#1954,.T.);
#1460=ORIENTED_EDGE('',*,*,#2145,.F.);
#1461=ORIENTED_EDGE('',*,*,#2175,.T.);
#1462=ORIENTED_EDGE('',*,*,#2128,.T.);
#1463=CARTESIAN_POINT('',(-3.8175000000005,-12.929954595263,-1.63269840574687));
#1464=DIRECTION('',(1.0,0.0,0.0));
#1465=DIRECTION('',(0.0,-6.12323399573676E-17,1.0));
#1466=SURFACE_STYLE_FILL_AREA(#2177);
#1467=ORIENTED_EDGE('',*,*,#2152,.T.);
#1468=ORIENTED_EDGE('',*,*,#2156,.T.);
#1469=ORIENTED_EDGE('',*,*,#2166,.T.);
#1470=ORIENTED_EDGE('',*,*,#2169,.T.);
#1471=CARTESIAN_POINT('',(-4.03700000000048,-14.798003284701,0.585000000000057));
#1472=DIRECTION('',(0.0,-1.0,-6.12323399573676E-17));
#1473=DIRECTION('',(0.0,-6.12323399573676E-17,1.0));
#1474=SURFACE_STYLE_FILL_AREA(#2178);
#1475=ORIENTED_EDGE('',*,*,#2179,.F.);
#1476=ORIENTED_EDGE('',*,*,#2180,.T.);
#1477=ORIENTED_EDGE('',*,*,#2181,.T.);
#1478=ORIENTED_EDGE('',*,*,#2182,.T.);
#1479=CARTESIAN_POINT('',(-0.31750000000149,-9.92459157532402,0.536999999999121));
#1480=DIRECTION('',(-1.0,0.0,0.0));
#1481=DIRECTION('',(0.0,1.0,6.12323399573676E-17));
#1482=SURFACE_STYLE_FILL_AREA(#2183);
#1483=ORIENTED_EDGE('',*,*,#2184,.F.);
#1484=ORIENTED_EDGE('',*,*,#2185,.T.);
#1485=ORIENTED_EDGE('',*,*,#2186,.F.);
#1486=ORIENTED_EDGE('',*,*,#2180,.F.);
#1487=CARTESIAN_POINT('',(-8.9416090000145,-3.45238357532302,-0.31750000000097));
#1488=DIRECTION('',(-1.12103877145985E-44,-6.12323399573676E-17,1.0));
#1489=DIRECTION('',(-1.0,6.86438271594193E-61,-1.12103877145985E-44));
#1490=SURFACE_STYLE_FILL_AREA(#2187);
#1491=ORIENTED_EDGE('',*,*,#2188,.F.);
#1492=ORIENTED_EDGE('',*,*,#2182,.F.);
#1493=ORIENTED_EDGE('',*,*,#2189,.F.);
#1494=ORIENTED_EDGE('',*,*,#2190,.F.);
#1495=CARTESIAN_POINT('',(-8.9416090000145,-13.612727709364,0.317499999999082));
#1496=DIRECTION('',(-1.12103877145985E-44,6.12323399573676E-17,-1.0));
#1497=DIRECTION('',(1.0,6.86438271594193E-61,-1.12103877145985E-44));
#1498=SURFACE_STYLE_FILL_AREA(#2191);
#1499=ORIENTED_EDGE('',*,*,#2192,.F.);
#1500=ORIENTED_EDGE('',*,*,#2190,.T.);
#1501=ORIENTED_EDGE('',*,*,#2193,.F.);
#1502=ORIENTED_EDGE('',*,*,#2185,.F.);
#1503=CARTESIAN_POINT('',(0.31749999999853,-13.862727709364,-0.537000000000899));
#1504=DIRECTION('',(-1.0,6.86438271594193E-61,-1.12103877145985E-44));
#1505=DIRECTION('',(-1.41494985606667E-76,1.0,6.12323399573676E-17));
#1506=SURFACE_STYLE_FILL_AREA(#2194);
#1507=ORIENTED_EDGE('',*,*,#2195,.F.);
#1508=ORIENTED_EDGE('',*,*,#2196,.T.);
#1509=ORIENTED_EDGE('',*,*,#2189,.T.);
#1510=ORIENTED_EDGE('',*,*,#2197,.T.);
#1511=CARTESIAN_POINT('',(1.21454344605352,-14.342787192096,0.30499999999911));
#1512=DIRECTION('',(0.0,0.295708050044047,-0.955278362122344));
#1513=DIRECTION('',(1.0,0.0,0.0));
#1514=SURFACE_STYLE_FILL_AREA(#2198);
#1515=ORIENTED_EDGE('',*,*,#2199,.F.);
#1516=ORIENTED_EDGE('',*,*,#2197,.F.);
#1517=ORIENTED_EDGE('',*,*,#2181,.F.);
#1518=ORIENTED_EDGE('',*,*,#2200,.F.);
#1519=CARTESIAN_POINT('',(-0.30500000000149,-14.342787192096,0.33268925521801));
#1520=DIRECTION('',(0.955278362122344,0.295708050044047,1.81068958484274E-17));
#1521=DIRECTION('',(0.0,-6.12323399573676E-17,1.0));
#1522=SURFACE_STYLE_FILL_AREA(#2201);
#1523=ORIENTED_EDGE('',*,*,#2202,.F.);
#1524=ORIENTED_EDGE('',*,*,#2203,.F.);
#1525=ORIENTED_EDGE('',*,*,#2193,.T.);
#1526=ORIENTED_EDGE('',*,*,#2196,.F.);
#1527=CARTESIAN_POINT('',(0.3049999999985,-14.342787192096,0.33268925521801));
#1528=DIRECTION('',(-0.955278362122344,0.295708050044047,1.81068958484274E-17));
#1529=DIRECTION('',(-3.15643165970549E-33,6.12323399573676E-17,-1.0));
#1530=SURFACE_STYLE_FILL_AREA(#2204);
#1531=ORIENTED_EDGE('',*,*,#2205,.F.);
#1532=ORIENTED_EDGE('',*,*,#2200,.T.);
#1533=ORIENTED_EDGE('',*,*,#2186,.T.);
#1534=ORIENTED_EDGE('',*,*,#2203,.T.);
#1535=CARTESIAN_POINT('',(1.21454344605352,-14.342787192096,-0.305000000000889));
#1536=DIRECTION('',(9.68944130068523E-46,0.295708050044047,0.955278362122344));
#1537=DIRECTION('',(-1.0,-6.21083013334841E-62,1.01430553489751E-45));
#1538=SURFACE_STYLE_FILL_AREA(#2206);
#1539=ORIENTED_EDGE('',*,*,#2199,.T.);
#1540=ORIENTED_EDGE('',*,*,#2205,.T.);
#1541=ORIENTED_EDGE('',*,*,#2202,.T.);
#1542=ORIENTED_EDGE('',*,*,#2195,.T.);
#1543=CARTESIAN_POINT('',(-0.53700000000148,-14.998003284695,0.584999999999058));
#1544=DIRECTION('',(0.0,-1.0,-6.12323399573676E-17));
#1545=DIRECTION('',(0.0,-6.12323399573676E-17,1.0));
#1546=SURFACE_STYLE_FILL_AREA(#2207);
#1547=FACE_OUTER_BOUND('',#2208,.T.);
#1548=CYLINDRICAL_SURFACE('',#2209,0.7);
#1549=FACE_OUTER_BOUND('',#2210,.T.);
#1550=CONICAL_SURFACE('',#2211,0.5,0.785398163397363);
#1551=FACE_OUTER_BOUND('',#2212,.T.);
#1552=PLANE('',#2213);
#1553=FACE_OUTER_BOUND('',#2214,.T.);
#1554=PLANE('',#2215);
#1555=FACE_OUTER_BOUND('',#2216,.T.);
#1556=PLANE('',#2217);
#1557=FACE_OUTER_BOUND('',#2218,.T.);
#1558=PLANE('',#2219);
#1559=FACE_OUTER_BOUND('',#2220,.T.);
#1560=PLANE('',#2221);
#1561=FACE_OUTER_BOUND('',#2222,.T.);
#1562=PLANE('',#2223);
#1563=FACE_OUTER_BOUND('',#2224,.T.);
#1564=PLANE('',#2225);
#1565=FACE_OUTER_BOUND('',#2226,.T.);
#1566=PLANE('',#2227);
#1567=FACE_OUTER_BOUND('',#2228,.T.);
#1568=PLANE('',#2229);
#1569=FACE_OUTER_BOUND('',#2230,.T.);
#1570=PLANE('',#2231);
#1571=FACE_OUTER_BOUND('',#2232,.T.);
#1572=PLANE('',#2233);
#1573=FACE_OUTER_BOUND('',#2234,.T.);
#1574=PLANE('',#2235);
#1575=FACE_OUTER_BOUND('',#2236,.T.);
#1576=PLANE('',#2237);
#1577=FACE_OUTER_BOUND('',#2238,.T.);
#1578=PLANE('',#2239);
#1579=FACE_OUTER_BOUND('',#2240,.T.);
#1580=PLANE('',#2241);
#1581=FACE_OUTER_BOUND('',#2242,.T.);
#1582=PLANE('',#2243);
#1583=FACE_OUTER_BOUND('',#2244,.T.);
#1584=PLANE('',#2245);
#1585=FACE_OUTER_BOUND('',#2246,.T.);
#1586=PLANE('',#2247);
#1587=FACE_OUTER_BOUND('',#2248,.T.);
#1588=PLANE('',#2249);
#1589=FACE_OUTER_BOUND('',#2250,.T.);
#1590=PLANE('',#2251);
#1591=FACE_OUTER_BOUND('',#2252,.T.);
#1592=PLANE('',#2253);
#1593=FACE_OUTER_BOUND('',#2254,.T.);
#1594=PLANE('',#2255);
#1595=FACE_OUTER_BOUND('',#2256,.T.);
#1596=PLANE('',#2257);
#1597=FACE_OUTER_BOUND('',#2258,.T.);
#1598=PLANE('',#2259);
#1599=FACE_OUTER_BOUND('',#2260,.T.);
#1600=CYLINDRICAL_SURFACE('',#2261,0.25);
#1601=FACE_OUTER_BOUND('',#2262,.T.);
#1602=PLANE('',#2263);
#1603=FACE_OUTER_BOUND('',#2264,.T.);
#1604=CYLINDRICAL_SURFACE('',#2265,0.25);
#1605=FACE_OUTER_BOUND('',#2266,.T.);
#1606=PLANE('',#2267);
#1607=FACE_OUTER_BOUND('',#2268,.T.);
#1608=CYLINDRICAL_SURFACE('',#2269,0.15);
#1609=FACE_OUTER_BOUND('',#2270,.T.);
#1610=PLANE('',#2271);
#1611=FACE_OUTER_BOUND('',#2272,.T.);
#1612=PLANE('',#2273);
#1613=FACE_OUTER_BOUND('',#2274,.T.);
#1614=CYLINDRICAL_SURFACE('',#2275,0.25);
#1615=FACE_OUTER_BOUND('',#2276,.T.);
#1616=CYLINDRICAL_SURFACE('',#2277,0.25);
#1617=FACE_OUTER_BOUND('',#2278,.T.);
#1618=PLANE('',#2279);
#1619=FACE_OUTER_BOUND('',#2280,.T.);
#1620=PLANE('',#2281);
#1621=FACE_OUTER_BOUND('',#2282,.T.);
#1622=CYLINDRICAL_SURFACE('',#2283,0.15);
#1623=FACE_OUTER_BOUND('',#2284,.T.);
#1624=PLANE('',#2285);
#1625=FACE_OUTER_BOUND('',#2286,.T.);
#1626=PLANE('',#2287);
#1627=FACE_OUTER_BOUND('',#2288,.T.);
#1628=PLANE('',#2289);
#1629=FACE_BOUND('',#2290,.T.);
#1630=FACE_OUTER_BOUND('',#2291,.T.);
#1631=PLANE('',#2292);
#1632=FACE_OUTER_BOUND('',#2293,.T.);
#1633=PLANE('',#2294);
#1634=FACE_BOUND('',#2295,.T.);
#1635=FACE_OUTER_BOUND('',#2296,.T.);
#1636=PLANE('',#2297);
#1637=FACE_OUTER_BOUND('',#2298,.T.);
#1638=PLANE('',#2299);
#1639=FACE_OUTER_BOUND('',#2300,.T.);
#1640=PLANE('',#2301);
#1641=FACE_OUTER_BOUND('',#2302,.T.);
#1642=PLANE('',#2303);
#1643=FACE_OUTER_BOUND('',#2304,.T.);
#1644=PLANE('',#2305);
#1645=FACE_OUTER_BOUND('',#2306,.T.);
#1646=PLANE('',#2307);
#1647=FACE_OUTER_BOUND('',#2308,.T.);
#1648=PLANE('',#2309);
#1649=FACE_BOUND('',#2310,.T.);
#1650=FACE_OUTER_BOUND('',#2311,.T.);
#1651=FACE_BOUND('',#2312,.T.);
#1652=FACE_BOUND('',#2313,.T.);
#1653=FACE_BOUND('',#2314,.T.);
#1654=FACE_BOUND('',#2315,.T.);
#1655=PLANE('',#2316);
#1656=FACE_BOUND('',#2317,.T.);
#1657=FACE_OUTER_BOUND('',#2318,.T.);
#1658=PLANE('',#2319);
#1659=FACE_OUTER_BOUND('',#2320,.T.);
#1660=PLANE('',#2321);
#1661=FACE_OUTER_BOUND('',#2322,.T.);
#1662=PLANE('',#2323);
#1663=FACE_OUTER_BOUND('',#2324,.T.);
#1664=PLANE('',#2325);
#1665=FACE_OUTER_BOUND('',#2326,.T.);
#1666=PLANE('',#2327);
#1667=FACE_OUTER_BOUND('',#2328,.T.);
#1668=PLANE('',#2329);
#1669=FACE_OUTER_BOUND('',#2330,.T.);
#1670=PLANE('',#2331);
#1671=FACE_OUTER_BOUND('',#2332,.T.);
#1672=CYLINDRICAL_SURFACE('',#2333,0.25);
#1673=FACE_OUTER_BOUND('',#2334,.T.);
#1674=PLANE('',#2335);
#1675=FACE_OUTER_BOUND('',#2336,.T.);
#1676=CYLINDRICAL_SURFACE('',#2337,0.25);
#1677=FACE_OUTER_BOUND('',#2338,.T.);
#1678=PLANE('',#2339);
#1679=FACE_OUTER_BOUND('',#2340,.T.);
#1680=CONICAL_SURFACE('',#2341,0.5,0.785398163397363);
#1681=FACE_OUTER_BOUND('',#2342,.T.);
#1682=PLANE('',#2343);
#1683=FACE_OUTER_BOUND('',#2344,.T.);
#1684=PLANE('',#2345);
#1685=FACE_OUTER_BOUND('',#2346,.T.);
#1686=PLANE('',#2347);
#1687=FACE_OUTER_BOUND('',#2348,.T.);
#1688=PLANE('',#2349);
#1689=FACE_OUTER_BOUND('',#2350,.T.);
#1690=CYLINDRICAL_SURFACE('',#2351,0.5);
#1691=FACE_OUTER_BOUND('',#2352,.T.);
#1692=PLANE('',#2353);
#1693=FACE_OUTER_BOUND('',#2354,.T.);
#1694=CYLINDRICAL_SURFACE('',#2355,0.25);
#1695=FACE_OUTER_BOUND('',#2356,.T.);
#1696=PLANE('',#2357);
#1697=FACE_OUTER_BOUND('',#2358,.T.);
#1698=CYLINDRICAL_SURFACE('',#2359,0.25);
#1699=FACE_OUTER_BOUND('',#2360,.T.);
#1700=PLANE('',#2361);
#1701=FACE_OUTER_BOUND('',#2362,.T.);
#1702=CYLINDRICAL_SURFACE('',#2363,0.5);
#1703=FACE_OUTER_BOUND('',#2364,.T.);
#1704=PLANE('',#2365);
#1705=FACE_OUTER_BOUND('',#2366,.T.);
#1706=CYLINDRICAL_SURFACE('',#2367,0.25);
#1707=FACE_OUTER_BOUND('',#2368,.T.);
#1708=PLANE('',#2369);
#1709=FACE_OUTER_BOUND('',#2370,.T.);
#1710=CYLINDRICAL_SURFACE('',#2371,0.25);
#1711=FACE_OUTER_BOUND('',#2372,.T.);
#1712=PLANE('',#2373);
#1713=FACE_OUTER_BOUND('',#2374,.T.);
#1714=CYLINDRICAL_SURFACE('',#2375,0.25);
#1715=FACE_OUTER_BOUND('',#2376,.T.);
#1716=PLANE('',#2377);
#1717=FACE_OUTER_BOUND('',#2378,.T.);
#1718=CYLINDRICAL_SURFACE('',#2379,0.25);
#1719=FACE_OUTER_BOUND('',#2380,.T.);
#1720=PLANE('',#2381);
#1721=FACE_OUTER_BOUND('',#2382,.T.);
#1722=CYLINDRICAL_SURFACE('',#2383,0.7);
#1723=FACE_OUTER_BOUND('',#2384,.T.);
#1724=FACE_BOUND('',#2385,.T.);
#1725=PLANE('',#2386);
#1726=FACE_OUTER_BOUND('',#2387,.T.);
#1727=PLANE('',#2388);
#1728=FACE_OUTER_BOUND('',#2389,.T.);
#1729=PLANE('',#2390);
#1730=FACE_OUTER_BOUND('',#2391,.T.);
#1731=PLANE('',#2392);
#1732=FACE_BOUND('',#2393,.T.);
#1733=FACE_OUTER_BOUND('',#2394,.T.);
#1734=PLANE('',#2395);
#1735=FACE_OUTER_BOUND('',#2396,.T.);
#1736=PLANE('',#2397);
#1737=FACE_OUTER_BOUND('',#2398,.T.);
#1738=PLANE('',#2399);
#1739=FACE_OUTER_BOUND('',#2400,.T.);
#1740=PLANE('',#2401);
#1741=FACE_BOUND('',#2402,.T.);
#1742=FACE_OUTER_BOUND('',#2403,.T.);
#1743=PLANE('',#2404);
#1744=FACE_OUTER_BOUND('',#2405,.T.);
#1745=PLANE('',#2406);
#1746=FACE_OUTER_BOUND('',#2407,.T.);
#1747=PLANE('',#2408);
#1748=FACE_OUTER_BOUND('',#2409,.T.);
#1749=PLANE('',#2410);
#1750=FACE_OUTER_BOUND('',#2411,.T.);
#1751=PLANE('',#2412);
#1752=FACE_OUTER_BOUND('',#2413,.T.);
#1753=PLANE('',#2414);
#1754=FACE_OUTER_BOUND('',#2415,.T.);
#1755=PLANE('',#2416);
#1756=FACE_OUTER_BOUND('',#2417,.T.);
#1757=CYLINDRICAL_SURFACE('',#2418,0.25);
#1758=FACE_OUTER_BOUND('',#2419,.T.);
#1759=CYLINDRICAL_SURFACE('',#2420,0.25);
#1760=FACE_OUTER_BOUND('',#2421,.T.);
#1761=PLANE('',#2422);
#1762=FACE_OUTER_BOUND('',#2423,.T.);
#1763=CYLINDRICAL_SURFACE('',#2424,0.25);
#1764=FACE_OUTER_BOUND('',#2425,.T.);
#1765=PLANE('',#2426);
#1766=FACE_OUTER_BOUND('',#2427,.T.);
#1767=CYLINDRICAL_SURFACE('',#2428,0.25);
#1768=FACE_OUTER_BOUND('',#2429,.T.);
#1769=PLANE('',#2430);
#1770=FACE_OUTER_BOUND('',#2431,.T.);
#1771=PLANE('',#2432);
#1772=FACE_OUTER_BOUND('',#2433,.T.);
#1773=PLANE('',#2434);
#1774=FACE_OUTER_BOUND('',#2435,.T.);
#1775=PLANE('',#2436);
#1776=FACE_OUTER_BOUND('',#2437,.T.);
#1777=PLANE('',#2438);
#1778=FACE_OUTER_BOUND('',#2439,.T.);
#1779=PLANE('',#2440);
#1780=FACE_OUTER_BOUND('',#2441,.T.);
#1781=CYLINDRICAL_SURFACE('',#2442,0.25);
#1782=FACE_OUTER_BOUND('',#2443,.T.);
#1783=PLANE('',#2444);
#1784=FACE_OUTER_BOUND('',#2445,.T.);
#1785=CYLINDRICAL_SURFACE('',#2446,0.25);
#1786=FACE_OUTER_BOUND('',#2447,.T.);
#1787=PLANE('',#2448);
#1788=FACE_OUTER_BOUND('',#2449,.T.);
#1789=CYLINDRICAL_SURFACE('',#2450,0.25);
#1790=FACE_OUTER_BOUND('',#2451,.T.);
#1791=PLANE('',#2452);
#1792=FACE_OUTER_BOUND('',#2453,.T.);
#1793=CYLINDRICAL_SURFACE('',#2454,0.5);
#1794=FACE_OUTER_BOUND('',#2455,.T.);
#1795=PLANE('',#2456);
#1796=FACE_OUTER_BOUND('',#2457,.T.);
#1797=CYLINDRICAL_SURFACE('',#2458,0.5);
#1798=FACE_OUTER_BOUND('',#2459,.T.);
#1799=PLANE('',#2460);
#1800=FACE_OUTER_BOUND('',#2461,.T.);
#1801=CYLINDRICAL_SURFACE('',#2462,0.25);
#1802=FACE_OUTER_BOUND('',#2463,.T.);
#1803=PLANE('',#2464);
#1804=FACE_OUTER_BOUND('',#2465,.T.);
#1805=CYLINDRICAL_SURFACE('',#2466,0.25);
#1806=FACE_OUTER_BOUND('',#2467,.T.);
#1807=PLANE('',#2468);
#1808=FACE_OUTER_BOUND('',#2469,.T.);
#1809=CYLINDRICAL_SURFACE('',#2470,0.25);
#1810=FACE_OUTER_BOUND('',#2471,.T.);
#1811=PLANE('',#2472);
#1812=FACE_OUTER_BOUND('',#2473,.T.);
#1813=CYLINDRICAL_SURFACE('',#2474,0.25);
#1814=FACE_OUTER_BOUND('',#2475,.T.);
#1815=PLANE('',#2476);
#1816=FACE_OUTER_BOUND('',#2477,.T.);
#1817=CYLINDRICAL_SURFACE('',#2478,0.5);
#1818=FACE_OUTER_BOUND('',#2479,.T.);
#1819=PLANE('',#2480);
#1820=FACE_OUTER_BOUND('',#2481,.T.);
#1821=CYLINDRICAL_SURFACE('',#2482,0.5);
#1822=FACE_OUTER_BOUND('',#2483,.T.);
#1823=PLANE('',#2484);
#1824=FACE_OUTER_BOUND('',#2485,.T.);
#1825=CYLINDRICAL_SURFACE('',#2486,0.25);
#1826=FACE_OUTER_BOUND('',#2487,.T.);
#1827=FACE_BOUND('',#2488,.T.);
#1828=PLANE('',#2489);
#1829=FACE_OUTER_BOUND('',#2490,.T.);
#1830=PLANE('',#2491);
#1831=FACE_OUTER_BOUND('',#2492,.T.);
#1832=PLANE('',#2493);
#1833=FACE_OUTER_BOUND('',#2494,.T.);
#1834=PLANE('',#2495);
#1835=FACE_OUTER_BOUND('',#2496,.T.);
#1836=PLANE('',#2497);
#1837=FACE_BOUND('',#2498,.T.);
#1838=FACE_OUTER_BOUND('',#2499,.T.);
#1839=PLANE('',#2500);
#1840=FACE_OUTER_BOUND('',#2501,.T.);
#1841=PLANE('',#2502);
#1842=FACE_OUTER_BOUND('',#2503,.T.);
#1843=PLANE('',#2504);
#1844=FACE_BOUND('',#2505,.T.);
#1845=FACE_OUTER_BOUND('',#2506,.T.);
#1846=PLANE('',#2507);
#1847=FACE_OUTER_BOUND('',#2508,.T.);
#1848=PLANE('',#2509);
#1849=FACE_OUTER_BOUND('',#2510,.T.);
#1850=PLANE('',#2511);
#1851=FACE_OUTER_BOUND('',#2512,.T.);
#1852=PLANE('',#2513);
#1853=FACE_OUTER_BOUND('',#2514,.T.);
#1854=PLANE('',#2515);
#1855=FACE_OUTER_BOUND('',#2516,.T.);
#1856=PLANE('',#2517);
#1857=FACE_OUTER_BOUND('',#2518,.T.);
#1858=PLANE('',#2519);
#1859=FACE_OUTER_BOUND('',#2520,.T.);
#1860=PLANE('',#2521);
#1861=FACE_OUTER_BOUND('',#2522,.T.);
#1862=PLANE('',#2523);
#1863=FACE_OUTER_BOUND('',#2524,.T.);
#1864=PLANE('',#2525);
#1865=FACE_OUTER_BOUND('',#2526,.T.);
#1866=PLANE('',#2527);
#1867=FACE_OUTER_BOUND('',#2528,.T.);
#1868=PLANE('',#2529);
#1869=FACE_OUTER_BOUND('',#2530,.T.);
#1870=CYLINDRICAL_SURFACE('',#2531,0.25);
#1871=FACE_OUTER_BOUND('',#2532,.T.);
#1872=PLANE('',#2533);
#1873=FACE_OUTER_BOUND('',#2534,.T.);
#1874=CYLINDRICAL_SURFACE('',#2535,0.25);
#1875=FACE_OUTER_BOUND('',#2536,.T.);
#1876=PLANE('',#2537);
#1877=FACE_OUTER_BOUND('',#2538,.T.);
#1878=PLANE('',#2539);
#1879=FACE_OUTER_BOUND('',#2540,.T.);
#1880=PLANE('',#2541);
#1881=FACE_OUTER_BOUND('',#2542,.T.);
#1882=CYLINDRICAL_SURFACE('',#2543,0.25);
#1883=FACE_OUTER_BOUND('',#2544,.T.);
#1884=PLANE('',#2545);
#1885=FACE_OUTER_BOUND('',#2546,.T.);
#1886=PLANE('',#2547);
#1887=FACE_OUTER_BOUND('',#2548,.T.);
#1888=CYLINDRICAL_SURFACE('',#2549,0.15);
#1889=FACE_OUTER_BOUND('',#2550,.T.);
#1890=PLANE('',#2551);
#1891=FACE_OUTER_BOUND('',#2552,.T.);
#1892=CYLINDRICAL_SURFACE('',#2553,0.15);
#1893=FACE_OUTER_BOUND('',#2554,.T.);
#1894=PLANE('',#2555);
#1895=FACE_OUTER_BOUND('',#2556,.T.);
#1896=PLANE('',#2557);
#1897=FACE_OUTER_BOUND('',#2558,.T.);
#1898=CYLINDRICAL_SURFACE('',#2559,0.25);
#1899=FACE_OUTER_BOUND('',#2560,.T.);
#1900=CYLINDRICAL_SURFACE('',#2561,0.25);
#1901=FACE_OUTER_BOUND('',#2562,.T.);
#1902=PLANE('',#2563);
#1903=FACE_OUTER_BOUND('',#2564,.T.);
#1904=CYLINDRICAL_SURFACE('',#2565,0.25);
#1905=FACE_OUTER_BOUND('',#2566,.T.);
#1906=PLANE('',#2567);
#1907=FACE_OUTER_BOUND('',#2568,.T.);
#1908=PLANE('',#2569);
#1909=FACE_OUTER_BOUND('',#2570,.T.);
#1910=CYLINDRICAL_SURFACE('',#2571,0.5);
#1911=FACE_OUTER_BOUND('',#2572,.T.);
#1912=PLANE('',#2573);
#1913=FACE_OUTER_BOUND('',#2574,.T.);
#1914=PLANE('',#2575);
#1915=FACE_OUTER_BOUND('',#2576,.T.);
#1916=CYLINDRICAL_SURFACE('',#2577,0.25);
#1917=FACE_OUTER_BOUND('',#2578,.T.);
#1918=PLANE('',#2579);
#1919=FACE_OUTER_BOUND('',#2580,.T.);
#1920=CYLINDRICAL_SURFACE('',#2581,0.25);
#1921=FACE_OUTER_BOUND('',#2582,.T.);
#1922=PLANE('',#2583);
#1923=FACE_OUTER_BOUND('',#2584,.T.);
#1924=PLANE('',#2585);
#1925=FACE_OUTER_BOUND('',#2586,.T.);
#1926=CYLINDRICAL_SURFACE('',#2587,0.754009519505812);
#1927=FACE_OUTER_BOUND('',#2588,.T.);
#1928=PLANE('',#2589);
#1929=FACE_OUTER_BOUND('',#2590,.T.);
#1930=CYLINDRICAL_SURFACE('',#2591,0.5);
#1931=FACE_OUTER_BOUND('',#2592,.T.);
#1932=PLANE('',#2593);
#1933=FACE_OUTER_BOUND('',#2594,.T.);
#1934=PLANE('',#2595);
#1935=FACE_OUTER_BOUND('',#2596,.T.);
#1936=CYLINDRICAL_SURFACE('',#2597,0.754009519505813);
#1937=FACE_OUTER_BOUND('',#2598,.T.);
#1938=PLANE('',#2599);
#1939=FACE_OUTER_BOUND('',#2600,.T.);
#1940=PLANE('',#2601);
#1941=FACE_OUTER_BOUND('',#2602,.T.);
#1942=PLANE('',#2603);
#1943=FACE_OUTER_BOUND('',#2604,.T.);
#1944=PLANE('',#2605);
#1945=FACE_OUTER_BOUND('',#2606,.T.);
#1946=PLANE('',#2607);
#1947=FACE_OUTER_BOUND('',#2608,.T.);
#1948=PLANE('',#2609);
#1949=FACE_OUTER_BOUND('',#2610,.T.);
#1950=PLANE('',#2611);
#1951=FACE_OUTER_BOUND('',#2612,.T.);
#1952=PLANE('',#2613);
#1953=FILL_AREA_STYLE('',(#2614));
#1954=EDGE_CURVE('',#2615,#2616,#2617,.T.);
#1955=EDGE_CURVE('',#2615,#2618,#2619,.T.);
#1956=EDGE_CURVE('',#2620,#2618,#2621,.T.);
#1957=EDGE_CURVE('',#2616,#2620,#2622,.T.);
#1958=FILL_AREA_STYLE('',(#2623));
#1959=EDGE_CURVE('',#2624,#2625,#2626,.T.);
#1960=EDGE_CURVE('',#2624,#2627,#2628,.T.);
#1961=EDGE_CURVE('',#2627,#2629,#2630,.T.);
#1962=EDGE_CURVE('',#2625,#2629,#2631,.T.);
#1963=FILL_AREA_STYLE('',(#2632));
#1964=EDGE_CURVE('',#2633,#2634,#2635,.T.);
#1965=EDGE_CURVE('',#2633,#2636,#2637,.T.);
#1966=EDGE_CURVE('',#2638,#2636,#2639,.T.);
#1967=EDGE_CURVE('',#2634,#2638,#2640,.T.);
#1968=FILL_AREA_STYLE('',(#2641));
#1969=EDGE_CURVE('',#2642,#2643,#2644,.T.);
#1970=EDGE_CURVE('',#2642,#2645,#2646,.T.);
#1971=EDGE_CURVE('',#2645,#2647,#2648,.T.);
#1972=EDGE_CURVE('',#2643,#2647,#2649,.T.);
#1973=FILL_AREA_STYLE('',(#2650));
#1974=EDGE_CURVE('',#2651,#2652,#2653,.T.);
#1975=EDGE_CURVE('',#2654,#2651,#2655,.T.);
#1976=EDGE_CURVE('',#2656,#2654,#2657,.T.);
#1977=EDGE_CURVE('',#2656,#2652,#2658,.T.);
#1978=FILL_AREA_STYLE('',(#2659));
#1979=EDGE_CURVE('',#2660,#2651,#2661,.T.);
#1980=EDGE_CURVE('',#2662,#2660,#2663,.T.);
#1981=EDGE_CURVE('',#2654,#2662,#2664,.T.);
#1982=FILL_AREA_STYLE('',(#2665));
#1983=EDGE_CURVE('',#2666,#2667,#2668,.T.);
#1984=EDGE_CURVE('',#2667,#2669,#2670,.T.);
#1985=EDGE_CURVE('',#2669,#2671,#2672,.T.);
#1986=EDGE_CURVE('',#2671,#2666,#2673,.T.);
#1987=FILL_AREA_STYLE('',(#2674));
#1988=EDGE_CURVE('',#2662,#2667,#2675,.T.);
#1989=EDGE_CURVE('',#2676,#2662,#2677,.T.);
#1990=EDGE_CURVE('',#2669,#2676,#2678,.T.);
#1991=FILL_AREA_STYLE('',(#2679));
#1992=EDGE_CURVE('',#2676,#2656,#2680,.T.);
#1993=EDGE_CURVE('',#2656,#2671,#2681,.T.);
#1994=FILL_AREA_STYLE('',(#2682));
#1995=EDGE_CURVE('',#2666,#2654,#2683,.T.);
#1996=FILL_AREA_STYLE('',(#2684));
#1997=FILL_AREA_STYLE('',(#2685));
#1998=EDGE_CURVE('',#2652,#2686,#2687,.T.);
#1999=EDGE_CURVE('',#2686,#2676,#2688,.T.);
#2000=FILL_AREA_STYLE('',(#2689));
#2001=EDGE_CURVE('',#2686,#2660,#2690,.T.);
#2002=FILL_AREA_STYLE('',(#2691));
#2003=EDGE_CURVE('',#2692,#2693,#2694,.T.);
#2004=EDGE_CURVE('',#2695,#2692,#2696,.T.);
#2005=EDGE_CURVE('',#2697,#2695,#2698,.T.);
#2006=EDGE_CURVE('',#2697,#2693,#2699,.T.);
#2007=FILL_AREA_STYLE('',(#2700));
#2008=EDGE_CURVE('',#2701,#2692,#2702,.T.);
#2009=EDGE_CURVE('',#2703,#2701,#2704,.T.);
#2010=EDGE_CURVE('',#2695,#2703,#2705,.T.);
#2011=FILL_AREA_STYLE('',(#2706));
#2012=EDGE_CURVE('',#2707,#2708,#2709,.T.);
#2013=EDGE_CURVE('',#2708,#2710,#2711,.T.);
#2014=EDGE_CURVE('',#2710,#2712,#2713,.T.);
#2015=EDGE_CURVE('',#2712,#2707,#2714,.T.);
#2016=FILL_AREA_STYLE('',(#2715));
#2017=EDGE_CURVE('',#2703,#2708,#2716,.T.);
#2018=EDGE_CURVE('',#2717,#2703,#2718,.T.);
#2019=EDGE_CURVE('',#2710,#2717,#2719,.T.);
#2020=FILL_AREA_STYLE('',(#2720));
#2021=EDGE_CURVE('',#2717,#2697,#2721,.T.);
#2022=EDGE_CURVE('',#2697,#2712,#2722,.T.);
#2023=FILL_AREA_STYLE('',(#2723));
#2024=EDGE_CURVE('',#2707,#2695,#2724,.T.);
#2025=FILL_AREA_STYLE('',(#2725));
#2026=FILL_AREA_STYLE('',(#2726));
#2027=EDGE_CURVE('',#2693,#2727,#2728,.T.);
#2028=EDGE_CURVE('',#2727,#2717,#2729,.T.);
#2029=FILL_AREA_STYLE('',(#2730));
#2030=EDGE_CURVE('',#2727,#2701,#2731,.T.);
#2031=FILL_AREA_STYLE('',(#2732));
#2032=EDGE_CURVE('',#2733,#2734,#2735,.T.);
#2033=EDGE_CURVE('',#2736,#2733,#2737,.T.);
#2034=EDGE_CURVE('',#2738,#2736,#2739,.T.);
#2035=EDGE_CURVE('',#2738,#2734,#2740,.T.);
#2036=FILL_AREA_STYLE('',(#2741));
#2037=EDGE_CURVE('',#2742,#2733,#2743,.T.);
#2038=EDGE_CURVE('',#2744,#2742,#2745,.T.);
#2039=EDGE_CURVE('',#2736,#2744,#2746,.T.);
#2040=FILL_AREA_STYLE('',(#2747));
#2041=EDGE_CURVE('',#2748,#2749,#2750,.T.);
#2042=EDGE_CURVE('',#2749,#2751,#2752,.T.);
#2043=EDGE_CURVE('',#2751,#2753,#2754,.T.);
#2044=EDGE_CURVE('',#2753,#2748,#2755,.T.);
#2045=FILL_AREA_STYLE('',(#2756));
#2046=EDGE_CURVE('',#2744,#2749,#2757,.T.);
#2047=EDGE_CURVE('',#2758,#2744,#2759,.T.);
#2048=EDGE_CURVE('',#2751,#2758,#2760,.T.);
#2049=FILL_AREA_STYLE('',(#2761));
#2050=EDGE_CURVE('',#2758,#2738,#2762,.T.);
#2051=EDGE_CURVE('',#2738,#2753,#2763,.T.);
#2052=FILL_AREA_STYLE('',(#2764));
#2053=EDGE_CURVE('',#2748,#2736,#2765,.T.);
#2054=FILL_AREA_STYLE('',(#2766));
#2055=FILL_AREA_STYLE('',(#2767));
#2056=EDGE_CURVE('',#2734,#2768,#2769,.T.);
#2057=EDGE_CURVE('',#2768,#2758,#2770,.T.);
#2058=FILL_AREA_STYLE('',(#2771));
#2059=EDGE_CURVE('',#2768,#2742,#2772,.T.);
#2060=FILL_AREA_STYLE('',(#2773));
#2061=EDGE_CURVE('',#2774,#2775,#2776,.T.);
#2062=EDGE_CURVE('',#2777,#2774,#2778,.T.);
#2063=EDGE_CURVE('',#2779,#2777,#2780,.T.);
#2064=EDGE_CURVE('',#2775,#2779,#2781,.T.);
#2065=FILL_AREA_STYLE('',(#2782));
#2066=EDGE_CURVE('',#2783,#2774,#2784,.T.);
#2067=EDGE_CURVE('',#2783,#2785,#2786,.T.);
#2068=EDGE_CURVE('',#2785,#2636,#2787,.T.);
#2069=EDGE_CURVE('',#2788,#2633,#2789,.T.);
#2070=EDGE_CURVE('',#2788,#2790,#2791,.T.);
#2071=EDGE_CURVE('',#2790,#2792,#2793,.T.);
#2072=EDGE_CURVE('',#2794,#2792,#2795,.T.);
#2073=EDGE_CURVE('',#2796,#2794,#2797,.T.);
#2074=EDGE_CURVE('',#2798,#2796,#2799,.T.);
#2075=EDGE_CURVE('',#2798,#2643,#2800,.T.);
#2076=EDGE_CURVE('',#2777,#2647,#2801,.T.);
#2077=FILL_AREA_STYLE('',(#2802));
#2078=EDGE_CURVE('',#2775,#2803,#2804,.T.);
#2079=EDGE_CURVE('',#2779,#2645,#2805,.T.);
#2080=EDGE_CURVE('',#2806,#2642,#2807,.T.);
#2081=EDGE_CURVE('',#2806,#2808,#2809,.T.);
#2082=EDGE_CURVE('',#2808,#2810,#2811,.T.);
#2083=EDGE_CURVE('',#2812,#2810,#2813,.T.);
#2084=EDGE_CURVE('',#2812,#2814,#2815,.T.);
#2085=EDGE_CURVE('',#2816,#2814,#2817,.T.);
#2086=EDGE_CURVE('',#2816,#2634,#2818,.T.);
#2087=EDGE_CURVE('',#2819,#2638,#2820,.T.);
#2088=EDGE_CURVE('',#2803,#2819,#2821,.T.);
#2089=FILL_AREA_STYLE('',(#2822));
#2090=EDGE_CURVE('',#2803,#2783,#2823,.T.);
#2091=EDGE_CURVE('',#2819,#2785,#2824,.T.);
#2092=FILL_AREA_STYLE('',(#2825));
#2093=EDGE_CURVE('',#2826,#2827,#2828,.T.);
#2094=EDGE_CURVE('',#2794,#2826,#2829,.T.);
#2095=EDGE_CURVE('',#2827,#2792,#2830,.T.);
#2096=FILL_AREA_STYLE('',(#2831));
#2097=EDGE_CURVE('',#2827,#2832,#2833,.T.);
#2098=EDGE_CURVE('',#2792,#2812,#2834,.T.);
#2099=EDGE_CURVE('',#2812,#2832,#2835,.T.);
#2100=FILL_AREA_STYLE('',(#2836));
#2101=EDGE_CURVE('',#2814,#2790,#2837,.T.);
#2102=FILL_AREA_STYLE('',(#2838));
#2103=FILL_AREA_STYLE('',(#2839));
#2104=EDGE_CURVE('',#2808,#2796,#2840,.T.);
#2105=EDGE_CURVE('',#2810,#2794,#2841,.T.);
#2106=FILL_AREA_STYLE('',(#2842));
#2107=EDGE_CURVE('',#2832,#2843,#2844,.T.);
#2108=EDGE_CURVE('',#2843,#2810,#2845,.T.);
#2109=FILL_AREA_STYLE('',(#2846));
#2110=EDGE_CURVE('',#2843,#2826,#2847,.T.);
#2111=FILL_AREA_STYLE('',(#2848));
#2112=FILL_AREA_STYLE('',(#2849));
#2113=EDGE_CURVE('',#2806,#2798,#2850,.T.);
#2114=FILL_AREA_STYLE('',(#2851));
#2115=FILL_AREA_STYLE('',(#2852));
#2116=EDGE_CURVE('',#2816,#2788,#2853,.T.);
#2117=FILL_AREA_STYLE('',(#2854));
#2118=FILL_AREA_STYLE('',(#2855));
#2119=FILL_AREA_STYLE('',(#2856));
#2120=EDGE_CURVE('',#2857,#2858,#2859,.T.);
#2121=EDGE_CURVE('',#2860,#2857,#2861,.T.);
#2122=EDGE_CURVE('',#2862,#2860,#2863,.T.);
#2123=EDGE_CURVE('',#2858,#2862,#2864,.T.);
#2124=FILL_AREA_STYLE('',(#2865));
#2125=EDGE_CURVE('',#2866,#2857,#2867,.T.);
#2126=EDGE_CURVE('',#2866,#2868,#2869,.T.);
#2127=EDGE_CURVE('',#2868,#2618,#2870,.T.);
#2128=EDGE_CURVE('',#2871,#2615,#2872,.T.);
#2129=EDGE_CURVE('',#2871,#2873,#2874,.T.);
#2130=EDGE_CURVE('',#2873,#2875,#2876,.T.);
#2131=EDGE_CURVE('',#2877,#2875,#2878,.T.);
#2132=EDGE_CURVE('',#2879,#2877,#2880,.T.);
#2133=EDGE_CURVE('',#2881,#2879,#2882,.T.);
#2134=EDGE_CURVE('',#2881,#2625,#2883,.T.);
#2135=EDGE_CURVE('',#2860,#2629,#2884,.T.);
#2136=FILL_AREA_STYLE('',(#2885));
#2137=EDGE_CURVE('',#2858,#2886,#2887,.T.);
#2138=EDGE_CURVE('',#2862,#2627,#2888,.T.);
#2139=EDGE_CURVE('',#2889,#2624,#2890,.T.);
#2140=EDGE_CURVE('',#2889,#2891,#2892,.T.);
#2141=EDGE_CURVE('',#2891,#2893,#2894,.T.);
#2142=EDGE_CURVE('',#2895,#2893,#2896,.T.);
#2143=EDGE_CURVE('',#2895,#2897,#2898,.T.);
#2144=EDGE_CURVE('',#2899,#2897,#2900,.T.);
#2145=EDGE_CURVE('',#2899,#2616,#2901,.T.);
#2146=EDGE_CURVE('',#2902,#2620,#2903,.T.);
#2147=EDGE_CURVE('',#2886,#2902,#2904,.T.);
#2148=FILL_AREA_STYLE('',(#2905));
#2149=EDGE_CURVE('',#2886,#2866,#2906,.T.);
#2150=EDGE_CURVE('',#2902,#2868,#2907,.T.);
#2151=FILL_AREA_STYLE('',(#2908));
#2152=EDGE_CURVE('',#2909,#2910,#2911,.T.);
#2153=EDGE_CURVE('',#2877,#2909,#2912,.T.);
#2154=EDGE_CURVE('',#2910,#2875,#2913,.T.);
#2155=FILL_AREA_STYLE('',(#2914));
#2156=EDGE_CURVE('',#2910,#2915,#2916,.T.);
#2157=EDGE_CURVE('',#2875,#2895,#2917,.T.);
#2158=EDGE_CURVE('',#2895,#2915,#2918,.T.);
#2159=FILL_AREA_STYLE('',(#2919));
#2160=EDGE_CURVE('',#2897,#2873,#2920,.T.);
#2161=FILL_AREA_STYLE('',(#2921));
#2162=FILL_AREA_STYLE('',(#2922));
#2163=EDGE_CURVE('',#2891,#2879,#2923,.T.);
#2164=EDGE_CURVE('',#2893,#2877,#2924,.T.);
#2165=FILL_AREA_STYLE('',(#2925));
#2166=EDGE_CURVE('',#2915,#2926,#2927,.T.);
#2167=EDGE_CURVE('',#2926,#2893,#2928,.T.);
#2168=FILL_AREA_STYLE('',(#2929));
#2169=EDGE_CURVE('',#2926,#2909,#2930,.T.);
#2170=FILL_AREA_STYLE('',(#2931));
#2171=FILL_AREA_STYLE('',(#2932));
#2172=EDGE_CURVE('',#2889,#2881,#2933,.T.);
#2173=FILL_AREA_STYLE('',(#2934));
#2174=FILL_AREA_STYLE('',(#2935));
#2175=EDGE_CURVE('',#2899,#2871,#2936,.T.);
#2176=FILL_AREA_STYLE('',(#2937));
#2177=FILL_AREA_STYLE('',(#2938));
#2178=FILL_AREA_STYLE('',(#2939));
#2179=EDGE_CURVE('',#2940,#2941,#2942,.T.);
#2180=EDGE_CURVE('',#2940,#2943,#2944,.T.);
#2181=EDGE_CURVE('',#2943,#2945,#2946,.T.);
#2182=EDGE_CURVE('',#2945,#2941,#2947,.T.);
#2183=FILL_AREA_STYLE('',(#2948));
#2184=EDGE_CURVE('',#2949,#2940,#2950,.T.);
#2185=EDGE_CURVE('',#2949,#2951,#2952,.T.);
#2186=EDGE_CURVE('',#2943,#2951,#2953,.T.);
#2187=FILL_AREA_STYLE('',(#2954));
#2188=EDGE_CURVE('',#2941,#2955,#2956,.T.);
#2189=EDGE_CURVE('',#2957,#2945,#2958,.T.);
#2190=EDGE_CURVE('',#2955,#2957,#2959,.T.);
#2191=FILL_AREA_STYLE('',(#2960));
#2192=EDGE_CURVE('',#2955,#2949,#2961,.T.);
#2193=EDGE_CURVE('',#2951,#2957,#2962,.T.);
#2194=FILL_AREA_STYLE('',(#2963));
#2195=EDGE_CURVE('',#2964,#2965,#2966,.T.);
#2196=EDGE_CURVE('',#2964,#2957,#2967,.T.);
#2197=EDGE_CURVE('',#2945,#2965,#2968,.T.);
#2198=FILL_AREA_STYLE('',(#2969));
#2199=EDGE_CURVE('',#2965,#2970,#2971,.T.);
#2200=EDGE_CURVE('',#2970,#2943,#2972,.T.);
#2201=FILL_AREA_STYLE('',(#2973));
#2202=EDGE_CURVE('',#2974,#2964,#2975,.T.);
#2203=EDGE_CURVE('',#2951,#2974,#2976,.T.);
#2204=FILL_AREA_STYLE('',(#2977));
#2205=EDGE_CURVE('',#2970,#2974,#2978,.T.);
#2206=FILL_AREA_STYLE('',(#2979));
#2207=FILL_AREA_STYLE('',(#2980));
#2208=EDGE_LOOP('',(#2981,#2982,#2983,#2984,#2985));
#2209=AXIS2_PLACEMENT_3D('',#2986,#2987,#2988);
#2210=EDGE_LOOP('',(#2989,#2990,#2991,#2992,#2993));
#2211=AXIS2_PLACEMENT_3D('',#2994,#2995,#2996);
#2212=EDGE_LOOP('',(#2997,#2998,#2999,#3000,#3001,#3002,#3003,#3004,#3005,#3006,#3007,#3008,#3009,#3010,#3011,#3012,#3013,#3014,#3015,#3016,#3017,#3018,#3019,#3020,#3021,#3022,#3023,#3024,#3025,#3026,#3027,#3028,#3029,#3030,#3031,#3032,#3033,#3034));
#2213=AXIS2_PLACEMENT_3D('',#3035,#3036,#3037);
#2214=EDGE_LOOP('',(#3038,#3039,#3040,#3041,#3042));
#2215=AXIS2_PLACEMENT_3D('',#3043,#3044,#3045);
#2216=EDGE_LOOP('',(#3046,#3047,#3048,#3049));
#2217=AXIS2_PLACEMENT_3D('',#3050,#3051,#3052);
#2218=EDGE_LOOP('',(#3053,#3054,#3055,#3056));
#2219=AXIS2_PLACEMENT_3D('',#3057,#3058,#3059);
#2220=EDGE_LOOP('',(#3060,#3061,#3062,#3063,#3064));
#2221=AXIS2_PLACEMENT_3D('',#3065,#3066,#3067);
#2222=EDGE_LOOP('',(#3068,#3069,#3070,#3071));
#2223=AXIS2_PLACEMENT_3D('',#3072,#3073,#3074);
#2224=EDGE_LOOP('',(#3075,#3076,#3077,#3078,#3079));
#2225=AXIS2_PLACEMENT_3D('',#3080,#3081,#3082);
#2226=EDGE_LOOP('',(#3083,#3084,#3085,#3086));
#2227=AXIS2_PLACEMENT_3D('',#3087,#3088,#3089);
#2228=EDGE_LOOP('',(#3090,#3091,#3092,#3093));
#2229=AXIS2_PLACEMENT_3D('',#3094,#3095,#3096);
#2230=EDGE_LOOP('',(#3097,#3098,#3099,#3100,#3101));
#2231=AXIS2_PLACEMENT_3D('',#3102,#3103,#3104);
#2232=EDGE_LOOP('',(#3105,#3106,#3107,#3108));
#2233=AXIS2_PLACEMENT_3D('',#3109,#3110,#3111);
#2234=EDGE_LOOP('',(#3112,#3113,#3114,#3115,#3116));
#2235=AXIS2_PLACEMENT_3D('',#3117,#3118,#3119);
#2236=EDGE_LOOP('',(#3120,#3121,#3122,#3123,#3124));
#2237=AXIS2_PLACEMENT_3D('',#3125,#3126,#3127);
#2238=EDGE_LOOP('',(#3128,#3129,#3130,#3131));
#2239=AXIS2_PLACEMENT_3D('',#3132,#3133,#3134);
#2240=EDGE_LOOP('',(#3135,#3136,#3137,#3138));
#2241=AXIS2_PLACEMENT_3D('',#3139,#3140,#3141);
#2242=EDGE_LOOP('',(#3142,#3143,#3144,#3145));
#2243=AXIS2_PLACEMENT_3D('',#3146,#3147,#3148);
#2244=EDGE_LOOP('',(#3149,#3150,#3151,#3152));
#2245=AXIS2_PLACEMENT_3D('',#3153,#3154,#3155);
#2246=EDGE_LOOP('',(#3156,#3157,#3158,#3159));
#2247=AXIS2_PLACEMENT_3D('',#3160,#3161,#3162);
#2248=EDGE_LOOP('',(#3163,#3164,#3165,#3166));
#2249=AXIS2_PLACEMENT_3D('',#3167,#3168,#3169);
#2250=EDGE_LOOP('',(#3170,#3171,#3172,#3173));
#2251=AXIS2_PLACEMENT_3D('',#3174,#3175,#3176);
#2252=EDGE_LOOP('',(#3177,#3178,#3179,#3180));
#2253=AXIS2_PLACEMENT_3D('',#3181,#3182,#3183);
#2254=EDGE_LOOP('',(#3184,#3185,#3186,#3187));
#2255=AXIS2_PLACEMENT_3D('',#3188,#3189,#3190);
#2256=EDGE_LOOP('',(#3191,#3192,#3193,#3194));
#2257=AXIS2_PLACEMENT_3D('',#3195,#3196,#3197);
#2258=EDGE_LOOP('',(#3198,#3199,#3200,#3201));
#2259=AXIS2_PLACEMENT_3D('',#3202,#3203,#3204);
#2260=EDGE_LOOP('',(#3205,#3206,#3207,#3208));
#2261=AXIS2_PLACEMENT_3D('',#3209,#3210,#3211);
#2262=EDGE_LOOP('',(#3212,#3213,#3214,#3215,#3216,#3217,#3218,#3219,#3220,#3221,#3222,#3223,#3224,#3225));
#2263=AXIS2_PLACEMENT_3D('',#3226,#3227,#3228);
#2264=EDGE_LOOP('',(#3229,#3230,#3231,#3232));
#2265=AXIS2_PLACEMENT_3D('',#3233,#3234,#3235);
#2266=EDGE_LOOP('',(#3236,#3237,#3238,#3239));
#2267=AXIS2_PLACEMENT_3D('',#3240,#3241,#3242);
#2268=EDGE_LOOP('',(#3243,#3244,#3245,#3246));
#2269=AXIS2_PLACEMENT_3D('',#3247,#3248,#3249);
#2270=EDGE_LOOP('',(#3250,#3251,#3252,#3253,#3254));
#2271=AXIS2_PLACEMENT_3D('',#3255,#3256,#3257);
#2272=EDGE_LOOP('',(#3258,#3259,#3260,#3261));
#2273=AXIS2_PLACEMENT_3D('',#3262,#3263,#3264);
#2274=EDGE_LOOP('',(#3265,#3266,#3267,#3268,#3269));
#2275=AXIS2_PLACEMENT_3D('',#3270,#3271,#3272);
#2276=EDGE_LOOP('',(#3273,#3274,#3275,#3276,#3277));
#2277=AXIS2_PLACEMENT_3D('',#3278,#3279,#3280);
#2278=EDGE_LOOP('',(#3281,#3282,#3283,#3284));
#2279=AXIS2_PLACEMENT_3D('',#3285,#3286,#3287);
#2280=EDGE_LOOP('',(#3288,#3289,#3290,#3291,#3292));
#2281=AXIS2_PLACEMENT_3D('',#3293,#3294,#3295);
#2282=EDGE_LOOP('',(#3296,#3297,#3298,#3299));
#2283=AXIS2_PLACEMENT_3D('',#3300,#3301,#3302);
#2284=EDGE_LOOP('',(#3303,#3304,#3305,#3306,#3307,#3308));
#2285=AXIS2_PLACEMENT_3D('',#3309,#3310,#3311);
#2286=EDGE_LOOP('',(#3312,#3313,#3314,#3315));
#2287=AXIS2_PLACEMENT_3D('',#3316,#3317,#3318);
#2288=EDGE_LOOP('',(#3319,#3320,#3321,#3322));
#2289=AXIS2_PLACEMENT_3D('',#3323,#3324,#3325);
#2290=EDGE_LOOP('',(#3326,#3327,#3328,#3329));
#2291=EDGE_LOOP('',(#3330,#3331,#3332,#3333,#3334,#3335));
#2292=AXIS2_PLACEMENT_3D('',#3336,#3337,#3338);
#2293=EDGE_LOOP('',(#3339,#3340,#3341,#3342));
#2294=AXIS2_PLACEMENT_3D('',#3343,#3344,#3345);
#2295=EDGE_LOOP('',(#3346,#3347,#3348,#3349));
#2296=EDGE_LOOP('',(#3350,#3351,#3352,#3353));
#2297=AXIS2_PLACEMENT_3D('',#3354,#3355,#3356);
#2298=EDGE_LOOP('',(#3357,#3358,#3359,#3360));
#2299=AXIS2_PLACEMENT_3D('',#3361,#3362,#3363);
#2300=EDGE_LOOP('',(#3364,#3365,#3366,#3367));
#2301=AXIS2_PLACEMENT_3D('',#3368,#3369,#3370);
#2302=EDGE_LOOP('',(#3371,#3372,#3373,#3374));
#2303=AXIS2_PLACEMENT_3D('',#3375,#3376,#3377);
#2304=EDGE_LOOP('',(#3378,#3379,#3380,#3381));
#2305=AXIS2_PLACEMENT_3D('',#3382,#3383,#3384);
#2306=EDGE_LOOP('',(#3385,#3386,#3387,#3388,#3389,#3390,#3391,#3392,#3393,#3394,#3395,#3396,#3397,#3398));
#2307=AXIS2_PLACEMENT_3D('',#3399,#3400,#3401);
#2308=EDGE_LOOP('',(#3402,#3403,#3404,#3405,#3406,#3407,#3408,#3409,#3410,#3411,#3412,#3413,#3414));
#2309=AXIS2_PLACEMENT_3D('',#3415,#3416,#3417);
#2310=EDGE_LOOP('',(#3418,#3419,#3420,#3421));
#2311=EDGE_LOOP('',(#3422,#3423,#3424,#3425,#3426,#3427,#3428,#3429,#3430,#3431,#3432,#3433,#3434,#3435,#3436,#3437));
#2312=EDGE_LOOP('',(#3438,#3439,#3440,#3441));
#2313=EDGE_LOOP('',(#3442,#3443,#3444,#3445,#3446,#3447,#3448,#3449,#3450,#3451,#3452,#3453,#3454,#3455,#3456,#3457));
#2314=EDGE_LOOP('',(#3458,#3459,#3460,#3461));
#2315=EDGE_LOOP('',(#3462,#3463,#3464,#3465,#3466,#3467,#3468,#3469,#3470,#3471,#3472,#3473,#3474,#3475,#3476,#3477,#3478,#3479,#3480,#3481,#3482,#3483,#3484,#3485));
#2316=AXIS2_PLACEMENT_3D('',#3486,#3487,#3488);
#2317=EDGE_LOOP('',(#3489,#3490,#3491,#3492));
#2318=EDGE_LOOP('',(#3493,#3494,#3495,#3496));
#2319=AXIS2_PLACEMENT_3D('',#3497,#3498,#3499);
#2320=EDGE_LOOP('',(#3500,#3501,#3502,#3503));
#2321=AXIS2_PLACEMENT_3D('',#3504,#3505,#3506);
#2322=EDGE_LOOP('',(#3507,#3508,#3509,#3510));
#2323=AXIS2_PLACEMENT_3D('',#3511,#3512,#3513);
#2324=EDGE_LOOP('',(#3514,#3515,#3516,#3517));
#2325=AXIS2_PLACEMENT_3D('',#3518,#3519,#3520);
#2326=EDGE_LOOP('',(#3521,#3522));
#2327=AXIS2_PLACEMENT_3D('',#3523,#3524,#3525);
#2328=EDGE_LOOP('',(#3526,#3527,#3528,#3529));
#2329=AXIS2_PLACEMENT_3D('',#3530,#3531,#3532);
#2330=EDGE_LOOP('',(#3533,#3534,#3535,#3536));
#2331=AXIS2_PLACEMENT_3D('',#3537,#3538,#3539);
#2332=EDGE_LOOP('',(#3540,#3541,#3542,#3543));
#2333=AXIS2_PLACEMENT_3D('',#3544,#3545,#3546);
#2334=EDGE_LOOP('',(#3547,#3548,#3549,#3550,#3551,#3552,#3553,#3554));
#2335=AXIS2_PLACEMENT_3D('',#3555,#3556,#3557);
#2336=EDGE_LOOP('',(#3558,#3559,#3560,#3561));
#2337=AXIS2_PLACEMENT_3D('',#3562,#3563,#3564);
#2338=EDGE_LOOP('',(#3565,#3566,#3567,#3568,#3569,#3570,#3571,#3572,#3573,#3574,#3575,#3576,#3577,#3578,#3579,#3580));
#2339=AXIS2_PLACEMENT_3D('',#3581,#3582,#3583);
#2340=EDGE_LOOP('',(#3584,#3585,#3586,#3587,#3588));
#2341=AXIS2_PLACEMENT_3D('',#3589,#3590,#3591);
#2342=EDGE_LOOP('',(#3592,#3593,#3594,#3595));
#2343=AXIS2_PLACEMENT_3D('',#3596,#3597,#3598);
#2344=EDGE_LOOP('',(#3599,#3600,#3601,#3602));
#2345=AXIS2_PLACEMENT_3D('',#3603,#3604,#3605);
#2346=EDGE_LOOP('',(#3606,#3607,#3608,#3609));
#2347=AXIS2_PLACEMENT_3D('',#3610,#3611,#3612);
#2348=EDGE_LOOP('',(#3613,#3614,#3615,#3616));
#2349=AXIS2_PLACEMENT_3D('',#3617,#3618,#3619);
#2350=EDGE_LOOP('',(#3620,#3621,#3622,#3623));
#2351=AXIS2_PLACEMENT_3D('',#3624,#3625,#3626);
#2352=EDGE_LOOP('',(#3627,#3628,#3629,#3630,#3631,#3632));
#2353=AXIS2_PLACEMENT_3D('',#3633,#3634,#3635);
#2354=EDGE_LOOP('',(#3636,#3637,#3638,#3639));
#2355=AXIS2_PLACEMENT_3D('',#3640,#3641,#3642);
#2356=EDGE_LOOP('',(#3643,#3644,#3645,#3646));
#2357=AXIS2_PLACEMENT_3D('',#3647,#3648,#3649);
#2358=EDGE_LOOP('',(#3650,#3651,#3652,#3653));
#2359=AXIS2_PLACEMENT_3D('',#3654,#3655,#3656);
#2360=EDGE_LOOP('',(#3657,#3658,#3659,#3660,#3661,#3662));
#2361=AXIS2_PLACEMENT_3D('',#3663,#3664,#3665);
#2362=EDGE_LOOP('',(#3666,#3667,#3668,#3669));
#2363=AXIS2_PLACEMENT_3D('',#3670,#3671,#3672);
#2364=EDGE_LOOP('',(#3673,#3674,#3675,#3676));
#2365=AXIS2_PLACEMENT_3D('',#3677,#3678,#3679);
#2366=EDGE_LOOP('',(#3680,#3681,#3682,#3683));
#2367=AXIS2_PLACEMENT_3D('',#3684,#3685,#3686);
#2368=EDGE_LOOP('',(#3687,#3688,#3689,#3690));
#2369=AXIS2_PLACEMENT_3D('',#3691,#3692,#3693);
#2370=EDGE_LOOP('',(#3694,#3695,#3696,#3697));
#2371=AXIS2_PLACEMENT_3D('',#3698,#3699,#3700);
#2372=EDGE_LOOP('',(#3701,#3702,#3703,#3704));
#2373=AXIS2_PLACEMENT_3D('',#3705,#3706,#3707);
#2374=EDGE_LOOP('',(#3708,#3709,#3710,#3711));
#2375=AXIS2_PLACEMENT_3D('',#3712,#3713,#3714);
#2376=EDGE_LOOP('',(#3715,#3716,#3717,#3718));
#2377=AXIS2_PLACEMENT_3D('',#3719,#3720,#3721);
#2378=EDGE_LOOP('',(#3722,#3723,#3724,#3725));
#2379=AXIS2_PLACEMENT_3D('',#3726,#3727,#3728);
#2380=EDGE_LOOP('',(#3729,#3730,#3731,#3732));
#2381=AXIS2_PLACEMENT_3D('',#3733,#3734,#3735);
#2382=EDGE_LOOP('',(#3736,#3737,#3738,#3739,#3740,#3741,#3742,#3743));
#2383=AXIS2_PLACEMENT_3D('',#3744,#3745,#3746);
#2384=EDGE_LOOP('',(#3747,#3748,#3749,#3750));
#2385=EDGE_LOOP('',(#3751,#3752,#3753,#3754));
#2386=AXIS2_PLACEMENT_3D('',#3755,#3756,#3757);
#2387=EDGE_LOOP('',(#3758,#3759,#3760,#3761));
#2388=AXIS2_PLACEMENT_3D('',#3762,#3763,#3764);
#2389=EDGE_LOOP('',(#3765,#3766,#3767,#3768));
#2390=AXIS2_PLACEMENT_3D('',#3769,#3770,#3771);
#2391=EDGE_LOOP('',(#3772,#3773,#3774,#3775));
#2392=AXIS2_PLACEMENT_3D('',#3776,#3777,#3778);
#2393=EDGE_LOOP('',(#3779,#3780,#3781,#3782));
#2394=EDGE_LOOP('',(#3783,#3784,#3785,#3786));
#2395=AXIS2_PLACEMENT_3D('',#3787,#3788,#3789);
#2396=EDGE_LOOP('',(#3790,#3791,#3792,#3793));
#2397=AXIS2_PLACEMENT_3D('',#3794,#3795,#3796);
#2398=EDGE_LOOP('',(#3797,#3798,#3799,#3800));
#2399=AXIS2_PLACEMENT_3D('',#3801,#3802,#3803);
#2400=EDGE_LOOP('',(#3804,#3805,#3806,#3807));
#2401=AXIS2_PLACEMENT_3D('',#3808,#3809,#3810);
#2402=EDGE_LOOP('',(#3811,#3812,#3813,#3814));
#2403=EDGE_LOOP('',(#3815,#3816,#3817,#3818));
#2404=AXIS2_PLACEMENT_3D('',#3819,#3820,#3821);
#2405=EDGE_LOOP('',(#3822,#3823,#3824,#3825));
#2406=AXIS2_PLACEMENT_3D('',#3826,#3827,#3828);
#2407=EDGE_LOOP('',(#3829,#3830,#3831,#3832));
#2408=AXIS2_PLACEMENT_3D('',#3833,#3834,#3835);
#2409=EDGE_LOOP('',(#3836,#3837,#3838,#3839));
#2410=AXIS2_PLACEMENT_3D('',#3840,#3841,#3842);
#2411=EDGE_LOOP('',(#3843,#3844,#3845,#3846));
#2412=AXIS2_PLACEMENT_3D('',#3847,#3848,#3849);
#2413=EDGE_LOOP('',(#3850,#3851,#3852,#3853));
#2414=AXIS2_PLACEMENT_3D('',#3854,#3855,#3856);
#2415=EDGE_LOOP('',(#3857,#3858,#3859,#3860));
#2416=AXIS2_PLACEMENT_3D('',#3861,#3862,#3863);
#2417=EDGE_LOOP('',(#3864,#3865,#3866,#3867));
#2418=AXIS2_PLACEMENT_3D('',#3868,#3869,#3870);
#2419=EDGE_LOOP('',(#3871,#3872,#3873,#3874));
#2420=AXIS2_PLACEMENT_3D('',#3875,#3876,#3877);
#2421=EDGE_LOOP('',(#3878,#3879,#3880,#3881,#3882,#3883,#3884,#3885,#3886,#3887,#3888,#3889,#3890,#3891,#3892,#3893));
#2422=AXIS2_PLACEMENT_3D('',#3894,#3895,#3896);
#2423=EDGE_LOOP('',(#3897,#3898,#3899,#3900));
#2424=AXIS2_PLACEMENT_3D('',#3901,#3902,#3903);
#2425=EDGE_LOOP('',(#3904,#3905,#3906,#3907,#3908,#3909,#3910,#3911));
#2426=AXIS2_PLACEMENT_3D('',#3912,#3913,#3914);
#2427=EDGE_LOOP('',(#3915,#3916,#3917,#3918));
#2428=AXIS2_PLACEMENT_3D('',#3919,#3920,#3921);
#2429=EDGE_LOOP('',(#3922,#3923,#3924,#3925,#3926,#3927,#3928,#3929,#3930,#3931,#3932,#3933,#3934,#3935,#3936,#3937));
#2430=AXIS2_PLACEMENT_3D('',#3938,#3939,#3940);
#2431=EDGE_LOOP('',(#3941,#3942,#3943,#3944));
#2432=AXIS2_PLACEMENT_3D('',#3945,#3946,#3947);
#2433=EDGE_LOOP('',(#3948,#3949,#3950,#3951));
#2434=AXIS2_PLACEMENT_3D('',#3952,#3953,#3954);
#2435=EDGE_LOOP('',(#3955,#3956,#3957,#3958));
#2436=AXIS2_PLACEMENT_3D('',#3959,#3960,#3961);
#2437=EDGE_LOOP('',(#3962,#3963,#3964,#3965));
#2438=AXIS2_PLACEMENT_3D('',#3966,#3967,#3968);
#2439=EDGE_LOOP('',(#3969,#3970,#3971,#3972));
#2440=AXIS2_PLACEMENT_3D('',#3973,#3974,#3975);
#2441=EDGE_LOOP('',(#3976,#3977,#3978,#3979));
#2442=AXIS2_PLACEMENT_3D('',#3980,#3981,#3982);
#2443=EDGE_LOOP('',(#3983,#3984,#3985,#3986));
#2444=AXIS2_PLACEMENT_3D('',#3987,#3988,#3989);
#2445=EDGE_LOOP('',(#3990,#3991,#3992,#3993));
#2446=AXIS2_PLACEMENT_3D('',#3994,#3995,#3996);
#2447=EDGE_LOOP('',(#3997,#3998,#3999,#4000));
#2448=AXIS2_PLACEMENT_3D('',#4001,#4002,#4003);
#2449=EDGE_LOOP('',(#4004,#4005,#4006,#4007));
#2450=AXIS2_PLACEMENT_3D('',#4008,#4009,#4010);
#2451=EDGE_LOOP('',(#4011,#4012,#4013,#4014));
#2452=AXIS2_PLACEMENT_3D('',#4015,#4016,#4017);
#2453=EDGE_LOOP('',(#4018,#4019,#4020,#4021));
#2454=AXIS2_PLACEMENT_3D('',#4022,#4023,#4024);
#2455=EDGE_LOOP('',(#4025,#4026,#4027,#4028,#4029,#4030,#4031,#4032));
#2456=AXIS2_PLACEMENT_3D('',#4033,#4034,#4035);
#2457=EDGE_LOOP('',(#4036,#4037,#4038,#4039));
#2458=AXIS2_PLACEMENT_3D('',#4040,#4041,#4042);
#2459=EDGE_LOOP('',(#4043,#4044,#4045,#4046));
#2460=AXIS2_PLACEMENT_3D('',#4047,#4048,#4049);
#2461=EDGE_LOOP('',(#4050,#4051,#4052,#4053));
#2462=AXIS2_PLACEMENT_3D('',#4054,#4055,#4056);
#2463=EDGE_LOOP('',(#4057,#4058,#4059,#4060));
#2464=AXIS2_PLACEMENT_3D('',#4061,#4062,#4063);
#2465=EDGE_LOOP('',(#4064,#4065,#4066,#4067));
#2466=AXIS2_PLACEMENT_3D('',#4068,#4069,#4070);
#2467=EDGE_LOOP('',(#4071,#4072,#4073,#4074));
#2468=AXIS2_PLACEMENT_3D('',#4075,#4076,#4077);
#2469=EDGE_LOOP('',(#4078,#4079,#4080,#4081));
#2470=AXIS2_PLACEMENT_3D('',#4082,#4083,#4084);
#2471=EDGE_LOOP('',(#4085,#4086,#4087,#4088));
#2472=AXIS2_PLACEMENT_3D('',#4089,#4090,#4091);
#2473=EDGE_LOOP('',(#4092,#4093,#4094,#4095));
#2474=AXIS2_PLACEMENT_3D('',#4096,#4097,#4098);
#2475=EDGE_LOOP('',(#4099,#4100,#4101,#4102));
#2476=AXIS2_PLACEMENT_3D('',#4103,#4104,#4105);
#2477=EDGE_LOOP('',(#4106,#4107,#4108,#4109));
#2478=AXIS2_PLACEMENT_3D('',#4110,#4111,#4112);
#2479=EDGE_LOOP('',(#4113,#4114,#4115,#4116,#4117,#4118,#4119,#4120));
#2480=AXIS2_PLACEMENT_3D('',#4121,#4122,#4123);
#2481=EDGE_LOOP('',(#4124,#4125,#4126,#4127));
#2482=AXIS2_PLACEMENT_3D('',#4128,#4129,#4130);
#2483=EDGE_LOOP('',(#4131,#4132,#4133,#4134));
#2484=AXIS2_PLACEMENT_3D('',#4135,#4136,#4137);
#2485=EDGE_LOOP('',(#4138,#4139,#4140,#4141));
#2486=AXIS2_PLACEMENT_3D('',#4142,#4143,#4144);
#2487=EDGE_LOOP('',(#4145,#4146,#4147,#4148));
#2488=EDGE_LOOP('',(#4149,#4150,#4151,#4152));
#2489=AXIS2_PLACEMENT_3D('',#4153,#4154,#4155);
#2490=EDGE_LOOP('',(#4156,#4157,#4158,#4159,#4160,#4161));
#2491=AXIS2_PLACEMENT_3D('',#4162,#4163,#4164);
#2492=EDGE_LOOP('',(#4165,#4166,#4167,#4168));
#2493=AXIS2_PLACEMENT_3D('',#4169,#4170,#4171);
#2494=EDGE_LOOP('',(#4172,#4173,#4174,#4175));
#2495=AXIS2_PLACEMENT_3D('',#4176,#4177,#4178);
#2496=EDGE_LOOP('',(#4179,#4180,#4181,#4182));
#2497=AXIS2_PLACEMENT_3D('',#4183,#4184,#4185);
#2498=EDGE_LOOP('',(#4186,#4187,#4188,#4189));
#2499=EDGE_LOOP('',(#4190,#4191,#4192,#4193));
#2500=AXIS2_PLACEMENT_3D('',#4194,#4195,#4196);
#2501=EDGE_LOOP('',(#4197,#4198,#4199,#4200));
#2502=AXIS2_PLACEMENT_3D('',#4201,#4202,#4203);
#2503=EDGE_LOOP('',(#4204,#4205,#4206,#4207));
#2504=AXIS2_PLACEMENT_3D('',#4208,#4209,#4210);
#2505=EDGE_LOOP('',(#4211,#4212,#4213,#4214));
#2506=EDGE_LOOP('',(#4215,#4216,#4217,#4218));
#2507=AXIS2_PLACEMENT_3D('',#4219,#4220,#4221);
#2508=EDGE_LOOP('',(#4222,#4223,#4224,#4225));
#2509=AXIS2_PLACEMENT_3D('',#4226,#4227,#4228);
#2510=EDGE_LOOP('',(#4229,#4230,#4231,#4232));
#2511=AXIS2_PLACEMENT_3D('',#4233,#4234,#4235);
#2512=EDGE_LOOP('',(#4236,#4237,#4238,#4239));
#2513=AXIS2_PLACEMENT_3D('',#4240,#4241,#4242);
#2514=EDGE_LOOP('',(#4243,#4244,#4245,#4246));
#2515=AXIS2_PLACEMENT_3D('',#4247,#4248,#4249);
#2516=EDGE_LOOP('',(#4250,#4251,#4252,#4253));
#2517=AXIS2_PLACEMENT_3D('',#4254,#4255,#4256);
#2518=EDGE_LOOP('',(#4257,#4258,#4259,#4260,#4261));
#2519=AXIS2_PLACEMENT_3D('',#4262,#4263,#4264);
#2520=EDGE_LOOP('',(#4265,#4266,#4267,#4268,#4269));
#2521=AXIS2_PLACEMENT_3D('',#4270,#4271,#4272);
#2522=EDGE_LOOP('',(#4273,#4274,#4275,#4276));
#2523=AXIS2_PLACEMENT_3D('',#4277,#4278,#4279);
#2524=EDGE_LOOP('',(#4280,#4281,#4282,#4283));
#2525=AXIS2_PLACEMENT_3D('',#4284,#4285,#4286);
#2526=EDGE_LOOP('',(#4287,#4288,#4289,#4290));
#2527=AXIS2_PLACEMENT_3D('',#4291,#4292,#4293);
#2528=EDGE_LOOP('',(#4294,#4295,#4296,#4297));
#2529=AXIS2_PLACEMENT_3D('',#4298,#4299,#4300);
#2530=EDGE_LOOP('',(#4301,#4302,#4303,#4304));
#2531=AXIS2_PLACEMENT_3D('',#4305,#4306,#4307);
#2532=EDGE_LOOP('',(#4308,#4309,#4310,#4311,#4312,#4313,#4314,#4315,#4316,#4317,#4318,#4319,#4320,#4321));
#2533=AXIS2_PLACEMENT_3D('',#4322,#4323,#4324);
#2534=EDGE_LOOP('',(#4325,#4326,#4327,#4328));
#2535=AXIS2_PLACEMENT_3D('',#4329,#4330,#4331);
#2536=EDGE_LOOP('',(#4332,#4333,#4334,#4335));
#2537=AXIS2_PLACEMENT_3D('',#4336,#4337,#4338);
#2538=EDGE_LOOP('',(#4339,#4340,#4341,#4342));
#2539=AXIS2_PLACEMENT_3D('',#4343,#4344,#4345);
#2540=EDGE_LOOP('',(#4346,#4347,#4348,#4349));
#2541=AXIS2_PLACEMENT_3D('',#4350,#4351,#4352);
#2542=EDGE_LOOP('',(#4353,#4354,#4355,#4356,#4357));
#2543=AXIS2_PLACEMENT_3D('',#4358,#4359,#4360);
#2544=EDGE_LOOP('',(#4361,#4362,#4363,#4364));
#2545=AXIS2_PLACEMENT_3D('',#4365,#4366,#4367);
#2546=EDGE_LOOP('',(#4368,#4369,#4370,#4371,#4372));
#2547=AXIS2_PLACEMENT_3D('',#4373,#4374,#4375);
#2548=EDGE_LOOP('',(#4376,#4377,#4378,#4379));
#2549=AXIS2_PLACEMENT_3D('',#4380,#4381,#4382);
#2550=EDGE_LOOP('',(#4383,#4384,#4385,#4386));
#2551=AXIS2_PLACEMENT_3D('',#4387,#4388,#4389);
#2552=EDGE_LOOP('',(#4390,#4391,#4392,#4393));
#2553=AXIS2_PLACEMENT_3D('',#4394,#4395,#4396);
#2554=EDGE_LOOP('',(#4397,#4398,#4399,#4400,#4401));
#2555=AXIS2_PLACEMENT_3D('',#4402,#4403,#4404);
#2556=EDGE_LOOP('',(#4405,#4406,#4407,#4408));
#2557=AXIS2_PLACEMENT_3D('',#4409,#4410,#4411);
#2558=EDGE_LOOP('',(#4412,#4413,#4414,#4415,#4416));
#2559=AXIS2_PLACEMENT_3D('',#4417,#4418,#4419);
#2560=EDGE_LOOP('',(#4420,#4421,#4422,#4423));
#2561=AXIS2_PLACEMENT_3D('',#4424,#4425,#4426);
#2562=EDGE_LOOP('',(#4427,#4428,#4429,#4430));
#2563=AXIS2_PLACEMENT_3D('',#4431,#4432,#4433);
#2564=EDGE_LOOP('',(#4434,#4435,#4436,#4437));
#2565=AXIS2_PLACEMENT_3D('',#4438,#4439,#4440);
#2566=EDGE_LOOP('',(#4441,#4442,#4443,#4444,#4445,#4446,#4447,#4448,#4449,#4450));
#2567=AXIS2_PLACEMENT_3D('',#4451,#4452,#4453);
#2568=EDGE_LOOP('',(#4454,#4455,#4456,#4457));
#2569=AXIS2_PLACEMENT_3D('',#4458,#4459,#4460);
#2570=EDGE_LOOP('',(#4461,#4462,#4463,#4464));
#2571=AXIS2_PLACEMENT_3D('',#4465,#4466,#4467);
#2572=EDGE_LOOP('',(#4468,#4469,#4470,#4471));
#2573=AXIS2_PLACEMENT_3D('',#4472,#4473,#4474);
#2574=EDGE_LOOP('',(#4475,#4476,#4477,#4478,#4479,#4480));
#2575=AXIS2_PLACEMENT_3D('',#4481,#4482,#4483);
#2576=EDGE_LOOP('',(#4484,#4485,#4486,#4487));
#2577=AXIS2_PLACEMENT_3D('',#4488,#4489,#4490);
#2578=EDGE_LOOP('',(#4491,#4492,#4493,#4494));
#2579=AXIS2_PLACEMENT_3D('',#4495,#4496,#4497);
#2580=EDGE_LOOP('',(#4498,#4499,#4500,#4501));
#2581=AXIS2_PLACEMENT_3D('',#4502,#4503,#4504);
#2582=EDGE_LOOP('',(#4505,#4506,#4507,#4508,#4509,#4510));
#2583=AXIS2_PLACEMENT_3D('',#4511,#4512,#4513);
#2584=EDGE_LOOP('',(#4514,#4515,#4516,#4517,#4518,#4519,#4520,#4521,#4522,#4523));
#2585=AXIS2_PLACEMENT_3D('',#4524,#4525,#4526);
#2586=EDGE_LOOP('',(#4527,#4528,#4529,#4530));
#2587=AXIS2_PLACEMENT_3D('',#4531,#4532,#4533);
#2588=EDGE_LOOP('',(#4534,#4535,#4536,#4537));
#2589=AXIS2_PLACEMENT_3D('',#4538,#4539,#4540);
#2590=EDGE_LOOP('',(#4541,#4542,#4543,#4544));
#2591=AXIS2_PLACEMENT_3D('',#4545,#4546,#4547);
#2592=EDGE_LOOP('',(#4548,#4549,#4550,#4551));
#2593=AXIS2_PLACEMENT_3D('',#4552,#4553,#4554);
#2594=EDGE_LOOP('',(#4555,#4556,#4557,#4558,#4559,#4560,#4561,#4562,#4563,#4564));
#2595=AXIS2_PLACEMENT_3D('',#4565,#4566,#4567);
#2596=EDGE_LOOP('',(#4568,#4569,#4570,#4571));
#2597=AXIS2_PLACEMENT_3D('',#4572,#4573,#4574);
#2598=EDGE_LOOP('',(#4575,#4576,#4577,#4578,#4579,#4580,#4581,#4582));
#2599=AXIS2_PLACEMENT_3D('',#4583,#4584,#4585);
#2600=EDGE_LOOP('',(#4586,#4587,#4588,#4589,#4590,#4591,#4592,#4593,#4594,#4595,#4596,#4597));
#2601=AXIS2_PLACEMENT_3D('',#4598,#4599,#4600);
#2602=EDGE_LOOP('',(#4601,#4602,#4603,#4604,#4605,#4606,#4607,#4608));
#2603=AXIS2_PLACEMENT_3D('',#4609,#4610,#4611);
#2604=EDGE_LOOP('',(#4612,#4613,#4614,#4615,#4616,#4617,#4618,#4619,#4620));
#2605=AXIS2_PLACEMENT_3D('',#4621,#4622,#4623);
#2606=EDGE_LOOP('',(#4624,#4625,#4626,#4627,#4628,#4629,#4630,#4631,#4632,#4633,#4634,#4635,#4636,#4637));
#2607=AXIS2_PLACEMENT_3D('',#4638,#4639,#4640);
#2608=EDGE_LOOP('',(#4641,#4642,#4643,#4644,#4645,#4646,#4647,#4648,#4649));
#2609=AXIS2_PLACEMENT_3D('',#4650,#4651,#4652);
#2610=EDGE_LOOP('',(#4653,#4654,#4655,#4656,#4657,#4658));
#2611=AXIS2_PLACEMENT_3D('',#4659,#4660,#4661);
#2612=EDGE_LOOP('',(#4662,#4663,#4664,#4665,#4666,#4667));
#2613=AXIS2_PLACEMENT_3D('',#4668,#4669,#4670);
#2614=FILL_AREA_STYLE_COLOUR('',#4671);
#2615=VERTEX_POINT('',#4672);
#2616=VERTEX_POINT('',#4673);
#2617=LINE('',#4674,#4675);
#2618=VERTEX_POINT('',#4676);
#2619=CIRCLE('',#4677,1.365);
#2620=VERTEX_POINT('',#4678);
#2621=LINE('',#4679,#4680);
#2622=CIRCLE('',#4681,1.365);
#2623=FILL_AREA_STYLE_COLOUR('',#4682);
#2624=VERTEX_POINT('',#4683);
#2625=VERTEX_POINT('',#4684);
#2626=LINE('',#4685,#4686);
#2627=VERTEX_POINT('',#4687);
#2628=CIRCLE('',#4688,2.0);
#2629=VERTEX_POINT('',#4689);
#2630=LINE('',#4690,#4691);
#2631=CIRCLE('',#4692,2.0);
#2632=FILL_AREA_STYLE_COLOUR('',#4693);
#2633=VERTEX_POINT('',#4694);
#2634=VERTEX_POINT('',#4695);
#2635=LINE('',#4696,#4697);
#2636=VERTEX_POINT('',#4698);
#2637=CIRCLE('',#4699,1.365);
#2638=VERTEX_POINT('',#4700);
#2639=LINE('',#4701,#4702);
#2640=CIRCLE('',#4703,1.365);
#2641=FILL_AREA_STYLE_COLOUR('',#4704);
#2642=VERTEX_POINT('',#4705);
#2643=VERTEX_POINT('',#4706);
#2644=LINE('',#4707,#4708);
#2645=VERTEX_POINT('',#4709);
#2646=CIRCLE('',#4710,2.0);
#2647=VERTEX_POINT('',#4711);
#2648=LINE('',#4712,#4713);
#2649=CIRCLE('',#4714,2.0);
#2650=FILL_AREA_STYLE_COLOUR('',#4715);
#2651=VERTEX_POINT('',#4716);
#2652=VERTEX_POINT('',#4717);
#2653=LINE('',#4718,#4719);
#2654=VERTEX_POINT('',#4720);
#2655=LINE('',#4721,#4722);
#2656=VERTEX_POINT('',#4723);
#2657=LINE('',#4724,#4725);
#2658=LINE('',#4726,#4727);
#2659=FILL_AREA_STYLE_COLOUR('',#4728);
#2660=VERTEX_POINT('',#4729);
#2661=LINE('',#4730,#4731);
#2662=VERTEX_POINT('',#4732);
#2663=LINE('',#4733,#4734);
#2664=LINE('',#4735,#4736);
#2665=FILL_AREA_STYLE_COLOUR('',#4737);
#2666=VERTEX_POINT('',#4738);
#2667=VERTEX_POINT('',#4739);
#2668=LINE('',#4740,#4741);
#2669=VERTEX_POINT('',#4742);
#2670=LINE('',#4743,#4744);
#2671=VERTEX_POINT('',#4745);
#2672=LINE('',#4746,#4747);
#2673=LINE('',#4748,#4749);
#2674=FILL_AREA_STYLE_COLOUR('',#4750);
#2675=LINE('',#4751,#4752);
#2676=VERTEX_POINT('',#4753);
#2677=LINE('',#4754,#4755);
#2678=LINE('',#4756,#4757);
#2679=FILL_AREA_STYLE_COLOUR('',#4758);
#2680=LINE('',#4759,#4760);
#2681=LINE('',#4761,#4762);
#2682=FILL_AREA_STYLE_COLOUR('',#4763);
#2683=LINE('',#4764,#4765);
#2684=FILL_AREA_STYLE_COLOUR('',#4766);
#2685=FILL_AREA_STYLE_COLOUR('',#4767);
#2686=VERTEX_POINT('',#4768);
#2687=LINE('',#4769,#4770);
#2688=LINE('',#4771,#4772);
#2689=FILL_AREA_STYLE_COLOUR('',#4773);
#2690=LINE('',#4774,#4775);
#2691=FILL_AREA_STYLE_COLOUR('',#4776);
#2692=VERTEX_POINT('',#4777);
#2693=VERTEX_POINT('',#4778);
#2694=LINE('',#4779,#4780);
#2695=VERTEX_POINT('',#4781);
#2696=LINE('',#4782,#4783);
#2697=VERTEX_POINT('',#4784);
#2698=LINE('',#4785,#4786);
#2699=LINE('',#4787,#4788);
#2700=FILL_AREA_STYLE_COLOUR('',#4789);
#2701=VERTEX_POINT('',#4790);
#2702=LINE('',#4791,#4792);
#2703=VERTEX_POINT('',#4793);
#2704=LINE('',#4794,#4795);
#2705=LINE('',#4796,#4797);
#2706=FILL_AREA_STYLE_COLOUR('',#4798);
#2707=VERTEX_POINT('',#4799);
#2708=VERTEX_POINT('',#4800);
#2709=LINE('',#4801,#4802);
#2710=VERTEX_POINT('',#4803);
#2711=LINE('',#4804,#4805);
#2712=VERTEX_POINT('',#4806);
#2713=LINE('',#4807,#4808);
#2714=LINE('',#4809,#4810);
#2715=FILL_AREA_STYLE_COLOUR('',#4811);
#2716=LINE('',#4812,#4813);
#2717=VERTEX_POINT('',#4814);
#2718=LINE('',#4815,#4816);
#2719=LINE('',#4817,#4818);
#2720=FILL_AREA_STYLE_COLOUR('',#4819);
#2721=LINE('',#4820,#4821);
#2722=LINE('',#4822,#4823);
#2723=FILL_AREA_STYLE_COLOUR('',#4824);
#2724=LINE('',#4825,#4826);
#2725=FILL_AREA_STYLE_COLOUR('',#4827);
#2726=FILL_AREA_STYLE_COLOUR('',#4828);
#2727=VERTEX_POINT('',#4829);
#2728=LINE('',#4830,#4831);
#2729=LINE('',#4832,#4833);
#2730=FILL_AREA_STYLE_COLOUR('',#4834);
#2731=LINE('',#4835,#4836);
#2732=FILL_AREA_STYLE_COLOUR('',#4837);
#2733=VERTEX_POINT('',#4838);
#2734=VERTEX_POINT('',#4839);
#2735=LINE('',#4840,#4841);
#2736=VERTEX_POINT('',#4842);
#2737=LINE('',#4843,#4844);
#2738=VERTEX_POINT('',#4845);
#2739=LINE('',#4846,#4847);
#2740=LINE('',#4848,#4849);
#2741=FILL_AREA_STYLE_COLOUR('',#4850);
#2742=VERTEX_POINT('',#4851);
#2743=LINE('',#4852,#4853);
#2744=VERTEX_POINT('',#4854);
#2745=LINE('',#4855,#4856);
#2746=LINE('',#4857,#4858);
#2747=FILL_AREA_STYLE_COLOUR('',#4859);
#2748=VERTEX_POINT('',#4860);
#2749=VERTEX_POINT('',#4861);
#2750=LINE('',#4862,#4863);
#2751=VERTEX_POINT('',#4864);
#2752=LINE('',#4865,#4866);
#2753=VERTEX_POINT('',#4867);
#2754=LINE('',#4868,#4869);
#2755=LINE('',#4870,#4871);
#2756=FILL_AREA_STYLE_COLOUR('',#4872);
#2757=LINE('',#4873,#4874);
#2758=VERTEX_POINT('',#4875);
#2759=LINE('',#4876,#4877);
#2760=LINE('',#4878,#4879);
#2761=FILL_AREA_STYLE_COLOUR('',#4880);
#2762=LINE('',#4881,#4882);
#2763=LINE('',#4883,#4884);
#2764=FILL_AREA_STYLE_COLOUR('',#4885);
#2765=LINE('',#4886,#4887);
#2766=FILL_AREA_STYLE_COLOUR('',#4888);
#2767=FILL_AREA_STYLE_COLOUR('',#4889);
#2768=VERTEX_POINT('',#4890);
#2769=LINE('',#4891,#4892);
#2770=LINE('',#4893,#4894);
#2771=FILL_AREA_STYLE_COLOUR('',#4895);
#2772=LINE('',#4896,#4897);
#2773=FILL_AREA_STYLE_COLOUR('',#4898);
#2774=VERTEX_POINT('',#4899);
#2775=VERTEX_POINT('',#4900);
#2776=LINE('',#4901,#4902);
#2777=VERTEX_POINT('',#4903);
#2778=LINE('',#4904,#4905);
#2779=VERTEX_POINT('',#4906);
#2780=LINE('',#4907,#4908);
#2781=LINE('',#4909,#4910);
#2782=FILL_AREA_STYLE_COLOUR('',#4911);
#2783=VERTEX_POINT('',#4912);
#2784=LINE('',#4913,#4914);
#2785=VERTEX_POINT('',#4915);
#2786=LINE('',#4916,#4917);
#2787=CIRCLE('',#4918,1.5);
#2788=VERTEX_POINT('',#4919);
#2789=CIRCLE('',#4920,1.365);
#2790=VERTEX_POINT('',#4921);
#2791=CIRCLE('',#4922,1.5);
#2792=VERTEX_POINT('',#4923);
#2793=LINE('',#4924,#4925);
#2794=VERTEX_POINT('',#4926);
#2795=LINE('',#4927,#4928);
#2796=VERTEX_POINT('',#4929);
#2797=LINE('',#4930,#4931);
#2798=VERTEX_POINT('',#4932);
#2799=CIRCLE('',#4933,1.5);
#2800=CIRCLE('',#4934,2.0);
#2801=CIRCLE('',#4935,1.5);
#2802=FILL_AREA_STYLE_COLOUR('',#4936);
#2803=VERTEX_POINT('',#4937);
#2804=LINE('',#4938,#4939);
#2805=CIRCLE('',#4940,1.5);
#2806=VERTEX_POINT('',#4941);
#2807=CIRCLE('',#4942,2.0);
#2808=VERTEX_POINT('',#4943);
#2809=CIRCLE('',#4944,1.5);
#2810=VERTEX_POINT('',#4945);
#2811=LINE('',#4946,#4947);
#2812=VERTEX_POINT('',#4948);
#2813=LINE('',#4949,#4950);
#2814=VERTEX_POINT('',#4951);
#2815=LINE('',#4952,#4953);
#2816=VERTEX_POINT('',#4954);
#2817=CIRCLE('',#4955,1.5);
#2818=CIRCLE('',#4956,1.365);
#2819=VERTEX_POINT('',#4957);
#2820=CIRCLE('',#4958,1.5);
#2821=LINE('',#4959,#4960);
#2822=FILL_AREA_STYLE_COLOUR('',#4961);
#2823=LINE('',#4962,#4963);
#2824=LINE('',#4964,#4965);
#2825=FILL_AREA_STYLE_COLOUR('',#4966);
#2826=VERTEX_POINT('',#4967);
#2827=VERTEX_POINT('',#4968);
#2828=LINE('',#4969,#4970);
#2829=LINE('',#4971,#4972);
#2830=LINE('',#4973,#4974);
#2831=FILL_AREA_STYLE_COLOUR('',#4975);
#2832=VERTEX_POINT('',#4976);
#2833=LINE('',#4977,#4978);
#2834=LINE('',#4979,#4980);
#2835=LINE('',#4981,#4982);
#2836=FILL_AREA_STYLE_COLOUR('',#4983);
#2837=LINE('',#4984,#4985);
#2838=FILL_AREA_STYLE_COLOUR('',#4986);
#2839=FILL_AREA_STYLE_COLOUR('',#4987);
#2840=LINE('',#4988,#4989);
#2841=LINE('',#4990,#4991);
#2842=FILL_AREA_STYLE_COLOUR('',#4992);
#2843=VERTEX_POINT('',#4993);
#2844=LINE('',#4994,#4995);
#2845=LINE('',#4996,#4997);
#2846=FILL_AREA_STYLE_COLOUR('',#4998);
#2847=LINE('',#4999,#5000);
#2848=FILL_AREA_STYLE_COLOUR('',#5001);
#2849=FILL_AREA_STYLE_COLOUR('',#5002);
#2850=LINE('',#5003,#5004);
#2851=FILL_AREA_STYLE_COLOUR('',#5005);
#2852=FILL_AREA_STYLE_COLOUR('',#5006);
#2853=LINE('',#5007,#5008);
#2854=FILL_AREA_STYLE_COLOUR('',#5009);
#2855=FILL_AREA_STYLE_COLOUR('',#5010);
#2856=FILL_AREA_STYLE_COLOUR('',#5011);
#2857=VERTEX_POINT('',#5012);
#2858=VERTEX_POINT('',#5013);
#2859=LINE('',#5014,#5015);
#2860=VERTEX_POINT('',#5016);
#2861=LINE('',#5017,#5018);
#2862=VERTEX_POINT('',#5019);
#2863=LINE('',#5020,#5021);
#2864=LINE('',#5022,#5023);
#2865=FILL_AREA_STYLE_COLOUR('',#5024);
#2866=VERTEX_POINT('',#5025);
#2867=LINE('',#5026,#5027);
#2868=VERTEX_POINT('',#5028);
#2869=LINE('',#5029,#5030);
#2870=CIRCLE('',#5031,1.5);
#2871=VERTEX_POINT('',#5032);
#2872=CIRCLE('',#5033,1.365);
#2873=VERTEX_POINT('',#5034);
#2874=CIRCLE('',#5035,1.5);
#2875=VERTEX_POINT('',#5036);
#2876=LINE('',#5037,#5038);
#2877=VERTEX_POINT('',#5039);
#2878=LINE('',#5040,#5041);
#2879=VERTEX_POINT('',#5042);
#2880=LINE('',#5043,#5044);
#2881=VERTEX_POINT('',#5045);
#2882=CIRCLE('',#5046,1.5);
#2883=CIRCLE('',#5047,2.0);
#2884=CIRCLE('',#5048,1.5);
#2885=FILL_AREA_STYLE_COLOUR('',#5049);
#2886=VERTEX_POINT('',#5050);
#2887=LINE('',#5051,#5052);
#2888=CIRCLE('',#5053,1.5);
#2889=VERTEX_POINT('',#5054);
#2890=CIRCLE('',#5055,2.0);
#2891=VERTEX_POINT('',#5056);
#2892=CIRCLE('',#5057,1.5);
#2893=VERTEX_POINT('',#5058);
#2894=LINE('',#5059,#5060);
#2895=VERTEX_POINT('',#5061);
#2896=LINE('',#5062,#5063);
#2897=VERTEX_POINT('',#5064);
#2898=LINE('',#5065,#5066);
#2899=VERTEX_POINT('',#5067);
#2900=CIRCLE('',#5068,1.5);
#2901=CIRCLE('',#5069,1.365);
#2902=VERTEX_POINT('',#5070);
#2903=CIRCLE('',#5071,1.5);
#2904=LINE('',#5072,#5073);
#2905=FILL_AREA_STYLE_COLOUR('',#5074);
#2906=LINE('',#5075,#5076);
#2907=LINE('',#5077,#5078);
#2908=FILL_AREA_STYLE_COLOUR('',#5079);
#2909=VERTEX_POINT('',#5080);
#2910=VERTEX_POINT('',#5081);
#2911=LINE('',#5082,#5083);
#2912=LINE('',#5084,#5085);
#2913=LINE('',#5086,#5087);
#2914=FILL_AREA_STYLE_COLOUR('',#5088);
#2915=VERTEX_POINT('',#5089);
#2916=LINE('',#5090,#5091);
#2917=LINE('',#5092,#5093);
#2918=LINE('',#5094,#5095);
#2919=FILL_AREA_STYLE_COLOUR('',#5096);
#2920=LINE('',#5097,#5098);
#2921=FILL_AREA_STYLE_COLOUR('',#5099);
#2922=FILL_AREA_STYLE_COLOUR('',#5100);
#2923=LINE('',#5101,#5102);
#2924=LINE('',#5103,#5104);
#2925=FILL_AREA_STYLE_COLOUR('',#5105);
#2926=VERTEX_POINT('',#5106);
#2927=LINE('',#5107,#5108);
#2928=LINE('',#5109,#5110);
#2929=FILL_AREA_STYLE_COLOUR('',#5111);
#2930=LINE('',#5112,#5113);
#2931=FILL_AREA_STYLE_COLOUR('',#5114);
#2932=FILL_AREA_STYLE_COLOUR('',#5115);
#2933=LINE('',#5116,#5117);
#2934=FILL_AREA_STYLE_COLOUR('',#5118);
#2935=FILL_AREA_STYLE_COLOUR('',#5119);
#2936=LINE('',#5120,#5121);
#2937=FILL_AREA_STYLE_COLOUR('',#5122);
#2938=FILL_AREA_STYLE_COLOUR('',#5123);
#2939=FILL_AREA_STYLE_COLOUR('',#5124);
#2940=VERTEX_POINT('',#5125);
#2941=VERTEX_POINT('',#5126);
#2942=LINE('',#5127,#5128);
#2943=VERTEX_POINT('',#5129);
#2944=LINE('',#5130,#5131);
#2945=VERTEX_POINT('',#5132);
#2946=LINE('',#5133,#5134);
#2947=LINE('',#5135,#5136);
#2948=FILL_AREA_STYLE_COLOUR('',#5137);
#2949=VERTEX_POINT('',#5138);
#2950=LINE('',#5139,#5140);
#2951=VERTEX_POINT('',#5141);
#2952=LINE('',#5142,#5143);
#2953=LINE('',#5144,#5145);
#2954=FILL_AREA_STYLE_COLOUR('',#5146);
#2955=VERTEX_POINT('',#5147);
#2956=LINE('',#5148,#5149);
#2957=VERTEX_POINT('',#5150);
#2958=LINE('',#5151,#5152);
#2959=LINE('',#5153,#5154);
#2960=FILL_AREA_STYLE_COLOUR('',#5155);
#2961=LINE('',#5156,#5157);
#2962=LINE('',#5158,#5159);
#2963=FILL_AREA_STYLE_COLOUR('',#5160);
#2964=VERTEX_POINT('',#5161);
#2965=VERTEX_POINT('',#5162);
#2966=LINE('',#5163,#5164);
#2967=LINE('',#5165,#5166);
#2968=LINE('',#5167,#5168);
#2969=FILL_AREA_STYLE_COLOUR('',#5169);
#2970=VERTEX_POINT('',#5170);
#2971=LINE('',#5171,#5172);
#2972=LINE('',#5173,#5174);
#2973=FILL_AREA_STYLE_COLOUR('',#5175);
#2974=VERTEX_POINT('',#5176);
#2975=LINE('',#5177,#5178);
#2976=LINE('',#5179,#5180);
#2977=FILL_AREA_STYLE_COLOUR('',#5181);
#2978=LINE('',#5182,#5183);
#2979=FILL_AREA_STYLE_COLOUR('',#5184);
#2980=FILL_AREA_STYLE_COLOUR('',#5185);
#2981=ORIENTED_EDGE('',*,*,#5186,.F.);
#2982=ORIENTED_EDGE('',*,*,#5187,.T.);
#2983=ORIENTED_EDGE('',*,*,#5188,.F.);
#2984=ORIENTED_EDGE('',*,*,#5189,.F.);
#2985=ORIENTED_EDGE('',*,*,#5190,.F.);
#2986=CARTESIAN_POINT('',(-1.7499842343375,-11.198003284703,2.22596829835109));
#2987=DIRECTION('',(1.42989639216818E-45,1.0,6.12323399573676E-17));
#2988=DIRECTION('',(-1.0,-9.71165052462057E-30,1.58603289232164E-13));
#2989=ORIENTED_EDGE('',*,*,#5191,.F.);
#2990=ORIENTED_EDGE('',*,*,#5192,.F.);
#2991=ORIENTED_EDGE('',*,*,#5193,.F.);
#2992=ORIENTED_EDGE('',*,*,#5194,.T.);
#2993=ORIENTED_EDGE('',*,*,#5190,.T.);
#2994=CARTESIAN_POINT('',(-1.7499842343375,-13.498003284705,2.22596829835009));
#2995=DIRECTION('',(-0.0,1.0,1.16715749483872E-16));
#2996=DIRECTION('',(0.0,1.16715749483872E-16,-1.0));
#2997=ORIENTED_EDGE('',*,*,#5195,.T.);
#2998=ORIENTED_EDGE('',*,*,#5196,.T.);
#2999=ORIENTED_EDGE('',*,*,#5197,.F.);
#3000=ORIENTED_EDGE('',*,*,#5198,.F.);
#3001=ORIENTED_EDGE('',*,*,#5199,.T.);
#3002=ORIENTED_EDGE('',*,*,#5200,.T.);
#3003=ORIENTED_EDGE('',*,*,#5201,.T.);
#3004=ORIENTED_EDGE('',*,*,#5202,.T.);
#3005=ORIENTED_EDGE('',*,*,#5203,.T.);
#3006=ORIENTED_EDGE('',*,*,#5204,.T.);
#3007=ORIENTED_EDGE('',*,*,#5205,.T.);
#3008=ORIENTED_EDGE('',*,*,#5206,.F.);
#3009=ORIENTED_EDGE('',*,*,#5207,.T.);
#3010=ORIENTED_EDGE('',*,*,#5208,.F.);
#3011=ORIENTED_EDGE('',*,*,#5209,.F.);
#3012=ORIENTED_EDGE('',*,*,#5210,.F.);
#3013=ORIENTED_EDGE('',*,*,#5211,.F.);
#3014=ORIENTED_EDGE('',*,*,#5212,.F.);
#3015=ORIENTED_EDGE('',*,*,#5213,.T.);
#3016=ORIENTED_EDGE('',*,*,#5214,.F.);
#3017=ORIENTED_EDGE('',*,*,#5215,.F.);
#3018=ORIENTED_EDGE('',*,*,#5216,.F.);
#3019=ORIENTED_EDGE('',*,*,#5217,.T.);
#3020=ORIENTED_EDGE('',*,*,#5218,.F.);
#3021=ORIENTED_EDGE('',*,*,#5219,.T.);
#3022=ORIENTED_EDGE('',*,*,#5220,.F.);
#3023=ORIENTED_EDGE('',*,*,#5221,.T.);
#3024=ORIENTED_EDGE('',*,*,#5222,.T.);
#3025=ORIENTED_EDGE('',*,*,#5223,.F.);
#3026=ORIENTED_EDGE('',*,*,#5224,.F.);
#3027=ORIENTED_EDGE('',*,*,#5225,.T.);
#3028=ORIENTED_EDGE('',*,*,#5226,.F.);
#3029=ORIENTED_EDGE('',*,*,#5227,.F.);
#3030=ORIENTED_EDGE('',*,*,#5228,.F.);
#3031=ORIENTED_EDGE('',*,*,#5229,.T.);
#3032=ORIENTED_EDGE('',*,*,#5230,.F.);
#3033=ORIENTED_EDGE('',*,*,#5231,.T.);
#3034=ORIENTED_EDGE('',*,*,#5232,.T.);
#3035=CARTESIAN_POINT('',(5.1061520337985,-3.28478204621929E-06,722.882807402865));
#3036=DIRECTION('',(-0.0,1.0,6.12323399573676E-17));
#3037=DIRECTION('',(1.0,0.0,0.0));
#3038=ORIENTED_EDGE('',*,*,#5233,.F.);
#3039=ORIENTED_EDGE('',*,*,#5234,.T.);
#3040=ORIENTED_EDGE('',*,*,#5235,.T.);
#3041=ORIENTED_EDGE('',*,*,#5236,.F.);
#3042=ORIENTED_EDGE('',*,*,#5237,.F.);
#3043=CARTESIAN_POINT('',(-1.97931509623649,-8.09800328485506,722.882807402866));
#3044=DIRECTION('',(0.999961923064171,-0.00872653549837387,-2.11963767971706E-13));
#3045=DIRECTION('',(0.0,-2.42895669204811E-11,1.0));
#3046=ORIENTED_EDGE('',*,*,#5201,.F.);
#3047=ORIENTED_EDGE('',*,*,#5238,.T.);
#3048=ORIENTED_EDGE('',*,*,#5237,.T.);
#3049=ORIENTED_EDGE('',*,*,#5239,.T.);
#3050=CARTESIAN_POINT('',(-1.83429941118048,-0.0750004289330197,6.3837857000588E-05));
#3051=DIRECTION('',(-0.704014724455962,0.710185375623292,2.97219907497451E-13));
#3052=DIRECTION('',(-4.22116769524594E-13,6.12323399573676E-17,-1.0));
#3053=ORIENTED_EDGE('',*,*,#5240,.T.);
#3054=ORIENTED_EDGE('',*,*,#5241,.T.);
#3055=ORIENTED_EDGE('',*,*,#5199,.F.);
#3056=ORIENTED_EDGE('',*,*,#5242,.F.);
#3057=CARTESIAN_POINT('',(-1.66566905749648,-0.0750004289330197,6.3837857000588E-05));
#3058=DIRECTION('',(0.704014724455829,0.710185375623424,1.3401712936823E-15));
#3059=DIRECTION('',(-1.84184355282009E-15,-6.12323399573675E-17,1.0));
#3060=ORIENTED_EDGE('',*,*,#5243,.F.);
#3061=ORIENTED_EDGE('',*,*,#5240,.F.);
#3062=ORIENTED_EDGE('',*,*,#5244,.F.);
#3063=ORIENTED_EDGE('',*,*,#5245,.T.);
#3064=ORIENTED_EDGE('',*,*,#5246,.F.);
#3065=CARTESIAN_POINT('',(-1.5206533721375,-8.09800328485506,722.882807402865));
#3066=DIRECTION('',(-0.999961923064171,-0.00872653549837401,2.0829515521876E-13));
#3067=DIRECTION('',(-0.00872653549837401,0.999961923064171,6.12300084174888E-17));
#3068=ORIENTED_EDGE('',*,*,#5247,.F.);
#3069=ORIENTED_EDGE('',*,*,#5246,.T.);
#3070=ORIENTED_EDGE('',*,*,#5248,.T.);
#3071=ORIENTED_EDGE('',*,*,#5249,.F.);
#3072=CARTESIAN_POINT('',(-138.368612234339,-8.098003284703,-1.52060384927999));
#3073=DIRECTION('',(-2.10128927266693E-13,-0.00872653549816375,-0.999961923064173));
#3074=DIRECTION('',(-1.0,2.40793069954173E-11,1.47347164455526E-27));
#3075=ORIENTED_EDGE('',*,*,#5250,.F.);
#3076=ORIENTED_EDGE('',*,*,#5249,.T.);
#3077=ORIENTED_EDGE('',*,*,#5251,.T.);
#3078=ORIENTED_EDGE('',*,*,#5252,.F.);
#3079=ORIENTED_EDGE('',*,*,#5253,.T.);
#3080=CARTESIAN_POINT('',(1.52068490376351,-8.09800328485506,722.882807402865));
#3081=DIRECTION('',(0.999961923064171,-0.00872653549837387,-2.11963767971706E-13));
#3082=DIRECTION('',(0.0,-2.42895669204811E-11,1.0));
#3083=ORIENTED_EDGE('',*,*,#5197,.T.);
#3084=ORIENTED_EDGE('',*,*,#5254,.T.);
#3085=ORIENTED_EDGE('',*,*,#5253,.F.);
#3086=ORIENTED_EDGE('',*,*,#5255,.F.);
#3087=CARTESIAN_POINT('',(1.66570058881952,-0.0750004289330197,6.38378560013873E-05));
#3088=DIRECTION('',(-0.704014724455962,0.710185375623292,2.97219907497451E-13));
#3089=DIRECTION('',(-4.22116769524594E-13,6.12323399573676E-17,-1.0));
#3090=ORIENTED_EDGE('',*,*,#5256,.T.);
#3091=ORIENTED_EDGE('',*,*,#5257,.T.);
#3092=ORIENTED_EDGE('',*,*,#5195,.F.);
#3093=ORIENTED_EDGE('',*,*,#5258,.F.);
#3094=CARTESIAN_POINT('',(1.83433094250352,-0.0750004289330197,6.38378560013873E-05));
#3095=DIRECTION('',(0.704014724455829,0.710185375623424,1.3401712936823E-15));
#3096=DIRECTION('',(-1.84184355282009E-15,-6.12323399573675E-17,1.0));
#3097=ORIENTED_EDGE('',*,*,#5259,.F.);
#3098=ORIENTED_EDGE('',*,*,#5256,.F.);
#3099=ORIENTED_EDGE('',*,*,#5260,.F.);
#3100=ORIENTED_EDGE('',*,*,#5261,.T.);
#3101=ORIENTED_EDGE('',*,*,#5262,.F.);
#3102=CARTESIAN_POINT('',(1.97934662786251,-8.09800328485506,722.882807402864));
#3103=DIRECTION('',(-0.999961923064171,-0.00872653549837401,2.0829515521876E-13));
#3104=DIRECTION('',(-0.00872653549837401,0.999961923064171,6.12300084174888E-17));
#3105=ORIENTED_EDGE('',*,*,#5263,.F.);
#3106=ORIENTED_EDGE('',*,*,#5264,.T.);
#3107=ORIENTED_EDGE('',*,*,#5265,.F.);
#3108=ORIENTED_EDGE('',*,*,#5266,.F.);
#3109=CARTESIAN_POINT('',(8.7500157656605,-5.24500328470201,-3.81271116214499));
#3110=DIRECTION('',(0.0,-1.0,-6.12323399573676E-17));
#3111=DIRECTION('',(0.0,-6.12323399573676E-17,1.0));
#3112=ORIENTED_EDGE('',*,*,#5267,.F.);
#3113=ORIENTED_EDGE('',*,*,#5268,.F.);
#3114=ORIENTED_EDGE('',*,*,#5269,.F.);
#3115=ORIENTED_EDGE('',*,*,#5270,.T.);
#3116=ORIENTED_EDGE('',*,*,#5271,.T.);
#3117=CARTESIAN_POINT('',(26.1500181656625,-11.798003284705,-1.64241784220598));
#3118=DIRECTION('',(-1.97443681316529E-13,0.342020143325879,-0.939692620785832));
#3119=DIRECTION('',(1.0,5.77286704217311E-13,2.84254874658087E-29));
#3120=ORIENTED_EDGE('',*,*,#5272,.F.);
#3121=ORIENTED_EDGE('',*,*,#5273,.F.);
#3122=ORIENTED_EDGE('',*,*,#5274,.T.);
#3123=ORIENTED_EDGE('',*,*,#5275,.F.);
#3124=ORIENTED_EDGE('',*,*,#5276,.F.);
#3125=CARTESIAN_POINT('',(26.1500181656635,-11.362498248872,1.26745313007703));
#3126=DIRECTION('',(1.97485565320565E-13,0.342020143325471,0.93969262078598));
#3127=DIRECTION('',(-1.0,-2.17095866854799E-29,2.10159748998969E-13));
#3128=ORIENTED_EDGE('',*,*,#5277,.F.);
#3129=ORIENTED_EDGE('',*,*,#5215,.T.);
#3130=ORIENTED_EDGE('',*,*,#5278,.F.);
#3131=ORIENTED_EDGE('',*,*,#5264,.F.);
#3132=CARTESIAN_POINT('',(-5.74998423433847,-3.28470300964546E-06,0.950064377363002));
#3133=DIRECTION('',(0.0,-6.12323399573676E-17,1.0));
#3134=DIRECTION('',(0.0,-1.0,-6.12323399573676E-17));
#3135=ORIENTED_EDGE('',*,*,#5279,.T.);
#3136=ORIENTED_EDGE('',*,*,#5265,.T.);
#3137=ORIENTED_EDGE('',*,*,#5278,.T.);
#3138=ORIENTED_EDGE('',*,*,#5214,.T.);
#3139=CARTESIAN_POINT('',(-6.24998423433847,-5.899003284704,0.25006437736197));
#3140=DIRECTION('',(-1.0,0.0,0.0));
#3141=DIRECTION('',(0.0,1.0,6.12323399573676E-17));
#3142=ORIENTED_EDGE('',*,*,#5280,.F.);
#3143=ORIENTED_EDGE('',*,*,#5266,.T.);
#3144=ORIENTED_EDGE('',*,*,#5279,.F.);
#3145=ORIENTED_EDGE('',*,*,#5213,.F.);
#3146=CARTESIAN_POINT('',(-5.74998423433847,-5.24500328470301,-0.449935622637954));
#3147=DIRECTION('',(0.0,6.12323399573676E-17,-1.0));
#3148=DIRECTION('',(1.0,0.0,0.0));
#3149=ORIENTED_EDGE('',*,*,#5204,.F.);
#3150=ORIENTED_EDGE('',*,*,#5281,.T.);
#3151=ORIENTED_EDGE('',*,*,#5282,.T.);
#3152=ORIENTED_EDGE('',*,*,#5283,.F.);
#3153=CARTESIAN_POINT('',(-4.49942063057751,-0.0750004289330198,2.32068042924105));
#3154=DIRECTION('',(-1.47897135604775E-13,0.710185375623292,-0.704014724455962));
#3155=DIRECTION('',(1.0,1.28634918723763E-29,-2.1007676468566E-13));
#3156=ORIENTED_EDGE('',*,*,#5203,.F.);
#3157=ORIENTED_EDGE('',*,*,#5284,.F.);
#3158=ORIENTED_EDGE('',*,*,#5285,.T.);
#3159=ORIENTED_EDGE('',*,*,#5281,.F.);
#3160=CARTESIAN_POINT('',(-3.8331722036595,-0.0750004289330198,1.86886830989707));
#3161=DIRECTION('',(-0.704014724455962,0.710185375623292,2.97219907497451E-13));
#3162=DIRECTION('',(-4.22116769524594E-13,6.12323399573676E-17,-1.0));
#3163=ORIENTED_EDGE('',*,*,#5205,.F.);
#3164=ORIENTED_EDGE('',*,*,#5283,.T.);
#3165=ORIENTED_EDGE('',*,*,#5286,.T.);
#3166=ORIENTED_EDGE('',*,*,#5287,.F.);
#3167=CARTESIAN_POINT('',(-5.16566905749649,-0.0750004289330197,0.277530447364005));
#3168=DIRECTION('',(0.704014724455829,0.710185375623424,1.3401712936823E-15));
#3169=DIRECTION('',(-1.84184355282009E-15,-6.12323399573675E-17,1.0));
#3170=ORIENTED_EDGE('',*,*,#5288,.F.);
#3171=ORIENTED_EDGE('',*,*,#5289,.F.);
#3172=ORIENTED_EDGE('',*,*,#5290,.F.);
#3173=ORIENTED_EDGE('',*,*,#5285,.F.);
#3174=CARTESIAN_POINT('',(-3.97818788871548,-8.09800328485506,722.882807402865));
#3175=DIRECTION('',(0.999961923064171,-0.00872653549837387,-2.11963767971706E-13));
#3176=DIRECTION('',(0.0,-2.42895669204811E-11,1.0));
#3177=ORIENTED_EDGE('',*,*,#5290,.T.);
#3178=ORIENTED_EDGE('',*,*,#5291,.F.);
#3179=ORIENTED_EDGE('',*,*,#5292,.F.);
#3180=ORIENTED_EDGE('',*,*,#5282,.F.);
#3181=CARTESIAN_POINT('',(-134.868612234339,-8.098003284704,2.17566474405906));
#3182=DIRECTION('',(2.10129995923774E-13,-0.00872653549858413,0.999961923064169));
#3183=DIRECTION('',(-3.73265855422342E-31,-0.999961923064169,-0.00872653549858413));
#3184=ORIENTED_EDGE('',*,*,#5293,.T.);
#3185=ORIENTED_EDGE('',*,*,#5294,.F.);
#3186=ORIENTED_EDGE('',*,*,#5286,.F.);
#3187=ORIENTED_EDGE('',*,*,#5292,.T.);
#3188=CARTESIAN_POINT('',(-5.0206533721375,-8.09800328485506,722.882807402866));
#3189=DIRECTION('',(-0.999961923064171,-0.00872653549837401,2.0829515521876E-13));
#3190=DIRECTION('',(-0.00872653549837401,0.999961923064171,6.12300084174888E-17));
#3191=ORIENTED_EDGE('',*,*,#5295,.F.);
#3192=ORIENTED_EDGE('',*,*,#5296,.T.);
#3193=ORIENTED_EDGE('',*,*,#5297,.T.);
#3194=ORIENTED_EDGE('',*,*,#5298,.F.);
#3195=CARTESIAN_POINT('',(-4.0999999998505,-8.34800328485506,722.882807402866));
#3196=DIRECTION('',(-0.939692620785908,-0.342020143325669,1.2557243541632E-13));
#3197=DIRECTION('',(-0.342020143325669,0.939692620785908,5.75395780113854E-17));
#3198=ORIENTED_EDGE('',*,*,#5299,.T.);
#3199=ORIENTED_EDGE('',*,*,#5300,.T.);
#3200=ORIENTED_EDGE('',*,*,#5301,.F.);
#3201=ORIENTED_EDGE('',*,*,#5302,.F.);
#3202=CARTESIAN_POINT('',(-4.0999999998505,-11.198003284855,722.882807402866));
#3203=DIRECTION('',(0.939692620785908,-0.342020143325669,-2.69356811220774E-13));
#3204=DIRECTION('',(0.0,-7.87546629861198E-13,1.0));
#3205=ORIENTED_EDGE('',*,*,#5271,.F.);
#3206=ORIENTED_EDGE('',*,*,#5303,.T.);
#3207=ORIENTED_EDGE('',*,*,#5304,.T.);
#3208=ORIENTED_EDGE('',*,*,#5305,.F.);
#3209=CARTESIAN_POINT('',(26.1500181656625,-11.448003284703,-1.24898381709304));
#3210=DIRECTION('',(-1.0,0.0,0.0));
#3211=DIRECTION('',(0.0,-6.12323399573676E-17,1.0));
#3212=ORIENTED_EDGE('',*,*,#5306,.T.);
#3213=ORIENTED_EDGE('',*,*,#5307,.T.);
#3214=ORIENTED_EDGE('',*,*,#5267,.T.);
#3215=ORIENTED_EDGE('',*,*,#5305,.T.);
#3216=ORIENTED_EDGE('',*,*,#5308,.T.);
#3217=ORIENTED_EDGE('',*,*,#5309,.F.);
#3218=ORIENTED_EDGE('',*,*,#5272,.T.);
#3219=ORIENTED_EDGE('',*,*,#5310,.T.);
#3220=ORIENTED_EDGE('',*,*,#5311,.F.);
#3221=ORIENTED_EDGE('',*,*,#5216,.T.);
#3222=ORIENTED_EDGE('',*,*,#5277,.T.);
#3223=ORIENTED_EDGE('',*,*,#5263,.T.);
#3224=ORIENTED_EDGE('',*,*,#5280,.T.);
#3225=ORIENTED_EDGE('',*,*,#5212,.T.);
#3226=CARTESIAN_POINT('',(-5.74998423433847,-3.28470300976644E-06,2.92596429835412));
#3227=DIRECTION('',(1.0,0.0,0.0));
#3228=DIRECTION('',(0.0,6.12323399573676E-17,-1.0));
#3229=ORIENTED_EDGE('',*,*,#5312,.F.);
#3230=ORIENTED_EDGE('',*,*,#5313,.F.);
#3231=ORIENTED_EDGE('',*,*,#5273,.T.);
#3232=ORIENTED_EDGE('',*,*,#5309,.T.);
#3233=CARTESIAN_POINT('',(26.1500181656635,-11.448003284703,1.03252997488001));
#3234=DIRECTION('',(1.0,0.0,0.0));
#3235=DIRECTION('',(0.0,6.12323399573676E-17,-1.0));
#3236=ORIENTED_EDGE('',*,*,#5298,.T.);
#3237=ORIENTED_EDGE('',*,*,#5314,.T.);
#3238=ORIENTED_EDGE('',*,*,#5315,.T.);
#3239=ORIENTED_EDGE('',*,*,#5316,.F.);
#3240=CARTESIAN_POINT('',(-4.10000000000249,-8.348003284703,-0.599999999999935));
#3241=DIRECTION('',(1.0,0.0,0.0));
#3242=DIRECTION('',(0.0,6.12323399573676E-17,-1.0));
#3243=ORIENTED_EDGE('',*,*,#5306,.F.);
#3244=ORIENTED_EDGE('',*,*,#5211,.T.);
#3245=ORIENTED_EDGE('',*,*,#5317,.T.);
#3246=ORIENTED_EDGE('',*,*,#5318,.F.);
#3247=CARTESIAN_POINT('',(-5.59998423433949,177.170843576975,-2.27583554359));
#3248=DIRECTION('',(0.0,1.0,6.12323399573676E-17));
#3249=DIRECTION('',(0.0,-6.12323399573676E-17,1.0));
#3250=ORIENTED_EDGE('',*,*,#5319,.F.);
#3251=ORIENTED_EDGE('',*,*,#5320,.T.);
#3252=ORIENTED_EDGE('',*,*,#5268,.T.);
#3253=ORIENTED_EDGE('',*,*,#5307,.F.);
#3254=ORIENTED_EDGE('',*,*,#5318,.T.);
#3255=CARTESIAN_POINT('',(23.2500157656606,-11.798003284705,-2.42583554363595));
#3256=DIRECTION('',(-0.0,1.0,6.12323399573676E-17));
#3257=DIRECTION('',(1.0,0.0,0.0));
#3258=ORIENTED_EDGE('',*,*,#5321,.F.);
#3259=ORIENTED_EDGE('',*,*,#5269,.T.);
#3260=ORIENTED_EDGE('',*,*,#5320,.F.);
#3261=ORIENTED_EDGE('',*,*,#5322,.F.);
#3262=CARTESIAN_POINT('',(-4.5499842343375,-11.198003284704,3.46114668256003));
#3263=DIRECTION('',(-1.0,0.0,0.0));
#3264=DIRECTION('',(0.0,1.0,6.12323399573676E-17));
#3265=ORIENTED_EDGE('',*,*,#5321,.T.);
#3266=ORIENTED_EDGE('',*,*,#5323,.T.);
#3267=ORIENTED_EDGE('',*,*,#5324,.F.);
#3268=ORIENTED_EDGE('',*,*,#5303,.F.);
#3269=ORIENTED_EDGE('',*,*,#5270,.F.);
#3270=CARTESIAN_POINT('',(-4.29998423418651,-11.448003284855,722.882807402865));
#3271=DIRECTION('',(0.0,-6.12323399573676E-17,1.0));
#3272=DIRECTION('',(1.0,0.0,0.0));
#3273=ORIENTED_EDGE('',*,*,#5325,.T.);
#3274=ORIENTED_EDGE('',*,*,#5274,.F.);
#3275=ORIENTED_EDGE('',*,*,#5313,.T.);
#3276=ORIENTED_EDGE('',*,*,#5326,.F.);
#3277=ORIENTED_EDGE('',*,*,#5327,.F.);
#3278=CARTESIAN_POINT('',(-4.29998423418651,-11.448003284855,722.882807402865));
#3279=DIRECTION('',(0.0,-6.12323399573676E-17,1.0));
#3280=DIRECTION('',(1.0,0.0,0.0));
#3281=ORIENTED_EDGE('',*,*,#5325,.F.);
#3282=ORIENTED_EDGE('',*,*,#5328,.F.);
#3283=ORIENTED_EDGE('',*,*,#5329,.F.);
#3284=ORIENTED_EDGE('',*,*,#5275,.T.);
#3285=CARTESIAN_POINT('',(-4.5499842343375,-11.198003284704,3.46114668256003));
#3286=DIRECTION('',(-1.0,0.0,0.0));
#3287=DIRECTION('',(0.0,1.0,6.12323399573676E-17));
#3288=ORIENTED_EDGE('',*,*,#5276,.T.);
#3289=ORIENTED_EDGE('',*,*,#5329,.T.);
#3290=ORIENTED_EDGE('',*,*,#5330,.F.);
#3291=ORIENTED_EDGE('',*,*,#5331,.F.);
#3292=ORIENTED_EDGE('',*,*,#5310,.F.);
#3293=CARTESIAN_POINT('',(23.2500157656606,-11.798003284705,-2.42583554363595));
#3294=DIRECTION('',(-0.0,1.0,6.12323399573676E-17));
#3295=DIRECTION('',(1.0,0.0,0.0));
#3296=ORIENTED_EDGE('',*,*,#5311,.T.);
#3297=ORIENTED_EDGE('',*,*,#5331,.T.);
#3298=ORIENTED_EDGE('',*,*,#5332,.T.);
#3299=ORIENTED_EDGE('',*,*,#5217,.F.);
#3300=CARTESIAN_POINT('',(-5.59998423433849,177.170843576975,2.77596429839101));
#3301=DIRECTION('',(0.0,-1.0,-6.12323399573676E-17));
#3302=DIRECTION('',(0.0,6.12323399573676E-17,-1.0));
#3303=ORIENTED_EDGE('',*,*,#5333,.F.);
#3304=ORIENTED_EDGE('',*,*,#5334,.T.);
#3305=ORIENTED_EDGE('',*,*,#5335,.T.);
#3306=ORIENTED_EDGE('',*,*,#5294,.T.);
#3307=ORIENTED_EDGE('',*,*,#5336,.T.);
#3308=ORIENTED_EDGE('',*,*,#5234,.F.);
#3309=CARTESIAN_POINT('',(-138.368612234339,-8.098003284703,-1.52060384927999));
#3310=DIRECTION('',(-2.10128927266693E-13,-0.00872653549816375,-0.999961923064173));
#3311=DIRECTION('',(-1.0,2.40793069954173E-11,1.47347164455526E-27));
#3312=ORIENTED_EDGE('',*,*,#5337,.T.);
#3313=ORIENTED_EDGE('',*,*,#5338,.T.);
#3314=ORIENTED_EDGE('',*,*,#5339,.T.);
#3315=ORIENTED_EDGE('',*,*,#5314,.F.);
#3316=CARTESIAN_POINT('',(-2.90000000000248,-8.348003284703,-0.599999999999935));
#3317=DIRECTION('',(0.0,-6.12323399573676E-17,1.0));
#3318=DIRECTION('',(0.0,-1.0,-6.12323399573676E-17));
#3319=ORIENTED_EDGE('',*,*,#5340,.F.);
#3320=ORIENTED_EDGE('',*,*,#5341,.F.);
#3321=ORIENTED_EDGE('',*,*,#5342,.T.);
#3322=ORIENTED_EDGE('',*,*,#5316,.T.);
#3323=CARTESIAN_POINT('',(-4.10000000000249,-8.348003284703,0.600000000001043));
#3324=DIRECTION('',(0.0,6.12323399573676E-17,-1.0));
#3325=DIRECTION('',(1.0,0.0,0.0));
#3326=ORIENTED_EDGE('',*,*,#5343,.T.);
#3327=ORIENTED_EDGE('',*,*,#5340,.T.);
#3328=ORIENTED_EDGE('',*,*,#5315,.F.);
#3329=ORIENTED_EDGE('',*,*,#5339,.F.);
#3330=ORIENTED_EDGE('',*,*,#5344,.F.);
#3331=ORIENTED_EDGE('',*,*,#5235,.F.);
#3332=ORIENTED_EDGE('',*,*,#5336,.F.);
#3333=ORIENTED_EDGE('',*,*,#5293,.F.);
#3334=ORIENTED_EDGE('',*,*,#5291,.T.);
#3335=ORIENTED_EDGE('',*,*,#5289,.T.);
#3336=CARTESIAN_POINT('',(-3.4999842343385,-8.098003284703,1.05921106618101));
#3337=DIRECTION('',(-0.0,1.0,6.12323399573676E-17));
#3338=DIRECTION('',(1.0,0.0,0.0));
#3339=ORIENTED_EDGE('',*,*,#5345,.F.);
#3340=ORIENTED_EDGE('',*,*,#5236,.T.);
#3341=ORIENTED_EDGE('',*,*,#5344,.T.);
#3342=ORIENTED_EDGE('',*,*,#5288,.T.);
#3343=CARTESIAN_POINT('',(-134.868612234339,-8.098003284703,1.52073152504795));
#3344=DIRECTION('',(2.10129995923774E-13,-0.00872653549858413,0.999961923064169));
#3345=DIRECTION('',(-3.73265855422342E-31,-0.999961923064169,-0.00872653549858413));
#3346=ORIENTED_EDGE('',*,*,#2037,.T.);
#3347=ORIENTED_EDGE('',*,*,#2032,.T.);
#3348=ORIENTED_EDGE('',*,*,#2056,.T.);
#3349=ORIENTED_EDGE('',*,*,#2059,.T.);
#3350=ORIENTED_EDGE('',*,*,#5346,.F.);
#3351=ORIENTED_EDGE('',*,*,#5347,.F.);
#3352=ORIENTED_EDGE('',*,*,#5348,.F.);
#3353=ORIENTED_EDGE('',*,*,#5296,.F.);
#3354=CARTESIAN_POINT('',(-3.4999842343395,-8.848003284703,-0.919051924654025));
#3355=DIRECTION('',(0.0,-1.0,-6.12323399573676E-17));
#3356=DIRECTION('',(0.0,-6.12323399573676E-17,1.0));
#3357=ORIENTED_EDGE('',*,*,#5342,.F.);
#3358=ORIENTED_EDGE('',*,*,#5349,.F.);
#3359=ORIENTED_EDGE('',*,*,#5346,.T.);
#3360=ORIENTED_EDGE('',*,*,#5295,.T.);
#3361=CARTESIAN_POINT('',(-138.368612234339,-8.348003284703,0.600000000029021));
#3362=DIRECTION('',(1.97485565320565E-13,-0.342020143325866,0.939692620785837));
#3363=DIRECTION('',(0.0,-0.939692620785837,-0.342020143325866));
#3364=ORIENTED_EDGE('',*,*,#5348,.T.);
#3365=ORIENTED_EDGE('',*,*,#5350,.F.);
#3366=ORIENTED_EDGE('',*,*,#5337,.F.);
#3367=ORIENTED_EDGE('',*,*,#5297,.F.);
#3368=CARTESIAN_POINT('',(-138.368612234339,-8.348003284703,-0.599999999970958));
#3369=DIRECTION('',(-1.9744368131653E-13,-0.342020143325471,-0.93969262078598));
#3370=DIRECTION('',(-1.0,5.77286704218003E-13,2.84254874658076E-29));
#3371=ORIENTED_EDGE('',*,*,#5351,.F.);
#3372=ORIENTED_EDGE('',*,*,#5206,.T.);
#3373=ORIENTED_EDGE('',*,*,#5287,.T.);
#3374=ORIENTED_EDGE('',*,*,#5335,.F.);
#3375=CARTESIAN_POINT('',(-3.4999842343395,-0.0750004289320204,-1.66561953451394));
#3376=DIRECTION('',(1.4798260059905E-13,0.710185375623292,0.704014724455962));
#3377=DIRECTION('',(-1.0,5.4869364182813E-30,2.10198161286194E-13));
#3378=ORIENTED_EDGE('',*,*,#5202,.F.);
#3379=ORIENTED_EDGE('',*,*,#5239,.F.);
#3380=ORIENTED_EDGE('',*,*,#5345,.T.);
#3381=ORIENTED_EDGE('',*,*,#5284,.T.);
#3382=CARTESIAN_POINT('',(1.57656614998558E-05,-0.0750004289330198,1.66574721022805));
#3383=DIRECTION('',(-1.47897135604719E-13,0.710185375623556,-0.704014724455695));
#3384=DIRECTION('',(1.0,-5.4943698162017E-30,-2.1007676468566E-13));
#3385=ORIENTED_EDGE('',*,*,#5352,.F.);
#3386=ORIENTED_EDGE('',*,*,#5353,.T.);
#3387=ORIENTED_EDGE('',*,*,#5354,.F.);
#3388=ORIENTED_EDGE('',*,*,#5226,.T.);
#3389=ORIENTED_EDGE('',*,*,#5355,.T.);
#3390=ORIENTED_EDGE('',*,*,#5356,.T.);
#3391=ORIENTED_EDGE('',*,*,#5357,.T.);
#3392=ORIENTED_EDGE('',*,*,#5358,.F.);
#3393=ORIENTED_EDGE('',*,*,#5359,.T.);
#3394=ORIENTED_EDGE('',*,*,#5323,.F.);
#3395=ORIENTED_EDGE('',*,*,#5322,.T.);
#3396=ORIENTED_EDGE('',*,*,#5319,.T.);
#3397=ORIENTED_EDGE('',*,*,#5317,.F.);
#3398=ORIENTED_EDGE('',*,*,#5210,.T.);
#3399=CARTESIAN_POINT('',(-5.74998423433947,-3.28470201023802E-06,-2.42583554362696));
#3400=DIRECTION('',(0.0,-6.12323399573676E-17,1.0));
#3401=DIRECTION('',(0.0,-1.0,-6.12323399573676E-17));
#3402=ORIENTED_EDGE('',*,*,#5360,.T.);
#3403=ORIENTED_EDGE('',*,*,#5361,.T.);
#3404=ORIENTED_EDGE('',*,*,#5362,.T.);
#3405=ORIENTED_EDGE('',*,*,#5363,.T.);
#3406=ORIENTED_EDGE('',*,*,#5364,.T.);
#3407=ORIENTED_EDGE('',*,*,#5365,.T.);
#3408=ORIENTED_EDGE('',*,*,#5366,.T.);
#3409=ORIENTED_EDGE('',*,*,#5367,.T.);
#3410=ORIENTED_EDGE('',*,*,#5218,.T.);
#3411=ORIENTED_EDGE('',*,*,#5332,.F.);
#3412=ORIENTED_EDGE('',*,*,#5330,.T.);
#3413=ORIENTED_EDGE('',*,*,#5328,.T.);
#3414=ORIENTED_EDGE('',*,*,#5327,.T.);
#3415=CARTESIAN_POINT('',(23.2500157656615,-3.28470300976644E-06,2.92596429834812));
#3416=DIRECTION('',(0.0,6.12323399573676E-17,-1.0));
#3417=DIRECTION('',(1.0,0.0,0.0));
#3418=ORIENTED_EDGE('',*,*,#5368,.T.);
#3419=ORIENTED_EDGE('',*,*,#5369,.T.);
#3420=ORIENTED_EDGE('',*,*,#5370,.T.);
#3421=ORIENTED_EDGE('',*,*,#5301,.T.);
#3422=ORIENTED_EDGE('',*,*,#5371,.F.);
#3423=ORIENTED_EDGE('',*,*,#5360,.F.);
#3424=ORIENTED_EDGE('',*,*,#5326,.T.);
#3425=ORIENTED_EDGE('',*,*,#5312,.T.);
#3426=ORIENTED_EDGE('',*,*,#5308,.F.);
#3427=ORIENTED_EDGE('',*,*,#5304,.F.);
#3428=ORIENTED_EDGE('',*,*,#5324,.T.);
#3429=ORIENTED_EDGE('',*,*,#5359,.F.);
#3430=ORIENTED_EDGE('',*,*,#5372,.F.);
#3431=ORIENTED_EDGE('',*,*,#5373,.F.);
#3432=ORIENTED_EDGE('',*,*,#5374,.F.);
#3433=ORIENTED_EDGE('',*,*,#5375,.T.);
#3434=ORIENTED_EDGE('',*,*,#5376,.F.);
#3435=ORIENTED_EDGE('',*,*,#5363,.F.);
#3436=ORIENTED_EDGE('',*,*,#5377,.F.);
#3437=ORIENTED_EDGE('',*,*,#5187,.F.);
#3438=ORIENTED_EDGE('',*,*,#5378,.T.);
#3439=ORIENTED_EDGE('',*,*,#5379,.T.);
#3440=ORIENTED_EDGE('',*,*,#5380,.T.);
#3441=ORIENTED_EDGE('',*,*,#5381,.T.);
#3442=ORIENTED_EDGE('',*,*,#5382,.T.);
#3443=ORIENTED_EDGE('',*,*,#5383,.T.);
#3444=ORIENTED_EDGE('',*,*,#5384,.T.);
#3445=ORIENTED_EDGE('',*,*,#5385,.T.);
#3446=ORIENTED_EDGE('',*,*,#5386,.F.);
#3447=ORIENTED_EDGE('',*,*,#5387,.T.);
#3448=ORIENTED_EDGE('',*,*,#5388,.T.);
#3449=ORIENTED_EDGE('',*,*,#5389,.T.);
#3450=ORIENTED_EDGE('',*,*,#5390,.T.);
#3451=ORIENTED_EDGE('',*,*,#5391,.T.);
#3452=ORIENTED_EDGE('',*,*,#5392,.T.);
#3453=ORIENTED_EDGE('',*,*,#5393,.T.);
#3454=ORIENTED_EDGE('',*,*,#5394,.F.);
#3455=ORIENTED_EDGE('',*,*,#5395,.T.);
#3456=ORIENTED_EDGE('',*,*,#5396,.T.);
#3457=ORIENTED_EDGE('',*,*,#5397,.T.);
#3458=ORIENTED_EDGE('',*,*,#5398,.T.);
#3459=ORIENTED_EDGE('',*,*,#5399,.T.);
#3460=ORIENTED_EDGE('',*,*,#5400,.T.);
#3461=ORIENTED_EDGE('',*,*,#5401,.T.);
#3462=ORIENTED_EDGE('',*,*,#5402,.T.);
#3463=ORIENTED_EDGE('',*,*,#5403,.T.);
#3464=ORIENTED_EDGE('',*,*,#5404,.T.);
#3465=ORIENTED_EDGE('',*,*,#5405,.T.);
#3466=ORIENTED_EDGE('',*,*,#5406,.F.);
#3467=ORIENTED_EDGE('',*,*,#5407,.T.);
#3468=ORIENTED_EDGE('',*,*,#5408,.F.);
#3469=ORIENTED_EDGE('',*,*,#5409,.T.);
#3470=ORIENTED_EDGE('',*,*,#5410,.T.);
#3471=ORIENTED_EDGE('',*,*,#5411,.T.);
#3472=ORIENTED_EDGE('',*,*,#5412,.T.);
#3473=ORIENTED_EDGE('',*,*,#5413,.T.);
#3474=ORIENTED_EDGE('',*,*,#5414,.T.);
#3475=ORIENTED_EDGE('',*,*,#5415,.T.);
#3476=ORIENTED_EDGE('',*,*,#5416,.T.);
#3477=ORIENTED_EDGE('',*,*,#5417,.T.);
#3478=ORIENTED_EDGE('',*,*,#5418,.T.);
#3479=ORIENTED_EDGE('',*,*,#5419,.T.);
#3480=ORIENTED_EDGE('',*,*,#5420,.T.);
#3481=ORIENTED_EDGE('',*,*,#5421,.T.);
#3482=ORIENTED_EDGE('',*,*,#5422,.T.);
#3483=ORIENTED_EDGE('',*,*,#5423,.T.);
#3484=ORIENTED_EDGE('',*,*,#5424,.F.);
#3485=ORIENTED_EDGE('',*,*,#5425,.T.);
#3486=CARTESIAN_POINT('',(26.1500181656625,-11.198003284703,-1.24898381709304));
#3487=DIRECTION('',(-0.0,1.0,6.12323399573676E-17));
#3488=DIRECTION('',(1.0,0.0,0.0));
#3489=ORIENTED_EDGE('',*,*,#2125,.T.);
#3490=ORIENTED_EDGE('',*,*,#2120,.T.);
#3491=ORIENTED_EDGE('',*,*,#2137,.T.);
#3492=ORIENTED_EDGE('',*,*,#2149,.T.);
#3493=ORIENTED_EDGE('',*,*,#5426,.F.);
#3494=ORIENTED_EDGE('',*,*,#5427,.F.);
#3495=ORIENTED_EDGE('',*,*,#5428,.F.);
#3496=ORIENTED_EDGE('',*,*,#5299,.F.);
#3497=CARTESIAN_POINT('',(-3.50000000000247,-10.698003284703,1.10367238688522E-13));
#3498=DIRECTION('',(0.0,-1.0,-6.12323399573676E-17));
#3499=DIRECTION('',(0.0,-6.12323399573676E-17,1.0));
#3500=ORIENTED_EDGE('',*,*,#5428,.T.);
#3501=ORIENTED_EDGE('',*,*,#5429,.F.);
#3502=ORIENTED_EDGE('',*,*,#5368,.F.);
#3503=ORIENTED_EDGE('',*,*,#5300,.F.);
#3504=CARTESIAN_POINT('',(-138.368612234339,-11.198003284703,0.600000000028022));
#3505=DIRECTION('',(-1.9744368131653E-13,-0.342020143325471,-0.93969262078598));
#3506=DIRECTION('',(-1.0,5.77286704218003E-13,2.84254874658076E-29));
#3507=ORIENTED_EDGE('',*,*,#5370,.F.);
#3508=ORIENTED_EDGE('',*,*,#5430,.F.);
#3509=ORIENTED_EDGE('',*,*,#5426,.T.);
#3510=ORIENTED_EDGE('',*,*,#5302,.T.);
#3511=CARTESIAN_POINT('',(-138.368612234339,-11.198003284703,-0.599999999971957));
#3512=DIRECTION('',(1.97485565320565E-13,-0.342020143325866,0.939692620785837));
#3513=DIRECTION('',(0.0,-0.939692620785837,-0.342020143325866));
#3514=ORIENTED_EDGE('',*,*,#5431,.T.);
#3515=ORIENTED_EDGE('',*,*,#5432,.T.);
#3516=ORIENTED_EDGE('',*,*,#5433,.F.);
#3517=ORIENTED_EDGE('',*,*,#5434,.F.);
#3518=CARTESIAN_POINT('',(-1.90898423433849,-9.29800328470301,-0.399936162144955));
#3519=DIRECTION('',(0.0,-6.12323399573676E-17,1.0));
#3520=DIRECTION('',(0.0,-1.0,-6.12323399573676E-17));
#3521=ORIENTED_EDGE('',*,*,#5435,.T.);
#3522=ORIENTED_EDGE('',*,*,#5192,.T.);
#3523=CARTESIAN_POINT('',(-1.52342501398949,-13.498003284705,2.02240549706101));
#3524=DIRECTION('',(0.0,-1.0,-6.12323399573676E-17));
#3525=DIRECTION('',(0.0,-6.12323399573676E-17,1.0));
#3526=ORIENTED_EDGE('',*,*,#5350,.T.);
#3527=ORIENTED_EDGE('',*,*,#5347,.T.);
#3528=ORIENTED_EDGE('',*,*,#5349,.T.);
#3529=ORIENTED_EDGE('',*,*,#5436,.F.);
#3530=CARTESIAN_POINT('',(-2.89999999985049,-8.34800328485506,722.882807402866));
#3531=DIRECTION('',(0.939692620785908,-0.342020143325669,-2.69356811220774E-13));
#3532=DIRECTION('',(0.0,-7.87546629861198E-13,1.0));
#3533=ORIENTED_EDGE('',*,*,#5436,.T.);
#3534=ORIENTED_EDGE('',*,*,#5341,.T.);
#3535=ORIENTED_EDGE('',*,*,#5343,.F.);
#3536=ORIENTED_EDGE('',*,*,#5338,.F.);
#3537=CARTESIAN_POINT('',(-2.90000000000248,-8.348003284703,0.600000000000044));
#3538=DIRECTION('',(-1.0,0.0,0.0));
#3539=DIRECTION('',(0.0,1.0,6.12323399573676E-17));
#3540=ORIENTED_EDGE('',*,*,#5437,.T.);
#3541=ORIENTED_EDGE('',*,*,#5438,.T.);
#3542=ORIENTED_EDGE('',*,*,#5431,.F.);
#3543=ORIENTED_EDGE('',*,*,#5439,.F.);
#3544=CARTESIAN_POINT('',(-1.59098423433848,-9.29800328470301,-0.649936162145038));
#3545=DIRECTION('',(-0.0,1.0,6.12323399573676E-17));
#3546=DIRECTION('',(1.0,0.0,0.0));
#3547=ORIENTED_EDGE('',*,*,#5440,.F.);
#3548=ORIENTED_EDGE('',*,*,#5441,.T.);
#3549=ORIENTED_EDGE('',*,*,#5442,.T.);
#3550=ORIENTED_EDGE('',*,*,#5432,.F.);
#3551=ORIENTED_EDGE('',*,*,#5438,.F.);
#3552=ORIENTED_EDGE('',*,*,#5443,.T.);
#3553=ORIENTED_EDGE('',*,*,#5444,.T.);
#3554=ORIENTED_EDGE('',*,*,#5445,.F.);
#3555=CARTESIAN_POINT('',(5.32451834947753,-10.498003284703,-0.211066604125954));
#3556=DIRECTION('',(0.0,-1.0,-6.12323399573676E-17));
#3557=DIRECTION('',(0.0,-6.12323399573676E-17,1.0));
#3558=ORIENTED_EDGE('',*,*,#5433,.T.);
#3559=ORIENTED_EDGE('',*,*,#5442,.F.);
#3560=ORIENTED_EDGE('',*,*,#5446,.F.);
#3561=ORIENTED_EDGE('',*,*,#5447,.T.);
#3562=CARTESIAN_POINT('',(-1.90898423433849,-9.29800328470301,-0.649936162145038));
#3563=DIRECTION('',(-0.0,-1.0,-6.12323399573676E-17));
#3564=DIRECTION('',(-1.0,0.0,0.0));
#3565=ORIENTED_EDGE('',*,*,#5447,.F.);
#3566=ORIENTED_EDGE('',*,*,#5448,.T.);
#3567=ORIENTED_EDGE('',*,*,#5449,.F.);
#3568=ORIENTED_EDGE('',*,*,#5450,.T.);
#3569=ORIENTED_EDGE('',*,*,#5451,.F.);
#3570=ORIENTED_EDGE('',*,*,#5452,.T.);
#3571=ORIENTED_EDGE('',*,*,#5453,.T.);
#3572=ORIENTED_EDGE('',*,*,#5454,.T.);
#3573=ORIENTED_EDGE('',*,*,#5455,.F.);
#3574=ORIENTED_EDGE('',*,*,#5456,.T.);
#3575=ORIENTED_EDGE('',*,*,#5457,.F.);
#3576=ORIENTED_EDGE('',*,*,#5458,.T.);
#3577=ORIENTED_EDGE('',*,*,#5459,.F.);
#3578=ORIENTED_EDGE('',*,*,#5460,.T.);
#3579=ORIENTED_EDGE('',*,*,#5439,.T.);
#3580=ORIENTED_EDGE('',*,*,#5434,.T.);
#3581=CARTESIAN_POINT('',(1.7500157656615,-9.29800328470301,1.163013837855));
#3582=DIRECTION('',(0.0,-1.0,-6.12323399573676E-17));
#3583=DIRECTION('',(0.0,-6.12323399573676E-17,1.0));
#3584=ORIENTED_EDGE('',*,*,#5191,.T.);
#3585=ORIENTED_EDGE('',*,*,#5189,.T.);
#3586=ORIENTED_EDGE('',*,*,#5461,.T.);
#3587=ORIENTED_EDGE('',*,*,#5193,.T.);
#3588=ORIENTED_EDGE('',*,*,#5435,.F.);
#3589=CARTESIAN_POINT('',(-1.7499842343375,-13.498003284705,2.22596829835009));
#3590=DIRECTION('',(-0.0,1.0,1.16715749483872E-16));
#3591=DIRECTION('',(0.0,1.16715749483872E-16,-1.0));
#3592=ORIENTED_EDGE('',*,*,#5462,.F.);
#3593=ORIENTED_EDGE('',*,*,#5463,.T.);
#3594=ORIENTED_EDGE('',*,*,#5464,.T.);
#3595=ORIENTED_EDGE('',*,*,#5465,.F.);
#3596=CARTESIAN_POINT('',(-0.5999999998505,-8.34800328485506,722.882807402865));
#3597=DIRECTION('',(-0.939692620785908,-0.342020143325669,1.2557243541632E-13));
#3598=DIRECTION('',(-0.342020143325669,0.939692620785908,5.75395780113854E-17));
#3599=ORIENTED_EDGE('',*,*,#5466,.T.);
#3600=ORIENTED_EDGE('',*,*,#5467,.T.);
#3601=ORIENTED_EDGE('',*,*,#5381,.F.);
#3602=ORIENTED_EDGE('',*,*,#5468,.F.);
#3603=CARTESIAN_POINT('',(-0.5999999998505,-11.198003284855,722.882807402865));
#3604=DIRECTION('',(0.939692620785908,-0.342020143325669,-2.69356811220774E-13));
#3605=DIRECTION('',(0.0,-7.87546629861198E-13,1.0));
#3606=ORIENTED_EDGE('',*,*,#5427,.T.);
#3607=ORIENTED_EDGE('',*,*,#5430,.T.);
#3608=ORIENTED_EDGE('',*,*,#5369,.F.);
#3609=ORIENTED_EDGE('',*,*,#5429,.T.);
#3610=CARTESIAN_POINT('',(-2.89999999985049,-11.198003284855,722.882807402866));
#3611=DIRECTION('',(-0.939692620785908,-0.342020143325669,1.2557243541632E-13));
#3612=DIRECTION('',(-0.342020143325669,0.939692620785908,5.75395780113854E-17));
#3613=ORIENTED_EDGE('',*,*,#5469,.T.);
#3614=ORIENTED_EDGE('',*,*,#5397,.F.);
#3615=ORIENTED_EDGE('',*,*,#5470,.F.);
#3616=ORIENTED_EDGE('',*,*,#5458,.F.);
#3617=CARTESIAN_POINT('',(-2.84998423433949,-9.29800328470301,-1.34093616214503));
#3618=DIRECTION('',(0.0,-6.12323399573676E-17,1.0));
#3619=DIRECTION('',(0.0,-1.0,-6.12323399573676E-17));
#3620=ORIENTED_EDGE('',*,*,#5470,.T.);
#3621=ORIENTED_EDGE('',*,*,#5396,.F.);
#3622=ORIENTED_EDGE('',*,*,#5471,.F.);
#3623=ORIENTED_EDGE('',*,*,#5459,.T.);
#3624=CARTESIAN_POINT('',(-0.84098423433948,-9.29800328470301,-0.84093616214498));
#3625=DIRECTION('',(0.0,1.0,6.12323399573676E-17));
#3626=DIRECTION('',(1.0,1.35963107344689E-29,-2.22044604925031E-13));
#3627=ORIENTED_EDGE('',*,*,#5471,.T.);
#3628=ORIENTED_EDGE('',*,*,#5395,.F.);
#3629=ORIENTED_EDGE('',*,*,#5472,.T.);
#3630=ORIENTED_EDGE('',*,*,#5443,.F.);
#3631=ORIENTED_EDGE('',*,*,#5437,.F.);
#3632=ORIENTED_EDGE('',*,*,#5460,.F.);
#3633=CARTESIAN_POINT('',(-1.34098423433848,-9.29800328470301,-0.649936162145038));
#3634=DIRECTION('',(1.0,0.0,0.0));
#3635=DIRECTION('',(0.0,6.12323399573676E-17,-1.0));
#3636=ORIENTED_EDGE('',*,*,#5394,.T.);
#3637=ORIENTED_EDGE('',*,*,#5473,.T.);
#3638=ORIENTED_EDGE('',*,*,#5444,.F.);
#3639=ORIENTED_EDGE('',*,*,#5472,.F.);
#3640=CARTESIAN_POINT('',(-1.59098423433848,177.170843576975,0.150063837895076));
#3641=DIRECTION('',(0.0,1.0,6.12323399573676E-17));
#3642=DIRECTION('',(0.0,-6.12323399573676E-17,1.0));
#3643=ORIENTED_EDGE('',*,*,#5393,.F.);
#3644=ORIENTED_EDGE('',*,*,#5474,.F.);
#3645=ORIENTED_EDGE('',*,*,#5445,.T.);
#3646=ORIENTED_EDGE('',*,*,#5473,.F.);
#3647=CARTESIAN_POINT('',(1.90901576566152,-9.29800328470301,0.400063837854957));
#3648=DIRECTION('',(0.0,6.12323399573676E-17,-1.0));
#3649=DIRECTION('',(1.0,0.0,0.0));
#3650=ORIENTED_EDGE('',*,*,#5392,.F.);
#3651=ORIENTED_EDGE('',*,*,#5475,.F.);
#3652=ORIENTED_EDGE('',*,*,#5440,.T.);
#3653=ORIENTED_EDGE('',*,*,#5474,.T.);
#3654=CARTESIAN_POINT('',(-1.90898423433849,177.170843576975,0.150063837895076));
#3655=DIRECTION('',(0.0,-1.0,-6.12323399573676E-17));
#3656=DIRECTION('',(0.0,6.12323399573676E-17,-1.0));
#3657=ORIENTED_EDGE('',*,*,#5391,.F.);
#3658=ORIENTED_EDGE('',*,*,#5476,.F.);
#3659=ORIENTED_EDGE('',*,*,#5448,.F.);
#3660=ORIENTED_EDGE('',*,*,#5446,.T.);
#3661=ORIENTED_EDGE('',*,*,#5441,.F.);
#3662=ORIENTED_EDGE('',*,*,#5475,.T.);
#3663=CARTESIAN_POINT('',(-2.15898423433849,-9.29800328470301,0.650063837855041));
#3664=DIRECTION('',(-1.0,0.0,0.0));
#3665=DIRECTION('',(0.0,1.0,6.12323399573676E-17));
#3666=ORIENTED_EDGE('',*,*,#5476,.T.);
#3667=ORIENTED_EDGE('',*,*,#5390,.F.);
#3668=ORIENTED_EDGE('',*,*,#5477,.F.);
#3669=ORIENTED_EDGE('',*,*,#5449,.T.);
#3670=CARTESIAN_POINT('',(-2.65898423433949,-9.29800328470301,-0.84093616214498));
#3671=DIRECTION('',(0.0,1.0,6.12323399573676E-17));
#3672=DIRECTION('',(1.0,1.35963107344689E-29,-2.22044604925031E-13));
#3673=ORIENTED_EDGE('',*,*,#5477,.T.);
#3674=ORIENTED_EDGE('',*,*,#5389,.F.);
#3675=ORIENTED_EDGE('',*,*,#5478,.F.);
#3676=ORIENTED_EDGE('',*,*,#5450,.F.);
#3677=CARTESIAN_POINT('',(-2.84998423433949,-9.29800328470301,-1.34093616214503));
#3678=DIRECTION('',(0.0,-6.12323399573676E-17,1.0));
#3679=DIRECTION('',(0.0,-1.0,-6.12323399573676E-17));
#3680=ORIENTED_EDGE('',*,*,#5478,.T.);
#3681=ORIENTED_EDGE('',*,*,#5388,.F.);
#3682=ORIENTED_EDGE('',*,*,#5479,.F.);
#3683=ORIENTED_EDGE('',*,*,#5451,.T.);
#3684=CARTESIAN_POINT('',(-2.84998423433949,-9.29800328470301,-1.59093616214501));
#3685=DIRECTION('',(-0.0,-1.0,-6.12323399573676E-17));
#3686=DIRECTION('',(-1.0,0.0,0.0));
#3687=ORIENTED_EDGE('',*,*,#5479,.T.);
#3688=ORIENTED_EDGE('',*,*,#5387,.F.);
#3689=ORIENTED_EDGE('',*,*,#5480,.F.);
#3690=ORIENTED_EDGE('',*,*,#5452,.F.);
#3691=CARTESIAN_POINT('',(-3.09998423433949,-9.29800328470301,-1.67583616214395));
#3692=DIRECTION('',(-1.0,0.0,0.0));
#3693=DIRECTION('',(0.0,1.0,6.12323399573676E-17));
#3694=ORIENTED_EDGE('',*,*,#5480,.T.);
#3695=ORIENTED_EDGE('',*,*,#5386,.T.);
#3696=ORIENTED_EDGE('',*,*,#5481,.F.);
#3697=ORIENTED_EDGE('',*,*,#5453,.F.);
#3698=CARTESIAN_POINT('',(-2.84998423433949,-9.29800328470301,-1.67583616214395));
#3699=DIRECTION('',(0.0,1.0,6.12323399573676E-17));
#3700=DIRECTION('',(2.22044604925056E-13,-6.12323399573676E-17,1.0));
#3701=ORIENTED_EDGE('',*,*,#5481,.T.);
#3702=ORIENTED_EDGE('',*,*,#5385,.F.);
#3703=ORIENTED_EDGE('',*,*,#5482,.F.);
#3704=ORIENTED_EDGE('',*,*,#5454,.F.);
#3705=CARTESIAN_POINT('',(-0.64998423433948,-9.29800328470301,-1.92583616214504));
#3706=DIRECTION('',(0.0,6.12323399573676E-17,-1.0));
#3707=DIRECTION('',(1.0,0.0,0.0));
#3708=ORIENTED_EDGE('',*,*,#5482,.T.);
#3709=ORIENTED_EDGE('',*,*,#5384,.F.);
#3710=ORIENTED_EDGE('',*,*,#5483,.F.);
#3711=ORIENTED_EDGE('',*,*,#5455,.T.);
#3712=CARTESIAN_POINT('',(-0.64998423433948,-9.29800328470301,-1.67583616214495));
#3713=DIRECTION('',(0.0,-1.0,-6.12323399573676E-17));
#3714=DIRECTION('',(-2.22044604925056E-13,6.12323399573676E-17,-1.0));
#3715=ORIENTED_EDGE('',*,*,#5483,.T.);
#3716=ORIENTED_EDGE('',*,*,#5383,.F.);
#3717=ORIENTED_EDGE('',*,*,#5484,.F.);
#3718=ORIENTED_EDGE('',*,*,#5456,.F.);
#3719=CARTESIAN_POINT('',(-0.39998423433948,-9.29800328470301,-1.59093616214501));
#3720=DIRECTION('',(1.0,0.0,0.0));
#3721=DIRECTION('',(0.0,6.12323399573676E-17,-1.0));
#3722=ORIENTED_EDGE('',*,*,#5484,.T.);
#3723=ORIENTED_EDGE('',*,*,#5382,.F.);
#3724=ORIENTED_EDGE('',*,*,#5469,.F.);
#3725=ORIENTED_EDGE('',*,*,#5457,.T.);
#3726=CARTESIAN_POINT('',(-0.64998423433948,-9.29800328470301,-1.59093616214501));
#3727=DIRECTION('',(-0.0,-1.0,-6.12323399573676E-17));
#3728=DIRECTION('',(-1.0,0.0,0.0));
#3729=ORIENTED_EDGE('',*,*,#5465,.T.);
#3730=ORIENTED_EDGE('',*,*,#5485,.T.);
#3731=ORIENTED_EDGE('',*,*,#5486,.T.);
#3732=ORIENTED_EDGE('',*,*,#5487,.F.);
#3733=CARTESIAN_POINT('',(-0.60000000000249,-8.348003284703,-0.599999999999935));
#3734=DIRECTION('',(1.0,0.0,0.0));
#3735=DIRECTION('',(0.0,6.12323399573676E-17,-1.0));
#3736=ORIENTED_EDGE('',*,*,#5186,.T.);
#3737=ORIENTED_EDGE('',*,*,#5194,.F.);
#3738=ORIENTED_EDGE('',*,*,#5461,.F.);
#3739=ORIENTED_EDGE('',*,*,#5188,.T.);
#3740=ORIENTED_EDGE('',*,*,#5377,.T.);
#3741=ORIENTED_EDGE('',*,*,#5362,.F.);
#3742=ORIENTED_EDGE('',*,*,#5361,.F.);
#3743=ORIENTED_EDGE('',*,*,#5371,.T.);
#3744=CARTESIAN_POINT('',(-1.7499842343375,-11.198003284703,2.22596829835109));
#3745=DIRECTION('',(1.42989639216818E-45,1.0,6.12323399573676E-17));
#3746=DIRECTION('',(-1.0,-9.71165052462057E-30,1.58603289232164E-13));
#3747=ORIENTED_EDGE('',*,*,#5251,.F.);
#3748=ORIENTED_EDGE('',*,*,#5248,.F.);
#3749=ORIENTED_EDGE('',*,*,#5245,.F.);
#3750=ORIENTED_EDGE('',*,*,#5488,.F.);
#3751=ORIENTED_EDGE('',*,*,#5489,.F.);
#3752=ORIENTED_EDGE('',*,*,#5490,.T.);
#3753=ORIENTED_EDGE('',*,*,#5491,.T.);
#3754=ORIENTED_EDGE('',*,*,#5486,.F.);
#3755=CARTESIAN_POINT('',(-3.4999842343385,-8.098003284703,1.05921106618101));
#3756=DIRECTION('',(-0.0,1.0,6.12323399573676E-17));
#3757=DIRECTION('',(1.0,0.0,0.0));
#3758=ORIENTED_EDGE('',*,*,#5492,.T.);
#3759=ORIENTED_EDGE('',*,*,#5493,.T.);
#3760=ORIENTED_EDGE('',*,*,#5489,.T.);
#3761=ORIENTED_EDGE('',*,*,#5485,.F.);
#3762=CARTESIAN_POINT('',(-2.90000000000248,-8.348003284703,-0.599999999999935));
#3763=DIRECTION('',(0.0,-6.12323399573676E-17,1.0));
#3764=DIRECTION('',(0.0,-1.0,-6.12323399573676E-17));
#3765=ORIENTED_EDGE('',*,*,#5491,.F.);
#3766=ORIENTED_EDGE('',*,*,#5494,.F.);
#3767=ORIENTED_EDGE('',*,*,#5495,.T.);
#3768=ORIENTED_EDGE('',*,*,#5487,.T.);
#3769=CARTESIAN_POINT('',(-4.10000000000249,-8.348003284703,0.600000000001043));
#3770=DIRECTION('',(0.0,6.12323399573676E-17,-1.0));
#3771=DIRECTION('',(1.0,0.0,0.0));
#3772=ORIENTED_EDGE('',*,*,#5496,.T.);
#3773=ORIENTED_EDGE('',*,*,#5252,.T.);
#3774=ORIENTED_EDGE('',*,*,#5488,.T.);
#3775=ORIENTED_EDGE('',*,*,#5244,.T.);
#3776=CARTESIAN_POINT('',(-134.868612234339,-8.098003284703,1.52073152504795));
#3777=DIRECTION('',(2.10129995923774E-13,-0.00872653549858413,0.999961923064169));
#3778=DIRECTION('',(-3.73265855422342E-31,-0.999961923064169,-0.00872653549858413));
#3779=ORIENTED_EDGE('',*,*,#2008,.T.);
#3780=ORIENTED_EDGE('',*,*,#2003,.T.);
#3781=ORIENTED_EDGE('',*,*,#2027,.T.);
#3782=ORIENTED_EDGE('',*,*,#2030,.T.);
#3783=ORIENTED_EDGE('',*,*,#5497,.F.);
#3784=ORIENTED_EDGE('',*,*,#5498,.F.);
#3785=ORIENTED_EDGE('',*,*,#5499,.F.);
#3786=ORIENTED_EDGE('',*,*,#5463,.F.);
#3787=CARTESIAN_POINT('',(-3.4999842343395,-8.848003284703,-0.919051924654025));
#3788=DIRECTION('',(0.0,-1.0,-6.12323399573676E-17));
#3789=DIRECTION('',(0.0,-6.12323399573676E-17,1.0));
#3790=ORIENTED_EDGE('',*,*,#5495,.F.);
#3791=ORIENTED_EDGE('',*,*,#5500,.F.);
#3792=ORIENTED_EDGE('',*,*,#5497,.T.);
#3793=ORIENTED_EDGE('',*,*,#5462,.T.);
#3794=CARTESIAN_POINT('',(-138.368612234339,-8.348003284703,0.600000000029021));
#3795=DIRECTION('',(1.97485565320565E-13,-0.342020143325866,0.939692620785837));
#3796=DIRECTION('',(0.0,-0.939692620785837,-0.342020143325866));
#3797=ORIENTED_EDGE('',*,*,#5499,.T.);
#3798=ORIENTED_EDGE('',*,*,#5501,.F.);
#3799=ORIENTED_EDGE('',*,*,#5492,.F.);
#3800=ORIENTED_EDGE('',*,*,#5464,.F.);
#3801=CARTESIAN_POINT('',(-138.368612234339,-8.348003284703,-0.599999999970958));
#3802=DIRECTION('',(-1.9744368131653E-13,-0.342020143325471,-0.93969262078598));
#3803=DIRECTION('',(-1.0,5.77286704218003E-13,2.84254874658076E-29));
#3804=ORIENTED_EDGE('',*,*,#5198,.T.);
#3805=ORIENTED_EDGE('',*,*,#5255,.T.);
#3806=ORIENTED_EDGE('',*,*,#5496,.F.);
#3807=ORIENTED_EDGE('',*,*,#5242,.T.);
#3808=CARTESIAN_POINT('',(1.57656614998558E-05,-0.0750004289330198,1.66574721022805));
#3809=DIRECTION('',(-1.47897135604719E-13,0.710185375623556,-0.704014724455695));
#3810=DIRECTION('',(1.0,-5.4943698162017E-30,-2.1007676468566E-13));
#3811=ORIENTED_EDGE('',*,*,#2184,.T.);
#3812=ORIENTED_EDGE('',*,*,#2179,.T.);
#3813=ORIENTED_EDGE('',*,*,#2188,.T.);
#3814=ORIENTED_EDGE('',*,*,#2192,.T.);
#3815=ORIENTED_EDGE('',*,*,#5502,.F.);
#3816=ORIENTED_EDGE('',*,*,#5503,.F.);
#3817=ORIENTED_EDGE('',*,*,#5504,.F.);
#3818=ORIENTED_EDGE('',*,*,#5466,.F.);
#3819=CARTESIAN_POINT('',(-3.50000000000247,-10.698003284703,1.10367238688522E-13));
#3820=DIRECTION('',(0.0,-1.0,-6.12323399573676E-17));
#3821=DIRECTION('',(0.0,-6.12323399573676E-17,1.0));
#3822=ORIENTED_EDGE('',*,*,#5504,.T.);
#3823=ORIENTED_EDGE('',*,*,#5505,.F.);
#3824=ORIENTED_EDGE('',*,*,#5378,.F.);
#3825=ORIENTED_EDGE('',*,*,#5467,.F.);
#3826=CARTESIAN_POINT('',(-138.368612234339,-11.198003284703,0.600000000028022));
#3827=DIRECTION('',(-1.9744368131653E-13,-0.342020143325471,-0.93969262078598));
#3828=DIRECTION('',(-1.0,5.77286704218003E-13,2.84254874658076E-29));
#3829=ORIENTED_EDGE('',*,*,#5380,.F.);
#3830=ORIENTED_EDGE('',*,*,#5506,.F.);
#3831=ORIENTED_EDGE('',*,*,#5502,.T.);
#3832=ORIENTED_EDGE('',*,*,#5468,.T.);
#3833=CARTESIAN_POINT('',(-138.368612234339,-11.198003284703,-0.599999999971957));
#3834=DIRECTION('',(1.97485565320565E-13,-0.342020143325866,0.939692620785837));
#3835=DIRECTION('',(0.0,-0.939692620785837,-0.342020143325866));
#3836=ORIENTED_EDGE('',*,*,#5507,.T.);
#3837=ORIENTED_EDGE('',*,*,#5508,.F.);
#3838=ORIENTED_EDGE('',*,*,#5509,.F.);
#3839=ORIENTED_EDGE('',*,*,#5510,.F.);
#3840=CARTESIAN_POINT('',(1.90901576566152,-9.29800328470301,0.400063837854957));
#3841=DIRECTION('',(0.0,6.12323399573676E-17,-1.0));
#3842=DIRECTION('',(1.0,0.0,0.0));
#3843=ORIENTED_EDGE('',*,*,#5511,.T.);
#3844=ORIENTED_EDGE('',*,*,#5512,.T.);
#3845=ORIENTED_EDGE('',*,*,#5513,.F.);
#3846=ORIENTED_EDGE('',*,*,#5514,.F.);
#3847=CARTESIAN_POINT('',(-1.90898423433849,-9.29800328470301,-0.399936162144955));
#3848=DIRECTION('',(0.0,-6.12323399573676E-17,1.0));
#3849=DIRECTION('',(0.0,-1.0,-6.12323399573676E-17));
#3850=ORIENTED_EDGE('',*,*,#5501,.T.);
#3851=ORIENTED_EDGE('',*,*,#5498,.T.);
#3852=ORIENTED_EDGE('',*,*,#5500,.T.);
#3853=ORIENTED_EDGE('',*,*,#5515,.F.);
#3854=CARTESIAN_POINT('',(0.60000000014951,-8.34800328485506,722.882807402865));
#3855=DIRECTION('',(0.939692620785908,-0.342020143325669,-2.69356811220774E-13));
#3856=DIRECTION('',(0.0,-7.87546629861198E-13,1.0));
#3857=ORIENTED_EDGE('',*,*,#5515,.T.);
#3858=ORIENTED_EDGE('',*,*,#5494,.T.);
#3859=ORIENTED_EDGE('',*,*,#5490,.F.);
#3860=ORIENTED_EDGE('',*,*,#5493,.F.);
#3861=CARTESIAN_POINT('',(0.599999999997531,-8.348003284703,0.600000000000044));
#3862=DIRECTION('',(-1.0,0.0,0.0));
#3863=DIRECTION('',(0.0,1.0,6.12323399573676E-17));
#3864=ORIENTED_EDGE('',*,*,#5516,.T.);
#3865=ORIENTED_EDGE('',*,*,#5517,.T.);
#3866=ORIENTED_EDGE('',*,*,#5511,.F.);
#3867=ORIENTED_EDGE('',*,*,#5518,.F.);
#3868=CARTESIAN_POINT('',(1.90901576566152,-9.29800328470301,-0.649936162145038));
#3869=DIRECTION('',(-0.0,1.0,6.12323399573676E-17));
#3870=DIRECTION('',(1.0,0.0,0.0));
#3871=ORIENTED_EDGE('',*,*,#5509,.T.);
#3872=ORIENTED_EDGE('',*,*,#5519,.T.);
#3873=ORIENTED_EDGE('',*,*,#5520,.F.);
#3874=ORIENTED_EDGE('',*,*,#5521,.F.);
#3875=CARTESIAN_POINT('',(1.90901576566152,-9.29800328470301,0.650063837855041));
#3876=DIRECTION('',(-0.0,1.0,6.12323399573676E-17));
#3877=DIRECTION('',(1.0,0.0,0.0));
#3878=ORIENTED_EDGE('',*,*,#5522,.F.);
#3879=ORIENTED_EDGE('',*,*,#5523,.T.);
#3880=ORIENTED_EDGE('',*,*,#5524,.T.);
#3881=ORIENTED_EDGE('',*,*,#5525,.T.);
#3882=ORIENTED_EDGE('',*,*,#5526,.T.);
#3883=ORIENTED_EDGE('',*,*,#5527,.T.);
#3884=ORIENTED_EDGE('',*,*,#5528,.F.);
#3885=ORIENTED_EDGE('',*,*,#5510,.T.);
#3886=ORIENTED_EDGE('',*,*,#5521,.T.);
#3887=ORIENTED_EDGE('',*,*,#5529,.T.);
#3888=ORIENTED_EDGE('',*,*,#5530,.F.);
#3889=ORIENTED_EDGE('',*,*,#5531,.T.);
#3890=ORIENTED_EDGE('',*,*,#5532,.F.);
#3891=ORIENTED_EDGE('',*,*,#5533,.T.);
#3892=ORIENTED_EDGE('',*,*,#5534,.F.);
#3893=ORIENTED_EDGE('',*,*,#5535,.T.);
#3894=CARTESIAN_POINT('',(1.7500157656615,-9.29800328470301,1.163013837855));
#3895=DIRECTION('',(0.0,-1.0,-6.12323399573676E-17));
#3896=DIRECTION('',(0.0,-6.12323399573676E-17,1.0));
#3897=ORIENTED_EDGE('',*,*,#5536,.T.);
#3898=ORIENTED_EDGE('',*,*,#5537,.F.);
#3899=ORIENTED_EDGE('',*,*,#5507,.F.);
#3900=ORIENTED_EDGE('',*,*,#5528,.T.);
#3901=CARTESIAN_POINT('',(1.59101576566151,-9.29800328470301,0.650063837855041));
#3902=DIRECTION('',(-0.0,-1.0,-6.12323399573676E-17));
#3903=DIRECTION('',(-1.0,0.0,0.0));
#3904=ORIENTED_EDGE('',*,*,#5537,.T.);
#3905=ORIENTED_EDGE('',*,*,#5538,.T.);
#3906=ORIENTED_EDGE('',*,*,#5539,.T.);
#3907=ORIENTED_EDGE('',*,*,#5512,.F.);
#3908=ORIENTED_EDGE('',*,*,#5517,.F.);
#3909=ORIENTED_EDGE('',*,*,#5540,.T.);
#3910=ORIENTED_EDGE('',*,*,#5519,.F.);
#3911=ORIENTED_EDGE('',*,*,#5508,.T.);
#3912=CARTESIAN_POINT('',(5.32451834947753,-10.498003284703,-0.211066604125954));
#3913=DIRECTION('',(0.0,-1.0,-6.12323399573676E-17));
#3914=DIRECTION('',(0.0,-6.12323399573676E-17,1.0));
#3915=ORIENTED_EDGE('',*,*,#5513,.T.);
#3916=ORIENTED_EDGE('',*,*,#5539,.F.);
#3917=ORIENTED_EDGE('',*,*,#5541,.F.);
#3918=ORIENTED_EDGE('',*,*,#5542,.T.);
#3919=CARTESIAN_POINT('',(1.59101576566151,-9.29800328470301,-0.649936162145038));
#3920=DIRECTION('',(-0.0,-1.0,-6.12323399573676E-17));
#3921=DIRECTION('',(-1.0,0.0,0.0));
#3922=ORIENTED_EDGE('',*,*,#5542,.F.);
#3923=ORIENTED_EDGE('',*,*,#5543,.T.);
#3924=ORIENTED_EDGE('',*,*,#5544,.F.);
#3925=ORIENTED_EDGE('',*,*,#5545,.T.);
#3926=ORIENTED_EDGE('',*,*,#5546,.F.);
#3927=ORIENTED_EDGE('',*,*,#5547,.T.);
#3928=ORIENTED_EDGE('',*,*,#5548,.T.);
#3929=ORIENTED_EDGE('',*,*,#5549,.T.);
#3930=ORIENTED_EDGE('',*,*,#5550,.F.);
#3931=ORIENTED_EDGE('',*,*,#5551,.T.);
#3932=ORIENTED_EDGE('',*,*,#5552,.F.);
#3933=ORIENTED_EDGE('',*,*,#5553,.T.);
#3934=ORIENTED_EDGE('',*,*,#5554,.F.);
#3935=ORIENTED_EDGE('',*,*,#5555,.T.);
#3936=ORIENTED_EDGE('',*,*,#5518,.T.);
#3937=ORIENTED_EDGE('',*,*,#5514,.T.);
#3938=CARTESIAN_POINT('',(1.7500157656615,-9.29800328470301,1.163013837855));
#3939=DIRECTION('',(0.0,-1.0,-6.12323399573676E-17));
#3940=DIRECTION('',(0.0,-6.12323399573676E-17,1.0));
#3941=ORIENTED_EDGE('',*,*,#5556,.F.);
#3942=ORIENTED_EDGE('',*,*,#5557,.T.);
#3943=ORIENTED_EDGE('',*,*,#5558,.T.);
#3944=ORIENTED_EDGE('',*,*,#5559,.F.);
#3945=CARTESIAN_POINT('',(2.90000000014951,-8.34800328485506,722.882807402864));
#3946=DIRECTION('',(-0.939692620785908,-0.342020143325669,1.2557243541632E-13));
#3947=DIRECTION('',(-0.342020143325669,0.939692620785908,5.75395780113854E-17));
#3948=ORIENTED_EDGE('',*,*,#5559,.T.);
#3949=ORIENTED_EDGE('',*,*,#5560,.T.);
#3950=ORIENTED_EDGE('',*,*,#5561,.T.);
#3951=ORIENTED_EDGE('',*,*,#5562,.F.);
#3952=CARTESIAN_POINT('',(2.89999999999752,-8.348003284703,-0.600000000000934));
#3953=DIRECTION('',(1.0,0.0,0.0));
#3954=DIRECTION('',(0.0,6.12323399573676E-17,-1.0));
#3955=ORIENTED_EDGE('',*,*,#5563,.T.);
#3956=ORIENTED_EDGE('',*,*,#5564,.T.);
#3957=ORIENTED_EDGE('',*,*,#5401,.F.);
#3958=ORIENTED_EDGE('',*,*,#5565,.F.);
#3959=CARTESIAN_POINT('',(2.90000000014951,-11.198003284855,722.882807402864));
#3960=DIRECTION('',(0.939692620785908,-0.342020143325669,-2.69356811220774E-13));
#3961=DIRECTION('',(0.0,-7.87546629861198E-13,1.0));
#3962=ORIENTED_EDGE('',*,*,#5503,.T.);
#3963=ORIENTED_EDGE('',*,*,#5506,.T.);
#3964=ORIENTED_EDGE('',*,*,#5379,.F.);
#3965=ORIENTED_EDGE('',*,*,#5505,.T.);
#3966=CARTESIAN_POINT('',(0.60000000014951,-11.198003284855,722.882807402865));
#3967=DIRECTION('',(-0.939692620785908,-0.342020143325669,1.2557243541632E-13));
#3968=DIRECTION('',(-0.342020143325669,0.939692620785908,5.75395780113854E-17));
#3969=ORIENTED_EDGE('',*,*,#5566,.T.);
#3970=ORIENTED_EDGE('',*,*,#5425,.F.);
#3971=ORIENTED_EDGE('',*,*,#5567,.F.);
#3972=ORIENTED_EDGE('',*,*,#5547,.F.);
#3973=CARTESIAN_POINT('',(0.40001576566152,-9.29800328470301,1.59106383785501));
#3974=DIRECTION('',(-1.0,0.0,0.0));
#3975=DIRECTION('',(0.0,1.0,6.12323399573676E-17));
#3976=ORIENTED_EDGE('',*,*,#5567,.T.);
#3977=ORIENTED_EDGE('',*,*,#5424,.T.);
#3978=ORIENTED_EDGE('',*,*,#5568,.F.);
#3979=ORIENTED_EDGE('',*,*,#5548,.F.);
#3980=CARTESIAN_POINT('',(0.65001576566051,-9.29800328470301,-1.67583616214495));
#3981=DIRECTION('',(0.0,1.0,6.12323399573676E-17));
#3982=DIRECTION('',(2.22044604925056E-13,-6.12323399573676E-17,1.0));
#3983=ORIENTED_EDGE('',*,*,#5568,.T.);
#3984=ORIENTED_EDGE('',*,*,#5423,.F.);
#3985=ORIENTED_EDGE('',*,*,#5569,.F.);
#3986=ORIENTED_EDGE('',*,*,#5549,.F.);
#3987=CARTESIAN_POINT('',(-0.64998423433948,-9.29800328470301,-1.92583616214504));
#3988=DIRECTION('',(0.0,6.12323399573676E-17,-1.0));
#3989=DIRECTION('',(1.0,0.0,0.0));
#3990=ORIENTED_EDGE('',*,*,#5569,.T.);
#3991=ORIENTED_EDGE('',*,*,#5422,.F.);
#3992=ORIENTED_EDGE('',*,*,#5570,.F.);
#3993=ORIENTED_EDGE('',*,*,#5550,.T.);
#3994=CARTESIAN_POINT('',(2.85001576566052,-9.29800328470301,-1.67583616214595));
#3995=DIRECTION('',(0.0,-1.0,-6.12323399573676E-17));
#3996=DIRECTION('',(-2.22044604925056E-13,6.12323399573676E-17,-1.0));
#3997=ORIENTED_EDGE('',*,*,#5570,.T.);
#3998=ORIENTED_EDGE('',*,*,#5421,.F.);
#3999=ORIENTED_EDGE('',*,*,#5571,.F.);
#4000=ORIENTED_EDGE('',*,*,#5551,.F.);
#4001=CARTESIAN_POINT('',(3.10001576566152,-9.29800328470301,1.67596383785395));
#4002=DIRECTION('',(1.0,0.0,0.0));
#4003=DIRECTION('',(0.0,6.12323399573676E-17,-1.0));
#4004=ORIENTED_EDGE('',*,*,#5571,.T.);
#4005=ORIENTED_EDGE('',*,*,#5420,.F.);
#4006=ORIENTED_EDGE('',*,*,#5572,.F.);
#4007=ORIENTED_EDGE('',*,*,#5552,.T.);
#4008=CARTESIAN_POINT('',(2.85001576566052,-9.29800328470301,-1.590936162146));
#4009=DIRECTION('',(-0.0,-1.0,-6.12323399573676E-17));
#4010=DIRECTION('',(-1.0,0.0,0.0));
#4011=ORIENTED_EDGE('',*,*,#5572,.T.);
#4012=ORIENTED_EDGE('',*,*,#5419,.F.);
#4013=ORIENTED_EDGE('',*,*,#5573,.F.);
#4014=ORIENTED_EDGE('',*,*,#5553,.F.);
#4015=CARTESIAN_POINT('',(-2.84998423433949,-9.29800328470301,-1.34093616214503));
#4016=DIRECTION('',(0.0,-6.12323399573676E-17,1.0));
#4017=DIRECTION('',(0.0,-1.0,-6.12323399573676E-17));
#4018=ORIENTED_EDGE('',*,*,#5573,.T.);
#4019=ORIENTED_EDGE('',*,*,#5418,.F.);
#4020=ORIENTED_EDGE('',*,*,#5574,.F.);
#4021=ORIENTED_EDGE('',*,*,#5554,.T.);
#4022=CARTESIAN_POINT('',(2.65901576566053,-9.29800328470301,-0.840936162145979));
#4023=DIRECTION('',(0.0,1.0,6.12323399573676E-17));
#4024=DIRECTION('',(1.0,1.35963107344689E-29,-2.22044604925031E-13));
#4025=ORIENTED_EDGE('',*,*,#5574,.T.);
#4026=ORIENTED_EDGE('',*,*,#5417,.F.);
#4027=ORIENTED_EDGE('',*,*,#5575,.F.);
#4028=ORIENTED_EDGE('',*,*,#5529,.F.);
#4029=ORIENTED_EDGE('',*,*,#5520,.T.);
#4030=ORIENTED_EDGE('',*,*,#5540,.F.);
#4031=ORIENTED_EDGE('',*,*,#5516,.F.);
#4032=ORIENTED_EDGE('',*,*,#5555,.F.);
#4033=CARTESIAN_POINT('',(2.15901576566152,-9.29800328470301,-0.649936162146037));
#4034=DIRECTION('',(1.0,0.0,0.0));
#4035=DIRECTION('',(0.0,6.12323399573676E-17,-1.0));
#4036=ORIENTED_EDGE('',*,*,#5575,.T.);
#4037=ORIENTED_EDGE('',*,*,#5416,.F.);
#4038=ORIENTED_EDGE('',*,*,#5576,.F.);
#4039=ORIENTED_EDGE('',*,*,#5530,.T.);
#4040=CARTESIAN_POINT('',(2.65901576566152,-9.29800328470301,0.841063837853983));
#4041=DIRECTION('',(0.0,1.0,6.12323399573676E-17));
#4042=DIRECTION('',(1.0,1.35963107344689E-29,-2.22044604925031E-13));
#4043=ORIENTED_EDGE('',*,*,#5576,.T.);
#4044=ORIENTED_EDGE('',*,*,#5415,.F.);
#4045=ORIENTED_EDGE('',*,*,#5577,.F.);
#4046=ORIENTED_EDGE('',*,*,#5531,.F.);
#4047=CARTESIAN_POINT('',(0.84101576566151,-9.29800328470301,1.34106383785504));
#4048=DIRECTION('',(0.0,6.12323399573676E-17,-1.0));
#4049=DIRECTION('',(1.0,0.0,0.0));
#4050=ORIENTED_EDGE('',*,*,#5577,.T.);
#4051=ORIENTED_EDGE('',*,*,#5414,.F.);
#4052=ORIENTED_EDGE('',*,*,#5578,.F.);
#4053=ORIENTED_EDGE('',*,*,#5532,.T.);
#4054=CARTESIAN_POINT('',(2.85001576566152,-9.29800328470301,1.59106383785401));
#4055=DIRECTION('',(-0.0,-1.0,-6.12323399573676E-17));
#4056=DIRECTION('',(-1.0,0.0,0.0));
#4057=ORIENTED_EDGE('',*,*,#5578,.T.);
#4058=ORIENTED_EDGE('',*,*,#5413,.F.);
#4059=ORIENTED_EDGE('',*,*,#5579,.F.);
#4060=ORIENTED_EDGE('',*,*,#5533,.F.);
#4061=CARTESIAN_POINT('',(3.10001576566152,-9.29800328470301,1.67596383785395));
#4062=DIRECTION('',(1.0,0.0,0.0));
#4063=DIRECTION('',(0.0,6.12323399573676E-17,-1.0));
#4064=ORIENTED_EDGE('',*,*,#5579,.T.);
#4065=ORIENTED_EDGE('',*,*,#5412,.F.);
#4066=ORIENTED_EDGE('',*,*,#5580,.F.);
#4067=ORIENTED_EDGE('',*,*,#5534,.T.);
#4068=CARTESIAN_POINT('',(2.85001576566152,-9.29800328470301,1.67596383785395));
#4069=DIRECTION('',(0.0,-1.0,-6.12323399573676E-17));
#4070=DIRECTION('',(-2.22044604925056E-13,6.12323399573676E-17,-1.0));
#4071=ORIENTED_EDGE('',*,*,#5580,.T.);
#4072=ORIENTED_EDGE('',*,*,#5411,.F.);
#4073=ORIENTED_EDGE('',*,*,#5581,.F.);
#4074=ORIENTED_EDGE('',*,*,#5535,.F.);
#4075=CARTESIAN_POINT('',(0.650015765661521,-9.29800328470301,1.92596383785504));
#4076=DIRECTION('',(0.0,-6.12323399573676E-17,1.0));
#4077=DIRECTION('',(0.0,-1.0,-6.12323399573676E-17));
#4078=ORIENTED_EDGE('',*,*,#5581,.T.);
#4079=ORIENTED_EDGE('',*,*,#5410,.F.);
#4080=ORIENTED_EDGE('',*,*,#5582,.F.);
#4081=ORIENTED_EDGE('',*,*,#5522,.T.);
#4082=CARTESIAN_POINT('',(0.650015765661521,-9.29800328470301,1.67596383785496));
#4083=DIRECTION('',(0.0,-1.0,-6.12323399573676E-17));
#4084=DIRECTION('',(-2.22044604925056E-13,6.12323399573676E-17,-1.0));
#4085=ORIENTED_EDGE('',*,*,#5582,.T.);
#4086=ORIENTED_EDGE('',*,*,#5409,.F.);
#4087=ORIENTED_EDGE('',*,*,#5583,.F.);
#4088=ORIENTED_EDGE('',*,*,#5523,.F.);
#4089=CARTESIAN_POINT('',(0.40001576566152,-9.29800328470301,1.59106383785501));
#4090=DIRECTION('',(-1.0,0.0,0.0));
#4091=DIRECTION('',(0.0,1.0,6.12323399573676E-17));
#4092=ORIENTED_EDGE('',*,*,#5583,.T.);
#4093=ORIENTED_EDGE('',*,*,#5408,.T.);
#4094=ORIENTED_EDGE('',*,*,#5584,.F.);
#4095=ORIENTED_EDGE('',*,*,#5524,.F.);
#4096=CARTESIAN_POINT('',(0.650015765661521,-9.29800328470301,1.59106383785501));
#4097=DIRECTION('',(-0.0,1.0,6.12323399573676E-17));
#4098=DIRECTION('',(1.0,0.0,0.0));
#4099=ORIENTED_EDGE('',*,*,#5584,.T.);
#4100=ORIENTED_EDGE('',*,*,#5407,.F.);
#4101=ORIENTED_EDGE('',*,*,#5585,.F.);
#4102=ORIENTED_EDGE('',*,*,#5525,.F.);
#4103=CARTESIAN_POINT('',(0.84101576566151,-9.29800328470301,1.34106383785504));
#4104=DIRECTION('',(0.0,6.12323399573676E-17,-1.0));
#4105=DIRECTION('',(1.0,0.0,0.0));
#4106=ORIENTED_EDGE('',*,*,#5585,.T.);
#4107=ORIENTED_EDGE('',*,*,#5406,.T.);
#4108=ORIENTED_EDGE('',*,*,#5586,.F.);
#4109=ORIENTED_EDGE('',*,*,#5526,.F.);
#4110=CARTESIAN_POINT('',(0.84101576566151,-9.29800328470301,0.841063837854982));
#4111=DIRECTION('',(0.0,-1.0,-6.12323399573676E-17));
#4112=DIRECTION('',(-1.0,-1.35963107344689E-29,2.22044604925031E-13));
#4113=ORIENTED_EDGE('',*,*,#5586,.T.);
#4114=ORIENTED_EDGE('',*,*,#5405,.F.);
#4115=ORIENTED_EDGE('',*,*,#5587,.F.);
#4116=ORIENTED_EDGE('',*,*,#5543,.F.);
#4117=ORIENTED_EDGE('',*,*,#5541,.T.);
#4118=ORIENTED_EDGE('',*,*,#5538,.F.);
#4119=ORIENTED_EDGE('',*,*,#5536,.F.);
#4120=ORIENTED_EDGE('',*,*,#5527,.F.);
#4121=CARTESIAN_POINT('',(1.34101576566151,-9.29800328470301,0.650063837855041));
#4122=DIRECTION('',(-1.0,0.0,0.0));
#4123=DIRECTION('',(0.0,1.0,6.12323399573676E-17));
#4124=ORIENTED_EDGE('',*,*,#5587,.T.);
#4125=ORIENTED_EDGE('',*,*,#5404,.F.);
#4126=ORIENTED_EDGE('',*,*,#5588,.F.);
#4127=ORIENTED_EDGE('',*,*,#5544,.T.);
#4128=CARTESIAN_POINT('',(0.84101576566051,-9.29800328470301,-0.84093616214498));
#4129=DIRECTION('',(0.0,1.0,6.12323399573676E-17));
#4130=DIRECTION('',(1.0,1.35963107344689E-29,-2.22044604925031E-13));
#4131=ORIENTED_EDGE('',*,*,#5588,.T.);
#4132=ORIENTED_EDGE('',*,*,#5403,.F.);
#4133=ORIENTED_EDGE('',*,*,#5589,.F.);
#4134=ORIENTED_EDGE('',*,*,#5545,.F.);
#4135=CARTESIAN_POINT('',(-2.84998423433949,-9.29800328470301,-1.34093616214503));
#4136=DIRECTION('',(0.0,-6.12323399573676E-17,1.0));
#4137=DIRECTION('',(0.0,-1.0,-6.12323399573676E-17));
#4138=ORIENTED_EDGE('',*,*,#5589,.T.);
#4139=ORIENTED_EDGE('',*,*,#5402,.F.);
#4140=ORIENTED_EDGE('',*,*,#5566,.F.);
#4141=ORIENTED_EDGE('',*,*,#5546,.T.);
#4142=CARTESIAN_POINT('',(0.65001576566051,-9.29800328470301,-1.59093616214501));
#4143=DIRECTION('',(-0.0,-1.0,-6.12323399573676E-17));
#4144=DIRECTION('',(-1.0,0.0,0.0));
#4145=ORIENTED_EDGE('',*,*,#5590,.F.);
#4146=ORIENTED_EDGE('',*,*,#5591,.F.);
#4147=ORIENTED_EDGE('',*,*,#5261,.F.);
#4148=ORIENTED_EDGE('',*,*,#5592,.F.);
#4149=ORIENTED_EDGE('',*,*,#5593,.F.);
#4150=ORIENTED_EDGE('',*,*,#5594,.T.);
#4151=ORIENTED_EDGE('',*,*,#5595,.T.);
#4152=ORIENTED_EDGE('',*,*,#5561,.F.);
#4153=CARTESIAN_POINT('',(-3.4999842343385,-8.098003284703,1.05921106618101));
#4154=DIRECTION('',(-0.0,1.0,6.12323399573676E-17));
#4155=DIRECTION('',(1.0,0.0,0.0));
#4156=ORIENTED_EDGE('',*,*,#5596,.T.);
#4157=ORIENTED_EDGE('',*,*,#5597,.T.);
#4158=ORIENTED_EDGE('',*,*,#5598,.F.);
#4159=ORIENTED_EDGE('',*,*,#5262,.T.);
#4160=ORIENTED_EDGE('',*,*,#5591,.T.);
#4161=ORIENTED_EDGE('',*,*,#5599,.F.);
#4162=CARTESIAN_POINT('',(-138.368612234339,-8.098003284703,-1.52060384927999));
#4163=DIRECTION('',(-2.10128927266693E-13,-0.00872653549816375,-0.999961923064173));
#4164=DIRECTION('',(-1.0,2.40793069954173E-11,1.47347164455526E-27));
#4165=ORIENTED_EDGE('',*,*,#5600,.F.);
#4166=ORIENTED_EDGE('',*,*,#5601,.T.);
#4167=ORIENTED_EDGE('',*,*,#5592,.T.);
#4168=ORIENTED_EDGE('',*,*,#5260,.T.);
#4169=CARTESIAN_POINT('',(-134.868612234339,-8.098003284703,1.52073152504795));
#4170=DIRECTION('',(2.10129995923774E-13,-0.00872653549858413,0.999961923064169));
#4171=DIRECTION('',(-3.73265855422342E-31,-0.999961923064169,-0.00872653549858413));
#4172=ORIENTED_EDGE('',*,*,#5602,.F.);
#4173=ORIENTED_EDGE('',*,*,#5596,.F.);
#4174=ORIENTED_EDGE('',*,*,#5603,.T.);
#4175=ORIENTED_EDGE('',*,*,#5230,.T.);
#4176=CARTESIAN_POINT('',(-3.4999842343395,-0.0750004289320204,-1.66561953451394));
#4177=DIRECTION('',(1.4798260059905E-13,0.710185375623292,0.704014724455962));
#4178=DIRECTION('',(-1.0,5.4869364182813E-30,2.10198161286194E-13));
#4179=ORIENTED_EDGE('',*,*,#5232,.F.);
#4180=ORIENTED_EDGE('',*,*,#5604,.F.);
#4181=ORIENTED_EDGE('',*,*,#5600,.T.);
#4182=ORIENTED_EDGE('',*,*,#5258,.T.);
#4183=CARTESIAN_POINT('',(1.57656614998558E-05,-0.0750004289330198,1.66574721022805));
#4184=DIRECTION('',(-1.47897135604719E-13,0.710185375623556,-0.704014724455695));
#4185=DIRECTION('',(1.0,-5.4943698162017E-30,-2.1007676468566E-13));
#4186=ORIENTED_EDGE('',*,*,#2066,.T.);
#4187=ORIENTED_EDGE('',*,*,#2061,.T.);
#4188=ORIENTED_EDGE('',*,*,#2078,.T.);
#4189=ORIENTED_EDGE('',*,*,#2090,.T.);
#4190=ORIENTED_EDGE('',*,*,#5605,.F.);
#4191=ORIENTED_EDGE('',*,*,#5606,.F.);
#4192=ORIENTED_EDGE('',*,*,#5607,.F.);
#4193=ORIENTED_EDGE('',*,*,#5563,.F.);
#4194=CARTESIAN_POINT('',(-3.50000000000247,-10.698003284703,1.10367238688522E-13));
#4195=DIRECTION('',(0.0,-1.0,-6.12323399573676E-17));
#4196=DIRECTION('',(0.0,-6.12323399573676E-17,1.0));
#4197=ORIENTED_EDGE('',*,*,#5607,.T.);
#4198=ORIENTED_EDGE('',*,*,#5608,.F.);
#4199=ORIENTED_EDGE('',*,*,#5398,.F.);
#4200=ORIENTED_EDGE('',*,*,#5564,.F.);
#4201=CARTESIAN_POINT('',(-138.368612234339,-11.198003284703,0.600000000028022));
#4202=DIRECTION('',(-1.9744368131653E-13,-0.342020143325471,-0.93969262078598));
#4203=DIRECTION('',(-1.0,5.77286704218003E-13,2.84254874658076E-29));
#4204=ORIENTED_EDGE('',*,*,#5400,.F.);
#4205=ORIENTED_EDGE('',*,*,#5609,.F.);
#4206=ORIENTED_EDGE('',*,*,#5605,.T.);
#4207=ORIENTED_EDGE('',*,*,#5565,.T.);
#4208=CARTESIAN_POINT('',(-138.368612234339,-11.198003284703,-0.599999999971957));
#4209=DIRECTION('',(1.97485565320565E-13,-0.342020143325866,0.939692620785837));
#4210=DIRECTION('',(0.0,-0.939692620785837,-0.342020143325866));
#4211=ORIENTED_EDGE('',*,*,#1979,.T.);
#4212=ORIENTED_EDGE('',*,*,#1974,.T.);
#4213=ORIENTED_EDGE('',*,*,#1998,.T.);
#4214=ORIENTED_EDGE('',*,*,#2001,.T.);
#4215=ORIENTED_EDGE('',*,*,#5610,.F.);
#4216=ORIENTED_EDGE('',*,*,#5611,.F.);
#4217=ORIENTED_EDGE('',*,*,#5612,.F.);
#4218=ORIENTED_EDGE('',*,*,#5557,.F.);
#4219=CARTESIAN_POINT('',(-3.4999842343395,-8.848003284703,-0.919051924654025));
#4220=DIRECTION('',(0.0,-1.0,-6.12323399573676E-17));
#4221=DIRECTION('',(0.0,-6.12323399573676E-17,1.0));
#4222=ORIENTED_EDGE('',*,*,#5613,.F.);
#4223=ORIENTED_EDGE('',*,*,#5614,.F.);
#4224=ORIENTED_EDGE('',*,*,#5610,.T.);
#4225=ORIENTED_EDGE('',*,*,#5556,.T.);
#4226=CARTESIAN_POINT('',(-138.368612234339,-8.348003284703,0.600000000029021));
#4227=DIRECTION('',(1.97485565320565E-13,-0.342020143325866,0.939692620785837));
#4228=DIRECTION('',(0.0,-0.939692620785837,-0.342020143325866));
#4229=ORIENTED_EDGE('',*,*,#5612,.T.);
#4230=ORIENTED_EDGE('',*,*,#5615,.F.);
#4231=ORIENTED_EDGE('',*,*,#5616,.F.);
#4232=ORIENTED_EDGE('',*,*,#5558,.F.);
#4233=CARTESIAN_POINT('',(-138.368612234339,-8.348003284703,-0.599999999970958));
#4234=DIRECTION('',(-1.9744368131653E-13,-0.342020143325471,-0.93969262078598));
#4235=DIRECTION('',(-1.0,5.77286704218003E-13,2.84254874658076E-29));
#4236=ORIENTED_EDGE('',*,*,#5616,.T.);
#4237=ORIENTED_EDGE('',*,*,#5617,.T.);
#4238=ORIENTED_EDGE('',*,*,#5593,.T.);
#4239=ORIENTED_EDGE('',*,*,#5560,.F.);
#4240=CARTESIAN_POINT('',(-2.90000000000248,-8.348003284703,-0.599999999999935));
#4241=DIRECTION('',(0.0,-6.12323399573676E-17,1.0));
#4242=DIRECTION('',(0.0,-1.0,-6.12323399573676E-17));
#4243=ORIENTED_EDGE('',*,*,#5595,.F.);
#4244=ORIENTED_EDGE('',*,*,#5618,.F.);
#4245=ORIENTED_EDGE('',*,*,#5613,.T.);
#4246=ORIENTED_EDGE('',*,*,#5562,.T.);
#4247=CARTESIAN_POINT('',(-4.10000000000249,-8.348003284703,0.600000000001043));
#4248=DIRECTION('',(0.0,6.12323399573676E-17,-1.0));
#4249=DIRECTION('',(1.0,0.0,0.0));
#4250=ORIENTED_EDGE('',*,*,#5619,.T.);
#4251=ORIENTED_EDGE('',*,*,#5620,.T.);
#4252=ORIENTED_EDGE('',*,*,#5621,.F.);
#4253=ORIENTED_EDGE('',*,*,#5622,.T.);
#4254=CARTESIAN_POINT('',(-8.74998423433949,-5.24500328470201,-3.81271116214499));
#4255=DIRECTION('',(0.0,-1.0,-6.12323399573676E-17));
#4256=DIRECTION('',(0.0,-6.12323399573676E-17,1.0));
#4257=ORIENTED_EDGE('',*,*,#5623,.F.);
#4258=ORIENTED_EDGE('',*,*,#5624,.F.);
#4259=ORIENTED_EDGE('',*,*,#5625,.F.);
#4260=ORIENTED_EDGE('',*,*,#5626,.T.);
#4261=ORIENTED_EDGE('',*,*,#5627,.T.);
#4262=CARTESIAN_POINT('',(8.6500181656625,-11.798003284705,-1.64241784220598));
#4263=DIRECTION('',(-1.97443681316529E-13,0.342020143325879,-0.939692620785832));
#4264=DIRECTION('',(1.0,5.77286704217311E-13,2.84254874658087E-29));
#4265=ORIENTED_EDGE('',*,*,#5628,.F.);
#4266=ORIENTED_EDGE('',*,*,#5629,.T.);
#4267=ORIENTED_EDGE('',*,*,#5630,.F.);
#4268=ORIENTED_EDGE('',*,*,#5631,.F.);
#4269=ORIENTED_EDGE('',*,*,#5632,.F.);
#4270=CARTESIAN_POINT('',(8.6500181656635,-11.362498248872,1.26745313007703));
#4271=DIRECTION('',(1.97485565320565E-13,0.342020143325471,0.93969262078598));
#4272=DIRECTION('',(-1.0,-2.17095866854799E-29,2.10159748998969E-13));
#4273=ORIENTED_EDGE('',*,*,#5223,.T.);
#4274=ORIENTED_EDGE('',*,*,#5633,.T.);
#4275=ORIENTED_EDGE('',*,*,#5619,.F.);
#4276=ORIENTED_EDGE('',*,*,#5634,.T.);
#4277=CARTESIAN_POINT('',(-23.2499842343385,-5.24500328470301,-0.449935622637954));
#4278=DIRECTION('',(0.0,6.12323399573676E-17,-1.0));
#4279=DIRECTION('',(1.0,0.0,0.0));
#4280=ORIENTED_EDGE('',*,*,#5222,.F.);
#4281=ORIENTED_EDGE('',*,*,#5635,.F.);
#4282=ORIENTED_EDGE('',*,*,#5620,.F.);
#4283=ORIENTED_EDGE('',*,*,#5633,.F.);
#4284=CARTESIAN_POINT('',(6.25001576566152,-5.899003284704,0.250064377355974));
#4285=DIRECTION('',(-1.0,0.0,0.0));
#4286=DIRECTION('',(0.0,1.0,6.12323399573676E-17));
#4287=ORIENTED_EDGE('',*,*,#5621,.T.);
#4288=ORIENTED_EDGE('',*,*,#5635,.T.);
#4289=ORIENTED_EDGE('',*,*,#5221,.F.);
#4290=ORIENTED_EDGE('',*,*,#5636,.T.);
#4291=CARTESIAN_POINT('',(-23.2499842343385,-3.28470300964546E-06,0.950064377363002));
#4292=DIRECTION('',(0.0,-6.12323399573676E-17,1.0));
#4293=DIRECTION('',(0.0,-1.0,-6.12323399573676E-17));
#4294=ORIENTED_EDGE('',*,*,#5615,.T.);
#4295=ORIENTED_EDGE('',*,*,#5611,.T.);
#4296=ORIENTED_EDGE('',*,*,#5614,.T.);
#4297=ORIENTED_EDGE('',*,*,#5637,.F.);
#4298=CARTESIAN_POINT('',(4.1000000001495,-8.34800328485506,722.882807402861));
#4299=DIRECTION('',(0.939692620785908,-0.342020143325669,-2.69356811220774E-13));
#4300=DIRECTION('',(0.0,-7.87546629861198E-13,1.0));
#4301=ORIENTED_EDGE('',*,*,#5638,.F.);
#4302=ORIENTED_EDGE('',*,*,#5630,.T.);
#4303=ORIENTED_EDGE('',*,*,#5639,.F.);
#4304=ORIENTED_EDGE('',*,*,#5375,.F.);
#4305=CARTESIAN_POINT('',(8.6500181656635,-11.448003284703,1.03252997488001));
#4306=DIRECTION('',(1.0,0.0,0.0));
#4307=DIRECTION('',(0.0,6.12323399573676E-17,-1.0));
#4308=ORIENTED_EDGE('',*,*,#5640,.F.);
#4309=ORIENTED_EDGE('',*,*,#5224,.T.);
#4310=ORIENTED_EDGE('',*,*,#5634,.F.);
#4311=ORIENTED_EDGE('',*,*,#5622,.F.);
#4312=ORIENTED_EDGE('',*,*,#5636,.F.);
#4313=ORIENTED_EDGE('',*,*,#5220,.T.);
#4314=ORIENTED_EDGE('',*,*,#5641,.T.);
#4315=ORIENTED_EDGE('',*,*,#5642,.T.);
#4316=ORIENTED_EDGE('',*,*,#5631,.T.);
#4317=ORIENTED_EDGE('',*,*,#5638,.T.);
#4318=ORIENTED_EDGE('',*,*,#5374,.T.);
#4319=ORIENTED_EDGE('',*,*,#5643,.F.);
#4320=ORIENTED_EDGE('',*,*,#5625,.T.);
#4321=ORIENTED_EDGE('',*,*,#5644,.T.);
#4322=CARTESIAN_POINT('',(5.75001576566052,-3.28470201023802E-06,-2.42583554363396));
#4323=DIRECTION('',(-1.0,0.0,0.0));
#4324=DIRECTION('',(0.0,1.0,6.12323399573676E-17));
#4325=ORIENTED_EDGE('',*,*,#5643,.T.);
#4326=ORIENTED_EDGE('',*,*,#5373,.T.);
#4327=ORIENTED_EDGE('',*,*,#5645,.T.);
#4328=ORIENTED_EDGE('',*,*,#5626,.F.);
#4329=CARTESIAN_POINT('',(8.6500181656625,-11.448003284703,-1.24898381709304));
#4330=DIRECTION('',(-1.0,0.0,0.0));
#4331=DIRECTION('',(0.0,-6.12323399573676E-17,1.0));
#4332=ORIENTED_EDGE('',*,*,#5606,.T.);
#4333=ORIENTED_EDGE('',*,*,#5609,.T.);
#4334=ORIENTED_EDGE('',*,*,#5399,.F.);
#4335=ORIENTED_EDGE('',*,*,#5608,.T.);
#4336=CARTESIAN_POINT('',(4.1000000001495,-11.198003284855,722.882807402861));
#4337=DIRECTION('',(-0.939692620785908,-0.342020143325669,1.2557243541632E-13));
#4338=DIRECTION('',(-0.342020143325669,0.939692620785908,5.75395780113854E-17));
#4339=ORIENTED_EDGE('',*,*,#5637,.T.);
#4340=ORIENTED_EDGE('',*,*,#5618,.T.);
#4341=ORIENTED_EDGE('',*,*,#5594,.F.);
#4342=ORIENTED_EDGE('',*,*,#5617,.F.);
#4343=CARTESIAN_POINT('',(4.09999999999751,-8.348003284703,0.599999999995048));
#4344=DIRECTION('',(-1.0,0.0,0.0));
#4345=DIRECTION('',(0.0,1.0,6.12323399573676E-17));
#4346=ORIENTED_EDGE('',*,*,#5646,.F.);
#4347=ORIENTED_EDGE('',*,*,#5599,.T.);
#4348=ORIENTED_EDGE('',*,*,#5590,.T.);
#4349=ORIENTED_EDGE('',*,*,#5601,.F.);
#4350=CARTESIAN_POINT('',(5.0206849037635,-8.09800328485506,722.882807402861));
#4351=DIRECTION('',(0.999961923064171,-0.00872653549837387,-2.11963767971706E-13));
#4352=DIRECTION('',(0.0,-2.42895669204811E-11,1.0));
#4353=ORIENTED_EDGE('',*,*,#5372,.T.);
#4354=ORIENTED_EDGE('',*,*,#5358,.T.);
#4355=ORIENTED_EDGE('',*,*,#5647,.F.);
#4356=ORIENTED_EDGE('',*,*,#5627,.F.);
#4357=ORIENTED_EDGE('',*,*,#5645,.F.);
#4358=CARTESIAN_POINT('',(4.3000157658135,-11.448003284855,722.882807402865));
#4359=DIRECTION('',(0.0,-6.12323399573676E-17,1.0));
#4360=DIRECTION('',(1.0,0.0,0.0));
#4361=ORIENTED_EDGE('',*,*,#5623,.T.);
#4362=ORIENTED_EDGE('',*,*,#5647,.T.);
#4363=ORIENTED_EDGE('',*,*,#5357,.F.);
#4364=ORIENTED_EDGE('',*,*,#5648,.F.);
#4365=CARTESIAN_POINT('',(4.55001576566251,-12.798003284706,3.46114668255404));
#4366=DIRECTION('',(1.0,0.0,0.0));
#4367=DIRECTION('',(0.0,6.12323399573676E-17,-1.0));
#4368=ORIENTED_EDGE('',*,*,#5648,.T.);
#4369=ORIENTED_EDGE('',*,*,#5356,.F.);
#4370=ORIENTED_EDGE('',*,*,#5649,.F.);
#4371=ORIENTED_EDGE('',*,*,#5644,.F.);
#4372=ORIENTED_EDGE('',*,*,#5624,.T.);
#4373=CARTESIAN_POINT('',(5.75001576566052,-11.798003284705,-2.42583554363595));
#4374=DIRECTION('',(-0.0,1.0,6.12323399573676E-17));
#4375=DIRECTION('',(1.0,0.0,0.0));
#4376=ORIENTED_EDGE('',*,*,#5640,.T.);
#4377=ORIENTED_EDGE('',*,*,#5649,.T.);
#4378=ORIENTED_EDGE('',*,*,#5355,.F.);
#4379=ORIENTED_EDGE('',*,*,#5225,.F.);
#4380=CARTESIAN_POINT('',(5.60001576566051,177.170843576975,-2.27583554359599));
#4381=DIRECTION('',(0.0,-1.0,-6.12323399573676E-17));
#4382=DIRECTION('',(0.0,6.12323399573676E-17,-1.0));
#4383=ORIENTED_EDGE('',*,*,#5646,.T.);
#4384=ORIENTED_EDGE('',*,*,#5604,.T.);
#4385=ORIENTED_EDGE('',*,*,#5231,.F.);
#4386=ORIENTED_EDGE('',*,*,#5603,.F.);
#4387=CARTESIAN_POINT('',(5.16570058881951,-0.0750004289330197,6.38378520045844E-05));
#4388=DIRECTION('',(0.704014724455896,-0.710185375623358,-2.97219907497451E-13));
#4389=DIRECTION('',(0.0,-4.18510318149778E-13,1.0));
#4390=ORIENTED_EDGE('',*,*,#5367,.F.);
#4391=ORIENTED_EDGE('',*,*,#5650,.T.);
#4392=ORIENTED_EDGE('',*,*,#5641,.F.);
#4393=ORIENTED_EDGE('',*,*,#5219,.F.);
#4394=CARTESIAN_POINT('',(5.60001576566151,177.170843576975,2.77596429838501));
#4395=DIRECTION('',(0.0,-1.0,-6.12323399573676E-17));
#4396=DIRECTION('',(0.0,6.12323399573676E-17,-1.0));
#4397=ORIENTED_EDGE('',*,*,#5632,.T.);
#4398=ORIENTED_EDGE('',*,*,#5642,.F.);
#4399=ORIENTED_EDGE('',*,*,#5650,.F.);
#4400=ORIENTED_EDGE('',*,*,#5366,.F.);
#4401=ORIENTED_EDGE('',*,*,#5651,.T.);
#4402=CARTESIAN_POINT('',(5.75001576566052,-11.798003284705,-2.42583554363595));
#4403=DIRECTION('',(-0.0,1.0,6.12323399573676E-17));
#4404=DIRECTION('',(1.0,0.0,0.0));
#4405=ORIENTED_EDGE('',*,*,#5365,.F.);
#4406=ORIENTED_EDGE('',*,*,#5652,.T.);
#4407=ORIENTED_EDGE('',*,*,#5628,.T.);
#4408=ORIENTED_EDGE('',*,*,#5651,.F.);
#4409=CARTESIAN_POINT('',(4.55001576566251,-12.798003284706,3.46114668255404));
#4410=DIRECTION('',(1.0,0.0,0.0));
#4411=DIRECTION('',(0.0,6.12323399573676E-17,-1.0));
#4412=ORIENTED_EDGE('',*,*,#5376,.T.);
#4413=ORIENTED_EDGE('',*,*,#5639,.T.);
#4414=ORIENTED_EDGE('',*,*,#5629,.F.);
#4415=ORIENTED_EDGE('',*,*,#5652,.F.);
#4416=ORIENTED_EDGE('',*,*,#5364,.F.);
#4417=CARTESIAN_POINT('',(4.3000157658135,-11.448003284855,722.882807402865));
#4418=DIRECTION('',(0.0,-6.12323399573676E-17,1.0));
#4419=DIRECTION('',(1.0,0.0,0.0));
#4420=ORIENTED_EDGE('',*,*,#5653,.T.);
#4421=ORIENTED_EDGE('',*,*,#5654,.F.);
#4422=ORIENTED_EDGE('',*,*,#5655,.F.);
#4423=ORIENTED_EDGE('',*,*,#5656,.T.);
#4424=CARTESIAN_POINT('',(-0.90430991856048,0.753259855524946,722.782807402864));
#4425=DIRECTION('',(-5.42101086242752E-17,-6.12323399573676E-17,1.0));
#4426=DIRECTION('',(1.0,-3.31941180040745E-33,5.42101086242752E-17));
#4427=ORIENTED_EDGE('',*,*,#5657,.F.);
#4428=ORIENTED_EDGE('',*,*,#5658,.F.);
#4429=ORIENTED_EDGE('',*,*,#5656,.F.);
#4430=ORIENTED_EDGE('',*,*,#5659,.T.);
#4431=CARTESIAN_POINT('',(0.626736975607511,1.00325985552499,-5.325815348453));
#4432=DIRECTION('',(-0.0,1.0,6.12323399573676E-17));
#4433=DIRECTION('',(1.0,0.0,0.0));
#4434=ORIENTED_EDGE('',*,*,#5660,.F.);
#4435=ORIENTED_EDGE('',*,*,#5661,.T.);
#4436=ORIENTED_EDGE('',*,*,#5657,.T.);
#4437=ORIENTED_EDGE('',*,*,#5662,.T.);
#4438=CARTESIAN_POINT('',(0.904341449881509,0.753259855524946,722.782807402864));
#4439=DIRECTION('',(5.42101086242752E-17,6.12323399573676E-17,-1.0));
#4440=DIRECTION('',(-1.0,3.31941180040745E-33,-5.42101086242752E-17));
#4441=ORIENTED_EDGE('',*,*,#5663,.F.);
#4442=ORIENTED_EDGE('',*,*,#5664,.F.);
#4443=ORIENTED_EDGE('',*,*,#5665,.T.);
#4444=ORIENTED_EDGE('',*,*,#5666,.T.);
#4445=ORIENTED_EDGE('',*,*,#5667,.F.);
#4446=ORIENTED_EDGE('',*,*,#5653,.F.);
#4447=ORIENTED_EDGE('',*,*,#5658,.T.);
#4448=ORIENTED_EDGE('',*,*,#5661,.F.);
#4449=ORIENTED_EDGE('',*,*,#5668,.F.);
#4450=ORIENTED_EDGE('',*,*,#5669,.F.);
#4451=CARTESIAN_POINT('',(-143.618612234339,2.054989100056,-4.72583643497204));
#4452=DIRECTION('',(2.6642087260083E-18,0.0174524064372834,0.999847695156391));
#4453=DIRECTION('',(-1.0,-1.63160584575643E-34,2.6646145597121E-18));
#4454=ORIENTED_EDGE('',*,*,#5670,.T.);
#4455=ORIENTED_EDGE('',*,*,#5671,.F.);
#4456=ORIENTED_EDGE('',*,*,#5672,.T.);
#4457=ORIENTED_EDGE('',*,*,#5673,.F.);
#4458=CARTESIAN_POINT('',(-3.89784796620148,2.15498910005599,-4.62582919351706));
#4459=DIRECTION('',(-1.38353018845176E-16,-0.906307787806086,-0.422618260090639));
#4460=DIRECTION('',(-1.0,1.52655665885967E-16,1.83463334726508E-32));
#4461=ORIENTED_EDGE('',*,*,#5674,.T.);
#4462=ORIENTED_EDGE('',*,*,#5675,.F.);
#4463=ORIENTED_EDGE('',*,*,#5670,.F.);
#4464=ORIENTED_EDGE('',*,*,#5676,.F.);
#4465=CARTESIAN_POINT('',(-140.118612234339,0.92523067224301,-3.17170451817694));
#4466=DIRECTION('',(1.0,0.0,-0.0));
#4467=DIRECTION('',(0.0,1.0,6.12323399573676E-17));
#4468=ORIENTED_EDGE('',*,*,#5677,.T.);
#4469=ORIENTED_EDGE('',*,*,#5208,.T.);
#4470=ORIENTED_EDGE('',*,*,#5678,.F.);
#4471=ORIENTED_EDGE('',*,*,#5674,.F.);
#4472=CARTESIAN_POINT('',(-3.89784796620148,1.14376580328698,-2.671704518178));
#4473=DIRECTION('',(-1.7918405345202E-29,6.12323399573676E-17,-1.0));
#4474=DIRECTION('',(1.0,1.09718588759132E-45,-1.7918405345202E-29));
#4475=ORIENTED_EDGE('',*,*,#5679,.T.);
#4476=ORIENTED_EDGE('',*,*,#5680,.T.);
#4477=ORIENTED_EDGE('',*,*,#5668,.T.);
#4478=ORIENTED_EDGE('',*,*,#5660,.T.);
#4479=ORIENTED_EDGE('',*,*,#5681,.F.);
#4480=ORIENTED_EDGE('',*,*,#5682,.F.);
#4481=CARTESIAN_POINT('',(1.15001576566052,1.00325985552495,722.782807402864));
#4482=DIRECTION('',(-0.999847695156391,-0.0174524064372834,-2.93542674940555E-17));
#4483=DIRECTION('',(-0.0174524064372834,0.999847695156391,6.12230139754066E-17));
#4484=ORIENTED_EDGE('',*,*,#5683,.T.);
#4485=ORIENTED_EDGE('',*,*,#5684,.T.);
#4486=ORIENTED_EDGE('',*,*,#5679,.F.);
#4487=ORIENTED_EDGE('',*,*,#5685,.T.);
#4488=CARTESIAN_POINT('',(-2.17503892845552,177.170843576975,-4.47583616214496));
#4489=DIRECTION('',(0.0174524064372837,-0.999847695156391,-5.94882904994299E-17));
#4490=DIRECTION('',(0.999847695156391,0.0174524064372837,1.06865168404191E-18));
#4491=ORIENTED_EDGE('',*,*,#5683,.F.);
#4492=ORIENTED_EDGE('',*,*,#5686,.F.);
#4493=ORIENTED_EDGE('',*,*,#5687,.T.);
#4494=ORIENTED_EDGE('',*,*,#5688,.F.);
#4495=CARTESIAN_POINT('',(-0.8999842343395,-5.24500328470201,-4.22583616214501));
#4496=DIRECTION('',(5.55111512313139E-17,6.12323399573676E-17,-1.0));
#4497=DIRECTION('',(1.0,-3.39907768362066E-33,5.55111512313139E-17));
#4498=ORIENTED_EDGE('',*,*,#5689,.T.);
#4499=ORIENTED_EDGE('',*,*,#5690,.T.);
#4500=ORIENTED_EDGE('',*,*,#5687,.F.);
#4501=ORIENTED_EDGE('',*,*,#5691,.T.);
#4502=CARTESIAN_POINT('',(2.17507045977651,177.170843576975,-4.47583616214496));
#4503=DIRECTION('',(-0.017452406437284,-0.999847695156391,-6.29577374513835E-17));
#4504=DIRECTION('',(0.999847695156391,-0.017452406437284,-1.06865168404193E-18));
#4505=ORIENTED_EDGE('',*,*,#5692,.F.);
#4506=ORIENTED_EDGE('',*,*,#5689,.F.);
#4507=ORIENTED_EDGE('',*,*,#5693,.F.);
#4508=ORIENTED_EDGE('',*,*,#5694,.F.);
#4509=ORIENTED_EDGE('',*,*,#5654,.T.);
#4510=ORIENTED_EDGE('',*,*,#5667,.T.);
#4511=CARTESIAN_POINT('',(1.92503237776552,177.170843576975,-5.48448093723485));
#4512=DIRECTION('',(0.999847695156391,-0.0174524064372837,2.85489670381932E-17));
#4513=DIRECTION('',(6.3099260630737E-33,1.63581836927679E-15,1.0));
#4514=ORIENTED_EDGE('',*,*,#5695,.T.);
#4515=ORIENTED_EDGE('',*,*,#5696,.T.);
#4516=ORIENTED_EDGE('',*,*,#5697,.F.);
#4517=ORIENTED_EDGE('',*,*,#5698,.T.);
#4518=ORIENTED_EDGE('',*,*,#5681,.T.);
#4519=ORIENTED_EDGE('',*,*,#5662,.F.);
#4520=ORIENTED_EDGE('',*,*,#5659,.F.);
#4521=ORIENTED_EDGE('',*,*,#5655,.T.);
#4522=ORIENTED_EDGE('',*,*,#5694,.T.);
#4523=ORIENTED_EDGE('',*,*,#5699,.T.);
#4524=CARTESIAN_POINT('',(-1.14998423433947,-5.24500328470201,-5.73848093723495));
#4525=DIRECTION('',(-2.96221303161602E-17,-6.12323399573676E-17,1.0));
#4526=DIRECTION('',(-1.0,1.81383235378057E-33,-2.96221303161602E-17));
#4527=ORIENTED_EDGE('',*,*,#5700,.F.);
#4528=ORIENTED_EDGE('',*,*,#5701,.T.);
#4529=ORIENTED_EDGE('',*,*,#5702,.T.);
#4530=ORIENTED_EDGE('',*,*,#5695,.F.);
#4531=CARTESIAN_POINT('',(-3.1438384467855,-5.24500328470201,-4.98447141781988));
#4532=DIRECTION('',(-1.6540813899407E-37,1.0,6.12323399573676E-17));
#4533=DIRECTION('',(0.999999999818755,1.16581433406547E-21,-1.90391929310093E-05));
#4534=ORIENTED_EDGE('',*,*,#5703,.F.);
#4535=ORIENTED_EDGE('',*,*,#5228,.T.);
#4536=ORIENTED_EDGE('',*,*,#5704,.T.);
#4537=ORIENTED_EDGE('',*,*,#5705,.T.);
#4538=CARTESIAN_POINT('',(-3.89784796620148,1.14376580328698,-2.671704518178));
#4539=DIRECTION('',(-1.7918405345202E-29,6.12323399573676E-17,-1.0));
#4540=DIRECTION('',(1.0,1.09718588759132E-45,-1.7918405345202E-29));
#4541=ORIENTED_EDGE('',*,*,#5706,.T.);
#4542=ORIENTED_EDGE('',*,*,#5707,.F.);
#4543=ORIENTED_EDGE('',*,*,#5705,.F.);
#4544=ORIENTED_EDGE('',*,*,#5708,.T.);
#4545=CARTESIAN_POINT('',(-140.118612234339,0.92523067224301,-3.17170451817694));
#4546=DIRECTION('',(1.0,0.0,-0.0));
#4547=DIRECTION('',(0.0,1.0,6.12323399573676E-17));
#4548=ORIENTED_EDGE('',*,*,#5706,.F.);
#4549=ORIENTED_EDGE('',*,*,#5709,.T.);
#4550=ORIENTED_EDGE('',*,*,#5710,.F.);
#4551=ORIENTED_EDGE('',*,*,#5711,.F.);
#4552=CARTESIAN_POINT('',(-3.89784796620148,2.15498910005599,-4.62582919351706));
#4553=DIRECTION('',(-1.38353018845176E-16,-0.906307787806086,-0.422618260090639));
#4554=DIRECTION('',(-1.0,1.52655665885967E-16,1.83463334726508E-32));
#4555=ORIENTED_EDGE('',*,*,#5712,.F.);
#4556=ORIENTED_EDGE('',*,*,#5672,.F.);
#4557=ORIENTED_EDGE('',*,*,#5713,.T.);
#4558=ORIENTED_EDGE('',*,*,#5664,.T.);
#4559=ORIENTED_EDGE('',*,*,#5714,.F.);
#4560=ORIENTED_EDGE('',*,*,#5710,.T.);
#4561=ORIENTED_EDGE('',*,*,#5715,.F.);
#4562=ORIENTED_EDGE('',*,*,#5716,.F.);
#4563=ORIENTED_EDGE('',*,*,#5696,.F.);
#4564=ORIENTED_EDGE('',*,*,#5702,.F.);
#4565=CARTESIAN_POINT('',(1.33477745398736E-05,2.15498910005599,-5.23215868610305));
#4566=DIRECTION('',(-0.0,1.0,6.12323399573676E-17));
#4567=DIRECTION('',(1.0,0.0,0.0));
#4568=ORIENTED_EDGE('',*,*,#5697,.T.);
#4569=ORIENTED_EDGE('',*,*,#5716,.T.);
#4570=ORIENTED_EDGE('',*,*,#5717,.F.);
#4571=ORIENTED_EDGE('',*,*,#5718,.F.);
#4572=CARTESIAN_POINT('',(3.14386997810649,-5.24500328470201,-4.98447141781988));
#4573=DIRECTION('',(1.6540813899407E-37,1.0,6.12323399573676E-17));
#4574=DIRECTION('',(-1.90384679085739E-05,-6.12323399462704E-17,0.999999999818768));
#4575=ORIENTED_EDGE('',*,*,#5719,.T.);
#4576=ORIENTED_EDGE('',*,*,#5717,.T.);
#4577=ORIENTED_EDGE('',*,*,#5715,.T.);
#4578=ORIENTED_EDGE('',*,*,#5709,.F.);
#4579=ORIENTED_EDGE('',*,*,#5708,.F.);
#4580=ORIENTED_EDGE('',*,*,#5704,.F.);
#4581=ORIENTED_EDGE('',*,*,#5227,.T.);
#4582=ORIENTED_EDGE('',*,*,#5354,.T.);
#4583=CARTESIAN_POINT('',(3.89787949752153,-5.24500328470201,-2.42583616214697));
#4584=DIRECTION('',(-1.0,0.0,0.0));
#4585=DIRECTION('',(0.0,1.0,6.12323399573676E-17));
#4586=ORIENTED_EDGE('',*,*,#5353,.F.);
#4587=ORIENTED_EDGE('',*,*,#5720,.F.);
#4588=ORIENTED_EDGE('',*,*,#5700,.T.);
#4589=ORIENTED_EDGE('',*,*,#5699,.F.);
#4590=ORIENTED_EDGE('',*,*,#5693,.T.);
#4591=ORIENTED_EDGE('',*,*,#5691,.F.);
#4592=ORIENTED_EDGE('',*,*,#5686,.T.);
#4593=ORIENTED_EDGE('',*,*,#5685,.F.);
#4594=ORIENTED_EDGE('',*,*,#5682,.T.);
#4595=ORIENTED_EDGE('',*,*,#5698,.F.);
#4596=ORIENTED_EDGE('',*,*,#5718,.T.);
#4597=ORIENTED_EDGE('',*,*,#5719,.F.);
#4598=CARTESIAN_POINT('',(1.5765660509981E-05,-5.24500328470201,-3.81271116214499));
#4599=DIRECTION('',(0.0,-1.0,-6.12323399573676E-17));
#4600=DIRECTION('',(0.0,-6.12323399573676E-17,1.0));
#4601=ORIENTED_EDGE('',*,*,#5209,.T.);
#4602=ORIENTED_EDGE('',*,*,#5677,.F.);
#4603=ORIENTED_EDGE('',*,*,#5676,.T.);
#4604=ORIENTED_EDGE('',*,*,#5673,.T.);
#4605=ORIENTED_EDGE('',*,*,#5712,.T.);
#4606=ORIENTED_EDGE('',*,*,#5701,.F.);
#4607=ORIENTED_EDGE('',*,*,#5720,.T.);
#4608=ORIENTED_EDGE('',*,*,#5352,.T.);
#4609=CARTESIAN_POINT('',(-3.89784796620148,-5.24500328470201,-4.88446189804193));
#4610=DIRECTION('',(1.0,0.0,0.0));
#4611=DIRECTION('',(0.0,6.12323399573676E-17,-1.0));
#4612=ORIENTED_EDGE('',*,*,#5602,.T.);
#4613=ORIENTED_EDGE('',*,*,#5229,.F.);
#4614=ORIENTED_EDGE('',*,*,#5703,.T.);
#4615=ORIENTED_EDGE('',*,*,#5707,.T.);
#4616=ORIENTED_EDGE('',*,*,#5711,.T.);
#4617=ORIENTED_EDGE('',*,*,#5714,.T.);
#4618=ORIENTED_EDGE('',*,*,#5663,.T.);
#4619=ORIENTED_EDGE('',*,*,#5721,.F.);
#4620=ORIENTED_EDGE('',*,*,#5597,.F.);
#4621=CARTESIAN_POINT('',(2.84387949752153,-3.90000328470204,722.882807402865));
#4622=DIRECTION('',(-0.999847695156391,0.0174524064372837,2.27965565041607E-18));
#4623=DIRECTION('',(-1.21118843623952E-18,6.12323399573676E-17,-1.0));
#4624=ORIENTED_EDGE('',*,*,#5721,.T.);
#4625=ORIENTED_EDGE('',*,*,#5669,.T.);
#4626=ORIENTED_EDGE('',*,*,#5680,.F.);
#4627=ORIENTED_EDGE('',*,*,#5684,.F.);
#4628=ORIENTED_EDGE('',*,*,#5688,.T.);
#4629=ORIENTED_EDGE('',*,*,#5690,.F.);
#4630=ORIENTED_EDGE('',*,*,#5692,.T.);
#4631=ORIENTED_EDGE('',*,*,#5666,.F.);
#4632=ORIENTED_EDGE('',*,*,#5722,.F.);
#4633=ORIENTED_EDGE('',*,*,#5333,.T.);
#4634=ORIENTED_EDGE('',*,*,#5723,.T.);
#4635=ORIENTED_EDGE('',*,*,#5247,.T.);
#4636=ORIENTED_EDGE('',*,*,#5724,.T.);
#4637=ORIENTED_EDGE('',*,*,#5598,.T.);
#4638=CARTESIAN_POINT('',(0.900015765660521,-3.900003284702,-4.12583616214502));
#4639=DIRECTION('',(-0.0,1.0,6.12323399573676E-17));
#4640=DIRECTION('',(1.0,0.0,0.0));
#4641=ORIENTED_EDGE('',*,*,#5722,.T.);
#4642=ORIENTED_EDGE('',*,*,#5665,.F.);
#4643=ORIENTED_EDGE('',*,*,#5713,.F.);
#4644=ORIENTED_EDGE('',*,*,#5671,.T.);
#4645=ORIENTED_EDGE('',*,*,#5675,.T.);
#4646=ORIENTED_EDGE('',*,*,#5678,.T.);
#4647=ORIENTED_EDGE('',*,*,#5207,.F.);
#4648=ORIENTED_EDGE('',*,*,#5351,.T.);
#4649=ORIENTED_EDGE('',*,*,#5334,.F.);
#4650=CARTESIAN_POINT('',(-2.84384796620148,-3.90000328470204,722.882807402865));
#4651=DIRECTION('',(0.999847695156391,0.0174524064372834,2.27965565039128E-18));
#4652=DIRECTION('',(0.0,-1.30621278995731E-16,1.0));
#4653=ORIENTED_EDGE('',*,*,#5233,.T.);
#4654=ORIENTED_EDGE('',*,*,#5238,.F.);
#4655=ORIENTED_EDGE('',*,*,#5200,.F.);
#4656=ORIENTED_EDGE('',*,*,#5241,.F.);
#4657=ORIENTED_EDGE('',*,*,#5243,.T.);
#4658=ORIENTED_EDGE('',*,*,#5723,.F.);
#4659=CARTESIAN_POINT('',(1.57656603700929E-05,-1.95000328472213,-1.55723924029694));
#4660=DIRECTION('',(0.0,1.3062127899644E-16,-1.0));
#4661=DIRECTION('',(0.0,-1.0,-1.3062127899644E-16));
#4662=ORIENTED_EDGE('',*,*,#5250,.T.);
#4663=ORIENTED_EDGE('',*,*,#5254,.F.);
#4664=ORIENTED_EDGE('',*,*,#5196,.F.);
#4665=ORIENTED_EDGE('',*,*,#5257,.F.);
#4666=ORIENTED_EDGE('',*,*,#5259,.T.);
#4667=ORIENTED_EDGE('',*,*,#5724,.F.);
#4668=CARTESIAN_POINT('',(1.57656603700929E-05,-1.95000328472213,-1.55723924029694));
#4669=DIRECTION('',(0.0,1.3062127899644E-16,-1.0));
#4670=DIRECTION('',(0.0,-1.0,-1.3062127899644E-16));
#4671=COLOUR_RGB('',0.596078455448151,0.596078455448151,0.596078455448151);
#4672=CARTESIAN_POINT('',(-3.8175000000005,-12.929954595263,-0.267698405746871));
#4673=CARTESIAN_POINT('',(-3.18250000000047,-12.929954595263,-0.267698405746871));
#4674=CARTESIAN_POINT('',(-3.50000000000049,-12.929954595263,-0.267698405746871));
#4675=VECTOR('',#5725,1.0);
#4676=CARTESIAN_POINT('',(-3.8175000000005,-12.676551800311,-0.291425866883023));
#4677=AXIS2_PLACEMENT_3D('',#5726,#5727,#5728);
#4678=CARTESIAN_POINT('',(-3.18250000000047,-12.676551800311,-0.291425866883023));
#4679=CARTESIAN_POINT('',(-3.8175000000005,-12.676551800311,-0.291425866883023));
#4680=VECTOR('',#5729,1000.0);
#4681=AXIS2_PLACEMENT_3D('',#5730,#5731,#5732);
#4682=COLOUR_RGB('',0.596078455448151,0.596078455448151,0.596078455448151);
#4683=CARTESIAN_POINT('',(-3.18250000000047,-12.929954595263,0.367301594253129));
#4684=CARTESIAN_POINT('',(-3.8175000000005,-12.929954595263,0.367301594253129));
#4685=CARTESIAN_POINT('',(-3.50000000000049,-12.929954595263,0.367301594253129));
#4686=VECTOR('',#5733,1.0);
#4687=CARTESIAN_POINT('',(-3.18250000000047,-12.593766620157,0.338843540394039));
#4688=AXIS2_PLACEMENT_3D('',#5734,#5735,#5736);
#4689=CARTESIAN_POINT('',(-3.8175000000005,-12.593766620157,0.338843540394039));
#4690=CARTESIAN_POINT('',(-3.8175000000005,-12.593766620157,0.338843540394039));
#4691=VECTOR('',#5737,1000.0);
#4692=AXIS2_PLACEMENT_3D('',#5738,#5739,#5740);
#4693=COLOUR_RGB('',0.596078455448151,0.596078455448151,0.596078455448151);
#4694=CARTESIAN_POINT('',(3.8175000000005,-12.929954595263,0.267698405746869));
#4695=CARTESIAN_POINT('',(3.18250000000047,-12.929954595263,0.267698405746869));
#4696=CARTESIAN_POINT('',(3.50000000000049,-12.929954595263,0.267698405746869));
#4697=VECTOR('',#5741,1.0);
#4698=CARTESIAN_POINT('',(3.8175000000005,-12.676551800311,0.291425866883021));
#4699=AXIS2_PLACEMENT_3D('',#5742,#5743,#5744);
#4700=CARTESIAN_POINT('',(3.18250000000047,-12.676551800311,0.291425866883021));
#4701=CARTESIAN_POINT('',(3.8175000000005,-12.676551800311,0.291425866883021));
#4702=VECTOR('',#5745,1000.0);
#4703=AXIS2_PLACEMENT_3D('',#5746,#5747,#5748);
#4704=COLOUR_RGB('',0.596078455448151,0.596078455448151,0.596078455448151);
#4705=CARTESIAN_POINT('',(3.18250000000047,-12.929954595263,-0.367301594253131));
#4706=CARTESIAN_POINT('',(3.8175000000005,-12.929954595263,-0.367301594253131));
#4707=CARTESIAN_POINT('',(3.50000000000049,-12.929954595263,-0.367301594253131));
#4708=VECTOR('',#5749,1.0);
#4709=CARTESIAN_POINT('',(3.18250000000047,-12.593766620157,-0.338843540394041));
#4710=AXIS2_PLACEMENT_3D('',#5750,#5751,#5752);
#4711=CARTESIAN_POINT('',(3.8175000000005,-12.593766620157,-0.338843540394041));
#4712=CARTESIAN_POINT('',(3.8175000000005,-12.593766620157,-0.338843540394041));
#4713=VECTOR('',#5753,1000.0);
#4714=AXIS2_PLACEMENT_3D('',#5754,#5755,#5756);
#4715=COLOUR_RGB('',0.596078455448151,0.596078455448151,0.596078455448151);
#4716=CARTESIAN_POINT('',(3.18250000000047,-8.848003284703,0.31749999999997));
#4717=CARTESIAN_POINT('',(3.18250000000047,-8.848003284703,-0.317500000000082));
#4718=CARTESIAN_POINT('',(3.18250000000047,-8.848003284703,-0.191025962327063));
#4719=VECTOR('',#5757,1.0);
#4720=CARTESIAN_POINT('',(3.18250000000046,-2.4004970681075,0.317499999999674));
#4721=CARTESIAN_POINT('',(3.18250000000047,-3.45238357533201,0.317499999999971));
#4722=VECTOR('',#5758,1000.0);
#4723=CARTESIAN_POINT('',(3.18250000000042,-2.40049706810777,-0.317500000000068));
#4724=CARTESIAN_POINT('',(3.18250000000047,-2.400497068107,0.332689255218011));
#4725=VECTOR('',#5759,1000.0);
#4726=CARTESIAN_POINT('',(3.18250000000047,-13.862727709372,-0.317500000000082));
#4727=VECTOR('',#5760,1000.0);
#4728=COLOUR_RGB('',0.596078455448151,0.596078455448151,0.596078455448151);
#4729=CARTESIAN_POINT('',(3.8175000000005,-8.848003284703,0.31749999999997));
#4730=CARTESIAN_POINT('',(4.47081238283649,-8.848003284703,0.317499999999969));
#4731=VECTOR('',#5761,1.0);
#4732=CARTESIAN_POINT('',(3.81750000000054,-2.40049706810827,0.31749999999995));
#4733=CARTESIAN_POINT('',(3.8175000000005,-3.45238357533201,0.317499999999971));
#4734=VECTOR('',#5762,1000.0);
#4735=CARTESIAN_POINT('',(2.28545655394549,-2.400497068108,0.317499999999971));
#4736=VECTOR('',#5763,1000.0);
#4737=COLOUR_RGB('',0.596078455448151,0.596078455448151,0.596078455448151);
#4738=CARTESIAN_POINT('',(3.39782326155694,-1.70489999999996,0.102176738443314));
#4739=CARTESIAN_POINT('',(3.60217673844405,-1.70489999999996,0.102176738443314));
#4740=CARTESIAN_POINT('',(2.28545655394549,-1.7049,0.10217673844315));
#4741=VECTOR('',#5764,1000.0);
#4742=CARTESIAN_POINT('',(3.60217673844406,-1.70489999999998,-0.102176738443484));
#4743=CARTESIAN_POINT('',(3.60217673844404,-1.7049,0.332689255218011));
#4744=VECTOR('',#5765,1000.0);
#4745=CARTESIAN_POINT('',(3.39782326155693,-1.70489999999998,-0.102176738443484));
#4746=CARTESIAN_POINT('',(2.28545655394549,-1.7049,-0.102176738443372));
#4747=VECTOR('',#5766,1000.0);
#4748=CARTESIAN_POINT('',(3.3978232615569,-1.7049,0.332689255218011));
#4749=VECTOR('',#5767,1000.0);
#4750=COLOUR_RGB('',0.596078455448151,0.596078455448151,0.596078455448151);
#4751=CARTESIAN_POINT('',(10.1030475136675,-22.705820284718,6.60304751366691));
#4752=VECTOR('',#5768,1000.0);
#4753=CARTESIAN_POINT('',(3.81750000000052,-2.40049706810786,-0.317499999999995));
#4754=CARTESIAN_POINT('',(3.8175000000005,-2.400497068108,0.332689255218011));
#4755=VECTOR('',#5769,1000.0);
#4756=CARTESIAN_POINT('',(10.1030475136675,-22.705820284718,-6.60304751366703));
#4757=VECTOR('',#5770,1000.0);
#4758=COLOUR_RGB('',0.596078455448151,0.596078455448151,0.596078455448151);
#4759=CARTESIAN_POINT('',(2.28545655394549,-2.400497068108,-0.317500000000081));
#4760=VECTOR('',#5771,1000.0);
#4761=CARTESIAN_POINT('',(-3.1030475136665,-22.705820284718,-6.60304751366703));
#4762=VECTOR('',#5772,1000.0);
#4763=COLOUR_RGB('',0.596078455448151,0.596078455448151,0.596078455448151);
#4764=CARTESIAN_POINT('',(-3.1030475136665,-22.705820284718,6.60304751366692));
#4765=VECTOR('',#5773,1000.0);
#4766=COLOUR_RGB('',0.596078455448151,0.596078455448151,0.596078455448151);
#4767=COLOUR_RGB('',0.596078455448151,0.596078455448151,0.596078455448151);
#4768=CARTESIAN_POINT('',(3.8175000000005,-8.848003284703,-0.317500000000082));
#4769=CARTESIAN_POINT('',(4.470812382837,-8.848003284703,-0.317500000000083));
#4770=VECTOR('',#5774,1.0);
#4771=CARTESIAN_POINT('',(3.8175000000005,-13.612727709372,-0.317500000000082));
#4772=VECTOR('',#5775,1000.0);
#4773=COLOUR_RGB('',0.596078455448151,0.596078455448151,0.596078455448151);
#4774=CARTESIAN_POINT('',(3.8175000000005,-8.848003284703,-0.728025962327074));
#4775=VECTOR('',#5776,1.0);
#4776=COLOUR_RGB('',0.596078455448151,0.596078455448151,0.596078455448151);
#4777=CARTESIAN_POINT('',(-0.317499999999527,-8.848003284703,0.31749999999997));
#4778=CARTESIAN_POINT('',(-0.317499999999527,-8.848003284703,-0.317500000000082));
#4779=CARTESIAN_POINT('',(-0.317499999999527,-8.848003284703,-0.191025962327063));
#4780=VECTOR('',#5777,1.0);
#4781=CARTESIAN_POINT('',(-0.317499999999541,-2.4004970681075,0.317499999999674));
#4782=CARTESIAN_POINT('',(-0.317499999999527,-3.45238357533201,0.317499999999971));
#4783=VECTOR('',#5778,1000.0);
#4784=CARTESIAN_POINT('',(-0.317499999999581,-2.40049706810777,-0.317500000000068));
#4785=CARTESIAN_POINT('',(-0.317499999999527,-2.400497068107,0.332689255218011));
#4786=VECTOR('',#5779,1000.0);
#4787=CARTESIAN_POINT('',(-0.317499999999527,-13.862727709372,-0.317500000000082));
#4788=VECTOR('',#5780,1000.0);
#4789=COLOUR_RGB('',0.596078455448151,0.596078455448151,0.596078455448151);
#4790=CARTESIAN_POINT('',(0.317500000000498,-8.848003284703,0.31749999999997));
#4791=CARTESIAN_POINT('',(2.72081238283649,-8.848003284703,0.317499999999969));
#4792=VECTOR('',#5781,1.0);
#4793=CARTESIAN_POINT('',(0.317500000000538,-2.40049706810827,0.31749999999995));
#4794=CARTESIAN_POINT('',(0.317500000000498,-3.45238357533201,0.317499999999971));
#4795=VECTOR('',#5782,1000.0);
#4796=CARTESIAN_POINT('',(-1.21454344605451,-2.400497068108,0.317499999999971));
#4797=VECTOR('',#5783,1000.0);
#4798=COLOUR_RGB('',0.596078455448151,0.596078455448151,0.596078455448151);
#4799=CARTESIAN_POINT('',(-0.102176738443061,-1.70489999999996,0.102176738443314));
#4800=CARTESIAN_POINT('',(0.102176738444046,-1.70489999999996,0.102176738443314));
#4801=CARTESIAN_POINT('',(-1.21454344605451,-1.7049,0.10217673844315));
#4802=VECTOR('',#5784,1000.0);
#4803=CARTESIAN_POINT('',(0.102176738444055,-1.70489999999998,-0.102176738443484));
#4804=CARTESIAN_POINT('',(0.102176738444042,-1.7049,0.332689255218011));
#4805=VECTOR('',#5785,1000.0);
#4806=CARTESIAN_POINT('',(-0.102176738443069,-1.70489999999998,-0.102176738443484));
#4807=CARTESIAN_POINT('',(-1.21454344605451,-1.7049,-0.102176738443372));
#4808=VECTOR('',#5786,1000.0);
#4809=CARTESIAN_POINT('',(-0.102176738443099,-1.7049,0.332689255218011));
#4810=VECTOR('',#5787,1000.0);
#4811=COLOUR_RGB('',0.596078455448151,0.596078455448151,0.596078455448151);
#4812=CARTESIAN_POINT('',(6.60304751366749,-22.705820284718,6.60304751366691));
#4813=VECTOR('',#5788,1000.0);
#4814=CARTESIAN_POINT('',(0.317500000000519,-2.40049706810786,-0.317499999999995));
#4815=CARTESIAN_POINT('',(0.317500000000498,-2.400497068108,0.332689255218011));
#4816=VECTOR('',#5789,1000.0);
#4817=CARTESIAN_POINT('',(6.60304751366748,-22.705820284718,-6.60304751366703));
#4818=VECTOR('',#5790,1000.0);
#4819=COLOUR_RGB('',0.596078455448151,0.596078455448151,0.596078455448151);
#4820=CARTESIAN_POINT('',(-1.21454344605451,-2.400497068108,-0.317500000000081));
#4821=VECTOR('',#5791,1000.0);
#4822=CARTESIAN_POINT('',(-6.6030475136665,-22.705820284718,-6.60304751366703));
#4823=VECTOR('',#5792,1000.0);
#4824=COLOUR_RGB('',0.596078455448151,0.596078455448151,0.596078455448151);
#4825=CARTESIAN_POINT('',(-6.6030475136665,-22.705820284718,6.60304751366692));
#4826=VECTOR('',#5793,1000.0);
#4827=COLOUR_RGB('',0.596078455448151,0.596078455448151,0.596078455448151);
#4828=COLOUR_RGB('',0.596078455448151,0.596078455448151,0.596078455448151);
#4829=CARTESIAN_POINT('',(0.317500000000498,-8.848003284703,-0.317500000000082));
#4830=CARTESIAN_POINT('',(2.720812382837,-8.848003284703,-0.317500000000083));
#4831=VECTOR('',#5794,1.0);
#4832=CARTESIAN_POINT('',(0.317500000000498,-13.612727709372,-0.317500000000082));
#4833=VECTOR('',#5795,1000.0);
#4834=COLOUR_RGB('',0.596078455448151,0.596078455448151,0.596078455448151);
#4835=CARTESIAN_POINT('',(0.317500000000498,-8.848003284703,-0.728025962327073));
#4836=VECTOR('',#5796,1.0);
#4837=COLOUR_RGB('',0.596078455448151,0.596078455448151,0.596078455448151);
#4838=CARTESIAN_POINT('',(-3.81749999999953,-8.848003284703,0.31749999999997));
#4839=CARTESIAN_POINT('',(-3.81749999999953,-8.848003284703,-0.317500000000082));
#4840=CARTESIAN_POINT('',(-3.81749999999953,-8.848003284703,-0.191025962327063));
#4841=VECTOR('',#5797,1.0);
#4842=CARTESIAN_POINT('',(-3.81749999999954,-2.4004970681075,0.317499999999674));
#4843=CARTESIAN_POINT('',(-3.81749999999953,-3.45238357533201,0.317499999999971));
#4844=VECTOR('',#5798,1000.0);
#4845=CARTESIAN_POINT('',(-3.81749999999958,-2.40049706810777,-0.317500000000068));
#4846=CARTESIAN_POINT('',(-3.81749999999953,-2.400497068107,0.332689255218011));
#4847=VECTOR('',#5799,1000.0);
#4848=CARTESIAN_POINT('',(-3.81749999999953,-13.862727709372,-0.317500000000082));
#4849=VECTOR('',#5800,1000.0);
#4850=COLOUR_RGB('',0.596078455448151,0.596078455448151,0.596078455448151);
#4851=CARTESIAN_POINT('',(-3.1824999999995,-8.848003284703,0.31749999999997));
#4852=CARTESIAN_POINT('',(0.970812382836495,-8.848003284703,0.317499999999969));
#4853=VECTOR('',#5801,1.0);
#4854=CARTESIAN_POINT('',(-3.18249999999946,-2.40049706810827,0.31749999999995));
#4855=CARTESIAN_POINT('',(-3.1824999999995,-3.45238357533201,0.317499999999971));
#4856=VECTOR('',#5802,1000.0);
#4857=CARTESIAN_POINT('',(-4.71454344605451,-2.400497068108,0.317499999999971));
#4858=VECTOR('',#5803,1000.0);
#4859=COLOUR_RGB('',0.596078455448151,0.596078455448151,0.596078455448151);
#4860=CARTESIAN_POINT('',(-3.60217673844306,-1.70489999999996,0.102176738443314));
#4861=CARTESIAN_POINT('',(-3.39782326155595,-1.70489999999996,0.102176738443314));
#4862=CARTESIAN_POINT('',(-4.71454344605451,-1.7049,0.10217673844315));
#4863=VECTOR('',#5804,1000.0);
#4864=CARTESIAN_POINT('',(-3.39782326155595,-1.70489999999998,-0.102176738443484));
#4865=CARTESIAN_POINT('',(-3.39782326155596,-1.7049,0.332689255218011));
#4866=VECTOR('',#5805,1000.0);
#4867=CARTESIAN_POINT('',(-3.60217673844307,-1.70489999999998,-0.102176738443484));
#4868=CARTESIAN_POINT('',(-4.71454344605451,-1.7049,-0.102176738443372));
#4869=VECTOR('',#5806,1000.0);
#4870=CARTESIAN_POINT('',(-3.6021767384431,-1.7049,0.332689255218011));
#4871=VECTOR('',#5807,1000.0);
#4872=COLOUR_RGB('',0.596078455448151,0.596078455448151,0.596078455448151);
#4873=CARTESIAN_POINT('',(3.10304751366749,-22.705820284718,6.60304751366691));
#4874=VECTOR('',#5808,1000.0);
#4875=CARTESIAN_POINT('',(-3.18249999999948,-2.40049706810786,-0.317499999999995));
#4876=CARTESIAN_POINT('',(-3.1824999999995,-2.400497068108,0.332689255218011));
#4877=VECTOR('',#5809,1000.0);
#4878=CARTESIAN_POINT('',(3.10304751366748,-22.705820284718,-6.60304751366703));
#4879=VECTOR('',#5810,1000.0);
#4880=COLOUR_RGB('',0.596078455448151,0.596078455448151,0.596078455448151);
#4881=CARTESIAN_POINT('',(-4.71454344605451,-2.400497068108,-0.317500000000081));
#4882=VECTOR('',#5811,1000.0);
#4883=CARTESIAN_POINT('',(-10.1030475136665,-22.705820284718,-6.60304751366703));
#4884=VECTOR('',#5812,1000.0);
#4885=COLOUR_RGB('',0.596078455448151,0.596078455448151,0.596078455448151);
#4886=CARTESIAN_POINT('',(-10.1030475136665,-22.705820284718,6.60304751366692));
#4887=VECTOR('',#5813,1000.0);
#4888=COLOUR_RGB('',0.596078455448151,0.596078455448151,0.596078455448151);
#4889=COLOUR_RGB('',0.596078455448151,0.596078455448151,0.596078455448151);
#4890=CARTESIAN_POINT('',(-3.1824999999995,-8.848003284703,-0.317500000000082));
#4891=CARTESIAN_POINT('',(0.970812382836995,-8.848003284703,-0.317500000000083));
#4892=VECTOR('',#5814,1.0);
#4893=CARTESIAN_POINT('',(-3.1824999999995,-13.612727709372,-0.317500000000082));
#4894=VECTOR('',#5815,1000.0);
#4895=COLOUR_RGB('',0.596078455448151,0.596078455448151,0.596078455448151);
#4896=CARTESIAN_POINT('',(-3.1824999999995,-8.848003284703,-0.728025962327073));
#4897=VECTOR('',#5816,1.0);
#4898=COLOUR_RGB('',0.596078455448151,0.596078455448151,0.596078455448151);
#4899=CARTESIAN_POINT('',(3.8175000000005,-10.698003284703,-0.317500000000082));
#4900=CARTESIAN_POINT('',(3.18250000000047,-10.698003284703,-0.317500000000082));
#4901=CARTESIAN_POINT('',(4.47080450000551,-10.698003284703,-0.317500000000083));
#4902=VECTOR('',#5817,1.0);
#4903=CARTESIAN_POINT('',(3.8175000000005,-12.341625638828,-0.317500000000082));
#4904=CARTESIAN_POINT('',(3.8175000000005,-13.612727709372,-0.317500000000082));
#4905=VECTOR('',#5818,1000.0);
#4906=CARTESIAN_POINT('',(3.18250000000047,-12.341625638828,-0.317500000000082));
#4907=CARTESIAN_POINT('',(3.8175000000005,-12.341625638828,-0.317500000000082));
#4908=VECTOR('',#5819,1000.0);
#4909=CARTESIAN_POINT('',(3.18250000000047,-13.862727709372,-0.317500000000082));
#4910=VECTOR('',#5820,1000.0);
#4911=COLOUR_RGB('',0.596078455448151,0.596078455448151,0.596078455448151);
#4912=CARTESIAN_POINT('',(3.8175000000005,-10.698003284703,0.31749999999997));
#4913=CARTESIAN_POINT('',(3.8175000000005,-10.698003284703,-0.268500000000006));
#4914=VECTOR('',#5821,1.0);
#4915=CARTESIAN_POINT('',(3.8175000000005,-12.398087190472,0.31749999999997));
#4916=CARTESIAN_POINT('',(3.8175000000005,-3.45238357533201,0.317499999999971));
#4917=VECTOR('',#5822,1000.0);
#4918=AXIS2_PLACEMENT_3D('',#5823,#5824,#5825);
#4919=CARTESIAN_POINT('',(3.8175000000005,-13.365557796874,0.339069845940897));
#4920=AXIS2_PLACEMENT_3D('',#5826,#5827,#5828);
#4921=CARTESIAN_POINT('',(3.8175000000005,-13.844242633809,0.417499999999959));
#4922=AXIS2_PLACEMENT_3D('',#5829,#5830,#5831);
#4923=CARTESIAN_POINT('',(3.81750000000098,-14.1024062165921,0.417499999999975));
#4924=CARTESIAN_POINT('',(3.8175000000005,-9.92459157533301,0.417499999999959));
#4925=VECTOR('',#5832,1000.0);
#4926=CARTESIAN_POINT('',(3.81750000000038,-14.1024062165935,-0.217500000000107));
#4927=CARTESIAN_POINT('',(3.8175000000005,-14.102406216593,0.099999999999877));
#4928=VECTOR('',#5833,1000.0);
#4929=CARTESIAN_POINT('',(3.8175000000005,-13.942955405791,-0.217500000000094));
#4930=CARTESIAN_POINT('',(3.8175000000005,-12.929954595263,-0.217500000000094));
#4931=VECTOR('',#5834,1000.0);
#4932=CARTESIAN_POINT('',(3.8175000000005,-13.508812201279,-0.281700683250952));
#4933=AXIS2_PLACEMENT_3D('',#5835,#5836,#5837);
#4934=AXIS2_PLACEMENT_3D('',#5838,#5839,#5840);
#4935=AXIS2_PLACEMENT_3D('',#5841,#5842,#5843);
#4936=COLOUR_RGB('',0.596078455448151,0.596078455448151,0.596078455448151);
#4937=CARTESIAN_POINT('',(3.18250000000047,-10.698003284703,0.31749999999997));
#4938=CARTESIAN_POINT('',(3.18250000000047,-10.698003284703,0.268500000000004));
#4939=VECTOR('',#5844,1.0);
#4940=AXIS2_PLACEMENT_3D('',#5845,#5846,#5847);
#4941=CARTESIAN_POINT('',(3.18250000000047,-13.508812201279,-0.281700683250952));
#4942=AXIS2_PLACEMENT_3D('',#5848,#5849,#5850);
#4943=CARTESIAN_POINT('',(3.18250000000047,-13.942955405791,-0.217500000000094));
#4944=AXIS2_PLACEMENT_3D('',#5851,#5852,#5853);
#4945=CARTESIAN_POINT('',(3.18249999999999,-14.1024062165936,-0.217500000000166));
#4946=CARTESIAN_POINT('',(3.18250000000047,-12.929954595263,-0.217500000000094));
#4947=VECTOR('',#5854,1000.0);
#4948=CARTESIAN_POINT('',(3.18249999999997,-14.1024062165935,0.417499999999473));
#4949=CARTESIAN_POINT('',(3.18249999999947,-14.102406216593,0.0999999999998771));
#4950=VECTOR('',#5855,1000.0);
#4951=CARTESIAN_POINT('',(3.18250000000047,-13.844242633809,0.417499999999959));
#4952=CARTESIAN_POINT('',(3.18250000000047,-12.929954595263,0.417499999999959));
#4953=VECTOR('',#5856,1000.0);
#4954=CARTESIAN_POINT('',(3.18250000000047,-13.365557796874,0.339069845940897));
#4955=AXIS2_PLACEMENT_3D('',#5857,#5858,#5859);
#4956=AXIS2_PLACEMENT_3D('',#5860,#5861,#5862);
#4957=CARTESIAN_POINT('',(3.18250000000047,-12.398087190472,0.31749999999997));
#4958=AXIS2_PLACEMENT_3D('',#5863,#5864,#5865);
#4959=CARTESIAN_POINT('',(3.18250000000047,-3.45238357533201,0.317499999999971));
#4960=VECTOR('',#5866,1000.0);
#4961=COLOUR_RGB('',0.596078455448151,0.596078455448151,0.596078455448151);
#4962=CARTESIAN_POINT('',(4.47080450000501,-10.698003284703,0.317499999999969));
#4963=VECTOR('',#5867,1.0);
#4964=CARTESIAN_POINT('',(3.8175000000005,-12.398087190472,0.31749999999997));
#4965=VECTOR('',#5868,1000.0);
#4966=COLOUR_RGB('',0.596078455448151,0.596078455448151,0.596078455448151);
#4967=CARTESIAN_POINT('',(3.60217673844427,-14.798003284701,-0.00217673844379201));
#4968=CARTESIAN_POINT('',(3.60217673844434,-14.7980032847009,0.202176738443141));
#4969=CARTESIAN_POINT('',(3.60217673844404,-14.798003284701,-0.232689255219022));
#4970=VECTOR('',#5869,1000.0);
#4971=CARTESIAN_POINT('',(1.17355506041549,-22.643612284715,2.42644493958488));
#4972=VECTOR('',#5870,1000.0);
#4973=CARTESIAN_POINT('',(1.17355506041549,-22.643612284715,-2.22644493958602));
#4974=VECTOR('',#5871,1000.0);
#4975=COLOUR_RGB('',0.596078455448151,0.596078455448151,0.596078455448151);
#4976=CARTESIAN_POINT('',(3.39782326155663,-14.7980032847009,0.202176738443141));
#4977=CARTESIAN_POINT('',(2.28545655394549,-14.798003284701,0.202176738443448));
#4978=VECTOR('',#5872,1000.0);
#4979=CARTESIAN_POINT('',(3.50000000000047,-14.102406216593,0.417499999999959));
#4980=VECTOR('',#5873,1000.0);
#4981=CARTESIAN_POINT('',(5.82644493958548,-22.643612284715,-2.22644493958602));
#4982=VECTOR('',#5874,1000.0);
#4983=COLOUR_RGB('',0.596078455448151,0.596078455448151,0.596078455448151);
#4984=CARTESIAN_POINT('',(3.8175000000005,-13.844242633809,0.417499999999959));
#4985=VECTOR('',#5875,1000.0);
#4986=COLOUR_RGB('',0.596078455448151,0.596078455448151,0.596078455448151);
#4987=COLOUR_RGB('',0.596078455448151,0.596078455448151,0.596078455448151);
#4988=CARTESIAN_POINT('',(3.8175000000005,-13.942955405791,-0.217500000000094));
#4989=VECTOR('',#5876,1000.0);
#4990=CARTESIAN_POINT('',(3.50000000000047,-14.102406216594,-0.217500000000094));
#4991=VECTOR('',#5877,1000.0);
#4992=COLOUR_RGB('',0.596078455448151,0.596078455448151,0.596078455448151);
#4993=CARTESIAN_POINT('',(3.3978232615567,-14.798003284701,-0.00217673844379199));
#4994=CARTESIAN_POINT('',(3.3978232615569,-14.798003284701,-0.232689255219022));
#4995=VECTOR('',#5878,1000.0);
#4996=CARTESIAN_POINT('',(5.82644493958548,-22.643612284715,2.42644493958488));
#4997=VECTOR('',#5879,1000.0);
#4998=COLOUR_RGB('',0.596078455448151,0.596078455448151,0.596078455448151);
#4999=CARTESIAN_POINT('',(2.28545655394549,-14.798003284701,-0.00217673844369314));
#5000=VECTOR('',#5880,1000.0);
#5001=COLOUR_RGB('',0.596078455448151,0.596078455448151,0.596078455448151);
#5002=COLOUR_RGB('',0.596078455448151,0.596078455448151,0.596078455448151);
#5003=CARTESIAN_POINT('',(3.8175000000005,-13.508812201279,-0.281700683250952));
#5004=VECTOR('',#5881,1000.0);
#5005=COLOUR_RGB('',0.596078455448151,0.596078455448151,0.596078455448151);
#5006=COLOUR_RGB('',0.596078455448151,0.596078455448151,0.596078455448151);
#5007=CARTESIAN_POINT('',(3.8175000000005,-13.365557796874,0.339069845940897));
#5008=VECTOR('',#5882,1000.0);
#5009=COLOUR_RGB('',0.596078455448151,0.596078455448151,0.596078455448151);
#5010=COLOUR_RGB('',0.596078455448151,0.596078455448151,0.596078455448151);
#5011=COLOUR_RGB('',0.596078455448151,0.596078455448151,0.596078455448151);
#5012=CARTESIAN_POINT('',(-3.8175000000005,-10.698003284703,0.31750000000008));
#5013=CARTESIAN_POINT('',(-3.18250000000047,-10.698003284703,0.31750000000008));
#5014=CARTESIAN_POINT('',(-7.97080450000798,-10.698003284703,0.31750000000008));
#5015=VECTOR('',#5883,1.0);
#5016=CARTESIAN_POINT('',(-3.8175000000005,-12.341625638828,0.31750000000008));
#5017=CARTESIAN_POINT('',(-3.8175000000005,-13.612727709372,0.31750000000008));
#5018=VECTOR('',#5884,1000.0);
#5019=CARTESIAN_POINT('',(-3.18250000000047,-12.341625638828,0.31750000000008));
#5020=CARTESIAN_POINT('',(-3.8175000000005,-12.341625638828,0.31750000000008));
#5021=VECTOR('',#5885,1000.0);
#5022=CARTESIAN_POINT('',(-3.18250000000047,-13.862727709372,0.31750000000008));
#5023=VECTOR('',#5886,1000.0);
#5024=COLOUR_RGB('',0.596078455448151,0.596078455448151,0.596078455448151);
#5025=CARTESIAN_POINT('',(-3.8175000000005,-10.698003284703,-0.317499999999972));
#5026=CARTESIAN_POINT('',(-3.8175000000005,-10.698003284703,0.268500000000115));
#5027=VECTOR('',#5887,1.0);
#5028=CARTESIAN_POINT('',(-3.8175000000005,-12.398087190472,-0.317499999999972));
#5029=CARTESIAN_POINT('',(-3.8175000000005,-3.45238357533201,-0.317499999999971));
#5030=VECTOR('',#5888,1000.0);
#5031=AXIS2_PLACEMENT_3D('',#5889,#5890,#5891);
#5032=CARTESIAN_POINT('',(-3.8175000000005,-13.365557796874,-0.339069845940899));
#5033=AXIS2_PLACEMENT_3D('',#5892,#5893,#5894);
#5034=CARTESIAN_POINT('',(-3.8175000000005,-13.844242633809,-0.417499999999961));
#5035=AXIS2_PLACEMENT_3D('',#5895,#5896,#5897);
#5036=CARTESIAN_POINT('',(-3.81750000000098,-14.1024062165921,-0.417499999999977));
#5037=CARTESIAN_POINT('',(-3.8175000000005,-9.92459157533301,-0.417499999999961));
#5038=VECTOR('',#5898,1000.0);
#5039=CARTESIAN_POINT('',(-3.81750000000038,-14.1024062165935,0.217500000000105));
#5040=CARTESIAN_POINT('',(-3.8175000000005,-14.102406216593,-0.0999999999998789));
#5041=VECTOR('',#5899,1000.0);
#5042=CARTESIAN_POINT('',(-3.8175000000005,-13.942955405791,0.217500000000092));
#5043=CARTESIAN_POINT('',(-3.8175000000005,-12.929954595263,0.217500000000092));
#5044=VECTOR('',#5900,1000.0);
#5045=CARTESIAN_POINT('',(-3.8175000000005,-13.508812201279,0.28170068325095));
#5046=AXIS2_PLACEMENT_3D('',#5901,#5902,#5903);
#5047=AXIS2_PLACEMENT_3D('',#5904,#5905,#5906);
#5048=AXIS2_PLACEMENT_3D('',#5907,#5908,#5909);
#5049=COLOUR_RGB('',0.596078455448151,0.596078455448151,0.596078455448151);
#5050=CARTESIAN_POINT('',(-3.18250000000047,-10.698003284703,-0.317499999999972));
#5051=CARTESIAN_POINT('',(-3.18250000000047,-10.698003284703,-0.268499999999895));
#5052=VECTOR('',#5910,1.0);
#5053=AXIS2_PLACEMENT_3D('',#5911,#5912,#5913);
#5054=CARTESIAN_POINT('',(-3.18250000000047,-13.508812201279,0.28170068325095));
#5055=AXIS2_PLACEMENT_3D('',#5914,#5915,#5916);
#5056=CARTESIAN_POINT('',(-3.18250000000047,-13.942955405791,0.217500000000092));
#5057=AXIS2_PLACEMENT_3D('',#5917,#5918,#5919);
#5058=CARTESIAN_POINT('',(-3.18249999999999,-14.1024062165936,0.217500000000164));
#5059=CARTESIAN_POINT('',(-3.18250000000047,-12.929954595263,0.217500000000092));
#5060=VECTOR('',#5920,1000.0);
#5061=CARTESIAN_POINT('',(-3.18249999999997,-14.1024062165935,-0.417499999999475));
#5062=CARTESIAN_POINT('',(-3.18249999999947,-14.102406216593,-0.0999999999998789));
#5063=VECTOR('',#5921,1000.0);
#5064=CARTESIAN_POINT('',(-3.18250000000047,-13.844242633809,-0.417499999999961));
#5065=CARTESIAN_POINT('',(-3.18250000000047,-12.929954595263,-0.417499999999961));
#5066=VECTOR('',#5922,1000.0);
#5067=CARTESIAN_POINT('',(-3.18250000000047,-13.365557796874,-0.339069845940899));
#5068=AXIS2_PLACEMENT_3D('',#5923,#5924,#5925);
#5069=AXIS2_PLACEMENT_3D('',#5926,#5927,#5928);
#5070=CARTESIAN_POINT('',(-3.18250000000047,-12.398087190472,-0.317499999999972));
#5071=AXIS2_PLACEMENT_3D('',#5929,#5930,#5931);
#5072=CARTESIAN_POINT('',(-3.18250000000047,-3.45238357533201,-0.317499999999971));
#5073=VECTOR('',#5932,1000.0);
#5074=COLOUR_RGB('',0.596078455448151,0.596078455448151,0.596078455448151);
#5075=CARTESIAN_POINT('',(-7.97080450000748,-10.698003284703,-0.317499999999972));
#5076=VECTOR('',#5933,1.0);
#5077=CARTESIAN_POINT('',(-3.8175000000005,-12.398087190472,-0.317499999999972));
#5078=VECTOR('',#5934,1000.0);
#5079=COLOUR_RGB('',0.596078455448151,0.596078455448151,0.596078455448151);
#5080=CARTESIAN_POINT('',(-3.60217673844427,-14.798003284701,0.00217673844379018));
#5081=CARTESIAN_POINT('',(-3.60217673844434,-14.7980032847009,-0.202176738443143));
#5082=CARTESIAN_POINT('',(-3.60217673844404,-14.798003284701,0.23268925521902));
#5083=VECTOR('',#5935,1000.0);
#5084=CARTESIAN_POINT('',(-1.17355506041549,-22.643612284715,-2.42644493958488));
#5085=VECTOR('',#5936,1000.0);
#5086=CARTESIAN_POINT('',(-1.17355506041549,-22.643612284715,2.22644493958602));
#5087=VECTOR('',#5937,1000.0);
#5088=COLOUR_RGB('',0.596078455448151,0.596078455448151,0.596078455448151);
#5089=CARTESIAN_POINT('',(-3.39782326155663,-14.7980032847009,-0.202176738443143));
#5090=CARTESIAN_POINT('',(-2.28545655394549,-14.798003284701,-0.20217673844345));
#5091=VECTOR('',#5938,1000.0);
#5092=CARTESIAN_POINT('',(-3.50000000000047,-14.102406216593,-0.417499999999961));
#5093=VECTOR('',#5939,1000.0);
#5094=CARTESIAN_POINT('',(-5.82644493958548,-22.643612284715,2.22644493958602));
#5095=VECTOR('',#5940,1000.0);
#5096=COLOUR_RGB('',0.596078455448151,0.596078455448151,0.596078455448151);
#5097=CARTESIAN_POINT('',(-3.8175000000005,-13.844242633809,-0.417499999999961));
#5098=VECTOR('',#5941,1000.0);
#5099=COLOUR_RGB('',0.596078455448151,0.596078455448151,0.596078455448151);
#5100=COLOUR_RGB('',0.596078455448151,0.596078455448151,0.596078455448151);
#5101=CARTESIAN_POINT('',(-3.8175000000005,-13.942955405791,0.217500000000092));
#5102=VECTOR('',#5942,1000.0);
#5103=CARTESIAN_POINT('',(-3.50000000000047,-14.102406216594,0.217500000000092));
#5104=VECTOR('',#5943,1000.0);
#5105=COLOUR_RGB('',0.596078455448151,0.596078455448151,0.596078455448151);
#5106=CARTESIAN_POINT('',(-3.3978232615567,-14.798003284701,0.00217673844379018));
#5107=CARTESIAN_POINT('',(-3.3978232615569,-14.798003284701,0.23268925521902));
#5108=VECTOR('',#5944,1000.0);
#5109=CARTESIAN_POINT('',(-5.82644493958548,-22.643612284715,-2.42644493958488));
#5110=VECTOR('',#5945,1000.0);
#5111=COLOUR_RGB('',0.596078455448151,0.596078455448151,0.596078455448151);
#5112=CARTESIAN_POINT('',(-2.28545655394549,-14.798003284701,0.00217673844369146));
#5113=VECTOR('',#5946,1000.0);
#5114=COLOUR_RGB('',0.596078455448151,0.596078455448151,0.596078455448151);
#5115=COLOUR_RGB('',0.596078455448151,0.596078455448151,0.596078455448151);
#5116=CARTESIAN_POINT('',(-3.8175000000005,-13.508812201279,0.28170068325095));
#5117=VECTOR('',#5947,1000.0);
#5118=COLOUR_RGB('',0.596078455448151,0.596078455448151,0.596078455448151);
#5119=COLOUR_RGB('',0.596078455448151,0.596078455448151,0.596078455448151);
#5120=CARTESIAN_POINT('',(-3.8175000000005,-13.365557796874,-0.339069845940899));
#5121=VECTOR('',#5948,1000.0);
#5122=COLOUR_RGB('',0.596078455448151,0.596078455448151,0.596078455448151);
#5123=COLOUR_RGB('',0.596078455448151,0.596078455448151,0.596078455448151);
#5124=COLOUR_RGB('',0.596078455448151,0.596078455448151,0.596078455448151);
#5125=CARTESIAN_POINT('',(-0.31750000000149,-10.698003284703,-0.317500000000971));
#5126=CARTESIAN_POINT('',(-0.31750000000149,-10.698003284703,0.317499999999082));
#5127=CARTESIAN_POINT('',(-0.31750000000149,-10.698003284703,0.268499999999616));
#5128=VECTOR('',#5949,1.0);
#5129=CARTESIAN_POINT('',(-0.31750000000153,-14.3024062165874,-0.317500000000992));
#5130=CARTESIAN_POINT('',(-0.31750000000149,-3.45238357532302,-0.31750000000097));
#5131=VECTOR('',#5950,1000.0);
#5132=CARTESIAN_POINT('',(-0.31750000000155,-14.3024062165875,0.317499999999095));
#5133=CARTESIAN_POINT('',(-0.31750000000149,-14.302406216587,-0.33268925521901));
#5134=VECTOR('',#5951,1000.0);
#5135=CARTESIAN_POINT('',(-0.31750000000149,-13.612727709364,0.317499999999082));
#5136=VECTOR('',#5952,1000.0);
#5137=COLOUR_RGB('',0.596078455448151,0.596078455448151,0.596078455448151);
#5138=CARTESIAN_POINT('',(0.31749999999853,-10.698003284703,-0.317500000000971));
#5139=CARTESIAN_POINT('',(-6.22080450000849,-10.698003284703,-0.317500000000971));
#5140=VECTOR('',#5953,1.0);
#5141=CARTESIAN_POINT('',(0.31749999999858,-14.3024062165875,-0.317500000000929));
#5142=CARTESIAN_POINT('',(0.31749999999853,-3.45238357532302,-0.31750000000097));
#5143=VECTOR('',#5954,1000.0);
#5144=CARTESIAN_POINT('',(1.21454344605352,-14.302406216587,-0.317500000000971));
#5145=VECTOR('',#5955,1000.0);
#5146=COLOUR_RGB('',0.596078455448151,0.596078455448151,0.596078455448151);
#5147=CARTESIAN_POINT('',(0.31749999999853,-10.698003284703,0.317499999999082));
#5148=CARTESIAN_POINT('',(-6.22080450000849,-10.698003284703,0.317499999999082));
#5149=VECTOR('',#5956,1.0);
#5150=CARTESIAN_POINT('',(0.31749999999852,-14.3024062165876,0.317499999999003));
#5151=CARTESIAN_POINT('',(1.21454344605352,-14.302406216587,0.317499999999082));
#5152=VECTOR('',#5957,1000.0);
#5153=CARTESIAN_POINT('',(0.31749999999853,-13.862727709364,0.317499999999082));
#5154=VECTOR('',#5958,1000.0);
#5155=COLOUR_RGB('',0.596078455448151,0.596078455448151,0.596078455448151);
#5156=CARTESIAN_POINT('',(0.31749999999853,-10.698003284703,-0.268500000000394));
#5157=VECTOR('',#5959,1.0);
#5158=CARTESIAN_POINT('',(0.31749999999853,-14.302406216588,-0.33268925521901));
#5159=VECTOR('',#5960,1000.0);
#5160=COLOUR_RGB('',0.596078455448151,0.596078455448151,0.596078455448151);
#5161=CARTESIAN_POINT('',(0.10217673844219,-14.998003284695,0.102176738442876));
#5162=CARTESIAN_POINT('',(-0.10217673844517,-14.998003284695,0.102176738442879));
#5163=CARTESIAN_POINT('',(1.21454344605352,-14.998003284695,0.10217673844269));
#5164=VECTOR('',#5961,1000.0);
#5165=CARTESIAN_POINT('',(-2.32644493958647,-22.843612284709,-2.32644493958589));
#5166=VECTOR('',#5962,1000.0);
#5167=CARTESIAN_POINT('',(2.32644493958351,-22.843612284709,-2.32644493958589));
#5168=VECTOR('',#5963,1000.0);
#5169=COLOUR_RGB('',0.596078455448151,0.596078455448151,0.596078455448151);
#5170=CARTESIAN_POINT('',(-0.10217673844517,-14.998003284695,-0.102176738444657));
#5171=CARTESIAN_POINT('',(-0.10217673844507,-14.998003284695,0.33268925521801));
#5172=VECTOR('',#5964,1000.0);
#5173=CARTESIAN_POINT('',(2.32644493958351,-22.843612284709,2.32644493958412));
#5174=VECTOR('',#5965,1000.0);
#5175=COLOUR_RGB('',0.596078455448151,0.596078455448151,0.596078455448151);
#5176=CARTESIAN_POINT('',(0.10217673844219,-14.998003284695,-0.102176738444655));
#5177=CARTESIAN_POINT('',(0.10217673844209,-14.998003284695,0.33268925521801));
#5178=VECTOR('',#5966,1000.0);
#5179=CARTESIAN_POINT('',(-2.32644493958647,-22.843612284709,2.32644493958412));
#5180=VECTOR('',#5967,1000.0);
#5181=COLOUR_RGB('',0.596078455448151,0.596078455448151,0.596078455448151);
#5182=CARTESIAN_POINT('',(1.21454344605352,-14.998003284695,-0.102176738444468));
#5183=VECTOR('',#5968,1000.0);
#5184=COLOUR_RGB('',0.596078455448151,0.596078455448151,0.596078455448151);
#5185=COLOUR_RGB('',0.176470592617989,0.239215686917305,0.235294118523598);
#5186=EDGE_CURVE('',#5969,#5970,#5971,.T.);
#5187=EDGE_CURVE('',#5969,#5972,#5973,.F.);
#5188=EDGE_CURVE('',#5974,#5972,#5975,.T.);
#5189=EDGE_CURVE('',#5976,#5974,#5977,.T.);
#5190=EDGE_CURVE('',#5970,#5976,#5978,.T.);
#5191=EDGE_CURVE('',#5979,#5976,#5980,.T.);
#5192=EDGE_CURVE('',#5981,#5979,#5982,.T.);
#5193=EDGE_CURVE('',#5983,#5981,#5984,.T.);
#5194=EDGE_CURVE('',#5983,#5970,#5985,.T.);
#5195=EDGE_CURVE('',#5986,#5987,#5988,.T.);
#5196=EDGE_CURVE('',#5987,#5989,#5990,.T.);
#5197=EDGE_CURVE('',#5991,#5989,#5992,.T.);
#5198=EDGE_CURVE('',#5993,#5991,#5994,.T.);
#5199=EDGE_CURVE('',#5993,#5995,#5996,.T.);
#5200=EDGE_CURVE('',#5995,#5997,#5998,.T.);
#5201=EDGE_CURVE('',#5997,#5999,#6000,.T.);
#5202=EDGE_CURVE('',#5999,#6001,#6002,.T.);
#5203=EDGE_CURVE('',#6001,#6003,#6004,.T.);
#5204=EDGE_CURVE('',#6003,#6005,#6006,.T.);
#5205=EDGE_CURVE('',#6005,#6007,#6008,.T.);
#5206=EDGE_CURVE('',#6009,#6007,#6010,.T.);
#5207=EDGE_CURVE('',#6009,#6011,#6012,.T.);
#5208=EDGE_CURVE('',#6013,#6011,#6014,.F.);
#5209=EDGE_CURVE('',#6015,#6013,#6016,.T.);
#5210=EDGE_CURVE('',#6017,#6015,#6018,.T.);
#5211=EDGE_CURVE('',#6019,#6017,#6020,.T.);
#5212=EDGE_CURVE('',#6021,#6019,#6022,.T.);
#5213=EDGE_CURVE('',#6021,#6023,#6024,.T.);
#5214=EDGE_CURVE('',#6025,#6023,#6026,.T.);
#5215=EDGE_CURVE('',#6027,#6025,#6028,.T.);
#5216=EDGE_CURVE('',#6029,#6027,#6030,.T.);
#5217=EDGE_CURVE('',#6029,#6031,#6032,.T.);
#5218=EDGE_CURVE('',#6033,#6031,#6034,.T.);
#5219=EDGE_CURVE('',#6033,#6035,#6036,.T.);
#5220=EDGE_CURVE('',#6037,#6035,#6038,.T.);
#5221=EDGE_CURVE('',#6037,#6039,#6040,.T.);
#5222=EDGE_CURVE('',#6039,#6041,#6042,.T.);
#5223=EDGE_CURVE('',#6043,#6041,#6044,.T.);
#5224=EDGE_CURVE('',#6045,#6043,#6046,.T.);
#5225=EDGE_CURVE('',#6045,#6047,#6048,.T.);
#5226=EDGE_CURVE('',#6049,#6047,#6050,.T.);
#5227=EDGE_CURVE('',#6051,#6049,#6052,.T.);
#5228=EDGE_CURVE('',#6053,#6051,#6054,.F.);
#5229=EDGE_CURVE('',#6053,#6055,#6056,.T.);
#5230=EDGE_CURVE('',#6057,#6055,#6058,.T.);
#5231=EDGE_CURVE('',#6057,#6059,#6060,.T.);
#5232=EDGE_CURVE('',#6059,#5986,#6061,.T.);
#5233=EDGE_CURVE('',#6062,#6063,#6064,.T.);
#5234=EDGE_CURVE('',#6062,#6065,#6066,.T.);
#5235=EDGE_CURVE('',#6065,#6067,#6068,.T.);
#5236=EDGE_CURVE('',#6069,#6067,#6070,.T.);
#5237=EDGE_CURVE('',#6063,#6069,#6071,.T.);
#5238=EDGE_CURVE('',#5997,#6063,#6072,.T.);
#5239=EDGE_CURVE('',#6069,#5999,#6073,.T.);
#5240=EDGE_CURVE('',#6074,#6075,#6076,.T.);
#5241=EDGE_CURVE('',#6075,#5995,#6077,.T.);
#5242=EDGE_CURVE('',#6074,#5993,#6078,.T.);
#5243=EDGE_CURVE('',#6075,#6079,#6080,.T.);
#5244=EDGE_CURVE('',#6081,#6074,#6082,.T.);
#5245=EDGE_CURVE('',#6081,#6083,#6084,.T.);
#5246=EDGE_CURVE('',#6079,#6083,#6085,.T.);
#5247=EDGE_CURVE('',#6079,#6086,#6087,.T.);
#5248=EDGE_CURVE('',#6083,#6088,#6089,.T.);
#5249=EDGE_CURVE('',#6086,#6088,#6090,.T.);
#5250=EDGE_CURVE('',#6086,#6091,#6092,.T.);
#5251=EDGE_CURVE('',#6088,#6093,#6094,.T.);
#5252=EDGE_CURVE('',#6095,#6093,#6096,.T.);
#5253=EDGE_CURVE('',#6095,#6091,#6097,.T.);
#5254=EDGE_CURVE('',#5989,#6091,#6098,.T.);
#5255=EDGE_CURVE('',#5991,#6095,#6099,.T.);
#5256=EDGE_CURVE('',#6100,#6101,#6102,.T.);
#5257=EDGE_CURVE('',#6101,#5987,#6103,.T.);
#5258=EDGE_CURVE('',#6100,#5986,#6104,.T.);
#5259=EDGE_CURVE('',#6101,#6105,#6106,.T.);
#5260=EDGE_CURVE('',#6107,#6100,#6108,.T.);
#5261=EDGE_CURVE('',#6107,#6109,#6110,.T.);
#5262=EDGE_CURVE('',#6105,#6109,#6111,.T.);
#5263=EDGE_CURVE('',#6112,#6113,#6114,.T.);
#5264=EDGE_CURVE('',#6112,#6115,#6116,.T.);
#5265=EDGE_CURVE('',#6117,#6115,#6118,.T.);
#5266=EDGE_CURVE('',#6113,#6117,#6119,.T.);
#5267=EDGE_CURVE('',#6120,#6121,#6122,.T.);
#5268=EDGE_CURVE('',#6123,#6120,#6124,.T.);
#5269=EDGE_CURVE('',#6125,#6123,#6126,.T.);
#5270=EDGE_CURVE('',#6125,#6127,#6128,.T.);
#5271=EDGE_CURVE('',#6127,#6121,#6129,.T.);
#5272=EDGE_CURVE('',#6130,#6131,#6132,.T.);
#5273=EDGE_CURVE('',#6133,#6130,#6134,.T.);
#5274=EDGE_CURVE('',#6133,#6135,#6136,.T.);
#5275=EDGE_CURVE('',#6137,#6135,#6138,.T.);
#5276=EDGE_CURVE('',#6131,#6137,#6139,.T.);
#5277=EDGE_CURVE('',#6027,#6112,#6140,.T.);
#5278=EDGE_CURVE('',#6115,#6025,#6141,.T.);
#5279=EDGE_CURVE('',#6023,#6117,#6142,.T.);
#5280=EDGE_CURVE('',#6113,#6021,#6143,.T.);
#5281=EDGE_CURVE('',#6003,#6144,#6145,.T.);
#5282=EDGE_CURVE('',#6144,#6146,#6147,.T.);
#5283=EDGE_CURVE('',#6005,#6146,#6148,.T.);
#5284=EDGE_CURVE('',#6149,#6001,#6150,.T.);
#5285=EDGE_CURVE('',#6149,#6144,#6151,.T.);
#5286=EDGE_CURVE('',#6146,#6152,#6153,.T.);
#5287=EDGE_CURVE('',#6007,#6152,#6154,.T.);
#5288=EDGE_CURVE('',#6155,#6149,#6156,.T.);
#5289=EDGE_CURVE('',#6157,#6155,#6158,.T.);
#5290=EDGE_CURVE('',#6144,#6157,#6159,.T.);
#5291=EDGE_CURVE('',#6160,#6157,#6161,.T.);
#5292=EDGE_CURVE('',#6146,#6160,#6162,.T.);
#5293=EDGE_CURVE('',#6160,#6163,#6164,.T.);
#5294=EDGE_CURVE('',#6152,#6163,#6165,.T.);
#5295=EDGE_CURVE('',#6166,#6167,#6168,.T.);
#5296=EDGE_CURVE('',#6166,#6169,#6170,.T.);
#5297=EDGE_CURVE('',#6169,#6171,#6172,.T.);
#5298=EDGE_CURVE('',#6167,#6171,#6173,.T.);
#5299=EDGE_CURVE('',#6174,#6175,#6176,.T.);
#5300=EDGE_CURVE('',#6175,#6177,#6178,.T.);
#5301=EDGE_CURVE('',#6179,#6177,#6180,.T.);
#5302=EDGE_CURVE('',#6174,#6179,#6181,.T.);
#5303=EDGE_CURVE('',#6127,#6182,#6183,.T.);
#5304=EDGE_CURVE('',#6182,#6184,#6185,.T.);
#5305=EDGE_CURVE('',#6121,#6184,#6186,.T.);
#5306=EDGE_CURVE('',#6019,#6187,#6188,.T.);
#5307=EDGE_CURVE('',#6187,#6120,#6189,.T.);
#5308=EDGE_CURVE('',#6184,#6190,#6191,.T.);
#5309=EDGE_CURVE('',#6130,#6190,#6192,.T.);
#5310=EDGE_CURVE('',#6131,#6193,#6194,.T.);
#5311=EDGE_CURVE('',#6029,#6193,#6195,.T.);
#5312=EDGE_CURVE('',#6196,#6190,#6197,.T.);
#5313=EDGE_CURVE('',#6133,#6196,#6198,.T.);
#5314=EDGE_CURVE('',#6171,#6199,#6200,.T.);
#5315=EDGE_CURVE('',#6199,#6201,#6202,.T.);
#5316=EDGE_CURVE('',#6167,#6201,#6203,.T.);
#5317=EDGE_CURVE('',#6017,#6204,#6205,.T.);
#5318=EDGE_CURVE('',#6187,#6204,#6206,.T.);
#5319=EDGE_CURVE('',#6207,#6204,#6208,.T.);
#5320=EDGE_CURVE('',#6207,#6123,#6209,.T.);
#5321=EDGE_CURVE('',#6125,#6210,#6211,.T.);
#5322=EDGE_CURVE('',#6210,#6207,#6212,.T.);
#5323=EDGE_CURVE('',#6210,#6213,#6214,.T.);
#5324=EDGE_CURVE('',#6182,#6213,#6215,.T.);
#5325=EDGE_CURVE('',#6216,#6135,#6217,.T.);
#5326=EDGE_CURVE('',#6218,#6196,#6219,.T.);
#5327=EDGE_CURVE('',#6216,#6218,#6220,.T.);
#5328=EDGE_CURVE('',#6221,#6216,#6222,.T.);
#5329=EDGE_CURVE('',#6137,#6221,#6223,.T.);
#5330=EDGE_CURVE('',#6224,#6221,#6225,.T.);
#5331=EDGE_CURVE('',#6193,#6224,#6226,.T.);
#5332=EDGE_CURVE('',#6224,#6031,#6227,.T.);
#5333=EDGE_CURVE('',#6228,#6062,#6229,.T.);
#5334=EDGE_CURVE('',#6228,#6230,#6231,.T.);
#5335=EDGE_CURVE('',#6230,#6152,#6232,.T.);
#5336=EDGE_CURVE('',#6163,#6065,#6233,.T.);
#5337=EDGE_CURVE('',#6171,#6234,#6235,.T.);
#5338=EDGE_CURVE('',#6234,#6236,#6237,.T.);
#5339=EDGE_CURVE('',#6236,#6199,#6238,.T.);
#5340=EDGE_CURVE('',#6239,#6201,#6240,.T.);
#5341=EDGE_CURVE('',#6241,#6239,#6242,.T.);
#5342=EDGE_CURVE('',#6241,#6167,#6243,.T.);
#5343=EDGE_CURVE('',#6236,#6239,#6244,.T.);
#5344=EDGE_CURVE('',#6067,#6155,#6245,.T.);
#5345=EDGE_CURVE('',#6069,#6149,#6246,.T.);
#5346=EDGE_CURVE('',#6247,#6166,#6248,.T.);
#5347=EDGE_CURVE('',#6249,#6247,#6250,.T.);
#5348=EDGE_CURVE('',#6169,#6249,#6251,.T.);
#5349=EDGE_CURVE('',#6247,#6241,#6252,.T.);
#5350=EDGE_CURVE('',#6234,#6249,#6253,.T.);
#5351=EDGE_CURVE('',#6009,#6230,#6254,.T.);
#5352=EDGE_CURVE('',#6255,#6015,#6256,.T.);
#5353=EDGE_CURVE('',#6255,#6257,#6258,.T.);
#5354=EDGE_CURVE('',#6049,#6257,#6259,.T.);
#5355=EDGE_CURVE('',#6047,#6260,#6261,.T.);
#5356=EDGE_CURVE('',#6260,#6262,#6263,.T.);
#5357=EDGE_CURVE('',#6262,#6264,#6265,.T.);
#5358=EDGE_CURVE('',#6266,#6264,#6267,.T.);
#5359=EDGE_CURVE('',#6266,#6213,#6268,.T.);
#5360=EDGE_CURVE('',#6218,#6269,#6270,.T.);
#5361=EDGE_CURVE('',#6269,#6271,#6272,.T.);
#5362=EDGE_CURVE('',#6271,#6273,#6274,.T.);
#5363=EDGE_CURVE('',#6273,#6275,#6276,.T.);
#5364=EDGE_CURVE('',#6275,#6277,#6278,.T.);
#5365=EDGE_CURVE('',#6277,#6279,#6280,.T.);
#5366=EDGE_CURVE('',#6279,#6281,#6282,.T.);
#5367=EDGE_CURVE('',#6281,#6033,#6283,.T.);
#5368=EDGE_CURVE('',#6177,#6284,#6285,.T.);
#5369=EDGE_CURVE('',#6284,#6286,#6287,.T.);
#5370=EDGE_CURVE('',#6286,#6179,#6288,.T.);
#5371=EDGE_CURVE('',#6269,#5969,#6289,.F.);
#5372=EDGE_CURVE('',#6290,#6266,#6291,.T.);
#5373=EDGE_CURVE('',#6292,#6290,#6293,.T.);
#5374=EDGE_CURVE('',#6294,#6292,#6295,.T.);
#5375=EDGE_CURVE('',#6294,#6296,#6297,.T.);
#5376=EDGE_CURVE('',#6275,#6296,#6298,.T.);
#5377=EDGE_CURVE('',#5972,#6273,#6299,.F.);
#5378=EDGE_CURVE('',#6300,#6301,#6302,.T.);
#5379=EDGE_CURVE('',#6301,#6303,#6304,.T.);
#5380=EDGE_CURVE('',#6303,#6305,#6306,.T.);
#5381=EDGE_CURVE('',#6305,#6300,#6307,.T.);
#5382=EDGE_CURVE('',#6308,#6309,#6310,.T.);
#5383=EDGE_CURVE('',#6309,#6311,#6312,.T.);
#5384=EDGE_CURVE('',#6311,#6313,#6314,.T.);
#5385=EDGE_CURVE('',#6313,#6315,#6316,.T.);
#5386=EDGE_CURVE('',#6317,#6315,#6318,.F.);
#5387=EDGE_CURVE('',#6317,#6319,#6320,.T.);
#5388=EDGE_CURVE('',#6319,#6321,#6322,.T.);
#5389=EDGE_CURVE('',#6321,#6323,#6324,.T.);
#5390=EDGE_CURVE('',#6323,#6325,#6326,.F.);
#5391=EDGE_CURVE('',#6325,#6327,#6328,.T.);
#5392=EDGE_CURVE('',#6327,#6329,#6330,.T.);
#5393=EDGE_CURVE('',#6329,#6331,#6332,.T.);
#5394=EDGE_CURVE('',#6333,#6331,#6334,.F.);
#5395=EDGE_CURVE('',#6333,#6335,#6336,.T.);
#5396=EDGE_CURVE('',#6335,#6337,#6338,.F.);
#5397=EDGE_CURVE('',#6337,#6308,#6339,.T.);
#5398=EDGE_CURVE('',#6340,#6341,#6342,.T.);
#5399=EDGE_CURVE('',#6341,#6343,#6344,.T.);
#5400=EDGE_CURVE('',#6343,#6345,#6346,.T.);
#5401=EDGE_CURVE('',#6345,#6340,#6347,.T.);
#5402=EDGE_CURVE('',#6348,#6349,#6350,.T.);
#5403=EDGE_CURVE('',#6349,#6351,#6352,.T.);
#5404=EDGE_CURVE('',#6351,#6353,#6354,.F.);
#5405=EDGE_CURVE('',#6353,#6355,#6356,.T.);
#5406=EDGE_CURVE('',#6357,#6355,#6358,.T.);
#5407=EDGE_CURVE('',#6357,#6359,#6360,.T.);
#5408=EDGE_CURVE('',#6361,#6359,#6362,.F.);
#5409=EDGE_CURVE('',#6361,#6363,#6364,.T.);
#5410=EDGE_CURVE('',#6363,#6365,#6366,.T.);
#5411=EDGE_CURVE('',#6365,#6367,#6368,.T.);
#5412=EDGE_CURVE('',#6367,#6369,#6370,.T.);
#5413=EDGE_CURVE('',#6369,#6371,#6372,.T.);
#5414=EDGE_CURVE('',#6371,#6373,#6374,.T.);
#5415=EDGE_CURVE('',#6373,#6375,#6376,.T.);
#5416=EDGE_CURVE('',#6375,#6377,#6378,.F.);
#5417=EDGE_CURVE('',#6377,#6379,#6380,.T.);
#5418=EDGE_CURVE('',#6379,#6381,#6382,.F.);
#5419=EDGE_CURVE('',#6381,#6383,#6384,.T.);
#5420=EDGE_CURVE('',#6383,#6385,#6386,.T.);
#5421=EDGE_CURVE('',#6385,#6387,#6388,.T.);
#5422=EDGE_CURVE('',#6387,#6389,#6390,.T.);
#5423=EDGE_CURVE('',#6389,#6391,#6392,.T.);
#5424=EDGE_CURVE('',#6393,#6391,#6394,.F.);
#5425=EDGE_CURVE('',#6393,#6348,#6395,.T.);
#5426=EDGE_CURVE('',#6396,#6174,#6397,.T.);
#5427=EDGE_CURVE('',#6398,#6396,#6399,.T.);
#5428=EDGE_CURVE('',#6175,#6398,#6400,.T.);
#5429=EDGE_CURVE('',#6284,#6398,#6401,.T.);
#5430=EDGE_CURVE('',#6396,#6286,#6402,.T.);
#5431=EDGE_CURVE('',#6403,#6404,#6405,.T.);
#5432=EDGE_CURVE('',#6404,#6406,#6407,.T.);
#5433=EDGE_CURVE('',#6408,#6406,#6409,.T.);
#5434=EDGE_CURVE('',#6403,#6408,#6410,.T.);
#5435=EDGE_CURVE('',#5979,#5981,#6411,.T.);
#5436=EDGE_CURVE('',#6234,#6241,#6412,.T.);
#5437=EDGE_CURVE('',#6413,#6414,#6415,.T.);
#5438=EDGE_CURVE('',#6414,#6404,#6416,.T.);
#5439=EDGE_CURVE('',#6413,#6403,#6417,.T.);
#5440=EDGE_CURVE('',#6418,#6419,#6420,.T.);
#5441=EDGE_CURVE('',#6418,#6421,#6422,.T.);
#5442=EDGE_CURVE('',#6421,#6406,#6423,.T.);
#5443=EDGE_CURVE('',#6414,#6424,#6425,.T.);
#5444=EDGE_CURVE('',#6424,#6426,#6427,.T.);
#5445=EDGE_CURVE('',#6419,#6426,#6428,.T.);
#5446=EDGE_CURVE('',#6429,#6421,#6430,.T.);
#5447=EDGE_CURVE('',#6429,#6408,#6431,.T.);
#5448=EDGE_CURVE('',#6429,#6432,#6433,.T.);
#5449=EDGE_CURVE('',#6434,#6432,#6435,.T.);
#5450=EDGE_CURVE('',#6434,#6436,#6437,.T.);
#5451=EDGE_CURVE('',#6438,#6436,#6439,.T.);
#5452=EDGE_CURVE('',#6438,#6440,#6441,.T.);
#5453=EDGE_CURVE('',#6440,#6442,#6443,.T.);
#5454=EDGE_CURVE('',#6442,#6444,#6445,.T.);
#5455=EDGE_CURVE('',#6446,#6444,#6447,.T.);
#5456=EDGE_CURVE('',#6446,#6448,#6449,.T.);
#5457=EDGE_CURVE('',#6450,#6448,#6451,.T.);
#5458=EDGE_CURVE('',#6450,#6452,#6453,.T.);
#5459=EDGE_CURVE('',#6454,#6452,#6455,.T.);
#5460=EDGE_CURVE('',#6454,#6413,#6456,.T.);
#5461=EDGE_CURVE('',#5974,#5983,#6457,.T.);
#5462=EDGE_CURVE('',#6458,#6459,#6460,.T.);
#5463=EDGE_CURVE('',#6458,#6461,#6462,.T.);
#5464=EDGE_CURVE('',#6461,#6463,#6464,.T.);
#5465=EDGE_CURVE('',#6459,#6463,#6465,.T.);
#5466=EDGE_CURVE('',#6466,#6467,#6468,.T.);
#5467=EDGE_CURVE('',#6467,#6300,#6469,.T.);
#5468=EDGE_CURVE('',#6466,#6305,#6470,.T.);
#5469=EDGE_CURVE('',#6450,#6308,#6471,.T.);
#5470=EDGE_CURVE('',#6452,#6337,#6472,.T.);
#5471=EDGE_CURVE('',#6454,#6335,#6473,.T.);
#5472=EDGE_CURVE('',#6333,#6424,#6474,.T.);
#5473=EDGE_CURVE('',#6331,#6426,#6475,.T.);
#5474=EDGE_CURVE('',#6419,#6329,#6476,.T.);
#5475=EDGE_CURVE('',#6418,#6327,#6477,.T.);
#5476=EDGE_CURVE('',#6432,#6325,#6478,.T.);
#5477=EDGE_CURVE('',#6434,#6323,#6479,.T.);
#5478=EDGE_CURVE('',#6436,#6321,#6480,.T.);
#5479=EDGE_CURVE('',#6438,#6319,#6481,.T.);
#5480=EDGE_CURVE('',#6440,#6317,#6482,.T.);
#5481=EDGE_CURVE('',#6442,#6315,#6483,.T.);
#5482=EDGE_CURVE('',#6444,#6313,#6484,.T.);
#5483=EDGE_CURVE('',#6446,#6311,#6485,.T.);
#5484=EDGE_CURVE('',#6448,#6309,#6486,.T.);
#5485=EDGE_CURVE('',#6463,#6487,#6488,.T.);
#5486=EDGE_CURVE('',#6487,#6489,#6490,.T.);
#5487=EDGE_CURVE('',#6459,#6489,#6491,.T.);
#5488=EDGE_CURVE('',#6093,#6081,#6492,.T.);
#5489=EDGE_CURVE('',#6493,#6487,#6494,.T.);
#5490=EDGE_CURVE('',#6493,#6495,#6496,.T.);
#5491=EDGE_CURVE('',#6495,#6489,#6497,.T.);
#5492=EDGE_CURVE('',#6463,#6498,#6499,.T.);
#5493=EDGE_CURVE('',#6498,#6493,#6500,.T.);
#5494=EDGE_CURVE('',#6501,#6495,#6502,.T.);
#5495=EDGE_CURVE('',#6501,#6459,#6503,.T.);
#5496=EDGE_CURVE('',#6074,#6095,#6504,.T.);
#5497=EDGE_CURVE('',#6505,#6458,#6506,.T.);
#5498=EDGE_CURVE('',#6507,#6505,#6508,.T.);
#5499=EDGE_CURVE('',#6461,#6507,#6509,.T.);
#5500=EDGE_CURVE('',#6505,#6501,#6510,.T.);
#5501=EDGE_CURVE('',#6498,#6507,#6511,.T.);
#5502=EDGE_CURVE('',#6512,#6466,#6513,.T.);
#5503=EDGE_CURVE('',#6514,#6512,#6515,.T.);
#5504=EDGE_CURVE('',#6467,#6514,#6516,.T.);
#5505=EDGE_CURVE('',#6301,#6514,#6517,.T.);
#5506=EDGE_CURVE('',#6512,#6303,#6518,.T.);
#5507=EDGE_CURVE('',#6519,#6520,#6521,.T.);
#5508=EDGE_CURVE('',#6522,#6520,#6523,.T.);
#5509=EDGE_CURVE('',#6524,#6522,#6525,.T.);
#5510=EDGE_CURVE('',#6519,#6524,#6526,.T.);
#5511=EDGE_CURVE('',#6527,#6528,#6529,.T.);
#5512=EDGE_CURVE('',#6528,#6530,#6531,.T.);
#5513=EDGE_CURVE('',#6532,#6530,#6533,.T.);
#5514=EDGE_CURVE('',#6527,#6532,#6534,.T.);
#5515=EDGE_CURVE('',#6498,#6501,#6535,.T.);
#5516=EDGE_CURVE('',#6536,#6537,#6538,.T.);
#5517=EDGE_CURVE('',#6537,#6528,#6539,.T.);
#5518=EDGE_CURVE('',#6536,#6527,#6540,.T.);
#5519=EDGE_CURVE('',#6522,#6541,#6542,.T.);
#5520=EDGE_CURVE('',#6543,#6541,#6544,.T.);
#5521=EDGE_CURVE('',#6524,#6543,#6545,.T.);
#5522=EDGE_CURVE('',#6546,#6547,#6548,.T.);
#5523=EDGE_CURVE('',#6546,#6549,#6550,.T.);
#5524=EDGE_CURVE('',#6549,#6551,#6552,.T.);
#5525=EDGE_CURVE('',#6551,#6553,#6554,.T.);
#5526=EDGE_CURVE('',#6553,#6555,#6556,.T.);
#5527=EDGE_CURVE('',#6555,#6557,#6558,.T.);
#5528=EDGE_CURVE('',#6519,#6557,#6559,.T.);
#5529=EDGE_CURVE('',#6543,#6560,#6561,.T.);
#5530=EDGE_CURVE('',#6562,#6560,#6563,.T.);
#5531=EDGE_CURVE('',#6562,#6564,#6565,.T.);
#5532=EDGE_CURVE('',#6566,#6564,#6567,.T.);
#5533=EDGE_CURVE('',#6566,#6568,#6569,.T.);
#5534=EDGE_CURVE('',#6570,#6568,#6571,.T.);
#5535=EDGE_CURVE('',#6570,#6547,#6572,.T.);
#5536=EDGE_CURVE('',#6557,#6573,#6574,.T.);
#5537=EDGE_CURVE('',#6520,#6573,#6575,.T.);
#5538=EDGE_CURVE('',#6573,#6576,#6577,.T.);
#5539=EDGE_CURVE('',#6576,#6530,#6578,.T.);
#5540=EDGE_CURVE('',#6537,#6541,#6579,.T.);
#5541=EDGE_CURVE('',#6580,#6576,#6581,.T.);
#5542=EDGE_CURVE('',#6580,#6532,#6582,.T.);
#5543=EDGE_CURVE('',#6580,#6583,#6584,.T.);
#5544=EDGE_CURVE('',#6585,#6583,#6586,.T.);
#5545=EDGE_CURVE('',#6585,#6587,#6588,.T.);
#5546=EDGE_CURVE('',#6589,#6587,#6590,.T.);
#5547=EDGE_CURVE('',#6589,#6591,#6592,.T.);
#5548=EDGE_CURVE('',#6591,#6593,#6594,.T.);
#5549=EDGE_CURVE('',#6593,#6595,#6596,.T.);
#5550=EDGE_CURVE('',#6597,#6595,#6598,.T.);
#5551=EDGE_CURVE('',#6597,#6599,#6600,.T.);
#5552=EDGE_CURVE('',#6601,#6599,#6602,.T.);
#5553=EDGE_CURVE('',#6601,#6603,#6604,.T.);
#5554=EDGE_CURVE('',#6605,#6603,#6606,.T.);
#5555=EDGE_CURVE('',#6605,#6536,#6607,.T.);
#5556=EDGE_CURVE('',#6608,#6609,#6610,.T.);
#5557=EDGE_CURVE('',#6608,#6611,#6612,.T.);
#5558=EDGE_CURVE('',#6611,#6613,#6614,.T.);
#5559=EDGE_CURVE('',#6609,#6613,#6615,.T.);
#5560=EDGE_CURVE('',#6613,#6616,#6617,.T.);
#5561=EDGE_CURVE('',#6616,#6618,#6619,.T.);
#5562=EDGE_CURVE('',#6609,#6618,#6620,.T.);
#5563=EDGE_CURVE('',#6621,#6622,#6623,.T.);
#5564=EDGE_CURVE('',#6622,#6340,#6624,.T.);
#5565=EDGE_CURVE('',#6621,#6345,#6625,.T.);
#5566=EDGE_CURVE('',#6589,#6348,#6626,.T.);
#5567=EDGE_CURVE('',#6591,#6393,#6627,.T.);
#5568=EDGE_CURVE('',#6593,#6391,#6628,.T.);
#5569=EDGE_CURVE('',#6595,#6389,#6629,.T.);
#5570=EDGE_CURVE('',#6597,#6387,#6630,.T.);
#5571=EDGE_CURVE('',#6599,#6385,#6631,.T.);
#5572=EDGE_CURVE('',#6601,#6383,#6632,.T.);
#5573=EDGE_CURVE('',#6603,#6381,#6633,.T.);
#5574=EDGE_CURVE('',#6605,#6379,#6634,.T.);
#5575=EDGE_CURVE('',#6560,#6377,#6635,.T.);
#5576=EDGE_CURVE('',#6562,#6375,#6636,.T.);
#5577=EDGE_CURVE('',#6564,#6373,#6637,.T.);
#5578=EDGE_CURVE('',#6566,#6371,#6638,.T.);
#5579=EDGE_CURVE('',#6568,#6369,#6639,.T.);
#5580=EDGE_CURVE('',#6570,#6367,#6640,.T.);
#5581=EDGE_CURVE('',#6547,#6365,#6641,.T.);
#5582=EDGE_CURVE('',#6546,#6363,#6642,.T.);
#5583=EDGE_CURVE('',#6549,#6361,#6643,.T.);
#5584=EDGE_CURVE('',#6551,#6359,#6644,.T.);
#5585=EDGE_CURVE('',#6553,#6357,#6645,.T.);
#5586=EDGE_CURVE('',#6555,#6355,#6646,.T.);
#5587=EDGE_CURVE('',#6583,#6353,#6647,.T.);
#5588=EDGE_CURVE('',#6585,#6351,#6648,.T.);
#5589=EDGE_CURVE('',#6587,#6349,#6649,.T.);
#5590=EDGE_CURVE('',#6650,#6651,#6652,.T.);
#5591=EDGE_CURVE('',#6109,#6650,#6653,.T.);
#5592=EDGE_CURVE('',#6651,#6107,#6654,.T.);
#5593=EDGE_CURVE('',#6655,#6616,#6656,.T.);
#5594=EDGE_CURVE('',#6655,#6657,#6658,.T.);
#5595=EDGE_CURVE('',#6657,#6618,#6659,.T.);
#5596=EDGE_CURVE('',#6660,#6661,#6662,.T.);
#5597=EDGE_CURVE('',#6661,#6663,#6664,.T.);
#5598=EDGE_CURVE('',#6105,#6663,#6665,.T.);
#5599=EDGE_CURVE('',#6660,#6650,#6666,.T.);
#5600=EDGE_CURVE('',#6667,#6100,#6668,.T.);
#5601=EDGE_CURVE('',#6667,#6651,#6669,.T.);
#5602=EDGE_CURVE('',#6661,#6055,#6670,.T.);
#5603=EDGE_CURVE('',#6660,#6057,#6671,.T.);
#5604=EDGE_CURVE('',#6667,#6059,#6672,.T.);
#5605=EDGE_CURVE('',#6673,#6621,#6674,.T.);
#5606=EDGE_CURVE('',#6675,#6673,#6676,.T.);
#5607=EDGE_CURVE('',#6622,#6675,#6677,.T.);
#5608=EDGE_CURVE('',#6341,#6675,#6678,.T.);
#5609=EDGE_CURVE('',#6673,#6343,#6679,.T.);
#5610=EDGE_CURVE('',#6680,#6608,#6681,.T.);
#5611=EDGE_CURVE('',#6682,#6680,#6683,.T.);
#5612=EDGE_CURVE('',#6611,#6682,#6684,.T.);
#5613=EDGE_CURVE('',#6685,#6609,#6686,.T.);
#5614=EDGE_CURVE('',#6680,#6685,#6687,.T.);
#5615=EDGE_CURVE('',#6688,#6682,#6689,.T.);
#5616=EDGE_CURVE('',#6613,#6688,#6690,.T.);
#5617=EDGE_CURVE('',#6688,#6655,#6691,.T.);
#5618=EDGE_CURVE('',#6685,#6657,#6692,.T.);
#5619=EDGE_CURVE('',#6693,#6694,#6695,.T.);
#5620=EDGE_CURVE('',#6694,#6696,#6697,.T.);
#5621=EDGE_CURVE('',#6698,#6696,#6699,.T.);
#5622=EDGE_CURVE('',#6698,#6693,#6700,.T.);
#5623=EDGE_CURVE('',#6701,#6702,#6703,.T.);
#5624=EDGE_CURVE('',#6704,#6701,#6705,.T.);
#5625=EDGE_CURVE('',#6706,#6704,#6707,.T.);
#5626=EDGE_CURVE('',#6706,#6708,#6709,.T.);
#5627=EDGE_CURVE('',#6708,#6702,#6710,.T.);
#5628=EDGE_CURVE('',#6711,#6712,#6713,.T.);
#5629=EDGE_CURVE('',#6711,#6714,#6715,.T.);
#5630=EDGE_CURVE('',#6716,#6714,#6717,.T.);
#5631=EDGE_CURVE('',#6718,#6716,#6719,.T.);
#5632=EDGE_CURVE('',#6712,#6718,#6720,.T.);
#5633=EDGE_CURVE('',#6041,#6694,#6721,.T.);
#5634=EDGE_CURVE('',#6693,#6043,#6722,.T.);
#5635=EDGE_CURVE('',#6696,#6039,#6723,.T.);
#5636=EDGE_CURVE('',#6037,#6698,#6724,.T.);
#5637=EDGE_CURVE('',#6688,#6685,#6725,.T.);
#5638=EDGE_CURVE('',#6716,#6294,#6726,.T.);
#5639=EDGE_CURVE('',#6296,#6714,#6727,.T.);
#5640=EDGE_CURVE('',#6045,#6728,#6729,.T.);
#5641=EDGE_CURVE('',#6035,#6730,#6731,.T.);
#5642=EDGE_CURVE('',#6730,#6718,#6732,.T.);
#5643=EDGE_CURVE('',#6706,#6292,#6733,.T.);
#5644=EDGE_CURVE('',#6704,#6728,#6734,.T.);
#5645=EDGE_CURVE('',#6290,#6708,#6735,.T.);
#5646=EDGE_CURVE('',#6660,#6667,#6736,.T.);
#5647=EDGE_CURVE('',#6702,#6264,#6737,.T.);
#5648=EDGE_CURVE('',#6701,#6262,#6738,.T.);
#5649=EDGE_CURVE('',#6728,#6260,#6739,.T.);
#5650=EDGE_CURVE('',#6281,#6730,#6740,.T.);
#5651=EDGE_CURVE('',#6279,#6712,#6741,.T.);
#5652=EDGE_CURVE('',#6277,#6711,#6742,.T.);
#5653=EDGE_CURVE('',#6743,#6744,#6745,.T.);
#5654=EDGE_CURVE('',#6746,#6744,#6747,.T.);
#5655=EDGE_CURVE('',#6748,#6746,#6749,.T.);
#5656=EDGE_CURVE('',#6748,#6743,#6750,.T.);
#5657=EDGE_CURVE('',#6751,#6752,#6753,.T.);
#5658=EDGE_CURVE('',#6743,#6751,#6754,.T.);
#5659=EDGE_CURVE('',#6748,#6752,#6755,.T.);
#5660=EDGE_CURVE('',#6756,#6757,#6758,.T.);
#5661=EDGE_CURVE('',#6756,#6751,#6759,.T.);
#5662=EDGE_CURVE('',#6752,#6757,#6760,.T.);
#5663=EDGE_CURVE('',#6761,#6762,#6763,.T.);
#5664=EDGE_CURVE('',#6764,#6761,#6765,.T.);
#5665=EDGE_CURVE('',#6764,#6766,#6767,.T.);
#5666=EDGE_CURVE('',#6766,#6768,#6769,.T.);
#5667=EDGE_CURVE('',#6744,#6768,#6770,.T.);
#5668=EDGE_CURVE('',#6771,#6756,#6772,.T.);
#5669=EDGE_CURVE('',#6762,#6771,#6773,.T.);
#5670=EDGE_CURVE('',#6774,#6775,#6776,.T.);
#5671=EDGE_CURVE('',#6777,#6775,#6778,.T.);
#5672=EDGE_CURVE('',#6777,#6779,#6780,.T.);
#5673=EDGE_CURVE('',#6774,#6779,#6781,.T.);
#5674=EDGE_CURVE('',#6782,#6783,#6784,.T.);
#5675=EDGE_CURVE('',#6775,#6783,#6785,.T.);
#5676=EDGE_CURVE('',#6782,#6774,#6786,.T.);
#5677=EDGE_CURVE('',#6782,#6013,#6787,.T.);
#5678=EDGE_CURVE('',#6783,#6011,#6788,.T.);
#5679=EDGE_CURVE('',#6789,#6790,#6791,.T.);
#5680=EDGE_CURVE('',#6790,#6771,#6792,.F.);
#5681=EDGE_CURVE('',#6793,#6757,#6794,.T.);
#5682=EDGE_CURVE('',#6789,#6793,#6795,.T.);
#5683=EDGE_CURVE('',#6796,#6797,#6798,.T.);
#5684=EDGE_CURVE('',#6797,#6790,#6799,.T.);
#5685=EDGE_CURVE('',#6789,#6796,#6800,.T.);
#5686=EDGE_CURVE('',#6801,#6796,#6802,.T.);
#5687=EDGE_CURVE('',#6801,#6803,#6804,.T.);
#5688=EDGE_CURVE('',#6797,#6803,#6805,.T.);
#5689=EDGE_CURVE('',#6806,#6807,#6808,.T.);
#5690=EDGE_CURVE('',#6807,#6803,#6809,.T.);
#5691=EDGE_CURVE('',#6801,#6806,#6810,.T.);
#5692=EDGE_CURVE('',#6807,#6768,#6811,.F.);
#5693=EDGE_CURVE('',#6812,#6806,#6813,.T.);
#5694=EDGE_CURVE('',#6746,#6812,#6814,.T.);
#5695=EDGE_CURVE('',#6815,#6816,#6817,.T.);
#5696=EDGE_CURVE('',#6816,#6818,#6819,.T.);
#5697=EDGE_CURVE('',#6820,#6818,#6821,.T.);
#5698=EDGE_CURVE('',#6820,#6793,#6822,.T.);
#5699=EDGE_CURVE('',#6812,#6815,#6823,.T.);
#5700=EDGE_CURVE('',#6824,#6815,#6825,.T.);
#5701=EDGE_CURVE('',#6824,#6826,#6827,.T.);
#5702=EDGE_CURVE('',#6826,#6816,#6828,.T.);
#5703=EDGE_CURVE('',#6053,#6829,#6830,.T.);
#5704=EDGE_CURVE('',#6051,#6831,#6832,.T.);
#5705=EDGE_CURVE('',#6831,#6829,#6833,.T.);
#5706=EDGE_CURVE('',#6834,#6835,#6836,.T.);
#5707=EDGE_CURVE('',#6829,#6835,#6837,.T.);
#5708=EDGE_CURVE('',#6831,#6834,#6838,.T.);
#5709=EDGE_CURVE('',#6834,#6839,#6840,.T.);
#5710=EDGE_CURVE('',#6841,#6839,#6842,.T.);
#5711=EDGE_CURVE('',#6835,#6841,#6843,.T.);
#5712=EDGE_CURVE('',#6779,#6826,#6844,.T.);
#5713=EDGE_CURVE('',#6777,#6764,#6845,.F.);
#5714=EDGE_CURVE('',#6841,#6761,#6846,.F.);
#5715=EDGE_CURVE('',#6847,#6839,#6848,.T.);
#5716=EDGE_CURVE('',#6818,#6847,#6849,.T.);
#5717=EDGE_CURVE('',#6850,#6847,#6851,.T.);
#5718=EDGE_CURVE('',#6820,#6850,#6852,.T.);
#5719=EDGE_CURVE('',#6257,#6850,#6853,.T.);
#5720=EDGE_CURVE('',#6824,#6255,#6854,.T.);
#5721=EDGE_CURVE('',#6663,#6762,#6855,.T.);
#5722=EDGE_CURVE('',#6228,#6766,#6856,.T.);
#5723=EDGE_CURVE('',#6062,#6079,#6857,.T.);
#5724=EDGE_CURVE('',#6086,#6105,#6858,.T.);
#5725=DIRECTION('',(1.0,-0.0,-0.0));
#5726=CARTESIAN_POINT('',(-3.8175000000005,-12.929954595263,-1.63269840574687));
#5727=DIRECTION('',(-1.0,0.0,0.0));
#5728=DIRECTION('',(0.0,1.0,6.12323399573676E-17));
#5729=DIRECTION('',(-1.0,0.0,0.0));
#5730=CARTESIAN_POINT('',(-3.18250000000047,-12.929954595263,-1.63269840574687));
#5731=DIRECTION('',(-1.0,6.86438271594193E-61,-1.12103877145985E-44));
#5732=DIRECTION('',(-1.12103877145985E-44,-6.12323399573676E-17,1.0));
#5733=DIRECTION('',(-1.0,-0.0,-0.0));
#5734=CARTESIAN_POINT('',(-3.18250000000047,-12.929954595263,-1.63269840574687));
#5735=DIRECTION('',(-1.0,6.86438271594193E-61,-1.12103877145985E-44));
#5736=DIRECTION('',(-1.12103877145985E-44,-6.12323399573676E-17,1.0));
#5737=DIRECTION('',(-1.0,0.0,0.0));
#5738=CARTESIAN_POINT('',(-3.8175000000005,-12.929954595263,-1.63269840574687));
#5739=DIRECTION('',(-1.0,0.0,0.0));
#5740=DIRECTION('',(0.0,1.0,6.12323399573676E-17));
#5741=DIRECTION('',(-1.0,-7.49879891330927E-33,1.22464679914735E-16));
#5742=CARTESIAN_POINT('',(3.8175000000005,-12.929954595263,1.63269840574687));
#5743=DIRECTION('',(1.0,7.49879891330927E-33,-1.22464679914735E-16));
#5744=DIRECTION('',(-1.00253152495766E-48,1.0,6.12323399573676E-17));
#5745=DIRECTION('',(1.0,7.49879891330927E-33,-1.22464679914735E-16));
#5746=CARTESIAN_POINT('',(3.18250000000047,-12.929954595263,1.63269840574687));
#5747=DIRECTION('',(1.0,7.49879891330927E-33,-1.22464679914735E-16));
#5748=DIRECTION('',(-1.22464679914735E-16,6.12323399573676E-17,-1.0));
#5749=DIRECTION('',(1.0,7.49879891330927E-33,-1.22464679914735E-16));
#5750=CARTESIAN_POINT('',(3.18250000000047,-12.929954595263,1.63269840574687));
#5751=DIRECTION('',(1.0,7.49879891330927E-33,-1.22464679914735E-16));
#5752=DIRECTION('',(-1.22464679914735E-16,6.12323399573676E-17,-1.0));
#5753=DIRECTION('',(1.0,7.49879891330927E-33,-1.22464679914735E-16));
#5754=CARTESIAN_POINT('',(3.8175000000005,-12.929954595263,1.63269840574687));
#5755=DIRECTION('',(1.0,7.49879891330927E-33,-1.22464679914735E-16));
#5756=DIRECTION('',(0.0,1.0,6.12323399573676E-17));
#5757=DIRECTION('',(-1.22464679914735E-16,6.12323399573676E-17,-1.0));
#5758=DIRECTION('',(0.0,-1.0,-6.12323399573676E-17));
#5759=DIRECTION('',(1.22464679914735E-16,-6.12323399573676E-17,1.0));
#5760=DIRECTION('',(0.0,-1.0,-6.12323399573676E-17));
#5761=DIRECTION('',(-1.0,-7.49879891330927E-33,1.22464679914735E-16));
#5762=DIRECTION('',(0.0,-1.0,-6.12323399573676E-17));
#5763=DIRECTION('',(1.0,7.49879891327305E-33,-1.22464679914735E-16));
#5764=DIRECTION('',(1.0,7.49879891330927E-33,-1.22464679914735E-16));
#5765=DIRECTION('',(-1.22464679914735E-16,6.12323399573676E-17,-1.0));
#5766=DIRECTION('',(-1.0,-7.49879891330927E-33,1.22464679914735E-16));
#5767=DIRECTION('',(1.22464679914735E-16,-6.12323399573676E-17,1.0));
#5768=DIRECTION('',(-0.283569714772098,0.916065736575788,-0.283569714772098));
#5769=DIRECTION('',(1.22464679914735E-16,-6.12323399573677E-17,1.0));
#5770=DIRECTION('',(0.283569714772098,-0.916065736575788,-0.283569714772098));
#5771=DIRECTION('',(-1.0,-7.49879891326978E-33,1.22464679914735E-16));
#5772=DIRECTION('',(0.283569714772098,0.916065736575788,0.283569714772098));
#5773=DIRECTION('',(-0.283569714772098,-0.916065736575788,0.283569714772098));
#5774=DIRECTION('',(1.0,7.49879891330927E-33,-1.22464679914735E-16));
#5775=DIRECTION('',(0.0,1.0,6.12323399573676E-17));
#5776=DIRECTION('',(1.22464679914735E-16,-6.12323399573676E-17,1.0));
#5777=DIRECTION('',(-1.22464679914735E-16,6.12323399573676E-17,-1.0));
#5778=DIRECTION('',(0.0,-1.0,-6.12323399573676E-17));
#5779=DIRECTION('',(1.22464679914735E-16,-6.12323399573676E-17,1.0));
#5780=DIRECTION('',(0.0,-1.0,-6.12323399573676E-17));
#5781=DIRECTION('',(-1.0,-7.49879891330927E-33,1.22464679914735E-16));
#5782=DIRECTION('',(0.0,-1.0,-6.12323399573676E-17));
#5783=DIRECTION('',(1.0,7.49879891327305E-33,-1.22464679914735E-16));
#5784=DIRECTION('',(1.0,7.49879891330927E-33,-1.22464679914735E-16));
#5785=DIRECTION('',(-1.22464679914735E-16,6.12323399573676E-17,-1.0));
#5786=DIRECTION('',(-1.0,-7.49879891330927E-33,1.22464679914735E-16));
#5787=DIRECTION('',(1.22464679914735E-16,-6.12323399573676E-17,1.0));
#5788=DIRECTION('',(-0.283569714772098,0.916065736575788,-0.283569714772098));
#5789=DIRECTION('',(1.22464679914735E-16,-6.12323399573677E-17,1.0));
#5790=DIRECTION('',(0.283569714772098,-0.916065736575788,-0.283569714772098));
#5791=DIRECTION('',(-1.0,-7.49879891326978E-33,1.22464679914735E-16));
#5792=DIRECTION('',(0.283569714772098,0.916065736575788,0.283569714772098));
#5793=DIRECTION('',(-0.283569714772098,-0.916065736575788,0.283569714772098));
#5794=DIRECTION('',(1.0,7.49879891330927E-33,-1.22464679914735E-16));
#5795=DIRECTION('',(0.0,1.0,6.12323399573676E-17));
#5796=DIRECTION('',(1.22464679914735E-16,-6.12323399573676E-17,1.0));
#5797=DIRECTION('',(-1.22464679914735E-16,6.12323399573676E-17,-1.0));
#5798=DIRECTION('',(0.0,-1.0,-6.12323399573676E-17));
#5799=DIRECTION('',(1.22464679914735E-16,-6.12323399573676E-17,1.0));
#5800=DIRECTION('',(0.0,-1.0,-6.12323399573676E-17));
#5801=DIRECTION('',(-1.0,-7.49879891330927E-33,1.22464679914735E-16));
#5802=DIRECTION('',(0.0,-1.0,-6.12323399573676E-17));
#5803=DIRECTION('',(1.0,7.49879891327305E-33,-1.22464679914735E-16));
#5804=DIRECTION('',(1.0,7.49879891330927E-33,-1.22464679914735E-16));
#5805=DIRECTION('',(-1.22464679914735E-16,6.12323399573676E-17,-1.0));
#5806=DIRECTION('',(-1.0,-7.49879891330927E-33,1.22464679914735E-16));
#5807=DIRECTION('',(1.22464679914735E-16,-6.12323399573676E-17,1.0));
#5808=DIRECTION('',(-0.283569714772098,0.916065736575788,-0.283569714772098));
#5809=DIRECTION('',(1.22464679914735E-16,-6.12323399573677E-17,1.0));
#5810=DIRECTION('',(0.283569714772098,-0.916065736575788,-0.283569714772098));
#5811=DIRECTION('',(-1.0,-7.49879891326978E-33,1.22464679914735E-16));
#5812=DIRECTION('',(0.283569714772098,0.916065736575788,0.283569714772098));
#5813=DIRECTION('',(-0.283569714772098,-0.916065736575788,0.283569714772098));
#5814=DIRECTION('',(1.0,7.49879891330927E-33,-1.22464679914735E-16));
#5815=DIRECTION('',(0.0,1.0,6.12323399573676E-17));
#5816=DIRECTION('',(1.22464679914735E-16,-6.12323399573676E-17,1.0));
#5817=DIRECTION('',(-1.0,-7.49879891330927E-33,1.22464679914735E-16));
#5818=DIRECTION('',(0.0,1.0,6.12323399573676E-17));
#5819=DIRECTION('',(1.0,7.49879891330927E-33,-1.22464679914735E-16));
#5820=DIRECTION('',(0.0,-1.0,-6.12323399573676E-17));
#5821=DIRECTION('',(-1.22464679914735E-16,6.12323399573676E-17,-1.0));
#5822=DIRECTION('',(0.0,-1.0,-6.12323399573676E-17));
#5823=CARTESIAN_POINT('',(3.8175000000005,-12.398087190472,-1.18250000000009));
#5824=DIRECTION('',(1.0,7.49879891330927E-33,-1.22464679914735E-16));
#5825=DIRECTION('',(-9.12303687711469E-49,1.0,6.12323399573676E-17));
#5826=CARTESIAN_POINT('',(3.8175000000005,-12.929954595263,1.63269840574687));
#5827=DIRECTION('',(1.0,7.49879891330927E-33,-1.22464679914735E-16));
#5828=DIRECTION('',(-1.00253152495766E-48,1.0,6.12323399573676E-17));
#5829=CARTESIAN_POINT('',(3.8175000000005,-13.844242633809,-1.0825000000001));
#5830=DIRECTION('',(1.0,7.49879891330927E-33,-1.22464679914735E-16));
#5831=DIRECTION('',(-9.12303687711469E-49,1.0,6.12323399573676E-17));
#5832=DIRECTION('',(0.0,-1.0,-6.12323399573676E-17));
#5833=DIRECTION('',(1.22464679914735E-16,-6.12323399573676E-17,1.0));
#5834=DIRECTION('',(0.0,-1.0,-6.12323399573676E-17));
#5835=CARTESIAN_POINT('',(3.8175000000005,-13.942955405791,-1.71750000000004));
#5836=DIRECTION('',(1.0,7.49879891330927E-33,-1.22464679914735E-16));
#5837=DIRECTION('',(-9.12303687711469E-49,1.0,6.12323399573676E-17));
#5838=CARTESIAN_POINT('',(3.8175000000005,-12.929954595263,1.63269840574687));
#5839=DIRECTION('',(1.0,7.49879891330927E-33,-1.22464679914735E-16));
#5840=DIRECTION('',(0.0,1.0,6.12323399573676E-17));
#5841=CARTESIAN_POINT('',(3.8175000000005,-12.341625638828,-1.81750000000003));
#5842=DIRECTION('',(1.0,7.49879891330927E-33,-1.22464679914735E-16));
#5843=DIRECTION('',(-9.12303687711469E-49,1.0,6.12323399573676E-17));
#5844=DIRECTION('',(1.22464679914735E-16,-6.12323399573676E-17,1.0));
#5845=CARTESIAN_POINT('',(3.18250000000047,-12.341625638828,-1.81750000000003));
#5846=DIRECTION('',(1.0,7.49879891330927E-33,-1.22464679914735E-16));
#5847=DIRECTION('',(-1.22464679914735E-16,6.12323399573676E-17,-1.0));
#5848=CARTESIAN_POINT('',(3.18250000000047,-12.929954595263,1.63269840574687));
#5849=DIRECTION('',(1.0,7.49879891330927E-33,-1.22464679914735E-16));
#5850=DIRECTION('',(-1.22464679914735E-16,6.12323399573676E-17,-1.0));
#5851=CARTESIAN_POINT('',(3.18250000000047,-13.942955405791,-1.71750000000004));
#5852=DIRECTION('',(1.0,7.49879891330927E-33,-1.22464679914735E-16));
#5853=DIRECTION('',(-1.22464679914735E-16,6.12323399573676E-17,-1.0));
#5854=DIRECTION('',(0.0,-1.0,-6.12323399573676E-17));
#5855=DIRECTION('',(-1.22464679914735E-16,6.12323399573676E-17,-1.0));
#5856=DIRECTION('',(0.0,1.0,6.12323399573676E-17));
#5857=CARTESIAN_POINT('',(3.18250000000047,-13.844242633809,-1.0825000000001));
#5858=DIRECTION('',(1.0,7.49879891330927E-33,-1.22464679914735E-16));
#5859=DIRECTION('',(-1.22464679914735E-16,6.12323399573676E-17,-1.0));
#5860=CARTESIAN_POINT('',(3.18250000000047,-12.929954595263,1.63269840574687));
#5861=DIRECTION('',(1.0,7.49879891330927E-33,-1.22464679914735E-16));
#5862=DIRECTION('',(-1.22464679914735E-16,6.12323399573676E-17,-1.0));
#5863=CARTESIAN_POINT('',(3.18250000000047,-12.398087190472,-1.18250000000009));
#5864=DIRECTION('',(1.0,7.49879891330927E-33,-1.22464679914735E-16));
#5865=DIRECTION('',(-1.22464679914735E-16,6.12323399573676E-17,-1.0));
#5866=DIRECTION('',(0.0,-1.0,-6.12323399573676E-17));
#5867=DIRECTION('',(1.0,7.49879891330927E-33,-1.22464679914735E-16));
#5868=DIRECTION('',(1.0,7.49879891330927E-33,-1.22464679914735E-16));
#5869=DIRECTION('',(1.22464679914735E-16,-6.12323399573676E-17,1.0));
#5870=DIRECTION('',(-0.283569714772098,-0.916065736575788,0.283569714772098));
#5871=DIRECTION('',(0.283569714772098,0.916065736575788,0.283569714772098));
#5872=DIRECTION('',(-1.0,-7.49879891330927E-33,1.22464679914735E-16));
#5873=DIRECTION('',(-1.0,-7.49879891331254E-33,1.22464679914735E-16));
#5874=DIRECTION('',(0.283569714772098,-0.916065736575788,-0.283569714772098));
#5875=DIRECTION('',(1.0,7.49879891330927E-33,-1.22464679914735E-16));
#5876=DIRECTION('',(1.0,7.49879891330927E-33,-1.22464679914735E-16));
#5877=DIRECTION('',(1.0,7.49879891330927E-33,-1.22464679914735E-16));
#5878=DIRECTION('',(-1.22464679914735E-16,6.12323399573676E-17,-1.0));
#5879=DIRECTION('',(-0.283569714772098,0.916065736575788,-0.283569714772098));
#5880=DIRECTION('',(1.0,7.49879891330927E-33,-1.22464679914735E-16));
#5881=DIRECTION('',(1.0,7.49879891330927E-33,-1.22464679914735E-16));
#5882=DIRECTION('',(1.0,7.49879891330927E-33,-1.22464679914735E-16));
#5883=DIRECTION('',(1.0,6.86438271594193E-61,-1.12103877145985E-44));
#5884=DIRECTION('',(0.0,1.0,6.12323399573676E-17));
#5885=DIRECTION('',(-1.0,0.0,0.0));
#5886=DIRECTION('',(0.0,-1.0,-6.12323399573676E-17));
#5887=DIRECTION('',(-0.0,-6.12323399573676E-17,1.0));
#5888=DIRECTION('',(0.0,-1.0,-6.12323399573676E-17));
#5889=CARTESIAN_POINT('',(-3.8175000000005,-12.398087190472,1.18250000000009));
#5890=DIRECTION('',(-1.0,0.0,0.0));
#5891=DIRECTION('',(0.0,1.0,6.12323399573676E-17));
#5892=CARTESIAN_POINT('',(-3.8175000000005,-12.929954595263,-1.63269840574687));
#5893=DIRECTION('',(-1.0,0.0,0.0));
#5894=DIRECTION('',(0.0,1.0,6.12323399573676E-17));
#5895=CARTESIAN_POINT('',(-3.8175000000005,-13.844242633809,1.0825000000001));
#5896=DIRECTION('',(-1.0,0.0,0.0));
#5897=DIRECTION('',(0.0,1.0,6.12323399573676E-17));
#5898=DIRECTION('',(0.0,-1.0,-6.12323399573676E-17));
#5899=DIRECTION('',(-3.1564316597065E-33,6.12323399573676E-17,-1.0));
#5900=DIRECTION('',(0.0,-1.0,-6.12323399573676E-17));
#5901=CARTESIAN_POINT('',(-3.8175000000005,-13.942955405791,1.71750000000004));
#5902=DIRECTION('',(-1.0,0.0,0.0));
#5903=DIRECTION('',(0.0,1.0,6.12323399573676E-17));
#5904=CARTESIAN_POINT('',(-3.8175000000005,-12.929954595263,-1.63269840574687));
#5905=DIRECTION('',(-1.0,0.0,0.0));
#5906=DIRECTION('',(0.0,1.0,6.12323399573676E-17));
#5907=CARTESIAN_POINT('',(-3.8175000000005,-12.341625638828,1.81750000000003));
#5908=DIRECTION('',(-1.0,0.0,0.0));
#5909=DIRECTION('',(0.0,1.0,6.12323399573676E-17));
#5910=DIRECTION('',(1.12103877145985E-44,6.12323399573676E-17,-1.0));
#5911=CARTESIAN_POINT('',(-3.18250000000047,-12.341625638828,1.81750000000003));
#5912=DIRECTION('',(-1.0,6.86438271594193E-61,-1.12103877145985E-44));
#5913=DIRECTION('',(-1.12103877145985E-44,-6.12323399573676E-17,1.0));
#5914=CARTESIAN_POINT('',(-3.18250000000047,-12.929954595263,-1.63269840574687));
#5915=DIRECTION('',(-1.0,6.86438271594193E-61,-1.12103877145985E-44));
#5916=DIRECTION('',(-1.12103877145985E-44,-6.12323399573676E-17,1.0));
#5917=CARTESIAN_POINT('',(-3.18250000000047,-13.942955405791,1.71750000000004));
#5918=DIRECTION('',(-1.0,6.86438271594193E-61,-1.12103877145985E-44));
#5919=DIRECTION('',(-1.12103877145985E-44,-6.12323399573676E-17,1.0));
#5920=DIRECTION('',(0.0,-1.0,-6.12323399573676E-17));
#5921=DIRECTION('',(3.15643165970549E-33,-6.12323399573676E-17,1.0));
#5922=DIRECTION('',(0.0,1.0,6.12323399573676E-17));
#5923=CARTESIAN_POINT('',(-3.18250000000047,-13.844242633809,1.0825000000001));
#5924=DIRECTION('',(-1.0,6.86438271594193E-61,-1.12103877145985E-44));
#5925=DIRECTION('',(-1.12103877145985E-44,-6.12323399573676E-17,1.0));
#5926=CARTESIAN_POINT('',(-3.18250000000047,-12.929954595263,-1.63269840574687));
#5927=DIRECTION('',(-1.0,6.86438271594193E-61,-1.12103877145985E-44));
#5928=DIRECTION('',(-1.12103877145985E-44,-6.12323399573676E-17,1.0));
#5929=CARTESIAN_POINT('',(-3.18250000000047,-12.398087190472,1.18250000000009));
#5930=DIRECTION('',(-1.0,6.86438271594193E-61,-1.12103877145985E-44));
#5931=DIRECTION('',(-1.12103877145985E-44,-6.12323399573676E-17,1.0));
#5932=DIRECTION('',(0.0,-1.0,-6.12323399573676E-17));
#5933=DIRECTION('',(-1.0,6.86438271594193E-61,-1.12103877145985E-44));
#5934=DIRECTION('',(-1.0,0.0,0.0));
#5935=DIRECTION('',(-3.1564316597065E-33,6.12323399573676E-17,-1.0));
#5936=DIRECTION('',(0.283569714772098,-0.916065736575788,-0.283569714772098));
#5937=DIRECTION('',(-0.283569714772098,0.916065736575788,-0.283569714772098));
#5938=DIRECTION('',(1.0,6.2108301333484E-62,-1.01430553489751E-45));
#5939=DIRECTION('',(1.0,-3.27669175703602E-45,-2.00639503602334E-61));
#5940=DIRECTION('',(-0.283569714772098,-0.916065736575788,0.283569714772098));
#5941=DIRECTION('',(-1.0,0.0,0.0));
#5942=DIRECTION('',(-1.0,0.0,0.0));
#5943=DIRECTION('',(-1.0,0.0,0.0));
#5944=DIRECTION('',(3.15643165970549E-33,-6.12323399573676E-17,1.0));
#5945=DIRECTION('',(0.283569714772098,0.916065736575788,0.283569714772098));
#5946=DIRECTION('',(-1.0,0.0,0.0));
#5947=DIRECTION('',(-1.0,0.0,0.0));
#5948=DIRECTION('',(-1.0,0.0,0.0));
#5949=DIRECTION('',(-0.0,-6.12323399573676E-17,1.0));
#5950=DIRECTION('',(0.0,-1.0,-6.12323399573676E-17));
#5951=DIRECTION('',(0.0,-6.12323399573676E-17,1.0));
#5952=DIRECTION('',(0.0,1.0,6.12323399573676E-17));
#5953=DIRECTION('',(-1.0,6.86438271594193E-61,-1.12103877145985E-44));
#5954=DIRECTION('',(0.0,-1.0,-6.12323399573676E-17));
#5955=DIRECTION('',(1.0,-3.94916030966596E-44,1.12103877145985E-44));
#5956=DIRECTION('',(1.0,6.86438271594193E-61,-1.12103877145985E-44));
#5957=DIRECTION('',(-1.0,3.62149113396236E-44,1.12103877145985E-44));
#5958=DIRECTION('',(0.0,-1.0,-6.12323399573676E-17));
#5959=DIRECTION('',(1.12103877145985E-44,6.12323399573676E-17,-1.0));
#5960=DIRECTION('',(-1.12103745442745E-44,-6.12323399573677E-17,1.0));
#5961=DIRECTION('',(-1.0,0.0,0.0));
#5962=DIRECTION('',(0.283569714772098,0.916065736575788,0.283569714772098));
#5963=DIRECTION('',(0.283569714772098,-0.916065736575788,-0.283569714772098));
#5964=DIRECTION('',(-3.1564316597065E-33,6.12323399573676E-17,-1.0));
#5965=DIRECTION('',(-0.283569714772098,0.916065736575788,-0.283569714772098));
#5966=DIRECTION('',(3.15643165970549E-33,-6.12323399573676E-17,1.0));
#5967=DIRECTION('',(-0.283569714772098,-0.916065736575788,0.283569714772098));
#5968=DIRECTION('',(1.0,6.2108301333484E-62,-1.01430553489751E-45));
#5969=VERTEX_POINT('',#6859);
#5970=VERTEX_POINT('',#6860);
#5971=LINE('',#6861,#6862);
#5972=VERTEX_POINT('',#6863);
#5973=CIRCLE('',#6864,0.7);
#5974=VERTEX_POINT('',#6865);
#5975=LINE('',#6866,#6867);
#5976=VERTEX_POINT('',#6868);
#5977=CIRCLE('',#6869,0.699999999999989);
#5978=CIRCLE('',#6870,0.699999999999989);
#5979=VERTEX_POINT('',#6871);
#5980=LINE('',#6872,#6873);
#5981=VERTEX_POINT('',#6874);
#5982=CIRCLE('',#6875,0.5);
#5983=VERTEX_POINT('',#6876);
#5984=LINE('',#6877,#6878);
#5985=CIRCLE('',#6879,0.699999999999989);
#5986=VERTEX_POINT('',#6880);
#5987=VERTEX_POINT('',#6881);
#5988=LINE('',#6882,#6883);
#5989=VERTEX_POINT('',#6884);
#5990=LINE('',#6885,#6886);
#5991=VERTEX_POINT('',#6887);
#5992=LINE('',#6888,#6889);
#5993=VERTEX_POINT('',#6890);
#5994=LINE('',#6891,#6892);
#5995=VERTEX_POINT('',#6893);
#5996=LINE('',#6894,#6895);
#5997=VERTEX_POINT('',#6896);
#5998=LINE('',#6897,#6898);
#5999=VERTEX_POINT('',#6899);
#6000=LINE('',#6900,#6901);
#6001=VERTEX_POINT('',#6902);
#6002=LINE('',#6903,#6904);
#6003=VERTEX_POINT('',#6905);
#6004=LINE('',#6906,#6907);
#6005=VERTEX_POINT('',#6908);
#6006=LINE('',#6909,#6910);
#6007=VERTEX_POINT('',#6911);
#6008=LINE('',#6912,#6913);
#6009=VERTEX_POINT('',#6914);
#6010=LINE('',#6915,#6916);
#6011=VERTEX_POINT('',#6917);
#6012=LINE('',#6918,#6919);
#6013=VERTEX_POINT('',#6920);
#6014=LINE('',#6921,#6922);
#6015=VERTEX_POINT('',#6923);
#6016=LINE('',#6924,#6925);
#6017=VERTEX_POINT('',#6926);
#6018=LINE('',#6927,#6928);
#6019=VERTEX_POINT('',#6929);
#6020=CIRCLE('',#6930,0.15);
#6021=VERTEX_POINT('',#6931);
#6022=LINE('',#6932,#6933);
#6023=VERTEX_POINT('',#6934);
#6024=LINE('',#6935,#6936);
#6025=VERTEX_POINT('',#6937);
#6026=LINE('',#6938,#6939);
#6027=VERTEX_POINT('',#6940);
#6028=LINE('',#6941,#6942);
#6029=VERTEX_POINT('',#6943);
#6030=LINE('',#6944,#6945);
#6031=VERTEX_POINT('',#6946);
#6032=CIRCLE('',#6947,0.15);
#6033=VERTEX_POINT('',#6948);
#6034=LINE('',#6949,#6950);
#6035=VERTEX_POINT('',#6951);
#6036=CIRCLE('',#6952,0.15);
#6037=VERTEX_POINT('',#6953);
#6038=LINE('',#6954,#6955);
#6039=VERTEX_POINT('',#6956);
#6040=LINE('',#6957,#6958);
#6041=VERTEX_POINT('',#6959);
#6042=LINE('',#6960,#6961);
#6043=VERTEX_POINT('',#6962);
#6044=LINE('',#6963,#6964);
#6045=VERTEX_POINT('',#6965);
#6046=LINE('',#6966,#6967);
#6047=VERTEX_POINT('',#6968);
#6048=CIRCLE('',#6969,0.15);
#6049=VERTEX_POINT('',#6970);
#6050=LINE('',#6971,#6972);
#6051=VERTEX_POINT('',#6973);
#6052=LINE('',#6974,#6975);
#6053=VERTEX_POINT('',#6976);
#6054=LINE('',#6977,#6978);
#6055=VERTEX_POINT('',#6979);
#6056=LINE('',#6980,#6981);
#6057=VERTEX_POINT('',#6982);
#6058=LINE('',#6983,#6984);
#6059=VERTEX_POINT('',#6985);
#6060=LINE('',#6986,#6987);
#6061=LINE('',#6988,#6989);
#6062=VERTEX_POINT('',#6990);
#6063=VERTEX_POINT('',#6991);
#6064=LINE('',#6992,#6993);
#6065=VERTEX_POINT('',#6994);
#6066=LINE('',#6995,#6996);
#6067=VERTEX_POINT('',#6997);
#6068=LINE('',#6998,#6999);
#6069=VERTEX_POINT('',#7000);
#6070=LINE('',#7001,#7002);
#6071=LINE('',#7003,#7004);
#6072=LINE('',#7005,#7006);
#6073=LINE('',#7007,#7008);
#6074=VERTEX_POINT('',#7009);
#6075=VERTEX_POINT('',#7010);
#6076=LINE('',#7011,#7012);
#6077=LINE('',#7013,#7014);
#6078=LINE('',#7015,#7016);
#6079=VERTEX_POINT('',#7017);
#6080=LINE('',#7018,#7019);
#6081=VERTEX_POINT('',#7020);
#6082=LINE('',#7021,#7022);
#6083=VERTEX_POINT('',#7023);
#6084=LINE('',#7024,#7025);
#6085=LINE('',#7026,#7027);
#6086=VERTEX_POINT('',#7028);
#6087=LINE('',#7029,#7030);
#6088=VERTEX_POINT('',#7031);
#6089=LINE('',#7032,#7033);
#6090=LINE('',#7034,#7035);
#6091=VERTEX_POINT('',#7036);
#6092=LINE('',#7037,#7038);
#6093=VERTEX_POINT('',#7039);
#6094=LINE('',#7040,#7041);
#6095=VERTEX_POINT('',#7042);
#6096=LINE('',#7043,#7044);
#6097=LINE('',#7045,#7046);
#6098=LINE('',#7047,#7048);
#6099=LINE('',#7049,#7050);
#6100=VERTEX_POINT('',#7051);
#6101=VERTEX_POINT('',#7052);
#6102=LINE('',#7053,#7054);
#6103=LINE('',#7055,#7056);
#6104=LINE('',#7057,#7058);
#6105=VERTEX_POINT('',#7059);
#6106=LINE('',#7060,#7061);
#6107=VERTEX_POINT('',#7062);
#6108=LINE('',#7063,#7064);
#6109=VERTEX_POINT('',#7065);
#6110=LINE('',#7066,#7067);
#6111=LINE('',#7068,#7069);
#6112=VERTEX_POINT('',#7070);
#6113=VERTEX_POINT('',#7071);
#6114=LINE('',#7072,#7073);
#6115=VERTEX_POINT('',#7074);
#6116=LINE('',#7075,#7076);
#6117=VERTEX_POINT('',#7077);
#6118=LINE('',#7078,#7079);
#6119=LINE('',#7080,#7081);
#6120=VERTEX_POINT('',#7082);
#6121=VERTEX_POINT('',#7083);
#6122=LINE('',#7084,#7085);
#6123=VERTEX_POINT('',#7086);
#6124=LINE('',#7087,#7088);
#6125=VERTEX_POINT('',#7089);
#6126=LINE('',#7090,#7091);
#6127=VERTEX_POINT('',#7092);
#6128=ELLIPSE('',#7093,0.266044443118979,0.25);
#6129=LINE('',#7094,#7095);
#6130=VERTEX_POINT('',#7096);
#6131=VERTEX_POINT('',#7097);
#6132=LINE('',#7098,#7099);
#6133=VERTEX_POINT('',#7100);
#6134=LINE('',#7101,#7102);
#6135=VERTEX_POINT('',#7103);
#6136=ELLIPSE('',#7104,0.266044443118978,0.25);
#6137=VERTEX_POINT('',#7105);
#6138=LINE('',#7106,#7107);
#6139=LINE('',#7108,#7109);
#6140=LINE('',#7110,#7111);
#6141=LINE('',#7112,#7113);
#6142=LINE('',#7114,#7115);
#6143=LINE('',#7116,#7117);
#6144=VERTEX_POINT('',#7118);
#6145=LINE('',#7119,#7120);
#6146=VERTEX_POINT('',#7121);
#6147=LINE('',#7122,#7123);
#6148=LINE('',#7124,#7125);
#6149=VERTEX_POINT('',#7126);
#6150=LINE('',#7127,#7128);
#6151=LINE('',#7129,#7130);
#6152=VERTEX_POINT('',#7131);
#6153=LINE('',#7132,#7133);
#6154=LINE('',#7134,#7135);
#6155=VERTEX_POINT('',#7136);
#6156=LINE('',#7137,#7138);
#6157=VERTEX_POINT('',#7139);
#6158=LINE('',#7140,#7141);
#6159=LINE('',#7142,#7143);
#6160=VERTEX_POINT('',#7144);
#6161=LINE('',#7145,#7146);
#6162=LINE('',#7147,#7148);
#6163=VERTEX_POINT('',#7149);
#6164=LINE('',#7150,#7151);
#6165=LINE('',#7152,#7153);
#6166=VERTEX_POINT('',#7154);
#6167=VERTEX_POINT('',#7155);
#6168=LINE('',#7156,#7157);
#6169=VERTEX_POINT('',#7158);
#6170=LINE('',#7159,#7160);
#6171=VERTEX_POINT('',#7161);
#6172=LINE('',#7162,#7163);
#6173=LINE('',#7164,#7165);
#6174=VERTEX_POINT('',#7166);
#6175=VERTEX_POINT('',#7167);
#6176=LINE('',#7168,#7169);
#6177=VERTEX_POINT('',#7170);
#6178=LINE('',#7171,#7172);
#6179=VERTEX_POINT('',#7173);
#6180=LINE('',#7174,#7175);
#6181=LINE('',#7176,#7177);
#6182=VERTEX_POINT('',#7178);
#6183=ELLIPSE('',#7179,0.353553390593274,0.25);
#6184=VERTEX_POINT('',#7180);
#6185=LINE('',#7181,#7182);
#6186=CIRCLE('',#7183,0.25);
#6187=VERTEX_POINT('',#7184);
#6188=LINE('',#7185,#7186);
#6189=LINE('',#7187,#7188);
#6190=VERTEX_POINT('',#7189);
#6191=LINE('',#7190,#7191);
#6192=CIRCLE('',#7192,0.25);
#6193=VERTEX_POINT('',#7193);
#6194=LINE('',#7194,#7195);
#6195=LINE('',#7196,#7197);
#6196=VERTEX_POINT('',#7198);
#6197=LINE('',#7199,#7200);
#6198=ELLIPSE('',#7201,0.353553390593274,0.25);
#6199=VERTEX_POINT('',#7202);
#6200=LINE('',#7203,#7204);
#6201=VERTEX_POINT('',#7205);
#6202=LINE('',#7206,#7207);
#6203=LINE('',#7208,#7209);
#6204=VERTEX_POINT('',#7210);
#6205=LINE('',#7211,#7212);
#6206=CIRCLE('',#7213,0.15);
#6207=VERTEX_POINT('',#7214);
#6208=LINE('',#7215,#7216);
#6209=LINE('',#7217,#7218);
#6210=VERTEX_POINT('',#7219);
#6211=LINE('',#7220,#7221);
#6212=LINE('',#7222,#7223);
#6213=VERTEX_POINT('',#7224);
#6214=CIRCLE('',#7225,0.25);
#6215=LINE('',#7226,#7227);
#6216=VERTEX_POINT('',#7228);
#6217=LINE('',#7229,#7230);
#6218=VERTEX_POINT('',#7231);
#6219=LINE('',#7232,#7233);
#6220=CIRCLE('',#7234,0.25);
#6221=VERTEX_POINT('',#7235);
#6222=LINE('',#7236,#7237);
#6223=LINE('',#7238,#7239);
#6224=VERTEX_POINT('',#7240);
#6225=LINE('',#7241,#7242);
#6226=CIRCLE('',#7243,0.15);
#6227=LINE('',#7244,#7245);
#6228=VERTEX_POINT('',#7246);
#6229=LINE('',#7247,#7248);
#6230=VERTEX_POINT('',#7249);
#6231=LINE('',#7250,#7251);
#6232=LINE('',#7252,#7253);
#6233=LINE('',#7254,#7255);
#6234=VERTEX_POINT('',#7256);
#6235=LINE('',#7257,#7258);
#6236=VERTEX_POINT('',#7259);
#6237=LINE('',#7260,#7261);
#6238=LINE('',#7262,#7263);
#6239=VERTEX_POINT('',#7264);
#6240=LINE('',#7265,#7266);
#6241=VERTEX_POINT('',#7267);
#6242=LINE('',#7268,#7269);
#6243=LINE('',#7270,#7271);
#6244=LINE('',#7272,#7273);
#6245=LINE('',#7274,#7275);
#6246=LINE('',#7276,#7277);
#6247=VERTEX_POINT('',#7278);
#6248=LINE('',#7279,#7280);
#6249=VERTEX_POINT('',#7281);
#6250=LINE('',#7282,#7283);
#6251=LINE('',#7284,#7285);
#6252=LINE('',#7286,#7287);
#6253=LINE('',#7288,#7289);
#6254=LINE('',#7290,#7291);
#6255=VERTEX_POINT('',#7292);
#6256=LINE('',#7293,#7294);
#6257=VERTEX_POINT('',#7295);
#6258=LINE('',#7296,#7297);
#6259=LINE('',#7298,#7299);
#6260=VERTEX_POINT('',#7300);
#6261=LINE('',#7301,#7302);
#6262=VERTEX_POINT('',#7303);
#6263=LINE('',#7304,#7305);
#6264=VERTEX_POINT('',#7306);
#6265=LINE('',#7307,#7308);
#6266=VERTEX_POINT('',#7309);
#6267=CIRCLE('',#7310,0.25);
#6268=LINE('',#7311,#7312);
#6269=VERTEX_POINT('',#7313);
#6270=LINE('',#7314,#7315);
#6271=VERTEX_POINT('',#7316);
#6272=B_SPLINE_CURVE_WITH_KNOTS('',3,(#7317,#7318,#7319,#7320),.UNSPECIFIED.,.F.,.F.,(4,4),(0.0,0.999999999966463),.UNSPECIFIED.);
#6273=VERTEX_POINT('',#7321);
#6274=B_SPLINE_CURVE_WITH_KNOTS('',3,(#7322,#7323,#7324,#7325),.UNSPECIFIED.,.F.,.F.,(4,4),(0.0,1.0),.UNSPECIFIED.);
#6275=VERTEX_POINT('',#7326);
#6276=LINE('',#7327,#7328);
#6277=VERTEX_POINT('',#7329);
#6278=CIRCLE('',#7330,0.25);
#6279=VERTEX_POINT('',#7331);
#6280=LINE('',#7332,#7333);
#6281=VERTEX_POINT('',#7334);
#6282=LINE('',#7335,#7336);
#6283=LINE('',#7337,#7338);
#6284=VERTEX_POINT('',#7339);
#6285=LINE('',#7340,#7341);
#6286=VERTEX_POINT('',#7342);
#6287=LINE('',#7343,#7344);
#6288=LINE('',#7345,#7346);
#6289=CIRCLE('',#7347,0.7);
#6290=VERTEX_POINT('',#7348);
#6291=LINE('',#7349,#7350);
#6292=VERTEX_POINT('',#7351);
#6293=LINE('',#7352,#7353);
#6294=VERTEX_POINT('',#7354);
#6295=LINE('',#7355,#7356);
#6296=VERTEX_POINT('',#7357);
#6297=LINE('',#7358,#7359);
#6298=LINE('',#7360,#7361);
#6299=CIRCLE('',#7362,0.7);
#6300=VERTEX_POINT('',#7363);
#6301=VERTEX_POINT('',#7364);
#6302=LINE('',#7365,#7366);
#6303=VERTEX_POINT('',#7367);
#6304=LINE('',#7368,#7369);
#6305=VERTEX_POINT('',#7370);
#6306=LINE('',#7371,#7372);
#6307=LINE('',#7373,#7374);
#6308=VERTEX_POINT('',#7375);
#6309=VERTEX_POINT('',#7376);
#6310=CIRCLE('',#7377,0.25);
#6311=VERTEX_POINT('',#7378);
#6312=LINE('',#7379,#7380);
#6313=VERTEX_POINT('',#7381);
#6314=CIRCLE('',#7382,0.25);
#6315=VERTEX_POINT('',#7383);
#6316=LINE('',#7384,#7385);
#6317=VERTEX_POINT('',#7386);
#6318=CIRCLE('',#7387,0.25);
#6319=VERTEX_POINT('',#7388);
#6320=LINE('',#7389,#7390);
#6321=VERTEX_POINT('',#7391);
#6322=CIRCLE('',#7392,0.25);
#6323=VERTEX_POINT('',#7393);
#6324=LINE('',#7394,#7395);
#6325=VERTEX_POINT('',#7396);
#6326=CIRCLE('',#7397,0.5);
#6327=VERTEX_POINT('',#7398);
#6328=LINE('',#7399,#7400);
#6329=VERTEX_POINT('',#7401);
#6330=CIRCLE('',#7402,0.25);
#6331=VERTEX_POINT('',#7403);
#6332=LINE('',#7404,#7405);
#6333=VERTEX_POINT('',#7406);
#6334=CIRCLE('',#7407,0.25);
#6335=VERTEX_POINT('',#7408);
#6336=LINE('',#7409,#7410);
#6337=VERTEX_POINT('',#7411);
#6338=CIRCLE('',#7412,0.5);
#6339=LINE('',#7413,#7414);
#6340=VERTEX_POINT('',#7415);
#6341=VERTEX_POINT('',#7416);
#6342=LINE('',#7417,#7418);
#6343=VERTEX_POINT('',#7419);
#6344=LINE('',#7420,#7421);
#6345=VERTEX_POINT('',#7422);
#6346=LINE('',#7423,#7424);
#6347=LINE('',#7425,#7426);
#6348=VERTEX_POINT('',#7427);
#6349=VERTEX_POINT('',#7428);
#6350=CIRCLE('',#7429,0.25);
#6351=VERTEX_POINT('',#7430);
#6352=LINE('',#7431,#7432);
#6353=VERTEX_POINT('',#7433);
#6354=CIRCLE('',#7434,0.5);
#6355=VERTEX_POINT('',#7435);
#6356=LINE('',#7436,#7437);
#6357=VERTEX_POINT('',#7438);
#6358=CIRCLE('',#7439,0.5);
#6359=VERTEX_POINT('',#7440);
#6360=LINE('',#7441,#7442);
#6361=VERTEX_POINT('',#7443);
#6362=CIRCLE('',#7444,0.25);
#6363=VERTEX_POINT('',#7445);
#6364=LINE('',#7446,#7447);
#6365=VERTEX_POINT('',#7448);
#6366=CIRCLE('',#7449,0.25);
#6367=VERTEX_POINT('',#7450);
#6368=LINE('',#7451,#7452);
#6369=VERTEX_POINT('',#7453);
#6370=CIRCLE('',#7454,0.25);
#6371=VERTEX_POINT('',#7455);
#6372=LINE('',#7456,#7457);
#6373=VERTEX_POINT('',#7458);
#6374=CIRCLE('',#7459,0.25);
#6375=VERTEX_POINT('',#7460);
#6376=LINE('',#7461,#7462);
#6377=VERTEX_POINT('',#7463);
#6378=CIRCLE('',#7464,0.5);
#6379=VERTEX_POINT('',#7465);
#6380=LINE('',#7466,#7467);
#6381=VERTEX_POINT('',#7468);
#6382=CIRCLE('',#7469,0.5);
#6383=VERTEX_POINT('',#7470);
#6384=LINE('',#7471,#7472);
#6385=VERTEX_POINT('',#7473);
#6386=CIRCLE('',#7474,0.25);
#6387=VERTEX_POINT('',#7475);
#6388=LINE('',#7476,#7477);
#6389=VERTEX_POINT('',#7478);
#6390=CIRCLE('',#7479,0.25);
#6391=VERTEX_POINT('',#7480);
#6392=LINE('',#7481,#7482);
#6393=VERTEX_POINT('',#7483);
#6394=CIRCLE('',#7484,0.25);
#6395=LINE('',#7485,#7486);
#6396=VERTEX_POINT('',#7487);
#6397=LINE('',#7488,#7489);
#6398=VERTEX_POINT('',#7490);
#6399=LINE('',#7491,#7492);
#6400=LINE('',#7493,#7494);
#6401=LINE('',#7495,#7496);
#6402=LINE('',#7497,#7498);
#6403=VERTEX_POINT('',#7499);
#6404=VERTEX_POINT('',#7500);
#6405=LINE('',#7501,#7502);
#6406=VERTEX_POINT('',#7503);
#6407=LINE('',#7504,#7505);
#6408=VERTEX_POINT('',#7506);
#6409=LINE('',#7507,#7508);
#6410=LINE('',#7509,#7510);
#6411=CIRCLE('',#7511,0.5);
#6412=LINE('',#7512,#7513);
#6413=VERTEX_POINT('',#7514);
#6414=VERTEX_POINT('',#7515);
#6415=LINE('',#7516,#7517);
#6416=CIRCLE('',#7518,0.25);
#6417=CIRCLE('',#7519,0.25);
#6418=VERTEX_POINT('',#7520);
#6419=VERTEX_POINT('',#7521);
#6420=CIRCLE('',#7522,0.25);
#6421=VERTEX_POINT('',#7523);
#6422=LINE('',#7524,#7525);
#6423=CIRCLE('',#7526,0.25);
#6424=VERTEX_POINT('',#7527);
#6425=LINE('',#7528,#7529);
#6426=VERTEX_POINT('',#7530);
#6427=CIRCLE('',#7531,0.25);
#6428=LINE('',#7532,#7533);
#6429=VERTEX_POINT('',#7534);
#6430=LINE('',#7535,#7536);
#6431=CIRCLE('',#7537,0.25);
#6432=VERTEX_POINT('',#7538);
#6433=LINE('',#7539,#7540);
#6434=VERTEX_POINT('',#7541);
#6435=CIRCLE('',#7542,0.5);
#6436=VERTEX_POINT('',#7543);
#6437=LINE('',#7544,#7545);
#6438=VERTEX_POINT('',#7546);
#6439=CIRCLE('',#7547,0.25);
#6440=VERTEX_POINT('',#7548);
#6441=LINE('',#7549,#7550);
#6442=VERTEX_POINT('',#7551);
#6443=CIRCLE('',#7552,0.25);
#6444=VERTEX_POINT('',#7553);
#6445=LINE('',#7554,#7555);
#6446=VERTEX_POINT('',#7556);
#6447=CIRCLE('',#7557,0.25);
#6448=VERTEX_POINT('',#7558);
#6449=LINE('',#7559,#7560);
#6450=VERTEX_POINT('',#7561);
#6451=CIRCLE('',#7562,0.25);
#6452=VERTEX_POINT('',#7563);
#6453=LINE('',#7564,#7565);
#6454=VERTEX_POINT('',#7566);
#6455=CIRCLE('',#7567,0.5);
#6456=LINE('',#7568,#7569);
#6457=CIRCLE('',#7570,0.699999999999989);
#6458=VERTEX_POINT('',#7571);
#6459=VERTEX_POINT('',#7572);
#6460=LINE('',#7573,#7574);
#6461=VERTEX_POINT('',#7575);
#6462=LINE('',#7576,#7577);
#6463=VERTEX_POINT('',#7578);
#6464=LINE('',#7579,#7580);
#6465=LINE('',#7581,#7582);
#6466=VERTEX_POINT('',#7583);
#6467=VERTEX_POINT('',#7584);
#6468=LINE('',#7585,#7586);
#6469=LINE('',#7587,#7588);
#6470=LINE('',#7589,#7590);
#6471=LINE('',#7591,#7592);
#6472=LINE('',#7593,#7594);
#6473=LINE('',#7595,#7596);
#6474=LINE('',#7597,#7598);
#6475=LINE('',#7599,#7600);
#6476=LINE('',#7601,#7602);
#6477=LINE('',#7603,#7604);
#6478=LINE('',#7605,#7606);
#6479=LINE('',#7607,#7608);
#6480=LINE('',#7609,#7610);
#6481=LINE('',#7611,#7612);
#6482=LINE('',#7613,#7614);
#6483=LINE('',#7615,#7616);
#6484=LINE('',#7617,#7618);
#6485=LINE('',#7619,#7620);
#6486=LINE('',#7621,#7622);
#6487=VERTEX_POINT('',#7623);
#6488=LINE('',#7624,#7625);
#6489=VERTEX_POINT('',#7626);
#6490=LINE('',#7627,#7628);
#6491=LINE('',#7629,#7630);
#6492=LINE('',#7631,#7632);
#6493=VERTEX_POINT('',#7633);
#6494=LINE('',#7634,#7635);
#6495=VERTEX_POINT('',#7636);
#6496=LINE('',#7637,#7638);
#6497=LINE('',#7639,#7640);
#6498=VERTEX_POINT('',#7641);
#6499=LINE('',#7642,#7643);
#6500=LINE('',#7644,#7645);
#6501=VERTEX_POINT('',#7646);
#6502=LINE('',#7647,#7648);
#6503=LINE('',#7649,#7650);
#6504=LINE('',#7651,#7652);
#6505=VERTEX_POINT('',#7653);
#6506=LINE('',#7654,#7655);
#6507=VERTEX_POINT('',#7656);
#6508=LINE('',#7657,#7658);
#6509=LINE('',#7659,#7660);
#6510=LINE('',#7661,#7662);
#6511=LINE('',#7663,#7664);
#6512=VERTEX_POINT('',#7665);
#6513=LINE('',#7666,#7667);
#6514=VERTEX_POINT('',#7668);
#6515=LINE('',#7669,#7670);
#6516=LINE('',#7671,#7672);
#6517=LINE('',#7673,#7674);
#6518=LINE('',#7675,#7676);
#6519=VERTEX_POINT('',#7677);
#6520=VERTEX_POINT('',#7678);
#6521=LINE('',#7679,#7680);
#6522=VERTEX_POINT('',#7681);
#6523=LINE('',#7682,#7683);
#6524=VERTEX_POINT('',#7684);
#6525=LINE('',#7685,#7686);
#6526=LINE('',#7687,#7688);
#6527=VERTEX_POINT('',#7689);
#6528=VERTEX_POINT('',#7690);
#6529=LINE('',#7691,#7692);
#6530=VERTEX_POINT('',#7693);
#6531=LINE('',#7694,#7695);
#6532=VERTEX_POINT('',#7696);
#6533=LINE('',#7697,#7698);
#6534=LINE('',#7699,#7700);
#6535=LINE('',#7701,#7702);
#6536=VERTEX_POINT('',#7703);
#6537=VERTEX_POINT('',#7704);
#6538=LINE('',#7705,#7706);
#6539=CIRCLE('',#7707,0.25);
#6540=CIRCLE('',#7708,0.25);
#6541=VERTEX_POINT('',#7709);
#6542=CIRCLE('',#7710,0.25);
#6543=VERTEX_POINT('',#7711);
#6544=LINE('',#7712,#7713);
#6545=CIRCLE('',#7714,0.25);
#6546=VERTEX_POINT('',#7715);
#6547=VERTEX_POINT('',#7716);
#6548=CIRCLE('',#7717,0.25);
#6549=VERTEX_POINT('',#7718);
#6550=LINE('',#7719,#7720);
#6551=VERTEX_POINT('',#7721);
#6552=CIRCLE('',#7722,0.25);
#6553=VERTEX_POINT('',#7723);
#6554=LINE('',#7724,#7725);
#6555=VERTEX_POINT('',#7726);
#6556=CIRCLE('',#7727,0.5);
#6557=VERTEX_POINT('',#7728);
#6558=LINE('',#7729,#7730);
#6559=CIRCLE('',#7731,0.25);
#6560=VERTEX_POINT('',#7732);
#6561=LINE('',#7733,#7734);
#6562=VERTEX_POINT('',#7735);
#6563=CIRCLE('',#7736,0.5);
#6564=VERTEX_POINT('',#7737);
#6565=LINE('',#7738,#7739);
#6566=VERTEX_POINT('',#7740);
#6567=CIRCLE('',#7741,0.25);
#6568=VERTEX_POINT('',#7742);
#6569=LINE('',#7743,#7744);
#6570=VERTEX_POINT('',#7745);
#6571=CIRCLE('',#7746,0.25);
#6572=LINE('',#7747,#7748);
#6573=VERTEX_POINT('',#7749);
#6574=LINE('',#7750,#7751);
#6575=CIRCLE('',#7752,0.25);
#6576=VERTEX_POINT('',#7753);
#6577=LINE('',#7754,#7755);
#6578=CIRCLE('',#7756,0.25);
#6579=LINE('',#7757,#7758);
#6580=VERTEX_POINT('',#7759);
#6581=LINE('',#7760,#7761);
#6582=CIRCLE('',#7762,0.25);
#6583=VERTEX_POINT('',#7763);
#6584=LINE('',#7764,#7765);
#6585=VERTEX_POINT('',#7766);
#6586=CIRCLE('',#7767,0.5);
#6587=VERTEX_POINT('',#7768);
#6588=LINE('',#7769,#7770);
#6589=VERTEX_POINT('',#7771);
#6590=CIRCLE('',#7772,0.25);
#6591=VERTEX_POINT('',#7773);
#6592=LINE('',#7774,#7775);
#6593=VERTEX_POINT('',#7776);
#6594=CIRCLE('',#7777,0.25);
#6595=VERTEX_POINT('',#7778);
#6596=LINE('',#7779,#7780);
#6597=VERTEX_POINT('',#7781);
#6598=CIRCLE('',#7782,0.25);
#6599=VERTEX_POINT('',#7783);
#6600=LINE('',#7784,#7785);
#6601=VERTEX_POINT('',#7786);
#6602=CIRCLE('',#7787,0.25);
#6603=VERTEX_POINT('',#7788);
#6604=LINE('',#7789,#7790);
#6605=VERTEX_POINT('',#7791);
#6606=CIRCLE('',#7792,0.5);
#6607=LINE('',#7793,#7794);
#6608=VERTEX_POINT('',#7795);
#6609=VERTEX_POINT('',#7796);
#6610=LINE('',#7797,#7798);
#6611=VERTEX_POINT('',#7799);
#6612=LINE('',#7800,#7801);
#6613=VERTEX_POINT('',#7802);
#6614=LINE('',#7803,#7804);
#6615=LINE('',#7805,#7806);
#6616=VERTEX_POINT('',#7807);
#6617=LINE('',#7808,#7809);
#6618=VERTEX_POINT('',#7810);
#6619=LINE('',#7811,#7812);
#6620=LINE('',#7813,#7814);
#6621=VERTEX_POINT('',#7815);
#6622=VERTEX_POINT('',#7816);
#6623=LINE('',#7817,#7818);
#6624=LINE('',#7819,#7820);
#6625=LINE('',#7821,#7822);
#6626=LINE('',#7823,#7824);
#6627=LINE('',#7825,#7826);
#6628=LINE('',#7827,#7828);
#6629=LINE('',#7829,#7830);
#6630=LINE('',#7831,#7832);
#6631=LINE('',#7833,#7834);
#6632=LINE('',#7835,#7836);
#6633=LINE('',#7837,#7838);
#6634=LINE('',#7839,#7840);
#6635=LINE('',#7841,#7842);
#6636=LINE('',#7843,#7844);
#6637=LINE('',#7845,#7846);
#6638=LINE('',#7847,#7848);
#6639=LINE('',#7849,#7850);
#6640=LINE('',#7851,#7852);
#6641=LINE('',#7853,#7854);
#6642=LINE('',#7855,#7856);
#6643=LINE('',#7857,#7858);
#6644=LINE('',#7859,#7860);
#6645=LINE('',#7861,#7862);
#6646=LINE('',#7863,#7864);
#6647=LINE('',#7865,#7866);
#6648=LINE('',#7867,#7868);
#6649=LINE('',#7869,#7870);
#6650=VERTEX_POINT('',#7871);
#6651=VERTEX_POINT('',#7872);
#6652=LINE('',#7873,#7874);
#6653=LINE('',#7875,#7876);
#6654=LINE('',#7877,#7878);
#6655=VERTEX_POINT('',#7879);
#6656=LINE('',#7880,#7881);
#6657=VERTEX_POINT('',#7882);
#6658=LINE('',#7883,#7884);
#6659=LINE('',#7885,#7886);
#6660=VERTEX_POINT('',#7887);
#6661=VERTEX_POINT('',#7888);
#6662=LINE('',#7889,#7890);
#6663=VERTEX_POINT('',#7891);
#6664=LINE('',#7892,#7893);
#6665=LINE('',#7894,#7895);
#6666=LINE('',#7896,#7897);
#6667=VERTEX_POINT('',#7898);
#6668=LINE('',#7899,#7900);
#6669=LINE('',#7901,#7902);
#6670=LINE('',#7903,#7904);
#6671=LINE('',#7905,#7906);
#6672=LINE('',#7907,#7908);
#6673=VERTEX_POINT('',#7909);
#6674=LINE('',#7910,#7911);
#6675=VERTEX_POINT('',#7912);
#6676=LINE('',#7913,#7914);
#6677=LINE('',#7915,#7916);
#6678=LINE('',#7917,#7918);
#6679=LINE('',#7919,#7920);
#6680=VERTEX_POINT('',#7921);
#6681=LINE('',#7922,#7923);
#6682=VERTEX_POINT('',#7924);
#6683=LINE('',#7925,#7926);
#6684=LINE('',#7927,#7928);
#6685=VERTEX_POINT('',#7929);
#6686=LINE('',#7930,#7931);
#6687=LINE('',#7932,#7933);
#6688=VERTEX_POINT('',#7934);
#6689=LINE('',#7935,#7936);
#6690=LINE('',#7937,#7938);
#6691=LINE('',#7939,#7940);
#6692=LINE('',#7941,#7942);
#6693=VERTEX_POINT('',#7943);
#6694=VERTEX_POINT('',#7944);
#6695=LINE('',#7945,#7946);
#6696=VERTEX_POINT('',#7947);
#6697=LINE('',#7948,#7949);
#6698=VERTEX_POINT('',#7950);
#6699=LINE('',#7951,#7952);
#6700=LINE('',#7953,#7954);
#6701=VERTEX_POINT('',#7955);
#6702=VERTEX_POINT('',#7956);
#6703=LINE('',#7957,#7958);
#6704=VERTEX_POINT('',#7959);
#6705=LINE('',#7960,#7961);
#6706=VERTEX_POINT('',#7962);
#6707=LINE('',#7963,#7964);
#6708=VERTEX_POINT('',#7965);
#6709=LINE('',#7966,#7967);
#6710=ELLIPSE('',#7968,0.266044443118979,0.25);
#6711=VERTEX_POINT('',#7969);
#6712=VERTEX_POINT('',#7970);
#6713=LINE('',#7971,#7972);
#6714=VERTEX_POINT('',#7973);
#6715=ELLIPSE('',#7974,0.266044443118978,0.25);
#6716=VERTEX_POINT('',#7975);
#6717=LINE('',#7976,#7977);
#6718=VERTEX_POINT('',#7978);
#6719=LINE('',#7979,#7980);
#6720=LINE('',#7981,#7982);
#6721=LINE('',#7983,#7984);
#6722=LINE('',#7985,#7986);
#6723=LINE('',#7987,#7988);
#6724=LINE('',#7989,#7990);
#6725=LINE('',#7991,#7992);
#6726=CIRCLE('',#7993,0.25);
#6727=ELLIPSE('',#7994,0.353553390593274,0.25);
#6728=VERTEX_POINT('',#7995);
#6729=LINE('',#7996,#7997);
#6730=VERTEX_POINT('',#7998);
#6731=LINE('',#7999,#8000);
#6732=LINE('',#8001,#8002);
#6733=CIRCLE('',#8003,0.25);
#6734=LINE('',#8004,#8005);
#6735=ELLIPSE('',#8006,0.353553390593274,0.25);
#6736=LINE('',#8007,#8008);
#6737=LINE('',#8009,#8010);
#6738=LINE('',#8011,#8012);
#6739=CIRCLE('',#8013,0.15);
#6740=CIRCLE('',#8014,0.15);
#6741=LINE('',#8015,#8016);
#6742=LINE('',#8017,#8018);
#6743=VERTEX_POINT('',#8019);
#6744=VERTEX_POINT('',#8020);
#6745=ELLIPSE('',#8021,0.250038082010977,0.25);
#6746=VERTEX_POINT('',#8022);
#6747=LINE('',#8023,#8024);
#6748=VERTEX_POINT('',#8025);
#6749=CIRCLE('',#8026,0.25);
#6750=LINE('',#8027,#8028);
#6751=VERTEX_POINT('',#8029);
#6752=VERTEX_POINT('',#8030);
#6753=LINE('',#8031,#8032);
#6754=LINE('',#8033,#8034);
#6755=LINE('',#8035,#8036);
#6756=VERTEX_POINT('',#8037);
#6757=VERTEX_POINT('',#8038);
#6758=LINE('',#8039,#8040);
#6759=ELLIPSE('',#8041,0.250038082010977,0.25);
#6760=CIRCLE('',#8042,0.25);
#6761=VERTEX_POINT('',#8043);
#6762=VERTEX_POINT('',#8044);
#6763=LINE('',#8045,#8046);
#6764=VERTEX_POINT('',#8047);
#6765=LINE('',#8048,#8049);
#6766=VERTEX_POINT('',#8050);
#6767=LINE('',#8051,#8052);
#6768=VERTEX_POINT('',#8053);
#6769=LINE('',#8054,#8055);
#6770=LINE('',#8056,#8057);
#6771=VERTEX_POINT('',#8058);
#6772=LINE('',#8059,#8060);
#6773=LINE('',#8061,#8062);
#6774=VERTEX_POINT('',#8063);
#6775=VERTEX_POINT('',#8064);
#6776=LINE('',#8065,#8066);
#6777=VERTEX_POINT('',#8067);
#6778=LINE('',#8068,#8069);
#6779=VERTEX_POINT('',#8070);
#6780=LINE('',#8071,#8072);
#6781=LINE('',#8073,#8074);
#6782=VERTEX_POINT('',#8075);
#6783=VERTEX_POINT('',#8076);
#6784=LINE('',#8077,#8078);
#6785=ELLIPSE('',#8079,0.500076164021954,0.5);
#6786=CIRCLE('',#8080,0.5);
#6787=LINE('',#8081,#8082);
#6788=LINE('',#8083,#8084);
#6789=VERTEX_POINT('',#8085);
#6790=VERTEX_POINT('',#8086);
#6791=LINE('',#8087,#8088);
#6792=LINE('',#8089,#8090);
#6793=VERTEX_POINT('',#8091);
#6794=LINE('',#8092,#8093);
#6795=LINE('',#8094,#8095);
#6796=VERTEX_POINT('',#8096);
#6797=VERTEX_POINT('',#8097);
#6798=LINE('',#8098,#8099);
#6799=ELLIPSE('',#8100,0.250038082010977,0.25);
#6800=ELLIPSE('',#8101,0.250038082010977,0.25);
#6801=VERTEX_POINT('',#8102);
#6802=LINE('',#8103,#8104);
#6803=VERTEX_POINT('',#8105);
#6804=LINE('',#8106,#8107);
#6805=LINE('',#8108,#8109);
#6806=VERTEX_POINT('',#8110);
#6807=VERTEX_POINT('',#8111);
#6808=LINE('',#8112,#8113);
#6809=ELLIPSE('',#8114,0.250038082010977,0.25);
#6810=ELLIPSE('',#8115,0.250038082010977,0.25);
#6811=LINE('',#8116,#8117);
#6812=VERTEX_POINT('',#8118);
#6813=LINE('',#8119,#8120);
#6814=LINE('',#8121,#8122);
#6815=VERTEX_POINT('',#8123);
#6816=VERTEX_POINT('',#8124);
#6817=LINE('',#8125,#8126);
#6818=VERTEX_POINT('',#8127);
#6819=LINE('',#8128,#8129);
#6820=VERTEX_POINT('',#8130);
#6821=LINE('',#8131,#8132);
#6822=LINE('',#8133,#8134);
#6823=LINE('',#8135,#8136);
#6824=VERTEX_POINT('',#8137);
#6825=CIRCLE('',#8138,0.754009519505812);
#6826=VERTEX_POINT('',#8139);
#6827=LINE('',#8140,#8141);
#6828=CIRCLE('',#8142,0.754009519505812);
#6829=VERTEX_POINT('',#8143);
#6830=LINE('',#8144,#8145);
#6831=VERTEX_POINT('',#8146);
#6832=LINE('',#8147,#8148);
#6833=LINE('',#8149,#8150);
#6834=VERTEX_POINT('',#8151);
#6835=VERTEX_POINT('',#8152);
#6836=LINE('',#8153,#8154);
#6837=ELLIPSE('',#8155,0.500076164021954,0.5);
#6838=CIRCLE('',#8156,0.5);
#6839=VERTEX_POINT('',#8157);
#6840=LINE('',#8158,#8159);
#6841=VERTEX_POINT('',#8160);
#6842=LINE('',#8161,#8162);
#6843=LINE('',#8163,#8164);
#6844=LINE('',#8165,#8166);
#6845=LINE('',#8167,#8168);
#6846=LINE('',#8169,#8170);
#6847=VERTEX_POINT('',#8171);
#6848=LINE('',#8172,#8173);
#6849=CIRCLE('',#8174,0.754009519505813);
#6850=VERTEX_POINT('',#8175);
#6851=LINE('',#8176,#8177);
#6852=CIRCLE('',#8178,0.754009519505813);
#6853=LINE('',#8179,#8180);
#6854=LINE('',#8181,#8182);
#6855=LINE('',#8183,#8184);
#6856=LINE('',#8185,#8186);
#6857=LINE('',#8187,#8188);
#6858=LINE('',#8189,#8190);
#6859=CARTESIAN_POINT('',(-2.4499842343375,-11.198003284703,2.2259682983512));
#6860=CARTESIAN_POINT('',(-2.44998423433749,-13.298003284705,2.2259682983512));
#6861=CARTESIAN_POINT('',(-2.4499842343375,-11.198003284703,2.2259682983512));
#6862=VECTOR('',#8191,1.0);
#6863=CARTESIAN_POINT('',(-1.0499842343375,-11.198003284703,2.22596829835098));
#6864=AXIS2_PLACEMENT_3D('',#8192,#8193,#8194);
#6865=CARTESIAN_POINT('',(-1.04998423433751,-13.298003284705,2.22596829835098));
#6866=CARTESIAN_POINT('',(-1.0499842343375,-11.198003284703,2.22596829835098));
#6867=VECTOR('',#8195,1.0);
#6868=CARTESIAN_POINT('',(-1.7499842343375,-13.2980032847049,1.5259682983501));
#6869=AXIS2_PLACEMENT_3D('',#8196,#8197,#8198);
#6870=AXIS2_PLACEMENT_3D('',#8199,#8200,#8201);
#6871=CARTESIAN_POINT('',(-1.7499842343375,-13.4980032847049,1.72596829835009));
#6872=CARTESIAN_POINT('',(-1.7499842343375,-13.498003284705,1.72596829835009));
#6873=VECTOR('',#8202,1.0);
#6874=CARTESIAN_POINT('',(-1.7499842343375,-13.4980032847051,2.72596829835009));
#6875=AXIS2_PLACEMENT_3D('',#8203,#8204,#8205);
#6876=CARTESIAN_POINT('',(-1.7499842343375,-13.2980032847051,2.92596829835008));
#6877=CARTESIAN_POINT('',(-1.7499842343375,-13.498003284705,2.72596829835009));
#6878=VECTOR('',#8206,1.0);
#6879=AXIS2_PLACEMENT_3D('',#8207,#8208,#8209);
#6880=CARTESIAN_POINT('',(1.75867645234132,-3.28470300969391E-06,1.74140170039006));
#6881=CARTESIAN_POINT('',(1.75867645238844,-3.28475012324413E-06,-1.55723924029694));
#6882=CARTESIAN_POINT('',(1.75867645234052,-3.28470300958728E-06,6.38378560013919E-05));
#6883=VECTOR('',#8210,1000.0);
#6884=CARTESIAN_POINT('',(1.74135507893379,-3.28475024193472E-06,-1.55723924029694));
#6885=CARTESIAN_POINT('',(1.57656603700929E-05,-3.28476212312208E-06,-1.55723924029694));
#6886=VECTOR('',#8211,1000.0);
#6887=CARTESIAN_POINT('',(1.74135507898191,-3.28470300969391E-06,1.74140170039006));
#6888=CARTESIAN_POINT('',(1.74135507898152,-3.28470300958728E-06,6.38378560013919E-05));
#6889=VECTOR('',#8212,1000.0);
#6890=CARTESIAN_POINT('',(-1.74132354765888,-3.28470300969391E-06,1.74140170039106));
#6891=CARTESIAN_POINT('',(1.57656614998558E-05,-3.28470300969391E-06,1.74140170039106));
#6892=VECTOR('',#8213,1000.0);
#6893=CARTESIAN_POINT('',(-1.74132354758747,-3.28477400480375E-06,-1.55723924029694));
#6894=CARTESIAN_POINT('',(-1.74132354765949,-3.28470300958728E-06,6.38378570005926E-05));
#6895=VECTOR('',#8214,1000.0);
#6896=CARTESIAN_POINT('',(-1.7586449210903,-3.28477412257277E-06,-1.55723924029694));
#6897=CARTESIAN_POINT('',(1.57656603700929E-05,-3.28476212312208E-06,-1.55723924029694));
#6898=VECTOR('',#8215,1000.0);
#6899=CARTESIAN_POINT('',(-1.7586449210187,-3.28470300969391E-06,1.74140170039106));
#6900=CARTESIAN_POINT('',(-1.75864492101848,-3.28470300958728E-06,6.38378570005926E-05));
#6901=VECTOR('',#8216,1000.0);
#6902=CARTESIAN_POINT('',(-3.7575177134973,-3.28470350929426E-06,1.74140170039106));
#6903=CARTESIAN_POINT('',(-2.90808131725747,-3.28470300969391E-06,1.74140170039106));
#6904=VECTOR('',#8217,1000.0);
#6905=CARTESIAN_POINT('',(-3.7575177134973,-3.28470350933436E-06,2.39633491940294));
#6906=CARTESIAN_POINT('',(-3.75751771334548,-3.28485507113873E-06,722.882807402865));
#6907=VECTOR('',#8218,1000.0);
#6908=CARTESIAN_POINT('',(-5.24132354765888,-3.28470350933436E-06,2.39633491940294));
#6909=CARTESIAN_POINT('',(-134.868612234339,-3.28470300973401E-06,2.39633491943103));
#6910=VECTOR('',#8219,1000.0);
#6911=CARTESIAN_POINT('',(-5.24132354765968,-3.2847025098803E-06,-1.74127402467595));
#6912=CARTESIAN_POINT('',(-5.24132354765949,-3.28470300960427E-06,0.277530447364005));
#6913=VECTOR('',#8220,1000.0);
#6914=CARTESIAN_POINT('',(-2.91192271942013,-3.28478199175337E-06,-1.7412740246765));
#6915=CARTESIAN_POINT('',(-3.4999842343395,-3.28470201027994E-06,-1.74127402467595));
#6916=VECTOR('',#8221,1000.0);
#6917=CARTESIAN_POINT('',(-2.91192271942013,-3.28478200179189E-06,-2.671704518178));
#6918=CARTESIAN_POINT('',(-2.91192271941847,-3.28485507113873E-06,722.882807402865));
#6919=VECTOR('',#8222,1000.0);
#6920=CARTESIAN_POINT('',(-3.89784796620148,-3.28478200179189E-06,-2.671704518178));
#6921=CARTESIAN_POINT('',(-3.6438479662015,-3.28478200179189E-06,-2.671704518178));
#6922=VECTOR('',#8223,1000.0);
#6923=CARTESIAN_POINT('',(-3.89784796620148,-3.28470201023802E-06,-2.42583554362897));
#6924=CARTESIAN_POINT('',(-3.89784796620148,-3.28478204621929E-06,722.882807402865));
#6925=VECTOR('',#8224,1000.0);
#6926=CARTESIAN_POINT('',(-5.59998423433949,-3.28470201023802E-06,-2.42583554362696));
#6927=CARTESIAN_POINT('',(-5.74998423433947,-3.28470201023802E-06,-2.42583554362696));
#6928=VECTOR('',#8225,1000.0);
#6929=CARTESIAN_POINT('',(-5.74998423433947,-3.28470201024721E-06,-2.27583554362798));
#6930=AXIS2_PLACEMENT_3D('',#8226,#8227,#8228);
#6931=CARTESIAN_POINT('',(-5.74998423433887,-3.28470300955973E-06,-0.449935622636955));
#6932=CARTESIAN_POINT('',(-5.74998423433847,-3.28470300976644E-06,2.92596429835412));
#6933=VECTOR('',#8229,1000.0);
#6934=CARTESIAN_POINT('',(-6.24998423433847,-3.28470300955973E-06,-0.449935622636955));
#6935=CARTESIAN_POINT('',(-5.74998423433847,-3.28470300955973E-06,-0.449935622636955));
#6936=VECTOR('',#8230,1000.0);
#6937=CARTESIAN_POINT('',(-6.24998423433847,-3.28470300964546E-06,0.950064377363002));
#6938=CARTESIAN_POINT('',(-6.24998423433847,-3.28470300964546E-06,0.950064377363002));
#6939=VECTOR('',#8231,1000.0);
#6940=CARTESIAN_POINT('',(-5.74998423433887,-3.2847025100451E-06,0.950064377363002));
#6941=CARTESIAN_POINT('',(-5.74998423433847,-3.28470300964546E-06,0.950064377363002));
#6942=VECTOR('',#8232,1000.0);
#6943=CARTESIAN_POINT('',(-5.74998423433847,-3.28470300975726E-06,2.77596429835403));
#6944=CARTESIAN_POINT('',(-5.74998423433847,-3.28470300976644E-06,2.92596429835412));
#6945=VECTOR('',#8233,1000.0);
#6946=CARTESIAN_POINT('',(-5.59998423433849,-3.28470300976644E-06,2.92596429835412));
#6947=AXIS2_PLACEMENT_3D('',#8234,#8235,#8236);
#6948=CARTESIAN_POINT('',(5.60001576566151,-3.28470300976644E-06,2.92596429834812));
#6949=CARTESIAN_POINT('',(23.2500157656615,-3.28470300976644E-06,2.92596429834812));
#6950=VECTOR('',#8237,1000.0);
#6951=CARTESIAN_POINT('',(5.75001576566152,-3.28470300975726E-06,2.77596429834803));
#6952=AXIS2_PLACEMENT_3D('',#8238,#8239,#8240);
#6953=CARTESIAN_POINT('',(5.75001576566152,-3.28470300964546E-06,0.950064377357007));
#6954=CARTESIAN_POINT('',(5.75001576566052,-3.28470201023802E-06,-2.42583554363396));
#6955=VECTOR('',#8241,1000.0);
#6956=CARTESIAN_POINT('',(6.25001576566152,-3.28470300964546E-06,0.950064377357007));
#6957=CARTESIAN_POINT('',(5.75001576566152,-3.28470300964546E-06,0.950064377357007));
#6958=VECTOR('',#8242,1000.0);
#6959=CARTESIAN_POINT('',(6.25001576566152,-3.28470300955973E-06,-0.44993562264295));
#6960=CARTESIAN_POINT('',(6.25001576566152,-3.28470300964546E-06,0.950064377357007));
#6961=VECTOR('',#8243,1000.0);
#6962=CARTESIAN_POINT('',(5.75001576566152,-3.28470300955973E-06,-0.44993562264295));
#6963=CARTESIAN_POINT('',(5.75001576566152,-3.28470300955973E-06,-0.44993562264295));
#6964=VECTOR('',#8244,1000.0);
#6965=CARTESIAN_POINT('',(5.75001576566052,-3.28470201024721E-06,-2.27583554363397));
#6966=CARTESIAN_POINT('',(5.75001576566052,-3.28470201023802E-06,-2.42583554363396));
#6967=VECTOR('',#8245,1000.0);
#6968=CARTESIAN_POINT('',(5.60001576566051,-3.28470201023802E-06,-2.42583554363296));
#6969=AXIS2_PLACEMENT_3D('',#8246,#8247,#8248);
#6970=CARTESIAN_POINT('',(3.89787949752153,-3.28470201190029E-06,-2.42583554363267));
#6971=CARTESIAN_POINT('',(-23.2499842343395,-3.28470201023802E-06,-2.42583554362696));
#6972=VECTOR('',#8249,1000.0);
#6973=CARTESIAN_POINT('',(3.89787949752153,-3.28478200179189E-06,-2.671704518178));
#6974=CARTESIAN_POINT('',(3.89787949752153,-3.28478204621929E-06,722.882807402865));
#6975=VECTOR('',#8250,1000.0);
#6976=CARTESIAN_POINT('',(2.91195425074018,-3.28478200179189E-06,-2.671704518178));
#6977=CARTESIAN_POINT('',(-3.6438479662015,-3.28478200179189E-06,-2.671704518178));
#6978=VECTOR('',#8251,1000.0);
#6979=CARTESIAN_POINT('',(2.91195425074087,-3.28474225438115E-06,-1.74127402463727));
#6980=CARTESIAN_POINT('',(2.91195425073952,-3.28485507113873E-06,722.882807402865));
#6981=VECTOR('',#8252,1000.0);
#6982=CARTESIAN_POINT('',(5.24135507898151,-3.28470201027994E-06,-1.74127402468094));
#6983=CARTESIAN_POINT('',(3.50001576566051,-3.28470201027994E-06,-1.74127402467794));
#6984=VECTOR('',#8253,1000.0);
#6985=CARTESIAN_POINT('',(5.24135507898201,-3.28470300969391E-06,1.74140170038606));
#6986=CARTESIAN_POINT('',(5.24135507898151,-3.28470300958728E-06,6.3837852004589E-05));
#6987=VECTOR('',#8254,1000.0);
#6988=CARTESIAN_POINT('',(3.50001576566151,-3.28470300969391E-06,1.74140170039006));
#6989=VECTOR('',#8255,1000.0);
#6990=CARTESIAN_POINT('',(-1.94267970540312,-3.900003284702,-1.55723924029694));
#6991=CARTESIAN_POINT('',(-1.90995390134346,-0.14999757316204,-1.55723924029694));
#6992=CARTESIAN_POINT('',(-1.97931509639004,-8.09800328485363,-1.55723924029694));
#6993=VECTOR('',#8256,1000.0);
#6994=CARTESIAN_POINT('',(-1.97931509638848,-8.098003284703,-1.52060384930897));
#6995=CARTESIAN_POINT('',(-0.3624983640805,177.170843576975,-3.13742058157795));
#6996=VECTOR('',#8257,1000.0);
#6997=CARTESIAN_POINT('',(-1.9793150963879,-8.0980032847035,1.52073152501897));
#6998=CARTESIAN_POINT('',(-1.97931509623649,-8.09800328485506,722.882807402865));
#6999=VECTOR('',#8258,1000.0);
#7000=CARTESIAN_POINT('',(-1.90995390134349,-0.149997573162502,1.59009272006605));
#7001=CARTESIAN_POINT('',(-0.3624983640795,177.170843576975,3.13754825736613));
#7002=VECTOR('',#8259,1000.0);
#7003=CARTESIAN_POINT('',(-1.90995390134349,-0.149997573162003,6.38378570005834E-05));
#7004=VECTOR('',#8260,1000.0);
#7005=CARTESIAN_POINT('',(-1.83429941118081,-0.0750004289326909,-1.55723924029694));
#7006=VECTOR('',#8261,1000.0);
#7007=CARTESIAN_POINT('',(719.38276078137,714.875556611982,722.882807402865));
#7008=VECTOR('',#8262,1000.0);
#7009=CARTESIAN_POINT('',(-1.59001456733349,-0.149997573163002,1.59009272006605));
#7010=CARTESIAN_POINT('',(-1.59001456733468,-0.149997573161673,-1.55723924029694));
#7011=CARTESIAN_POINT('',(-1.59001456733448,-0.149997573162003,6.38378570005834E-05));
#7012=VECTOR('',#8263,1000.0);
#7013=CARTESIAN_POINT('',(-1.66566905749648,-0.0750004289330181,-1.55723924029694));
#7014=VECTOR('',#8264,1000.0);
#7015=CARTESIAN_POINT('',(-722.882729249712,714.875556611681,722.882807402865));
#7016=VECTOR('',#8265,1000.0);
#7017=CARTESIAN_POINT('',(-1.55728876327903,-3.900003284702,-1.55723924029694));
#7018=CARTESIAN_POINT('',(-1.52065337228839,-8.09800328485629,-1.55723924029694));
#7019=VECTOR('',#8266,1000.0);
#7020=CARTESIAN_POINT('',(-1.52065337228929,-8.0980032847035,1.52073152501997));
#7021=CARTESIAN_POINT('',(-3.1374701045975,177.170843576975,3.13754825736713));
#7022=VECTOR('',#8267,1000.0);
#7023=CARTESIAN_POINT('',(-1.52065337228968,-8.098003284703,-1.52060384930897));
#7024=CARTESIAN_POINT('',(-1.5206533721375,-8.09800328485506,722.882807402865));
#7025=VECTOR('',#8268,1000.0);
#7026=CARTESIAN_POINT('',(-3.1374701045985,177.170843576975,-3.13742058157795));
#7027=VECTOR('',#8269,1000.0);
#7028=CARTESIAN_POINT('',(1.55732029459689,-3.900003284702,-1.55723924029694));
#7029=CARTESIAN_POINT('',(1.57656600201506E-05,-3.900003284702,-1.55723924029694));
#7030=VECTOR('',#8270,1000.0);
#7031=CARTESIAN_POINT('',(1.52068490361152,-8.098003284703,-1.52060384930897));
#7032=CARTESIAN_POINT('',(-134.868612234339,-8.098003284703,-1.52060384928099));
#7033=VECTOR('',#8271,1000.0);
#7034=CARTESIAN_POINT('',(3.1375016359195,177.170843576975,-3.13742058157894));
#7035=VECTOR('',#8272,1000.0);
#7036=CARTESIAN_POINT('',(1.59004609865655,-0.14999757316204,-1.55723924029694));
#7037=CARTESIAN_POINT('',(1.52068490360996,-8.09800328485363,-1.55723924029694));
#7038=VECTOR('',#8273,1000.0);
#7039=CARTESIAN_POINT('',(1.5206849036121,-8.098003284703,1.52073152501897));
#7040=CARTESIAN_POINT('',(1.52068490376351,-8.09800328485506,722.882807402865));
#7041=VECTOR('',#8274,1000.0);
#7042=CARTESIAN_POINT('',(1.59004609865651,-0.149997573163002,1.59009272006505));
#7043=CARTESIAN_POINT('',(3.1375016359205,177.170843576975,3.13754825736613));
#7044=VECTOR('',#8275,1000.0);
#7045=CARTESIAN_POINT('',(1.59004609865651,-0.149997573162003,6.38378560013827E-05));
#7046=VECTOR('',#8276,1000.0);
#7047=CARTESIAN_POINT('',(1.66570058881919,-0.0750004289326909,-1.55723924029694));
#7048=VECTOR('',#8277,1000.0);
#7049=CARTESIAN_POINT('',(722.882760781371,714.875556611982,722.882807402865));
#7050=VECTOR('',#8278,1000.0);
#7051=CARTESIAN_POINT('',(1.90998543266591,-0.149997573162502,1.59009272006505));
#7052=CARTESIAN_POINT('',(1.90998543266546,-0.149997573162003,-1.55723924029694));
#7053=CARTESIAN_POINT('',(1.90998543266552,-0.149997573162003,6.38378560013827E-05));
#7054=VECTOR('',#8279,1000.0);
#7055=CARTESIAN_POINT('',(1.83433094250352,-0.0750004289330181,-1.55723924029694));
#7056=VECTOR('',#8280,1000.0);
#7057=CARTESIAN_POINT('',(-134.868612234339,135.440159663546,138.368690387048));
#7058=VECTOR('',#8281,1000.0);
#7059=CARTESIAN_POINT('',(1.94271123672171,-3.900003284702,-1.55723924029694));
#7060=CARTESIAN_POINT('',(1.97934662771162,-8.09800328485629,-1.55723924029694));
#7061=VECTOR('',#8282,1000.0);
#7062=CARTESIAN_POINT('',(1.97934662771071,-8.0980032847035,1.52073152501897));
#7063=CARTESIAN_POINT('',(0.3625298954025,177.170843576975,3.13754825736613));
#7064=VECTOR('',#8283,1000.0);
#7065=CARTESIAN_POINT('',(1.97934662771032,-8.098003284703,-1.52060384930897));
#7066=CARTESIAN_POINT('',(1.97934662786251,-8.09800328485506,722.882807402865));
#7067=VECTOR('',#8284,1000.0);
#7068=CARTESIAN_POINT('',(0.36252989540151,177.170843576975,-3.13742058157795));
#7069=VECTOR('',#8285,1000.0);
#7070=CARTESIAN_POINT('',(-5.74998423433847,-5.24500328470301,0.950064377362003));
#7071=CARTESIAN_POINT('',(-5.74998423433847,-5.24500328470301,-0.449935622637954));
#7072=CARTESIAN_POINT('',(-5.74998423418648,-5.24500328485507,722.882807402865));
#7073=VECTOR('',#8286,1000.0);
#7074=CARTESIAN_POINT('',(-6.24998423433847,-5.24500328470301,0.950064377362003));
#7075=CARTESIAN_POINT('',(-5.74998423433847,-5.24500328470301,0.950064377362003));
#7076=VECTOR('',#8287,1000.0);
#7077=CARTESIAN_POINT('',(-6.24998423433847,-5.24500328470301,-0.449935622637954));
#7078=CARTESIAN_POINT('',(-6.24998423433847,-5.24500328470301,-0.449935622637954));
#7079=VECTOR('',#8288,1000.0);
#7080=CARTESIAN_POINT('',(-5.74998423433847,-5.24500328470301,-0.449935622637954));
#7081=VECTOR('',#8289,1000.0);
#7082=CARTESIAN_POINT('',(-5.74998423433909,-11.798003284705,-1.64241784219898));
#7083=CARTESIAN_POINT('',(-5.74998423433928,-11.3624982488715,-1.48390697228296));
#7084=CARTESIAN_POINT('',(-5.74998423432449,177.170843576975,67.1366176191081));
#7085=VECTOR('',#8290,1000.0);
#7086=CARTESIAN_POINT('',(-4.54998423433869,-11.798003284705,-1.64241784219999));
#7087=CARTESIAN_POINT('',(-134.868612234339,-11.798003284705,-1.64241784217201));
#7088=VECTOR('',#8291,1000.0);
#7089=CARTESIAN_POINT('',(-4.54998423433869,-11.448003284703,-1.51502826020599));
#7090=CARTESIAN_POINT('',(-4.54998423432451,177.170843576975,67.1366176191081));
#7091=VECTOR('',#8292,1000.0);
#7092=CARTESIAN_POINT('',(-4.53490738953549,-11.3624982488715,-1.48390697228296));
#7093=AXIS2_PLACEMENT_3D('',#8293,#8294,#8295);
#7094=CARTESIAN_POINT('',(26.1500181656625,-11.362498248871,-1.48390697228995));
#7095=VECTOR('',#8296,1000.0);
#7096=CARTESIAN_POINT('',(-5.74998423433828,-11.362498248872,1.26745313008403));
#7097=CARTESIAN_POINT('',(-5.74998423433828,-11.798003284705,1.42596400000006));
#7098=CARTESIAN_POINT('',(-5.74998423435249,177.170843576975,-67.3530714612149));
#7099=VECTOR('',#8297,1000.0);
#7100=CARTESIAN_POINT('',(-4.53490738953449,-11.362498248872,1.26745313008303));
#7101=CARTESIAN_POINT('',(26.1500181656635,-11.362498248872,1.26745313007703));
#7102=VECTOR('',#8298,1000.0);
#7103=CARTESIAN_POINT('',(-4.54998423433789,-11.4480032847035,1.29857441800507));
#7104=AXIS2_PLACEMENT_3D('',#8299,#8300,#8301);
#7105=CARTESIAN_POINT('',(-4.54998423433789,-11.798003284705,1.42596399999906));
#7106=CARTESIAN_POINT('',(-4.54998423435249,177.170843576975,-67.3530714612159));
#7107=VECTOR('',#8302,1000.0);
#7108=CARTESIAN_POINT('',(-134.868612234339,-11.798003284705,1.42596400002704));
#7109=VECTOR('',#8303,1000.0);
#7110=CARTESIAN_POINT('',(-5.74998423433847,177.170843576975,0.950064377400095));
#7111=VECTOR('',#8304,1000.0);
#7112=CARTESIAN_POINT('',(-6.24998423433847,-5.24500328470301,0.950064377362003));
#7113=VECTOR('',#8305,1000.0);
#7114=CARTESIAN_POINT('',(-6.24998423433847,-3.28470300955973E-06,-0.449935622636955));
#7115=VECTOR('',#8306,1000.0);
#7116=CARTESIAN_POINT('',(-5.74998423433847,177.170843576975,-0.449935622599862));
#7117=VECTOR('',#8307,1000.0);
#7118=CARTESIAN_POINT('',(-3.90882669382247,-0.149997573163002,2.24502593907805));
#7119=CARTESIAN_POINT('',(-134.868612234339,-129.971901116535,-128.714759601356));
#7120=VECTOR('',#8308,1000.0);
#7121=CARTESIAN_POINT('',(-5.09001456733348,-0.149997573163002,2.24502593907805));
#7122=CARTESIAN_POINT('',(-4.49942063057751,-0.149997573163002,2.24502593907805));
#7123=VECTOR('',#8309,1000.0);
#7124=CARTESIAN_POINT('',(-134.868612234339,128.500981189384,132.023623606062));
#7125=VECTOR('',#8310,1000.0);
#7126=CARTESIAN_POINT('',(-3.90882669382247,-0.149997573163002,1.59009272006605));
#7127=CARTESIAN_POINT('',(717.383887988891,714.875556611981,722.882807402865));
#7128=VECTOR('',#8311,1000.0);
#7129=CARTESIAN_POINT('',(-3.90882669382247,-0.149997573163002,1.86886830989707));
#7130=VECTOR('',#8312,1000.0);
#7131=CARTESIAN_POINT('',(-5.09001456733449,-0.149997573162003,-1.58996504435105));
#7132=CARTESIAN_POINT('',(-5.09001456733449,-0.149997573163002,0.277530447364005));
#7133=VECTOR('',#8313,1000.0);
#7134=CARTESIAN_POINT('',(-134.868612234339,128.500981189385,-131.36856271128));
#7135=VECTOR('',#8314,1000.0);
#7136=CARTESIAN_POINT('',(-3.97818788886728,-8.098003284703,1.52073152501997));
#7137=CARTESIAN_POINT('',(-2.36137115655849,177.170843576975,3.13754825736713));
#7138=VECTOR('',#8315,1000.0);
#7139=CARTESIAN_POINT('',(-3.97818788886689,-8.0980032847035,2.17566474403108));
#7140=CARTESIAN_POINT('',(-3.97818788871548,-8.09800328485506,722.882807402867));
#7141=VECTOR('',#8316,1000.0);
#7142=CARTESIAN_POINT('',(-2.36137115655849,177.170843576975,3.79248147637802));
#7143=VECTOR('',#8317,1000.0);
#7144=CARTESIAN_POINT('',(-5.0206533722891,-8.098003284703,2.17566474403208));
#7145=CARTESIAN_POINT('',(-141.868612234339,-8.098003284703,2.17566474406105));
#7146=VECTOR('',#8318,1000.0);
#7147=CARTESIAN_POINT('',(-6.63747010459647,177.170843576975,3.79248147637902));
#7148=VECTOR('',#8319,1000.0);
#7149=CARTESIAN_POINT('',(-5.02065337228968,-8.098003284703,-1.52060384930797));
#7150=CARTESIAN_POINT('',(-5.0206533721375,-8.09800328485506,722.882807402865));
#7151=VECTOR('',#8320,1000.0);
#7152=CARTESIAN_POINT('',(-6.6374701045985,177.170843576975,-3.13742058157695));
#7153=VECTOR('',#8321,1000.0);
#7154=CARTESIAN_POINT('',(-3.9180148828693,-8.848003284703,0.418014882866968));
#7155=CARTESIAN_POINT('',(-4.10000000000229,-8.348003284703,0.600000000001043));
#7156=CARTESIAN_POINT('',(-71.5323455944673,176.920843576975,68.0323455945331));
#7157=VECTOR('',#8322,1000.0);
#7158=CARTESIAN_POINT('',(-3.91801488286949,-8.848003284703,-0.41801488286597));
#7159=CARTESIAN_POINT('',(-3.91801488271748,-8.84800328485506,722.882807402866));
#7160=VECTOR('',#8323,1000.0);
#7161=CARTESIAN_POINT('',(-4.10000000000249,-8.348003284703,-0.599999999999935));
#7162=CARTESIAN_POINT('',(-71.5323455944855,176.920843576975,-68.032345594415));
#7163=VECTOR('',#8324,1000.0);
#7164=CARTESIAN_POINT('',(-4.0999999998505,-8.34800328485506,722.882807402865));
#7165=VECTOR('',#8325,1000.0);
#7166=CARTESIAN_POINT('',(-3.91801488286949,-10.698003284703,-0.41801488286697));
#7167=CARTESIAN_POINT('',(-3.9180148828693,-10.698003284703,0.418014882866968));
#7168=CARTESIAN_POINT('',(-3.91801488271748,-10.698003284855,722.882807402866));
#7169=VECTOR('',#8326,1000.0);
#7170=CARTESIAN_POINT('',(-4.10000000000229,-11.198003284703,0.600000000000044));
#7171=CARTESIAN_POINT('',(64.4606533206775,177.170843576975,-67.960653320669));
#7172=VECTOR('',#8327,1000.0);
#7173=CARTESIAN_POINT('',(-4.10000000000249,-11.198003284703,-0.599999999999935));
#7174=CARTESIAN_POINT('',(-4.0999999998505,-11.198003284855,722.882807402865));
#7175=VECTOR('',#8328,1000.0);
#7176=CARTESIAN_POINT('',(64.4606533207165,177.170843576975,67.9606533207301));
#7177=VECTOR('',#8329,1000.0);
#7178=CARTESIAN_POINT('',(-4.2999842343383,-11.198003284703,-1.24898381708693));
#7179=AXIS2_PLACEMENT_3D('',#8330,#8331,#8332);
#7180=CARTESIAN_POINT('',(-5.74998423433909,-11.198003284703,-1.24898381708693));
#7181=CARTESIAN_POINT('',(26.1500181656625,-11.198003284703,-1.24898381709304));
#7182=VECTOR('',#8333,1000.0);
#7183=AXIS2_PLACEMENT_3D('',#8334,#8335,#8336);
#7184=CARTESIAN_POINT('',(-5.74998423433928,-11.798003284705,-2.27583554362998));
#7185=CARTESIAN_POINT('',(-5.74998423433947,177.170843576975,-2.27583554359));
#7186=VECTOR('',#8337,1000.0);
#7187=CARTESIAN_POINT('',(-5.74998423418648,-11.798003284857,722.882807402865));
#7188=VECTOR('',#8338,1000.0);
#7189=CARTESIAN_POINT('',(-5.74998423433847,-11.198003284703,1.03252997488701));
#7190=CARTESIAN_POINT('',(-5.74998423418648,-11.198003284855,722.882807402865));
#7191=VECTOR('',#8339,1000.0);
#7192=AXIS2_PLACEMENT_3D('',#8340,#8341,#8342);
#7193=CARTESIAN_POINT('',(-5.74998423433828,-11.798003284706,2.77596429835103));
#7194=CARTESIAN_POINT('',(-5.74998423418648,-11.798003284857,722.882807402865));
#7195=VECTOR('',#8343,1000.0);
#7196=CARTESIAN_POINT('',(-5.74998423433847,177.170843576975,2.77596429839101));
#7197=VECTOR('',#8344,1000.0);
#7198=CARTESIAN_POINT('',(-4.29998423433789,-11.198003284703,1.03252997488701));
#7199=CARTESIAN_POINT('',(26.1500181656635,-11.198003284703,1.03252997488001));
#7200=VECTOR('',#8345,1000.0);
#7201=AXIS2_PLACEMENT_3D('',#8346,#8347,#8348);
#7202=CARTESIAN_POINT('',(-4.10000000000249,-8.098003284703,-0.599999999999934));
#7203=CARTESIAN_POINT('',(-4.10000000000249,-8.348003284703,-0.599999999999935));
#7204=VECTOR('',#8349,1000.0);
#7205=CARTESIAN_POINT('',(-4.10000000000249,-8.098003284703,0.600000000001044));
#7206=CARTESIAN_POINT('',(-4.0999999998505,-8.09800328485506,722.882807402866));
#7207=VECTOR('',#8350,1000.0);
#7208=CARTESIAN_POINT('',(-4.10000000000249,-8.348003284703,0.600000000001043));
#7209=VECTOR('',#8351,1000.0);
#7210=CARTESIAN_POINT('',(-5.59998423433949,-11.798003284705,-2.42583554362996));
#7211=CARTESIAN_POINT('',(-5.59998423433949,177.170843576975,-2.42583554358998));
#7212=VECTOR('',#8352,1000.0);
#7213=AXIS2_PLACEMENT_3D('',#8353,#8354,#8355);
#7214=CARTESIAN_POINT('',(-4.5499842343385,-11.798003284705,-2.42583554362996));
#7215=CARTESIAN_POINT('',(-134.868612234339,-11.798003284705,-2.42583554360298));
#7216=VECTOR('',#8356,1000.0);
#7217=CARTESIAN_POINT('',(-4.54998423418651,-11.798003284857,722.882807402865));
#7218=VECTOR('',#8357,1000.0);
#7219=CARTESIAN_POINT('',(-4.5499842343385,-11.448003284703,-2.42583554362996));
#7220=CARTESIAN_POINT('',(-4.54998423418651,-11.448003284855,722.882807402865));
#7221=VECTOR('',#8358,1000.0);
#7222=CARTESIAN_POINT('',(-4.5499842343385,177.170843576975,-2.42583554359099));
#7223=VECTOR('',#8359,1000.0);
#7224=CARTESIAN_POINT('',(-4.2999842343385,-11.1980032847025,-2.42583554362996));
#7225=AXIS2_PLACEMENT_3D('',#8360,#8361,#8362);
#7226=CARTESIAN_POINT('',(-4.29998423418651,-11.198003284855,722.882807402865));
#7227=VECTOR('',#8363,1000.0);
#7228=CARTESIAN_POINT('',(-4.5499842343375,-11.448003284704,2.92596429835112));
#7229=CARTESIAN_POINT('',(-4.54998423418651,-11.448003284855,722.882807402865));
#7230=VECTOR('',#8364,1000.0);
#7231=CARTESIAN_POINT('',(-4.2999842343375,-11.198003284704,2.92596429835112));
#7232=CARTESIAN_POINT('',(-4.29998423418651,-11.198003284855,722.882807402865));
#7233=VECTOR('',#8365,1000.0);
#7234=AXIS2_PLACEMENT_3D('',#8366,#8367,#8368);
#7235=CARTESIAN_POINT('',(-4.5499842343375,-11.798003284706,2.92596429835112));
#7236=CARTESIAN_POINT('',(-4.5499842343375,177.170843576975,2.9259642983911));
#7237=VECTOR('',#8369,1000.0);
#7238=CARTESIAN_POINT('',(-4.54998423418651,-11.798003284857,722.882807402865));
#7239=VECTOR('',#8370,1000.0);
#7240=CARTESIAN_POINT('',(-5.59998423433849,-11.798003284706,2.92596429835112));
#7241=CARTESIAN_POINT('',(-134.868612234339,-11.798003284706,2.9259642983791));
#7242=VECTOR('',#8371,1000.0);
#7243=AXIS2_PLACEMENT_3D('',#8372,#8373,#8374);
#7244=CARTESIAN_POINT('',(-5.59998423433849,177.170843576975,2.9259642983911));
#7245=VECTOR('',#8375,1000.0);
#7246=CARTESIAN_POINT('',(-2.84384796620148,-3.900003284702,-1.55723924029694));
#7247=CARTESIAN_POINT('',(1.57656600201506E-05,-3.900003284702,-1.55723924029694));
#7248=VECTOR('',#8376,1000.0);
#7249=CARTESIAN_POINT('',(-2.90930455937759,-0.149997573162088,-1.58996504435126));
#7250=CARTESIAN_POINT('',(-2.81186979070216,-5.73203173207732,-1.54125137024444));
#7251=VECTOR('',#8377,1000.0);
#7252=CARTESIAN_POINT('',(-3.4999842343395,-0.149997573162003,-1.58996504435105));
#7253=VECTOR('',#8378,1000.0);
#7254=CARTESIAN_POINT('',(-134.868612234339,-8.098003284703,-1.52060384928099));
#7255=VECTOR('',#8379,1000.0);
#7256=CARTESIAN_POINT('',(-2.90000000000248,-8.348003284703,-0.599999999999935));
#7257=CARTESIAN_POINT('',(-134.868612234339,-8.348003284703,-0.599999999971957));
#7258=VECTOR('',#8380,1000.0);
#7259=CARTESIAN_POINT('',(-2.90000000000248,-8.098003284703,-0.599999999999934));
#7260=CARTESIAN_POINT('',(-2.90000000000248,-8.348003284703,-0.599999999999935));
#7261=VECTOR('',#8381,1000.0);
#7262=CARTESIAN_POINT('',(-138.368612234339,-8.098003284703,-0.599999999970957));
#7263=VECTOR('',#8382,1000.0);
#7264=CARTESIAN_POINT('',(-2.90000000000248,-8.098003284703,0.600000000000045));
#7265=CARTESIAN_POINT('',(-138.368612234339,-8.098003284703,0.600000000029022));
#7266=VECTOR('',#8383,1000.0);
#7267=CARTESIAN_POINT('',(-2.90000000000229,-8.348003284703,0.600000000000044));
#7268=CARTESIAN_POINT('',(-2.90000000000248,-8.348003284703,0.600000000000044));
#7269=VECTOR('',#8384,1000.0);
#7270=CARTESIAN_POINT('',(-134.868612234339,-8.348003284703,0.600000000028022));
#7271=VECTOR('',#8385,1000.0);
#7272=CARTESIAN_POINT('',(-2.9000000001545,-8.09800328455097,-722.882807402865));
#7273=VECTOR('',#8386,1000.0);
#7274=CARTESIAN_POINT('',(-134.868612234339,-8.098003284703,1.52073152504795));
#7275=VECTOR('',#8387,1000.0);
#7276=CARTESIAN_POINT('',(-2.90808131725747,-0.149997573163002,1.59009272006605));
#7277=VECTOR('',#8388,1000.0);
#7278=CARTESIAN_POINT('',(-3.08198511713528,-8.848003284703,0.418014882866968));
#7279=CARTESIAN_POINT('',(-138.368612234339,-8.848003284703,0.418014882896055));
#7280=VECTOR('',#8389,1000.0);
#7281=CARTESIAN_POINT('',(-3.0819851171355,-8.848003284703,-0.41801488286697));
#7282=CARTESIAN_POINT('',(-3.08198511698348,-8.84800328485506,722.882807402866));
#7283=VECTOR('',#8390,1000.0);
#7284=CARTESIAN_POINT('',(-138.368612234339,-8.848003284703,-0.418014882837993));
#7285=VECTOR('',#8391,1000.0);
#7286=CARTESIAN_POINT('',(64.5323455944915,176.920843576975,68.032345594504));
#7287=VECTOR('',#8392,1000.0);
#7288=CARTESIAN_POINT('',(64.5323455944525,176.920843576975,-68.0323455944439));
#7289=VECTOR('',#8393,1000.0);
#7290=CARTESIAN_POINT('',(-2.91070262696153,-0.0699023349214991,-1.67076231304419));
#7291=VECTOR('',#8394,1000.0);
#7292=CARTESIAN_POINT('',(-3.89784796620148,-5.24500328470201,-2.42583554363096));
#7293=CARTESIAN_POINT('',(-3.89784796620148,177.170843576975,-2.42583554359198));
#7294=VECTOR('',#8395,1000.0);
#7295=CARTESIAN_POINT('',(3.89787949752153,-5.24500328470201,-2.42583554363196));
#7296=CARTESIAN_POINT('',(-143.618612234339,-5.24500328470201,-2.42583554360098));
#7297=VECTOR('',#8396,1000.0);
#7298=CARTESIAN_POINT('',(3.89787949752153,177.170843576975,-2.42583554359398));
#7299=VECTOR('',#8397,1000.0);
#7300=CARTESIAN_POINT('',(5.60001576566051,-11.798003284705,-2.42583554363595));
#7301=CARTESIAN_POINT('',(5.60001576566051,177.170843576975,-2.42583554359598));
#7302=VECTOR('',#8398,1000.0);
#7303=CARTESIAN_POINT('',(4.55001576566151,-11.798003284705,-2.42583554363595));
#7304=CARTESIAN_POINT('',(-152.368612234339,-11.798003284705,-2.42583554360298));
#7305=VECTOR('',#8399,1000.0);
#7306=CARTESIAN_POINT('',(4.55001576566151,-11.4480032847025,-2.42583554363595));
#7307=CARTESIAN_POINT('',(4.55001576566151,177.170843576975,-2.42583554359598));
#7308=VECTOR('',#8400,1000.0);
#7309=CARTESIAN_POINT('',(4.30001576566151,-11.1980032847025,-2.42583554363595));
#7310=AXIS2_PLACEMENT_3D('',#8401,#8402,#8403);
#7311=CARTESIAN_POINT('',(-134.868612234339,-11.198003284702,-2.42583554360298));
#7312=VECTOR('',#8404,1000.0);
#7313=CARTESIAN_POINT('',(-1.75235066306147,-11.198003284703,2.92596429835012));
#7314=CARTESIAN_POINT('',(-134.868612234339,-11.198003284704,2.9259642983791));
#7315=VECTOR('',#8405,1000.0);
#7316=CARTESIAN_POINT('',(-1.7499842343375,-11.198003284703,2.92596629834907));
#7317=CARTESIAN_POINT('',(-1.7523506631572,-11.1980032847031,2.92596429834812));
#7318=CARTESIAN_POINT('',(-1.75156185355062,-11.1980032847031,2.92596429834812));
#7319=CARTESIAN_POINT('',(-1.75077304394403,-11.1980032847031,2.92596429834812));
#7320=CARTESIAN_POINT('',(-1.74998423433745,-11.1980032847031,2.92596429834812));
#7321=CARTESIAN_POINT('',(-1.74761780561408,-11.198003284703,2.92596429835012));
#7322=CARTESIAN_POINT('',(-1.74998423433745,-11.1980032847031,2.92596429834812));
#7323=CARTESIAN_POINT('',(-1.74919542473113,-11.1980032847031,2.92596429834812));
#7324=CARTESIAN_POINT('',(-1.74840661512482,-11.1980032847031,2.92596429834812));
#7325=CARTESIAN_POINT('',(-1.7476178055185,-11.1980032847031,2.92596429834812));
#7326=CARTESIAN_POINT('',(4.30001576566251,-11.198003284704,2.92596429834613));
#7327=CARTESIAN_POINT('',(-134.868612234339,-11.198003284704,2.9259642983791));
#7328=VECTOR('',#8406,1000.0);
#7329=CARTESIAN_POINT('',(4.55001576566251,-11.448003284704,2.92596429834613));
#7330=AXIS2_PLACEMENT_3D('',#8407,#8408,#8409);
#7331=CARTESIAN_POINT('',(4.55001576566251,-11.798003284706,2.92596429834613));
#7332=CARTESIAN_POINT('',(4.55001576566251,177.170843576975,2.92596429838511));
#7333=VECTOR('',#8410,1000.0);
#7334=CARTESIAN_POINT('',(5.60001576566151,-11.798003284706,2.92596429834513));
#7335=CARTESIAN_POINT('',(-152.368612234339,-11.798003284706,2.9259642983791));
#7336=VECTOR('',#8411,1000.0);
#7337=CARTESIAN_POINT('',(5.60001576566151,177.170843576975,2.92596429838511));
#7338=VECTOR('',#8412,1000.0);
#7339=CARTESIAN_POINT('',(-2.90000000000229,-11.198003284703,0.600000000000044));
#7340=CARTESIAN_POINT('',(-134.868612234339,-11.198003284703,0.600000000027022));
#7341=VECTOR('',#8413,1000.0);
#7342=CARTESIAN_POINT('',(-2.90000000000248,-11.198003284703,-0.599999999999935));
#7343=CARTESIAN_POINT('',(-2.89999999985049,-11.198003284855,722.882807402865));
#7344=VECTOR('',#8414,1000.0);
#7345=CARTESIAN_POINT('',(-134.868612234339,-11.198003284703,-0.599999999972957));
#7346=VECTOR('',#8415,1000.0);
#7347=AXIS2_PLACEMENT_3D('',#8416,#8417,#8418);
#7348=CARTESIAN_POINT('',(4.30001576566151,-11.198003284703,-1.24898381709204));
#7349=CARTESIAN_POINT('',(4.3000157658135,-11.198003284855,722.882807402865));
#7350=VECTOR('',#8419,1000.0);
#7351=CARTESIAN_POINT('',(5.75001576566102,-11.198003284703,-1.24898381709304));
#7352=CARTESIAN_POINT('',(8.6500181656625,-11.198003284703,-1.24898381709304));
#7353=VECTOR('',#8420,1000.0);
#7354=CARTESIAN_POINT('',(5.75001576566152,-11.198003284703,1.03252997488101));
#7355=CARTESIAN_POINT('',(5.75001576581351,-11.198003284855,722.882807402865));
#7356=VECTOR('',#8421,1000.0);
#7357=CARTESIAN_POINT('',(4.30001576566201,-11.198003284703,1.03252997488001));
#7358=CARTESIAN_POINT('',(8.6500181656635,-11.198003284703,1.03252997488001));
#7359=VECTOR('',#8422,1000.0);
#7360=CARTESIAN_POINT('',(4.3000157658135,-11.198003284855,722.882807402865));
#7361=VECTOR('',#8423,1000.0);
#7362=AXIS2_PLACEMENT_3D('',#8424,#8425,#8426);
#7363=CARTESIAN_POINT('',(-0.60000000000229,-11.198003284703,0.599999999999045));
#7364=CARTESIAN_POINT('',(0.59999999999772,-11.198003284703,0.599999999999045));
#7365=CARTESIAN_POINT('',(-134.868612234339,-11.198003284703,0.600000000027022));
#7366=VECTOR('',#8427,1000.0);
#7367=CARTESIAN_POINT('',(0.599999999997531,-11.198003284703,-0.600000000000934));
#7368=CARTESIAN_POINT('',(0.60000000014951,-11.198003284855,722.882807402865));
#7369=VECTOR('',#8428,1000.0);
#7370=CARTESIAN_POINT('',(-0.60000000000249,-11.198003284703,-0.600000000000934));
#7371=CARTESIAN_POINT('',(-134.868612234339,-11.198003284703,-0.599999999972957));
#7372=VECTOR('',#8429,1000.0);
#7373=CARTESIAN_POINT('',(-0.5999999998505,-11.198003284855,722.882807402865));
#7374=VECTOR('',#8430,1000.0);
#7375=CARTESIAN_POINT('',(-0.64998423433948,-11.198003284703,-1.34093616214543));
#7376=CARTESIAN_POINT('',(-0.39998423433948,-11.198003284703,-1.59093616214541));
#7377=AXIS2_PLACEMENT_3D('',#8431,#8432,#8433);
#7378=CARTESIAN_POINT('',(-0.39998423433948,-11.198003284703,-1.67583616214535));
#7379=CARTESIAN_POINT('',(-0.39998423433948,-11.198003284703,-1.24898381709304));
#7380=VECTOR('',#8434,1000.0);
#7381=CARTESIAN_POINT('',(-0.64998423433948,-11.198003284703,-1.92583616214544));
#7382=AXIS2_PLACEMENT_3D('',#8435,#8436,#8437);
#7383=CARTESIAN_POINT('',(-2.84998423433949,-11.198003284703,-1.92583616214444));
#7384=CARTESIAN_POINT('',(26.1500181656625,-11.198003284703,-1.92583616214504));
#7385=VECTOR('',#8438,1000.0);
#7386=CARTESIAN_POINT('',(-3.09998423433949,-11.198003284703,-1.67583616214435));
#7387=AXIS2_PLACEMENT_3D('',#8439,#8440,#8441);
#7388=CARTESIAN_POINT('',(-3.09998423433949,-11.198003284703,-1.59093616214541));
#7389=CARTESIAN_POINT('',(-3.09998423433949,-11.198003284703,-1.24898381709304));
#7390=VECTOR('',#8442,1000.0);
#7391=CARTESIAN_POINT('',(-2.84998423433949,-11.198003284703,-1.34093616214543));
#7392=AXIS2_PLACEMENT_3D('',#8443,#8444,#8445);
#7393=CARTESIAN_POINT('',(-2.65898423433949,-11.198003284703,-1.34093616214543));
#7394=CARTESIAN_POINT('',(26.1500181656625,-11.198003284703,-1.34093616214503));
#7395=VECTOR('',#8446,1000.0);
#7396=CARTESIAN_POINT('',(-2.15898423433949,-11.198003284703,-0.840936162145379));
#7397=AXIS2_PLACEMENT_3D('',#8447,#8448,#8449);
#7398=CARTESIAN_POINT('',(-2.15898423433848,-11.198003284703,0.150063837855481));
#7399=CARTESIAN_POINT('',(-2.15898423433849,-11.198003284703,-1.24898381709304));
#7400=VECTOR('',#8450,1000.0);
#7401=CARTESIAN_POINT('',(-1.90898423433848,-11.198003284703,0.400063837855453));
#7402=AXIS2_PLACEMENT_3D('',#8451,#8452,#8453);
#7403=CARTESIAN_POINT('',(-1.59098423433847,-11.198003284703,0.400063837855453));
#7404=CARTESIAN_POINT('',(1.90901576566152,-11.198003284703,0.400063837854957));
#7405=VECTOR('',#8454,1000.0);
#7406=CARTESIAN_POINT('',(-1.34098423433847,-11.198003284703,0.150063837855481));
#7407=AXIS2_PLACEMENT_3D('',#8455,#8456,#8457);
#7408=CARTESIAN_POINT('',(-1.34098423433948,-11.198003284703,-0.840936162145379));
#7409=CARTESIAN_POINT('',(-1.34098423433848,-11.198003284703,-1.24898381709304));
#7410=VECTOR('',#8458,1000.0);
#7411=CARTESIAN_POINT('',(-0.84098423433948,-11.198003284703,-1.34093616214543));
#7412=AXIS2_PLACEMENT_3D('',#8459,#8460,#8461);
#7413=CARTESIAN_POINT('',(26.1500181656625,-11.198003284703,-1.34093616214503));
#7414=VECTOR('',#8462,1000.0);
#7415=CARTESIAN_POINT('',(2.89999999999771,-11.198003284703,0.599999999999045));
#7416=CARTESIAN_POINT('',(4.09999999999751,-11.198003284703,0.599999999994049));
#7417=CARTESIAN_POINT('',(-134.868612234339,-11.198003284703,0.600000000027022));
#7418=VECTOR('',#8463,1000.0);
#7419=CARTESIAN_POINT('',(4.09999999999751,-11.198003284703,-0.60000000000593));
#7420=CARTESIAN_POINT('',(4.1000000001495,-11.198003284855,722.882807402865));
#7421=VECTOR('',#8464,1000.0);
#7422=CARTESIAN_POINT('',(2.89999999999752,-11.198003284703,-0.600000000001933));
#7423=CARTESIAN_POINT('',(-134.868612234339,-11.198003284703,-0.599999999972957));
#7424=VECTOR('',#8465,1000.0);
#7425=CARTESIAN_POINT('',(2.90000000014951,-11.198003284855,722.882807402865));
#7426=VECTOR('',#8466,1000.0);
#7427=CARTESIAN_POINT('',(0.40001576566052,-11.198003284703,-1.59093616214541));
#7428=CARTESIAN_POINT('',(0.65001576566051,-11.198003284703,-1.34093616214543));
#7429=AXIS2_PLACEMENT_3D('',#8467,#8468,#8469);
#7430=CARTESIAN_POINT('',(0.84101576566051,-11.198003284703,-1.34093616214543));
#7431=CARTESIAN_POINT('',(26.1500181656625,-11.198003284703,-1.34093616214503));
#7432=VECTOR('',#8470,1000.0);
#7433=CARTESIAN_POINT('',(1.34101576566051,-11.198003284703,-0.840936162145379));
#7434=AXIS2_PLACEMENT_3D('',#8471,#8472,#8473);
#7435=CARTESIAN_POINT('',(1.34101576566151,-11.198003284703,0.841063837854583));
#7436=CARTESIAN_POINT('',(1.34101576566151,-11.198003284703,-1.24898381709304));
#7437=VECTOR('',#8474,1000.0);
#7438=CARTESIAN_POINT('',(0.84101576566151,-11.198003284703,1.34106383785464));
#7439=AXIS2_PLACEMENT_3D('',#8475,#8476,#8477);
#7440=CARTESIAN_POINT('',(0.650015765661521,-11.198003284703,1.34106383785464));
#7441=CARTESIAN_POINT('',(26.1500181656625,-11.198003284703,1.34106383785504));
#7442=VECTOR('',#8478,1000.0);
#7443=CARTESIAN_POINT('',(0.40001576566152,-11.198003284703,1.59106383785461));
#7444=AXIS2_PLACEMENT_3D('',#8479,#8480,#8481);
#7445=CARTESIAN_POINT('',(0.40001576566152,-11.198003284703,1.67596383785455));
#7446=CARTESIAN_POINT('',(0.40001576566152,-11.198003284703,-1.24898381709304));
#7447=VECTOR('',#8482,1000.0);
#7448=CARTESIAN_POINT('',(0.650015765661521,-11.198003284703,1.92596383785464));
#7449=AXIS2_PLACEMENT_3D('',#8483,#8484,#8485);
#7450=CARTESIAN_POINT('',(2.85001576566152,-11.198003284703,1.92596383785364));
#7451=CARTESIAN_POINT('',(26.1500181656625,-11.198003284703,1.92596383785504));
#7452=VECTOR('',#8486,1000.0);
#7453=CARTESIAN_POINT('',(3.10001576566152,-11.198003284703,1.67596383785356));
#7454=AXIS2_PLACEMENT_3D('',#8487,#8488,#8489);
#7455=CARTESIAN_POINT('',(3.10001576566152,-11.198003284703,1.59106383785362));
#7456=CARTESIAN_POINT('',(3.10001576566152,-11.198003284703,-1.24898381709304));
#7457=VECTOR('',#8490,1000.0);
#7458=CARTESIAN_POINT('',(2.85001576566152,-11.198003284703,1.34106383785364));
#7459=AXIS2_PLACEMENT_3D('',#8491,#8492,#8493);
#7460=CARTESIAN_POINT('',(2.65901576566152,-11.198003284703,1.34106383785364));
#7461=CARTESIAN_POINT('',(26.1500181656625,-11.198003284703,1.34106383785504));
#7462=VECTOR('',#8494,1000.0);
#7463=CARTESIAN_POINT('',(2.15901576566152,-11.198003284703,0.841063837853583));
#7464=AXIS2_PLACEMENT_3D('',#8495,#8496,#8497);
#7465=CARTESIAN_POINT('',(2.15901576566052,-11.198003284703,-0.840936162146378));
#7466=CARTESIAN_POINT('',(2.15901576566152,-11.198003284703,-1.24898381709304));
#7467=VECTOR('',#8498,1000.0);
#7468=CARTESIAN_POINT('',(2.65901576566053,-11.198003284703,-1.34093616214643));
#7469=AXIS2_PLACEMENT_3D('',#8499,#8500,#8501);
#7470=CARTESIAN_POINT('',(2.85001576566052,-11.198003284703,-1.34093616214643));
#7471=CARTESIAN_POINT('',(26.1500181656625,-11.198003284703,-1.34093616214503));
#7472=VECTOR('',#8502,1000.0);
#7473=CARTESIAN_POINT('',(3.10001576566052,-11.198003284703,-1.59093616214641));
#7474=AXIS2_PLACEMENT_3D('',#8503,#8504,#8505);
#7475=CARTESIAN_POINT('',(3.10001576566052,-11.198003284703,-1.67583616214635));
#7476=CARTESIAN_POINT('',(3.10001576566152,-11.198003284703,-1.24898381709304));
#7477=VECTOR('',#8506,1000.0);
#7478=CARTESIAN_POINT('',(2.85001576566052,-11.198003284703,-1.92583616214643));
#7479=AXIS2_PLACEMENT_3D('',#8507,#8508,#8509);
#7480=CARTESIAN_POINT('',(0.65001576566051,-11.198003284703,-1.92583616214544));
#7481=CARTESIAN_POINT('',(26.1500181656625,-11.198003284703,-1.92583616214504));
#7482=VECTOR('',#8510,1000.0);
#7483=CARTESIAN_POINT('',(0.40001576566052,-11.198003284703,-1.67583616214535));
#7484=AXIS2_PLACEMENT_3D('',#8511,#8512,#8513);
#7485=CARTESIAN_POINT('',(0.40001576566152,-11.198003284703,-1.24898381709304));
#7486=VECTOR('',#8514,1000.0);
#7487=CARTESIAN_POINT('',(-3.0819851171355,-10.698003284703,-0.41801488286697));
#7488=CARTESIAN_POINT('',(-138.368612234339,-10.698003284703,-0.418014882838992));
#7489=VECTOR('',#8515,1000.0);
#7490=CARTESIAN_POINT('',(-3.08198511713528,-10.698003284703,0.418014882866968));
#7491=CARTESIAN_POINT('',(-3.08198511698348,-10.698003284855,722.882807402866));
#7492=VECTOR('',#8516,1000.0);
#7493=CARTESIAN_POINT('',(-138.368612234339,-10.698003284703,0.418014882895056));
#7494=VECTOR('',#8517,1000.0);
#7495=CARTESIAN_POINT('',(-71.4606533207108,177.170843576975,-67.9606533206401));
#7496=VECTOR('',#8518,1000.0);
#7497=CARTESIAN_POINT('',(-71.4606533206926,177.170843576975,67.9606533207581));
#7498=VECTOR('',#8519,1000.0);
#7499=CARTESIAN_POINT('',(-1.59098423433848,-9.29800328470301,-0.399936162144955));
#7500=CARTESIAN_POINT('',(-1.59098423433848,-10.498003284703,-0.399936162145954));
#7501=CARTESIAN_POINT('',(-1.59098423433848,-9.29800328470301,-0.399936162144955));
#7502=VECTOR('',#8520,1000.0);
#7503=CARTESIAN_POINT('',(-1.90898423433849,-10.498003284703,-0.399936162145954));
#7504=CARTESIAN_POINT('',(-138.368612234339,-10.498003284703,-0.399936162116866));
#7505=VECTOR('',#8521,1000.0);
#7506=CARTESIAN_POINT('',(-1.90898423433849,-9.29800328470301,-0.399936162144955));
#7507=CARTESIAN_POINT('',(-1.90898423433849,-9.29800328470301,-0.399936162144955));
#7508=VECTOR('',#8522,1000.0);
#7509=CARTESIAN_POINT('',(-8.74998423433848,-9.29800328470301,-0.399936162142957));
#7510=VECTOR('',#8523,1000.0);
#7511=AXIS2_PLACEMENT_3D('',#8524,#8525,#8526);
#7512=CARTESIAN_POINT('',(-2.89999999985049,-8.34800328485506,722.882807402865));
#7513=VECTOR('',#8527,1000.0);
#7514=CARTESIAN_POINT('',(-1.34098423433868,-9.29800328470301,-0.649936162145038));
#7515=CARTESIAN_POINT('',(-1.34098423433848,-10.498003284703,-0.649936162145038));
#7516=CARTESIAN_POINT('',(-1.34098423433848,-9.29800328470301,-0.649936162145038));
#7517=VECTOR('',#8528,1000.0);
#7518=AXIS2_PLACEMENT_3D('',#8529,#8530,#8531);
#7519=AXIS2_PLACEMENT_3D('',#8532,#8533,#8534);
#7520=CARTESIAN_POINT('',(-2.15898423433849,-10.498003284703,0.150063837854985));
#7521=CARTESIAN_POINT('',(-1.90898423433849,-10.498003284703,0.400063837854957));
#7522=AXIS2_PLACEMENT_3D('',#8535,#8536,#8537);
#7523=CARTESIAN_POINT('',(-2.15898423433849,-10.498003284703,-0.649936162145038));
#7524=CARTESIAN_POINT('',(-2.1589842341865,-10.498003284855,722.882807402866));
#7525=VECTOR('',#8538,1000.0);
#7526=AXIS2_PLACEMENT_3D('',#8539,#8540,#8541);
#7527=CARTESIAN_POINT('',(-1.34098423433848,-10.498003284703,0.150063837854985));
#7528=CARTESIAN_POINT('',(-1.34098423418649,-10.498003284855,722.882807402866));
#7529=VECTOR('',#8542,1000.0);
#7530=CARTESIAN_POINT('',(-1.59098423433848,-10.498003284703,0.400063837854957));
#7531=AXIS2_PLACEMENT_3D('',#8543,#8544,#8545);
#7532=CARTESIAN_POINT('',(-138.368612234339,-10.498003284703,0.400063837884045));
#7533=VECTOR('',#8546,1000.0);
#7534=CARTESIAN_POINT('',(-2.15898423433869,-9.29800328470301,-0.649936162145038));
#7535=CARTESIAN_POINT('',(-2.15898423433849,-9.29800328470301,-0.649936162145038));
#7536=VECTOR('',#8547,1000.0);
#7537=AXIS2_PLACEMENT_3D('',#8548,#8549,#8550);
#7538=CARTESIAN_POINT('',(-2.1589842343393,-9.29800328470301,-0.84093616214498));
#7539=CARTESIAN_POINT('',(-2.15898423433849,-9.29800328470301,1.75006383785503));
#7540=VECTOR('',#8551,1000.0);
#7541=CARTESIAN_POINT('',(-2.65898423433949,-9.29800328470301,-1.34093616214503));
#7542=AXIS2_PLACEMENT_3D('',#8552,#8553,#8554);
#7543=CARTESIAN_POINT('',(-2.84998423433949,-9.29800328470301,-1.34093616214503));
#7544=CARTESIAN_POINT('',(-8.74998423433848,-9.29800328470301,-1.34093616214304));
#7545=VECTOR('',#8555,1000.0);
#7546=CARTESIAN_POINT('',(-3.09998423433949,-9.29800328470301,-1.59093616214501));
#7547=AXIS2_PLACEMENT_3D('',#8556,#8557,#8558);
#7548=CARTESIAN_POINT('',(-3.09998423433949,-9.29800328470301,-1.67583616214395));
#7549=CARTESIAN_POINT('',(-3.09998423433849,-9.29800328470301,1.75006383785503));
#7550=VECTOR('',#8559,1000.0);
#7551=CARTESIAN_POINT('',(-2.84998423433949,-9.29800328470301,-1.92583616214403));
#7552=AXIS2_PLACEMENT_3D('',#8560,#8561,#8562);
#7553=CARTESIAN_POINT('',(-0.64998423433948,-9.29800328470301,-1.92583616214504));
#7554=CARTESIAN_POINT('',(-8.74998423433948,-9.29800328470301,-1.92583616214304));
#7555=VECTOR('',#8563,1000.0);
#7556=CARTESIAN_POINT('',(-0.39998423433948,-9.29800328470301,-1.67583616214495));
#7557=AXIS2_PLACEMENT_3D('',#8564,#8565,#8566);
#7558=CARTESIAN_POINT('',(-0.39998423433948,-9.29800328470301,-1.59093616214501));
#7559=CARTESIAN_POINT('',(-0.39998423433848,-9.29800328470301,1.75006383785503));
#7560=VECTOR('',#8567,1000.0);
#7561=CARTESIAN_POINT('',(-0.64998423433948,-9.29800328470301,-1.34093616214503));
#7562=AXIS2_PLACEMENT_3D('',#8568,#8569,#8570);
#7563=CARTESIAN_POINT('',(-0.84098423433948,-9.29800328470301,-1.34093616214503));
#7564=CARTESIAN_POINT('',(-8.74998423433848,-9.29800328470301,-1.34093616214304));
#7565=VECTOR('',#8571,1000.0);
#7566=CARTESIAN_POINT('',(-1.34098423433929,-9.29800328470301,-0.84093616214498));
#7567=AXIS2_PLACEMENT_3D('',#8572,#8573,#8574);
#7568=CARTESIAN_POINT('',(-1.34098423433848,-9.29800328470301,1.75006383785503));
#7569=VECTOR('',#8575,1000.0);
#7570=AXIS2_PLACEMENT_3D('',#8576,#8577,#8578);
#7571=CARTESIAN_POINT('',(-0.41801488286929,-8.848003284703,0.418014882865968));
#7572=CARTESIAN_POINT('',(-0.60000000000229,-8.348003284703,0.600000000000044));
#7573=CARTESIAN_POINT('',(-68.0323455944673,176.920843576975,68.0323455945321));
#7574=VECTOR('',#8579,1000.0);
#7575=CARTESIAN_POINT('',(-0.41801488286929,-8.848003284703,-0.41801488286697));
#7576=CARTESIAN_POINT('',(-0.41801488271747,-8.84800328485506,722.882807402865));
#7577=VECTOR('',#8580,1000.0);
#7578=CARTESIAN_POINT('',(-0.60000000000249,-8.348003284703,-0.599999999999935));
#7579=CARTESIAN_POINT('',(-68.0323455944855,176.920843576975,-68.032345594416));
#7580=VECTOR('',#8581,1000.0);
#7581=CARTESIAN_POINT('',(-0.5999999998505,-8.34800328485506,722.882807402865));
#7582=VECTOR('',#8582,1000.0);
#7583=CARTESIAN_POINT('',(-0.41801488286949,-10.698003284703,-0.418014882867969));
#7584=CARTESIAN_POINT('',(-0.41801488286929,-10.698003284703,0.418014882865968));
#7585=CARTESIAN_POINT('',(-0.41801488271747,-10.698003284855,722.882807402865));
#7586=VECTOR('',#8583,1000.0);
#7587=CARTESIAN_POINT('',(67.9606533206775,177.170843576975,-67.96065332067));
#7588=VECTOR('',#8584,1000.0);
#7589=CARTESIAN_POINT('',(67.9606533207165,177.170843576975,67.9606533207291));
#7590=VECTOR('',#8585,1000.0);
#7591=CARTESIAN_POINT('',(-0.64998423433948,-9.29800328470301,-1.34093616214503));
#7592=VECTOR('',#8586,1000.0);
#7593=CARTESIAN_POINT('',(-0.84098423433948,-9.29800328470301,-1.34093616214503));
#7594=VECTOR('',#8587,1000.0);
#7595=CARTESIAN_POINT('',(-1.34098423433948,-9.29800328470301,-0.84093616214498));
#7596=VECTOR('',#8588,1000.0);
#7597=CARTESIAN_POINT('',(-1.34098423433848,177.170843576975,0.150063837895076));
#7598=VECTOR('',#8589,1000.0);
#7599=CARTESIAN_POINT('',(-1.59098423433848,177.170843576975,0.400063837895048));
#7600=VECTOR('',#8590,1000.0);
#7601=CARTESIAN_POINT('',(-1.90898423433849,177.170843576975,0.400063837895048));
#7602=VECTOR('',#8591,1000.0);
#7603=CARTESIAN_POINT('',(-2.15898423433849,177.170843576975,0.150063837895076));
#7604=VECTOR('',#8592,1000.0);
#7605=CARTESIAN_POINT('',(-2.15898423433949,-9.29800328470301,-0.84093616214498));
#7606=VECTOR('',#8593,1000.0);
#7607=CARTESIAN_POINT('',(-2.65898423433949,-9.29800328470301,-1.34093616214503));
#7608=VECTOR('',#8594,1000.0);
#7609=CARTESIAN_POINT('',(-2.84998423433949,-9.29800328470301,-1.34093616214503));
#7610=VECTOR('',#8595,1000.0);
#7611=CARTESIAN_POINT('',(-3.09998423433949,-9.29800328470301,-1.59093616214501));
#7612=VECTOR('',#8596,1000.0);
#7613=CARTESIAN_POINT('',(-3.09998423433949,-9.29800328470301,-1.67583616214395));
#7614=VECTOR('',#8597,1000.0);
#7615=CARTESIAN_POINT('',(-2.84998423433949,-9.29800328470301,-1.92583616214403));
#7616=VECTOR('',#8598,1000.0);
#7617=CARTESIAN_POINT('',(-0.64998423433948,-9.29800328470301,-1.92583616214504));
#7618=VECTOR('',#8599,1000.0);
#7619=CARTESIAN_POINT('',(-0.39998423433948,-9.29800328470301,-1.67583616214495));
#7620=VECTOR('',#8600,1000.0);
#7621=CARTESIAN_POINT('',(-0.39998423433948,-9.29800328470301,-1.59093616214501));
#7622=VECTOR('',#8601,1000.0);
#7623=CARTESIAN_POINT('',(-0.60000000000249,-8.098003284703,-0.599999999999934));
#7624=CARTESIAN_POINT('',(-0.60000000000249,-8.348003284703,-0.599999999999935));
#7625=VECTOR('',#8602,1000.0);
#7626=CARTESIAN_POINT('',(-0.60000000000229,-8.098003284703,0.600000000000045));
#7627=CARTESIAN_POINT('',(-0.5999999998505,-8.09800328485506,722.882807402865));
#7628=VECTOR('',#8603,1000.0);
#7629=CARTESIAN_POINT('',(-0.60000000000249,-8.348003284703,0.600000000000044));
#7630=VECTOR('',#8604,1000.0);
#7631=CARTESIAN_POINT('',(-134.868612234339,-8.098003284703,1.52073152504795));
#7632=VECTOR('',#8605,1000.0);
#7633=CARTESIAN_POINT('',(0.599999999997531,-8.098003284703,-0.600000000000933));
#7634=CARTESIAN_POINT('',(-134.868612234339,-8.098003284703,-0.599999999971956));
#7635=VECTOR('',#8606,1000.0);
#7636=CARTESIAN_POINT('',(0.599999999997531,-8.098003284703,0.600000000000045));
#7637=CARTESIAN_POINT('',(0.59999999984551,-8.09800328455097,-722.882807402865));
#7638=VECTOR('',#8607,1000.0);
#7639=CARTESIAN_POINT('',(-134.868612234339,-8.098003284703,0.600000000028023));
#7640=VECTOR('',#8608,1000.0);
#7641=CARTESIAN_POINT('',(0.599999999997531,-8.348003284703,-0.600000000000934));
#7642=CARTESIAN_POINT('',(-134.868612234339,-8.348003284703,-0.599999999971957));
#7643=VECTOR('',#8609,1000.0);
#7644=CARTESIAN_POINT('',(0.599999999997531,-8.348003284703,-0.600000000000934));
#7645=VECTOR('',#8610,1000.0);
#7646=CARTESIAN_POINT('',(0.59999999999772,-8.348003284703,0.600000000000044));
#7647=CARTESIAN_POINT('',(0.599999999997531,-8.348003284703,0.600000000000044));
#7648=VECTOR('',#8611,1000.0);
#7649=CARTESIAN_POINT('',(-134.868612234339,-8.348003284703,0.600000000028022));
#7650=VECTOR('',#8612,1000.0);
#7651=CARTESIAN_POINT('',(1.57656614998558E-05,-0.149997573163002,1.59009272006605));
#7652=VECTOR('',#8613,1000.0);
#7653=CARTESIAN_POINT('',(0.41801488286472,-8.848003284703,0.418014882866968));
#7654=CARTESIAN_POINT('',(-134.868612234339,-8.848003284703,0.418014882895056));
#7655=VECTOR('',#8614,1000.0);
#7656=CARTESIAN_POINT('',(0.418014882864501,-8.848003284703,-0.418014882867969));
#7657=CARTESIAN_POINT('',(0.41801488301652,-8.84800328485506,722.882807402865));
#7658=VECTOR('',#8615,1000.0);
#7659=CARTESIAN_POINT('',(-134.868612234339,-8.848003284703,-0.418014882838992));
#7660=VECTOR('',#8616,1000.0);
#7661=CARTESIAN_POINT('',(68.0323455944915,176.920843576975,68.032345594504));
#7662=VECTOR('',#8617,1000.0);
#7663=CARTESIAN_POINT('',(68.0323455944525,176.920843576975,-68.0323455944449));
#7664=VECTOR('',#8618,1000.0);
#7665=CARTESIAN_POINT('',(0.418014882864501,-10.698003284703,-0.418014882867969));
#7666=CARTESIAN_POINT('',(-134.868612234339,-10.698003284703,-0.418014882839991));
#7667=VECTOR('',#8619,1000.0);
#7668=CARTESIAN_POINT('',(0.418014882864501,-10.698003284703,0.418014882865968));
#7669=CARTESIAN_POINT('',(0.41801488301652,-10.698003284855,722.882807402865));
#7670=VECTOR('',#8620,1000.0);
#7671=CARTESIAN_POINT('',(-134.868612234339,-10.698003284703,0.418014882894057));
#7672=VECTOR('',#8621,1000.0);
#7673=CARTESIAN_POINT('',(-67.9606533207108,177.170843576975,-67.9606533206411));
#7674=VECTOR('',#8622,1000.0);
#7675=CARTESIAN_POINT('',(-67.9606533206926,177.170843576975,67.9606533207571));
#7676=VECTOR('',#8623,1000.0);
#7677=CARTESIAN_POINT('',(1.59101576566151,-9.29800328470301,0.400063837854957));
#7678=CARTESIAN_POINT('',(1.59101576566151,-10.498003284703,0.400063837853958));
#7679=CARTESIAN_POINT('',(1.59101576566151,-9.29800328470301,0.400063837854957));
#7680=VECTOR('',#8624,1000.0);
#7681=CARTESIAN_POINT('',(1.90901576566152,-10.498003284703,0.400063837853958));
#7682=CARTESIAN_POINT('',(-134.868612234339,-10.498003284703,0.400063837883046));
#7683=VECTOR('',#8625,1000.0);
#7684=CARTESIAN_POINT('',(1.90901576566152,-9.29800328470301,0.400063837854957));
#7685=CARTESIAN_POINT('',(1.90901576566152,-9.29800328470301,0.400063837854957));
#7686=VECTOR('',#8626,1000.0);
#7687=CARTESIAN_POINT('',(-5.24998423433847,-9.29800328470301,0.400063837855957));
#7688=VECTOR('',#8627,1000.0);
#7689=CARTESIAN_POINT('',(1.90901576566152,-9.29800328470301,-0.399936162144955));
#7690=CARTESIAN_POINT('',(1.90901576566152,-10.498003284703,-0.399936162144955));
#7691=CARTESIAN_POINT('',(1.90901576566152,-9.29800328470301,-0.399936162144955));
#7692=VECTOR('',#8628,1000.0);
#7693=CARTESIAN_POINT('',(1.59101576566151,-10.498003284703,-0.399936162144955));
#7694=CARTESIAN_POINT('',(-134.868612234339,-10.498003284703,-0.399936162116866));
#7695=VECTOR('',#8629,1000.0);
#7696=CARTESIAN_POINT('',(1.59101576566151,-9.29800328470301,-0.399936162144955));
#7697=CARTESIAN_POINT('',(1.59101576566151,-9.29800328470301,-0.399936162144955));
#7698=VECTOR('',#8630,1000.0);
#7699=CARTESIAN_POINT('',(-5.24998423433847,-9.29800328470301,-0.399936162143956));
#7700=VECTOR('',#8631,1000.0);
#7701=CARTESIAN_POINT('',(0.60000000014951,-8.34800328485506,722.882807402865));
#7702=VECTOR('',#8632,1000.0);
#7703=CARTESIAN_POINT('',(2.15901576566114,-9.29800328470301,-0.649936162146037));
#7704=CARTESIAN_POINT('',(2.15901576566152,-10.498003284703,-0.649936162146037));
#7705=CARTESIAN_POINT('',(2.15901576566152,-9.29800328470301,-0.649936162146037));
#7706=VECTOR('',#8633,1000.0);
#7707=AXIS2_PLACEMENT_3D('',#8634,#8635,#8636);
#7708=AXIS2_PLACEMENT_3D('',#8637,#8638,#8639);
#7709=CARTESIAN_POINT('',(2.15901576566172,-10.498003284703,0.650063837854041));
#7710=AXIS2_PLACEMENT_3D('',#8640,#8641,#8642);
#7711=CARTESIAN_POINT('',(2.15901576566114,-9.29800328470351,0.650063837855041));
#7712=CARTESIAN_POINT('',(2.15901576566152,-9.29800328470301,0.650063837854041));
#7713=VECTOR('',#8643,1000.0);
#7714=AXIS2_PLACEMENT_3D('',#8644,#8645,#8646);
#7715=CARTESIAN_POINT('',(0.40001576566152,-9.29800328470301,1.67596383785496));
#7716=CARTESIAN_POINT('',(0.650015765661521,-9.29800328470301,1.92596383785504));
#7717=AXIS2_PLACEMENT_3D('',#8647,#8648,#8649);
#7718=CARTESIAN_POINT('',(0.40001576566152,-9.29800328470301,1.59106383785501));
#7719=CARTESIAN_POINT('',(0.40001576566052,-9.29800328470201,-2.85754170162688));
#7720=VECTOR('',#8650,1000.0);
#7721=CARTESIAN_POINT('',(0.650015765661521,-9.29800328470301,1.34106383785504));
#7722=AXIS2_PLACEMENT_3D('',#8651,#8652,#8653);
#7723=CARTESIAN_POINT('',(0.84101576566151,-9.29800328470301,1.34106383785504));
#7724=CARTESIAN_POINT('',(-5.24998423433847,-9.29800328470301,1.34106383785604));
#7725=VECTOR('',#8654,1000.0);
#7726=CARTESIAN_POINT('',(1.34101576566132,-9.29800328470301,0.841063837854982));
#7727=AXIS2_PLACEMENT_3D('',#8655,#8656,#8657);
#7728=CARTESIAN_POINT('',(1.34101576566132,-9.29800328470301,0.650063837855041));
#7729=CARTESIAN_POINT('',(1.34101576566051,-9.29800328470301,-1.74993616214502));
#7730=VECTOR('',#8658,1000.0);
#7731=AXIS2_PLACEMENT_3D('',#8659,#8660,#8661);
#7732=CARTESIAN_POINT('',(2.15901576566133,-9.29800328470301,0.841063837853983));
#7733=CARTESIAN_POINT('',(2.15901576566052,-9.29800328470301,-1.74993616214602));
#7734=VECTOR('',#8662,1000.0);
#7735=CARTESIAN_POINT('',(2.65901576566152,-9.29800328470301,1.34106383785404));
#7736=AXIS2_PLACEMENT_3D('',#8663,#8664,#8665);
#7737=CARTESIAN_POINT('',(2.85001576566152,-9.29800328470301,1.34106383785404));
#7738=CARTESIAN_POINT('',(-5.24998423433847,-9.29800328470301,1.34106383785604));
#7739=VECTOR('',#8666,1000.0);
#7740=CARTESIAN_POINT('',(3.10001576566152,-9.29800328470301,1.59106383785401));
#7741=AXIS2_PLACEMENT_3D('',#8667,#8668,#8669);
#7742=CARTESIAN_POINT('',(3.10001576566152,-9.29800328470301,1.67596383785395));
#7743=CARTESIAN_POINT('',(3.10001576566052,-9.29800328470201,-2.85754170162688));
#7744=VECTOR('',#8670,1000.0);
#7745=CARTESIAN_POINT('',(2.85001576566152,-9.29800328470301,1.92596383785404));
#7746=AXIS2_PLACEMENT_3D('',#8671,#8672,#8673);
#7747=CARTESIAN_POINT('',(-5.24998423433847,-9.29800328470301,1.92596383785604));
#7748=VECTOR('',#8674,1000.0);
#7749=CARTESIAN_POINT('',(1.34101576566171,-10.498003284703,0.650063837854041));
#7750=CARTESIAN_POINT('',(1.34101576566151,-9.29800328470301,0.650063837855041));
#7751=VECTOR('',#8675,1000.0);
#7752=AXIS2_PLACEMENT_3D('',#8676,#8677,#8678);
#7753=CARTESIAN_POINT('',(1.34101576566151,-10.498003284703,-0.649936162146037));
#7754=CARTESIAN_POINT('',(1.3410157658135,-10.498003284855,722.882807402865));
#7755=VECTOR('',#8679,1000.0);
#7756=AXIS2_PLACEMENT_3D('',#8680,#8681,#8682);
#7757=CARTESIAN_POINT('',(2.15901576581351,-10.498003284855,722.882807402865));
#7758=VECTOR('',#8683,1000.0);
#7759=CARTESIAN_POINT('',(1.34101576566132,-9.29800328470301,-0.649936162145038));
#7760=CARTESIAN_POINT('',(1.34101576566151,-9.29800328470301,-0.649936162145038));
#7761=VECTOR('',#8684,1000.0);
#7762=AXIS2_PLACEMENT_3D('',#8685,#8686,#8687);
#7763=CARTESIAN_POINT('',(1.34101576566071,-9.29800328470301,-0.84093616214498));
#7764=CARTESIAN_POINT('',(1.34101576566151,-9.29800328470301,1.75006383785503));
#7765=VECTOR('',#8688,1000.0);
#7766=CARTESIAN_POINT('',(0.84101576566051,-9.29800328470301,-1.34093616214503));
#7767=AXIS2_PLACEMENT_3D('',#8689,#8690,#8691);
#7768=CARTESIAN_POINT('',(0.65001576566051,-9.29800328470301,-1.34093616214503));
#7769=CARTESIAN_POINT('',(-5.24998423433847,-9.29800328470301,-1.34093616214403));
#7770=VECTOR('',#8692,1000.0);
#7771=CARTESIAN_POINT('',(0.40001576566052,-9.29800328470301,-1.59093616214501));
#7772=AXIS2_PLACEMENT_3D('',#8693,#8694,#8695);
#7773=CARTESIAN_POINT('',(0.40001576566052,-9.29800328470301,-1.67583616214495));
#7774=CARTESIAN_POINT('',(0.40001576566152,-9.29800328470301,1.75006383785503));
#7775=VECTOR('',#8696,1000.0);
#7776=CARTESIAN_POINT('',(0.65001576566051,-9.29800328470301,-1.92583616214504));
#7777=AXIS2_PLACEMENT_3D('',#8697,#8698,#8699);
#7778=CARTESIAN_POINT('',(2.85001576566052,-9.29800328470301,-1.92583616214604));
#7779=CARTESIAN_POINT('',(-5.24998423433947,-9.29800328470301,-1.92583616214403));
#7780=VECTOR('',#8700,1000.0);
#7781=CARTESIAN_POINT('',(3.10001576566052,-9.29800328470301,-1.67583616214595));
#7782=AXIS2_PLACEMENT_3D('',#8701,#8702,#8703);
#7783=CARTESIAN_POINT('',(3.10001576566052,-9.29800328470301,-1.590936162146));
#7784=CARTESIAN_POINT('',(3.10001576566152,-9.29800328470301,1.75006383785403));
#7785=VECTOR('',#8704,1000.0);
#7786=CARTESIAN_POINT('',(2.85001576566052,-9.29800328470301,-1.34093616214603));
#7787=AXIS2_PLACEMENT_3D('',#8705,#8706,#8707);
#7788=CARTESIAN_POINT('',(2.65901576566053,-9.29800328470301,-1.34093616214603));
#7789=CARTESIAN_POINT('',(-5.24998423433847,-9.29800328470301,-1.34093616214403));
#7790=VECTOR('',#8708,1000.0);
#7791=CARTESIAN_POINT('',(2.15901576566052,-9.29800328470301,-0.840936162145979));
#7792=AXIS2_PLACEMENT_3D('',#8709,#8710,#8711);
#7793=CARTESIAN_POINT('',(2.15901576566152,-9.29800328470301,1.75006383785403));
#7794=VECTOR('',#8712,1000.0);
#7795=CARTESIAN_POINT('',(3.08198511713071,-8.848003284703,0.418014882865968));
#7796=CARTESIAN_POINT('',(2.89999999999771,-8.348003284703,0.599999999999045));
#7797=CARTESIAN_POINT('',(-64.5323455944673,176.920843576975,68.0323455945321));
#7798=VECTOR('',#8713,1000.0);
#7799=CARTESIAN_POINT('',(3.08198511713051,-8.848003284703,-0.418014882867969));
#7800=CARTESIAN_POINT('',(3.08198511728253,-8.84800328485506,722.882807402864));
#7801=VECTOR('',#8714,1000.0);
#7802=CARTESIAN_POINT('',(2.89999999999752,-8.348003284703,-0.600000000000934));
#7803=CARTESIAN_POINT('',(-64.5323455944855,176.920843576975,-68.032345594417));
#7804=VECTOR('',#8715,1000.0);
#7805=CARTESIAN_POINT('',(2.90000000014951,-8.34800328485506,722.882807402865));
#7806=VECTOR('',#8716,1000.0);
#7807=CARTESIAN_POINT('',(2.89999999999752,-8.098003284703,-0.600000000000933));
#7808=CARTESIAN_POINT('',(2.89999999999752,-8.348003284703,-0.600000000000934));
#7809=VECTOR('',#8717,1000.0);
#7810=CARTESIAN_POINT('',(2.89999999999752,-8.098003284703,0.599999999999046));
#7811=CARTESIAN_POINT('',(2.90000000014951,-8.09800328485506,722.882807402864));
#7812=VECTOR('',#8718,1000.0);
#7813=CARTESIAN_POINT('',(2.89999999999752,-8.348003284703,0.599999999999045));
#7814=VECTOR('',#8719,1000.0);
#7815=CARTESIAN_POINT('',(3.08198511713051,-10.698003284703,-0.418014882867969));
#7816=CARTESIAN_POINT('',(3.08198511713071,-10.698003284703,0.418014882865968));
#7817=CARTESIAN_POINT('',(3.08198511728253,-10.698003284855,722.882807402864));
#7818=VECTOR('',#8720,1000.0);
#7819=CARTESIAN_POINT('',(71.4606533206775,177.170843576975,-67.96065332067));
#7820=VECTOR('',#8721,1000.0);
#7821=CARTESIAN_POINT('',(71.4606533207165,177.170843576975,67.9606533207281));
#7822=VECTOR('',#8722,1000.0);
#7823=CARTESIAN_POINT('',(0.40001576566052,-9.29800328470301,-1.59093616214501));
#7824=VECTOR('',#8723,1000.0);
#7825=CARTESIAN_POINT('',(0.40001576566052,-9.29800328470301,-1.67583616214495));
#7826=VECTOR('',#8724,1000.0);
#7827=CARTESIAN_POINT('',(0.65001576566051,-9.29800328470301,-1.92583616214504));
#7828=VECTOR('',#8725,1000.0);
#7829=CARTESIAN_POINT('',(2.85001576566052,-9.29800328470301,-1.92583616214604));
#7830=VECTOR('',#8726,1000.0);
#7831=CARTESIAN_POINT('',(3.10001576566052,-9.29800328470301,-1.67583616214595));
#7832=VECTOR('',#8727,1000.0);
#7833=CARTESIAN_POINT('',(3.10001576566052,-9.29800328470301,-1.590936162146));
#7834=VECTOR('',#8728,1000.0);
#7835=CARTESIAN_POINT('',(2.85001576566052,-9.29800328470301,-1.34093616214603));
#7836=VECTOR('',#8729,1000.0);
#7837=CARTESIAN_POINT('',(2.65901576566053,-9.29800328470301,-1.34093616214603));
#7838=VECTOR('',#8730,1000.0);
#7839=CARTESIAN_POINT('',(2.15901576566052,-9.29800328470301,-0.840936162145979));
#7840=VECTOR('',#8731,1000.0);
#7841=CARTESIAN_POINT('',(2.15901576566152,-9.29800328470301,0.841063837853983));
#7842=VECTOR('',#8732,1000.0);
#7843=CARTESIAN_POINT('',(2.65901576566152,-9.29800328470301,1.34106383785404));
#7844=VECTOR('',#8733,1000.0);
#7845=CARTESIAN_POINT('',(2.85001576566152,-9.29800328470301,1.34106383785404));
#7846=VECTOR('',#8734,1000.0);
#7847=CARTESIAN_POINT('',(3.10001576566152,-9.29800328470301,1.59106383785401));
#7848=VECTOR('',#8735,1000.0);
#7849=CARTESIAN_POINT('',(3.10001576566152,-9.29800328470301,1.67596383785395));
#7850=VECTOR('',#8736,1000.0);
#7851=CARTESIAN_POINT('',(2.85001576566152,-9.29800328470301,1.92596383785404));
#7852=VECTOR('',#8737,1000.0);
#7853=CARTESIAN_POINT('',(0.650015765661521,-9.29800328470301,1.92596383785504));
#7854=VECTOR('',#8738,1000.0);
#7855=CARTESIAN_POINT('',(0.40001576566152,-9.29800328470301,1.67596383785496));
#7856=VECTOR('',#8739,1000.0);
#7857=CARTESIAN_POINT('',(0.40001576566152,-9.29800328470301,1.59106383785501));
#7858=VECTOR('',#8740,1000.0);
#7859=CARTESIAN_POINT('',(0.650015765661521,-9.29800328470301,1.34106383785504));
#7860=VECTOR('',#8741,1000.0);
#7861=CARTESIAN_POINT('',(0.84101576566151,-9.29800328470301,1.34106383785504));
#7862=VECTOR('',#8742,1000.0);
#7863=CARTESIAN_POINT('',(1.34101576566151,-9.29800328470301,0.841063837854982));
#7864=VECTOR('',#8743,1000.0);
#7865=CARTESIAN_POINT('',(1.34101576566051,-9.29800328470301,-0.84093616214498));
#7866=VECTOR('',#8744,1000.0);
#7867=CARTESIAN_POINT('',(0.84101576566051,-9.29800328470301,-1.34093616214503));
#7868=VECTOR('',#8745,1000.0);
#7869=CARTESIAN_POINT('',(0.65001576566051,-9.29800328470301,-1.34093616214503));
#7870=VECTOR('',#8746,1000.0);
#7871=CARTESIAN_POINT('',(5.02068490361151,-8.098003284703,-1.52060384931407));
#7872=CARTESIAN_POINT('',(5.02068490361201,-8.098003284703,1.52073152501397));
#7873=CARTESIAN_POINT('',(5.0206849037635,-8.09800328485506,722.882807402865));
#7874=VECTOR('',#8747,1000.0);
#7875=CARTESIAN_POINT('',(-134.868612234339,-8.098003284703,-1.52060384928099));
#7876=VECTOR('',#8748,1000.0);
#7877=CARTESIAN_POINT('',(-134.868612234339,-8.098003284703,1.52073152504795));
#7878=VECTOR('',#8749,1000.0);
#7879=CARTESIAN_POINT('',(4.09999999999751,-8.098003284703,-0.60000000000493));
#7880=CARTESIAN_POINT('',(-131.368612234339,-8.098003284703,-0.599999999972956));
#7881=VECTOR('',#8750,1000.0);
#7882=CARTESIAN_POINT('',(4.09999999999751,-8.098003284703,0.599999999995049));
#7883=CARTESIAN_POINT('',(4.09999999984549,-8.09800328455097,-722.882807402875));
#7884=VECTOR('',#8751,1000.0);
#7885=CARTESIAN_POINT('',(-131.368612234339,-8.098003284703,0.600000000027023));
#7886=VECTOR('',#8752,1000.0);
#7887=CARTESIAN_POINT('',(5.090046098657,-0.149997573161503,-1.58996504435704));
#7888=CARTESIAN_POINT('',(2.90933609069765,-0.149997573161956,-1.58996504435288));
#7889=CARTESIAN_POINT('',(3.50001576566051,-0.149997573162003,-1.58996504435305));
#7890=VECTOR('',#8753,1000.0);
#7891=CARTESIAN_POINT('',(2.84387949752153,-3.900003284702,-1.55723924029694));
#7892=CARTESIAN_POINT('',(2.72761730940522,-10.5606595809925,-1.49911257339836));
#7893=VECTOR('',#8754,1000.0);
#7894=CARTESIAN_POINT('',(-138.368612234238,-3.9000032810104,-1.55723924029694));
#7895=VECTOR('',#8755,1000.0);
#7896=CARTESIAN_POINT('',(6.6375016359195,177.170843576975,-3.13742058158294));
#7897=VECTOR('',#8756,1000.0);
#7898=CARTESIAN_POINT('',(5.090046098657,-0.149997573163002,1.59009272006105));
#7899=CARTESIAN_POINT('',(3.50001576566151,-0.149997573163002,1.59009272006505));
#7900=VECTOR('',#8757,1000.0);
#7901=CARTESIAN_POINT('',(6.6375016359205,177.170843576975,3.13754825736102));
#7902=VECTOR('',#8758,1000.0);
#7903=CARTESIAN_POINT('',(2.90967724614665,-0.130452790578479,-1.60968113590364));
#7904=VECTOR('',#8759,1000.0);
#7905=CARTESIAN_POINT('',(-719.382726348244,-718.327978670754,722.882807402865));
#7906=VECTOR('',#8760,1000.0);
#7907=CARTESIAN_POINT('',(-152.368612234339,-156.240530783809,-155.868565612925));
#7908=VECTOR('',#8761,1000.0);
#7909=CARTESIAN_POINT('',(3.91801488286449,-10.698003284703,-0.418014882871966));
#7910=CARTESIAN_POINT('',(-131.368612234339,-10.698003284703,-0.418014882839991));
#7911=VECTOR('',#8762,1000.0);
#7912=CARTESIAN_POINT('',(3.91801488286449,-10.698003284703,0.418014882860972));
#7913=CARTESIAN_POINT('',(3.91801488301651,-10.698003284855,722.882807402861));
#7914=VECTOR('',#8763,1000.0);
#7915=CARTESIAN_POINT('',(-131.368612234339,-10.698003284703,0.418014882894057));
#7916=VECTOR('',#8764,1000.0);
#7917=CARTESIAN_POINT('',(-64.4606533207108,177.170843576975,-67.9606533206461));
#7918=VECTOR('',#8765,1000.0);
#7919=CARTESIAN_POINT('',(-64.4606533206926,177.170843576975,67.9606533207531));
#7920=VECTOR('',#8766,1000.0);
#7921=CARTESIAN_POINT('',(3.91801488286449,-8.848003284703,0.418014882861972));
#7922=CARTESIAN_POINT('',(-131.368612234339,-8.848003284703,0.418014882894057));
#7923=VECTOR('',#8767,1000.0);
#7924=CARTESIAN_POINT('',(3.91801488286449,-8.848003284703,-0.418014882871966));
#7925=CARTESIAN_POINT('',(3.91801488301651,-8.84800328485506,722.882807402861));
#7926=VECTOR('',#8768,1000.0);
#7927=CARTESIAN_POINT('',(-131.368612234339,-8.848003284703,-0.418014882839991));
#7928=VECTOR('',#8769,1000.0);
#7929=CARTESIAN_POINT('',(4.09999999999751,-8.348003284703,0.599999999995048));
#7930=CARTESIAN_POINT('',(-134.868612234339,-8.348003284703,0.600000000028022));
#7931=VECTOR('',#8770,1000.0);
#7932=CARTESIAN_POINT('',(71.5323455944915,176.920843576975,68.032345594499));
#7933=VECTOR('',#8771,1000.0);
#7934=CARTESIAN_POINT('',(4.09999999999751,-8.348003284703,-0.600000000004931));
#7935=CARTESIAN_POINT('',(71.5323455944525,176.920843576975,-68.0323455944489));
#7936=VECTOR('',#8772,1000.0);
#7937=CARTESIAN_POINT('',(-134.868612234339,-8.348003284703,-0.599999999971957));
#7938=VECTOR('',#8773,1000.0);
#7939=CARTESIAN_POINT('',(4.09999999999751,-8.348003284703,-0.600000000004931));
#7940=VECTOR('',#8774,1000.0);
#7941=CARTESIAN_POINT('',(4.09999999999751,-8.348003284703,0.599999999995048));
#7942=VECTOR('',#8775,1000.0);
#7943=CARTESIAN_POINT('',(5.75001576566152,-5.24500328470301,-0.449935622643949));
#7944=CARTESIAN_POINT('',(6.25001576566152,-5.24500328470301,-0.449935622643949));
#7945=CARTESIAN_POINT('',(5.75001576566152,-5.24500328470301,-0.449935622643949));
#7946=VECTOR('',#8776,1000.0);
#7947=CARTESIAN_POINT('',(6.25001576566152,-5.24500328470301,0.950064377356008));
#7948=CARTESIAN_POINT('',(6.25001576566152,-5.24500328470301,-0.449935622643949));
#7949=VECTOR('',#8777,1000.0);
#7950=CARTESIAN_POINT('',(5.75001576566152,-5.24500328470301,0.950064377356008));
#7951=CARTESIAN_POINT('',(5.75001576566152,-5.24500328470301,0.950064377356008));
#7952=VECTOR('',#8778,1000.0);
#7953=CARTESIAN_POINT('',(5.75001576581351,-5.24500328485507,722.882807402865));
#7954=VECTOR('',#8779,1000.0);
#7955=CARTESIAN_POINT('',(4.55001576566151,-11.798003284705,-1.64241784220498));
#7956=CARTESIAN_POINT('',(4.55001576566151,-11.448003284703,-1.51502826021099));
#7957=CARTESIAN_POINT('',(4.5500157656755,177.170843576975,67.136617619102));
#7958=VECTOR('',#8780,1000.0);
#7959=CARTESIAN_POINT('',(5.75001576566102,-11.798003284705,-1.64241784220498));
#7960=CARTESIAN_POINT('',(-152.368612234339,-11.798003284705,-1.64241784217201));
#7961=VECTOR('',#8781,1000.0);
#7962=CARTESIAN_POINT('',(5.75001576566052,-11.3624982488715,-1.48390697228895));
#7963=CARTESIAN_POINT('',(5.75001576567551,177.170843576975,67.136617619102));
#7964=VECTOR('',#8782,1000.0);
#7965=CARTESIAN_POINT('',(4.53493892085803,-11.3624982488715,-1.48390697228895));
#7966=CARTESIAN_POINT('',(8.6500181656625,-11.362498248871,-1.48390697228995));
#7967=VECTOR('',#8783,1000.0);
#7968=AXIS2_PLACEMENT_3D('',#8784,#8785,#8786);
#7969=CARTESIAN_POINT('',(4.55001576566201,-11.4480032847035,1.29857441800008));
#7970=CARTESIAN_POINT('',(4.55001576566201,-11.798003284705,1.42596399999406));
#7971=CARTESIAN_POINT('',(4.5500157656475,177.170843576975,-67.3530714612209));
#7972=VECTOR('',#8787,1000.0);
#7973=CARTESIAN_POINT('',(4.53493892085903,-11.362498248872,1.26745313007803));
#7974=AXIS2_PLACEMENT_3D('',#8788,#8789,#8790);
#7975=CARTESIAN_POINT('',(5.75001576566152,-11.362498248872,1.26745313007703));
#7976=CARTESIAN_POINT('',(8.6500181656635,-11.362498248872,1.26745313007703));
#7977=VECTOR('',#8791,1000.0);
#7978=CARTESIAN_POINT('',(5.75001576566202,-11.798003284705,1.42596399999306));
#7979=CARTESIAN_POINT('',(5.7500157656475,177.170843576975,-67.3530714612219));
#7980=VECTOR('',#8792,1000.0);
#7981=CARTESIAN_POINT('',(-152.368612234339,-11.798003284705,1.42596400002704));
#7982=VECTOR('',#8793,1000.0);
#7983=CARTESIAN_POINT('',(6.25001576566152,-3.28470300955973E-06,-0.44993562264295));
#7984=VECTOR('',#8794,1000.0);
#7985=CARTESIAN_POINT('',(5.75001576566152,177.170843576975,-0.449935622605857));
#7986=VECTOR('',#8795,1000.0);
#7987=CARTESIAN_POINT('',(6.25001576566152,-5.24500328470301,0.950064377356008));
#7988=VECTOR('',#8796,1000.0);
#7989=CARTESIAN_POINT('',(5.75001576566152,177.170843576975,0.9500643773941));
#7990=VECTOR('',#8797,1000.0);
#7991=CARTESIAN_POINT('',(4.1000000001495,-8.34800328485506,722.882807402865));
#7992=VECTOR('',#8798,1000.0);
#7993=AXIS2_PLACEMENT_3D('',#8799,#8800,#8801);
#7994=AXIS2_PLACEMENT_3D('',#8802,#8803,#8804);
#7995=CARTESIAN_POINT('',(5.75001576566052,-11.798003284705,-2.27583554363598));
#7996=CARTESIAN_POINT('',(5.75001576566052,177.170843576975,-2.27583554359599));
#7997=VECTOR('',#8805,1000.0);
#7998=CARTESIAN_POINT('',(5.75001576566152,-11.798003284706,2.77596429834503));
#7999=CARTESIAN_POINT('',(5.75001576566152,177.170843576975,2.77596429838501));
#8000=VECTOR('',#8806,1000.0);
#8001=CARTESIAN_POINT('',(5.75001576581351,-11.798003284857,722.882807402865));
#8002=VECTOR('',#8807,1000.0);
#8003=AXIS2_PLACEMENT_3D('',#8808,#8809,#8810);
#8004=CARTESIAN_POINT('',(5.75001576581351,-11.798003284857,722.882807402865));
#8005=VECTOR('',#8811,1000.0);
#8006=AXIS2_PLACEMENT_3D('',#8812,#8813,#8814);
#8007=CARTESIAN_POINT('',(5.0900460986565,-0.149997573162003,6.38378520045798E-05));
#8008=VECTOR('',#8815,1000.0);
#8009=CARTESIAN_POINT('',(4.5500157658135,-11.448003284855,722.882807402865));
#8010=VECTOR('',#8816,1000.0);
#8011=CARTESIAN_POINT('',(4.5500157658135,-11.798003284857,722.882807402865));
#8012=VECTOR('',#8817,1000.0);
#8013=AXIS2_PLACEMENT_3D('',#8818,#8819,#8820);
#8014=AXIS2_PLACEMENT_3D('',#8821,#8822,#8823);
#8015=CARTESIAN_POINT('',(4.5500157658135,-11.798003284857,722.882807402865));
#8016=VECTOR('',#8824,1000.0);
#8017=CARTESIAN_POINT('',(4.5500157658135,-11.448003284855,722.882807402865));
#8018=VECTOR('',#8825,1000.0);
#8019=CARTESIAN_POINT('',(-0.90430991856048,1.00325985552499,-4.70747843272101));
#8020=CARTESIAN_POINT('',(-1.1542718423495,0.757622957133997,-4.70319082471093));
#8021=AXIS2_PLACEMENT_3D('',#8826,#8827,#8828);
#8022=CARTESIAN_POINT('',(-1.1542718423495,0.757622957133997,-5.73848093723495));
#8023=CARTESIAN_POINT('',(-1.15427184235049,0.757622957133953,722.782807402865));
#8024=VECTOR('',#8829,1000.0);
#8025=CARTESIAN_POINT('',(-0.90430991856048,1.00325985552499,-5.73848093723495));
#8026=AXIS2_PLACEMENT_3D('',#8830,#8831,#8832);
#8027=CARTESIAN_POINT('',(-0.90430991856048,1.00325985552499,-5.73849293723394));
#8028=VECTOR('',#8833,1000.0);
#8029=CARTESIAN_POINT('',(0.904341449881509,1.00325985552499,-4.70747843272101));
#8030=CARTESIAN_POINT('',(0.904341449881509,1.00325985552499,-5.73848093723495));
#8031=CARTESIAN_POINT('',(0.904341449881509,1.00325985552499,-4.70317882471094));
#8032=VECTOR('',#8834,1000.0);
#8033=CARTESIAN_POINT('',(-143.618612234339,1.00325985552499,-4.70747843272101));
#8034=VECTOR('',#8835,1000.0);
#8035=CARTESIAN_POINT('',(-143.618612234339,1.00325985552499,-5.73848093723395));
#8036=VECTOR('',#8836,1000.0);
#8037=CARTESIAN_POINT('',(1.15430337367052,0.757622957133997,-4.70319082471093));
#8038=CARTESIAN_POINT('',(1.15430337367052,0.757622957133997,-5.73848093723395));
#8039=CARTESIAN_POINT('',(1.15430337367052,0.757622957133953,722.782807402865));
#8040=VECTOR('',#8837,1000.0);
#8041=AXIS2_PLACEMENT_3D('',#8838,#8839,#8840);
#8042=AXIS2_PLACEMENT_3D('',#8841,#8842,#8843);
#8043=CARTESIAN_POINT('',(2.94956978273734,2.15498910005599,-4.72758194146486));
#8044=CARTESIAN_POINT('',(2.84387949752154,-3.900003284702,-4.62189165624905));
#8045=CARTESIAN_POINT('',(2.90319571298715,-0.501779576595133,-4.68120787171466));
#8046=VECTOR('',#8844,1000.0);
#8047=CARTESIAN_POINT('',(-2.94953825141729,2.15498910005599,-4.72758194146483));
#8048=CARTESIAN_POINT('',(-140.118612234339,2.15498910005599,-4.72758194146394));
#8049=VECTOR('',#8845,1000.0);
#8050=CARTESIAN_POINT('',(-2.84384796620148,-3.900003284702,-4.62189165624905));
#8051=CARTESIAN_POINT('',(-2.62232733531915,-16.5909117283723,-4.40037102536673));
#8052=VECTOR('',#8846,1000.0);
#8053=CARTESIAN_POINT('',(-1.23557101081243,-3.900003284702,-4.62189165624905));
#8054=CARTESIAN_POINT('',(0.900015765660521,-3.900003284702,-4.62189165624905));
#8055=VECTOR('',#8847,1000.0);
#8056=CARTESIAN_POINT('',(1.92503237776552,177.170843576975,-7.78249504482697));
#8057=VECTOR('',#8848,1000.0);
#8058=CARTESIAN_POINT('',(1.23560254213334,-3.900003284702,-4.62189165624906));
#8059=CARTESIAN_POINT('',(-1.9250008464445,177.170843576975,-7.78249504482697));
#8060=VECTOR('',#8849,1000.0);
#8061=CARTESIAN_POINT('',(-143.618612234339,-3.900003284702,-4.62189165624905));
#8062=VECTOR('',#8850,1000.0);
#8063=CARTESIAN_POINT('',(-3.89784796620148,1.37838456614597,-2.96039538813198));
#8064=CARTESIAN_POINT('',(-2.9359825688539,1.37838456614597,-2.96039538813198));
#8065=CARTESIAN_POINT('',(-140.118612234339,1.37838456614597,-2.96039538813198));
#8066=VECTOR('',#8851,1000.0);
#8067=CARTESIAN_POINT('',(-2.94953825141729,2.15498910005596,-4.62582919351695));
#8068=CARTESIAN_POINT('',(2.97196766951051,-337.087857906198,722.882807402865));
#8069=VECTOR('',#8852,1000.0);
#8070=CARTESIAN_POINT('',(-3.89784796620148,2.15498910005599,-4.62582919351706));
#8071=CARTESIAN_POINT('',(-140.118612234339,2.15498910005599,-4.62582919351706));
#8072=VECTOR('',#8853,1000.0);
#8073=CARTESIAN_POINT('',(-3.89784796620148,1.225905183911,-2.63340229613895));
#8074=VECTOR('',#8854,1000.0);
#8075=CARTESIAN_POINT('',(-3.89784796620148,0.92523067224301,-2.671704518177));
#8076=CARTESIAN_POINT('',(-2.92807273821329,0.92523067224301,-2.671704518177));
#8077=CARTESIAN_POINT('',(-140.118612234339,0.92523067224301,-2.671704518177));
#8078=VECTOR('',#8855,1000.0);
#8079=AXIS2_PLACEMENT_3D('',#8856,#8857,#8858);
#8080=AXIS2_PLACEMENT_3D('',#8859,#8860,#8861);
#8081=CARTESIAN_POINT('',(-3.89784796620148,1.14376580328698,-2.671704518178));
#8082=VECTOR('',#8862,1000.0);
#8083=CARTESIAN_POINT('',(-6.00445135477849,177.170843576975,-2.67170451817799));
#8084=VECTOR('',#8863,1000.0);
#8085=CARTESIAN_POINT('',(1.25907960446152,-5.24500328470201,-4.47583616214497));
#8086=CARTESIAN_POINT('',(1.23560254213336,-3.900003284702,-4.47583616214497));
#8087=CARTESIAN_POINT('',(-1.92507700466651,177.175206678584,-4.47583616214496));
#8088=VECTOR('',#8864,1000.0);
#8089=CARTESIAN_POINT('',(1.23560254213334,-3.900003284702,-4.12583616214502));
#8090=VECTOR('',#8865,1000.0);
#8091=CARTESIAN_POINT('',(1.25907960446174,-5.24500328470201,-5.73848093723495));
#8092=CARTESIAN_POINT('',(-1.9250008464445,177.170843576975,-5.73848093723494));
#8093=VECTOR('',#8866,1000.0);
#8094=CARTESIAN_POINT('',(1.25907960446152,-5.24500328470201,-5.48448093723486));
#8095=VECTOR('',#8867,1000.0);
#8096=CARTESIAN_POINT('',(1.0090415224505,-5.24500328470201,-4.22583616214501));
#8097=CARTESIAN_POINT('',(0.9855644601225,-3.900003284702,-4.22583616214501));
#8098=CARTESIAN_POINT('',(-2.17503892845552,177.170843576975,-4.225836162145));
#8099=VECTOR('',#8868,1000.0);
#8100=AXIS2_PLACEMENT_3D('',#8869,#8870,#8871);
#8101=AXIS2_PLACEMENT_3D('',#8872,#8873,#8874);
#8102=CARTESIAN_POINT('',(-1.00900999113031,-5.24500328470201,-4.22583616214501));
#8103=CARTESIAN_POINT('',(-143.618612234339,-5.24500328470201,-4.22583616214501));
#8104=VECTOR('',#8875,1000.0);
#8105=CARTESIAN_POINT('',(-0.98553292880151,-3.900003284702,-4.22583616214501));
#8106=CARTESIAN_POINT('',(2.17507045977651,177.170843576975,-4.225836162145));
#8107=VECTOR('',#8876,1000.0);
#8108=CARTESIAN_POINT('',(-143.618612234339,-3.900003284702,-4.22583616214501));
#8109=VECTOR('',#8877,1000.0);
#8110=CARTESIAN_POINT('',(-1.25904807314128,-5.24500328470201,-4.47583616214497));
#8111=CARTESIAN_POINT('',(-1.23557101081233,-3.90000328470194,-4.47583616214497));
#8112=CARTESIAN_POINT('',(1.9251085359875,177.175206678584,-4.47583616214496));
#8113=VECTOR('',#8878,1000.0);
#8114=AXIS2_PLACEMENT_3D('',#8879,#8880,#8881);
#8115=AXIS2_PLACEMENT_3D('',#8882,#8883,#8884);
#8116=CARTESIAN_POINT('',(-1.23557101081243,-3.900003284702,-5.48448093723486));
#8117=VECTOR('',#8885,1000.0);
#8118=CARTESIAN_POINT('',(-1.25904807314128,-5.24500328470201,-5.73848093723495));
#8119=CARTESIAN_POINT('',(-1.25904807314149,-5.24500328470205,722.782807402865));
#8120=VECTOR('',#8886,1000.0);
#8121=CARTESIAN_POINT('',(1.92503237776552,177.170843576975,-5.73848093723494));
#8122=VECTOR('',#8887,1000.0);
#8123=CARTESIAN_POINT('',(-3.14384441543607,-5.24500328470201,-5.73848093723295));
#8124=CARTESIAN_POINT('',(-3.14385280197148,2.15498910005599,-5.73848093721896));
#8125=CARTESIAN_POINT('',(-3.14385038408651,-1.59500709232302,-5.73848093723095));
#8126=VECTOR('',#8888,1000.0);
#8127=CARTESIAN_POINT('',(3.14387953555321,2.15498910005599,-5.73848093721905));
#8128=CARTESIAN_POINT('',(-143.618612234339,2.15498910005599,-5.73848093723395));
#8129=VECTOR('',#8889,1000.0);
#8130=CARTESIAN_POINT('',(3.14388218406151,-5.24500328470201,-5.73848093722795));
#8131=CARTESIAN_POINT('',(3.14387949752152,2.054989100056,-5.73848093726503));
#8132=VECTOR('',#8890,1000.0);
#8133=CARTESIAN_POINT('',(-143.618612234339,-5.24500328470201,-5.73848093723495));
#8134=VECTOR('',#8891,1000.0);
#8135=CARTESIAN_POINT('',(-143.618612234339,-5.24500328470201,-5.73848093723495));
#8136=VECTOR('',#8892,1000.0);
#8137=CARTESIAN_POINT('',(-3.89784796619426,-5.24500328470201,-4.98445921139989));
#8138=AXIS2_PLACEMENT_3D('',#8893,#8894,#8895);
#8139=CARTESIAN_POINT('',(-3.89784796620148,2.15498910005599,-4.98446665792995));
#8140=CARTESIAN_POINT('',(-3.89784796620148,2.054989100056,-4.98446189804092));
#8141=VECTOR('',#8896,1000.0);
#8142=AXIS2_PLACEMENT_3D('',#8897,#8898,#8899);
#8143=CARTESIAN_POINT('',(2.92810426953411,0.92523067224301,-2.671704518178));
#8144=CARTESIAN_POINT('',(6.00448288609951,177.170843576975,-2.67170451817799));
#8145=VECTOR('',#8900,1000.0);
#8146=CARTESIAN_POINT('',(3.89787949752153,0.92523067224301,-2.671704518178));
#8147=CARTESIAN_POINT('',(3.89787949752153,1.14376580328698,-2.671704518178));
#8148=VECTOR('',#8901,1000.0);
#8149=CARTESIAN_POINT('',(-140.118612234339,0.92523067224301,-2.671704518178));
#8150=VECTOR('',#8902,1000.0);
#8151=CARTESIAN_POINT('',(3.89787949752153,1.37838456614597,-2.96039538813198));
#8152=CARTESIAN_POINT('',(2.93601410017489,1.37838456614597,-2.96039538813298));
#8153=CARTESIAN_POINT('',(-140.118612234339,1.37838456614597,-2.96039538813198));
#8154=VECTOR('',#8903,1000.0);
#8155=AXIS2_PLACEMENT_3D('',#8904,#8905,#8906);
#8156=AXIS2_PLACEMENT_3D('',#8907,#8908,#8909);
#8157=CARTESIAN_POINT('',(3.89787949752153,2.15498910005599,-4.62582919351706));
#8158=CARTESIAN_POINT('',(3.89787949752153,1.225905183911,-2.63340229613895));
#8159=VECTOR('',#8910,1000.0);
#8160=CARTESIAN_POINT('',(2.94956978273734,2.15498910005599,-4.62582919351706));
#8161=CARTESIAN_POINT('',(-140.118612234339,2.15498910005599,-4.62582919351706));
#8162=VECTOR('',#8911,1000.0);
#8163=CARTESIAN_POINT('',(-2.97193613818949,-337.087857906157,722.882807402865));
#8164=VECTOR('',#8912,1000.0);
#8165=CARTESIAN_POINT('',(-3.89784796620148,2.15498910005595,722.882807402866));
#8166=VECTOR('',#8913,1000.0);
#8167=CARTESIAN_POINT('',(-2.94953825141729,2.15498910005595,722.882807402865));
#8168=VECTOR('',#8914,1000.0);
#8169=CARTESIAN_POINT('',(2.94956978273734,2.15498910005599,-5.23215868610305));
#8170=VECTOR('',#8915,1000.0);
#8171=CARTESIAN_POINT('',(3.89787949750632,2.15498910005599,-4.98445706208595));
#8172=CARTESIAN_POINT('',(3.89787949752153,2.15498910005595,722.882807402866));
#8173=VECTOR('',#8916,1000.0);
#8174=AXIS2_PLACEMENT_3D('',#8917,#8918,#8919);
#8175=CARTESIAN_POINT('',(3.8978794975195,-5.24500328470201,-4.98446544894193));
#8176=CARTESIAN_POINT('',(3.89787949752153,2.054989100056,-4.98445706208595));
#8177=VECTOR('',#8920,1000.0);
#8178=AXIS2_PLACEMENT_3D('',#8921,#8922,#8923);
#8179=CARTESIAN_POINT('',(3.89787949752153,-5.24500328470205,722.882807402865));
#8180=VECTOR('',#8924,1000.0);
#8181=CARTESIAN_POINT('',(-3.89784796620148,-5.24500328470205,722.882807402865));
#8182=VECTOR('',#8925,1000.0);
#8183=CARTESIAN_POINT('',(2.84387949752153,-3.90000328470204,722.882807402865));
#8184=VECTOR('',#8926,1000.0);
#8185=CARTESIAN_POINT('',(-2.84384796620148,-3.900003284702,-4.12583616214502));
#8186=VECTOR('',#8927,1000.0);
#8187=CARTESIAN_POINT('',(1.57656600201506E-05,-3.900003284702,-1.55723924029694));
#8188=VECTOR('',#8928,1000.0);
#8189=CARTESIAN_POINT('',(1.57656600201506E-05,-3.900003284702,-1.55723924029694));
#8190=VECTOR('',#8929,1000.0);
#8191=DIRECTION('',(-0.0,-1.0,-6.12323399573676E-17));
#8192=CARTESIAN_POINT('',(-1.7499842343375,-11.198003284703,2.22596829835109));
#8193=DIRECTION('',(-0.0,1.0,6.12323399573676E-17));
#8194=DIRECTION('',(1.0,0.0,0.0));
#8195=DIRECTION('',(0.0,1.0,6.12323399573676E-17));
#8196=CARTESIAN_POINT('',(-1.7499842343375,-13.298003284705,2.22596829835009));
#8197=DIRECTION('',(6.12303176469679E-17,-1.0,-1.98315343880155E-13));
#8198=DIRECTION('',(-4.41620149083044E-45,1.98315343880155E-13,-1.0));
#8199=CARTESIAN_POINT('',(-1.7499842343375,-13.298003284705,2.22596829835009));
#8200=DIRECTION('',(6.12303176469679E-17,-1.0,-1.98315343880155E-13));
#8201=DIRECTION('',(-4.41620149083044E-45,1.98315343880155E-13,-1.0));
#8202=DIRECTION('',(-0.0,0.707106781186608,-0.707106781186487));
#8203=CARTESIAN_POINT('',(-1.7499842343375,-13.498003284705,2.22596829835009));
#8204=DIRECTION('',(6.12303176469679E-17,-1.0,-2.22105837265013E-13));
#8205=DIRECTION('',(-1.54567052179063E-45,2.22105837265013E-13,-1.0));
#8206=DIRECTION('',(0.0,-0.707106781186608,-0.707106781186487));
#8207=CARTESIAN_POINT('',(-1.7499842343375,-13.298003284705,2.22596829835009));
#8208=DIRECTION('',(6.12303176469679E-17,-1.0,-1.98315343880155E-13));
#8209=DIRECTION('',(-4.41620149083044E-45,1.98315343880155E-13,-1.0));
#8210=DIRECTION('',(-2.10137462985927E-13,2.10198695325883E-13,-1.0));
#8211=DIRECTION('',(-1.0,-6.82317138012999E-12,-8.91251372484484E-28));
#8212=DIRECTION('',(-2.10137462985927E-13,2.10198695325883E-13,-1.0));
#8213=DIRECTION('',(1.0,-6.12303176027976E-17,-2.10138531683701E-13));
#8214=DIRECTION('',(-2.10137462985927E-13,2.10198695325883E-13,-1.0));
#8215=DIRECTION('',(-1.0,-6.82317138012999E-12,-8.91251372484484E-28));
#8216=DIRECTION('',(2.10137462985927E-13,-2.10198695325883E-13,1.0));
#8217=DIRECTION('',(-1.0,6.12303176027976E-17,2.10138531683701E-13));
#8218=DIRECTION('',(2.10137462985927E-13,-2.10198695325883E-13,1.0));
#8219=DIRECTION('',(-1.0,6.12303176027891E-17,2.10138531683701E-13));
#8220=DIRECTION('',(-2.10137462985927E-13,2.10198695325883E-13,-1.0));
#8221=DIRECTION('',(-1.0,6.12303176027849E-17,2.10136394288153E-13));
#8222=DIRECTION('',(-3.66675187183402E-15,2.10198695325883E-13,-1.0));
#8223=DIRECTION('',(-1.0,-1.09718588759132E-45,1.7918405345202E-29));
#8224=DIRECTION('',(6.31088724176809E-30,1.10250876736171E-13,-1.0));
#8225=DIRECTION('',(1.0,-6.12303176027912E-17,-2.10137462985927E-13));
#8226=CARTESIAN_POINT('',(-5.59998423433949,-3.28470201024721E-06,-2.27583554362798));
#8227=DIRECTION('',(-6.12303176469427E-17,-1.0,-1.85098403110837E-13));
#8228=DIRECTION('',(-1.28805876815833E-45,1.85098403110837E-13,-1.0));
#8229=DIRECTION('',(-2.10137462985927E-13,2.10198695325883E-13,-1.0));
#8230=DIRECTION('',(-1.0,6.12303176027912E-17,2.10137462985927E-13));
#8231=DIRECTION('',(-2.10137462985927E-13,2.10198695325883E-13,-1.0));
#8232=DIRECTION('',(-1.0,6.12303176027912E-17,2.10137462985927E-13));
#8233=DIRECTION('',(-2.10137462985927E-13,2.10198695325883E-13,-1.0));
#8234=CARTESIAN_POINT('',(-5.59998423433849,-3.28470300975726E-06,2.77596429835403));
#8235=DIRECTION('',(6.12303176469427E-17,1.0,1.85098403110837E-13));
#8236=DIRECTION('',(1.28805876815833E-45,-1.85098403110837E-13,1.0));
#8237=DIRECTION('',(-1.0,6.12303176027912E-17,2.10137462985927E-13));
#8238=CARTESIAN_POINT('',(5.60001576566151,-3.28470300975726E-06,2.77596429834803));
#8239=DIRECTION('',(6.12303176469427E-17,1.0,1.85098403110837E-13));
#8240=DIRECTION('',(1.28805876815833E-45,-1.85098403110837E-13,1.0));
#8241=DIRECTION('',(2.10137462985927E-13,-2.10198695325883E-13,1.0));
#8242=DIRECTION('',(1.0,-6.12303176027912E-17,-2.10137462985927E-13));
#8243=DIRECTION('',(-2.10137462985927E-13,2.10198695325883E-13,-1.0));
#8244=DIRECTION('',(1.0,-6.12303176027912E-17,-2.10137462985927E-13));
#8245=DIRECTION('',(2.10137462985927E-13,-2.10198695325883E-13,1.0));
#8246=CARTESIAN_POINT('',(5.60001576566051,-3.28470201024721E-06,-2.27583554363397));
#8247=DIRECTION('',(6.12303176469427E-17,1.0,1.85098403110837E-13));
#8248=DIRECTION('',(1.28805876815833E-45,-1.85098403110837E-13,1.0));
#8249=DIRECTION('',(1.0,-6.12303176027912E-17,-2.10137462985927E-13));
#8250=DIRECTION('',(-6.31088724176809E-30,-1.10250876736171E-13,1.0));
#8251=DIRECTION('',(-1.0,-1.09718588759132E-45,1.7918405345202E-29));
#8252=DIRECTION('',(-3.66675187183404E-15,-2.10198695325883E-13,1.0));
#8253=DIRECTION('',(-1.0,6.12303176027849E-17,2.10136394288153E-13));
#8254=DIRECTION('',(2.10137462985927E-13,-2.10198695325883E-13,1.0));
#8255=DIRECTION('',(-1.0,6.12303176027976E-17,2.10138531683701E-13));
#8256=DIRECTION('',(0.00872653549837387,0.999961923064171,1.30616305338382E-16));
#8257=DIRECTION('',(-0.00872620324394232,-0.999923850477572,0.00872620324373587));
#8258=DIRECTION('',(2.10137462985927E-13,-2.10198695325884E-13,1.0));
#8259=DIRECTION('',(-0.00872620324394599,-0.999923850477569,-0.00872620324415257));
#8260=DIRECTION('',(2.10137462985927E-13,-2.10198695325883E-13,1.0));
#8261=DIRECTION('',(-0.710185375623292,-0.704014724455962,-9.1959303740764E-17));
#8262=DIRECTION('',(0.5790223992947,0.573991395606186,0.579022399294769));
#8263=DIRECTION('',(-2.10137462985927E-13,2.10198695325883E-13,-1.0));
#8264=DIRECTION('',(-0.710185375623424,0.704014724455829,9.19593037407466E-17));
#8265=DIRECTION('',(-0.579022399294602,0.573991395606114,0.57902239929494));
#8266=DIRECTION('',(0.008726535498374,-0.999961923064171,-1.30616305338382E-16));
#8267=DIRECTION('',(-0.00872620324394244,0.999923850477569,0.00872620324415623));
#8268=DIRECTION('',(-2.10137462985927E-13,2.10198695325884E-13,-1.0));
#8269=DIRECTION('',(0.00872620324394611,-0.999923850477572,0.0087262032437322));
#8270=DIRECTION('',(1.0,0.0,0.0));
#8271=DIRECTION('',(1.0,6.12303176911413E-17,-2.10137462985927E-13));
#8272=DIRECTION('',(-0.00872620324394232,-0.999923850477572,0.00872620324373587));
#8273=DIRECTION('',(0.00872653549837387,0.999961923064171,1.30616305338382E-16));
#8274=DIRECTION('',(2.10137462985927E-13,-2.10198695325884E-13,1.0));
#8275=DIRECTION('',(-0.00872620324394599,-0.999923850477569,-0.00872620324415257));
#8276=DIRECTION('',(-2.10137462985927E-13,2.10198695325883E-13,-1.0));
#8277=DIRECTION('',(-0.710185375623292,-0.704014724455962,-9.1959303740764E-17));
#8278=DIRECTION('',(-0.5790223992947,-0.573991395606186,-0.579022399294769));
#8279=DIRECTION('',(-2.10137462985927E-13,2.10198695325883E-13,-1.0));
#8280=DIRECTION('',(-0.710185375623424,0.704014724455829,9.19593037407466E-17));
#8281=DIRECTION('',(-0.579022399294748,0.573991395606258,0.579022399294651));
#8282=DIRECTION('',(0.008726535498374,-0.999961923064171,-1.30616305338382E-16));
#8283=DIRECTION('',(-0.00872620324394244,0.999923850477569,0.00872620324415623));
#8284=DIRECTION('',(-2.10137462985927E-13,2.10198695325884E-13,-1.0));
#8285=DIRECTION('',(0.00872620324394611,-0.999923850477572,0.0087262032437322));
#8286=DIRECTION('',(-2.10137462985927E-13,2.10198695325883E-13,-1.0));
#8287=DIRECTION('',(-1.0,6.12303176027912E-17,2.10137462985927E-13));
#8288=DIRECTION('',(2.10137462985927E-13,-2.10198695325883E-13,1.0));
#8289=DIRECTION('',(-1.0,6.12303176027912E-17,2.10137462985927E-13));
#8290=DIRECTION('',(7.19424519957101E-14,0.939692620785832,0.342020143325879));
#8291=DIRECTION('',(-1.0,6.12303176027845E-17,2.10137462985927E-13));
#8292=DIRECTION('',(-7.18869408444789E-14,-0.939692620785832,-0.342020143325879));
#8293=CARTESIAN_POINT('',(-4.2999842343385,-11.448003284703,-1.51502826020599));
#8294=DIRECTION('',(-1.97443681316529E-13,0.342020143325879,-0.939692620785832));
#8295=DIRECTION('',(7.19287828862029E-14,0.939692620785832,0.342020143325879));
#8296=DIRECTION('',(-1.0,6.12303176027912E-17,2.10137462985927E-13));
#8297=DIRECTION('',(7.18314296932476E-14,-0.93969262078598,0.342020143325471));
#8298=DIRECTION('',(-1.0,6.12303176027912E-17,2.10137462985927E-13));
#8299=CARTESIAN_POINT('',(-4.2999842343375,-11.448003284703,1.29857441800607));
#8300=DIRECTION('',(1.97485565320565E-13,0.342020143325471,0.93969262078598));
#8301=DIRECTION('',(7.18137075308777E-14,-0.93969262078598,0.342020143325471));
#8302=DIRECTION('',(-7.18869408444789E-14,0.93969262078598,-0.342020143325471));
#8303=DIRECTION('',(1.0,-6.12303176027842E-17,-2.10137462985927E-13));
#8304=DIRECTION('',(-6.12303176469427E-17,-1.0,-2.10198695325883E-13));
#8305=DIRECTION('',(6.12303176469618E-17,1.0,2.10198695325883E-13));
#8306=DIRECTION('',(-6.12303176469618E-17,-1.0,-2.10198695325883E-13));
#8307=DIRECTION('',(6.12303176469427E-17,1.0,2.10198695325883E-13));
#8308=DIRECTION('',(-0.579022399294846,-0.573991395606331,-0.57902239929448));
#8309=DIRECTION('',(-1.0,6.12303176027976E-17,2.10138531683701E-13));
#8310=DIRECTION('',(0.579022399294748,-0.573991395606258,-0.579022399294651));
#8311=DIRECTION('',(0.5790223992947,0.573991395606186,0.579022399294769));
#8312=DIRECTION('',(2.10137462985927E-13,-2.10198695325883E-13,1.0));
#8313=DIRECTION('',(-2.10137462985927E-13,2.10198695325883E-13,-1.0));
#8314=DIRECTION('',(0.579022399294828,-0.57399139560634,0.57902239929449));
#8315=DIRECTION('',(0.00872620324394599,0.999923850477569,0.00872620324415257));
#8316=DIRECTION('',(-2.10137462985927E-13,2.10198695325884E-13,-1.0));
#8317=DIRECTION('',(-0.00872620324394599,-0.999923850477569,-0.00872620324415257));
#8318=DIRECTION('',(1.0,6.12303176911413E-17,-2.10137462985927E-13));
#8319=DIRECTION('',(0.00872620324394244,-0.999923850477569,-0.00872620324415623));
#8320=DIRECTION('',(-2.10137462985927E-13,2.10198695325884E-13,-1.0));
#8321=DIRECTION('',(0.00872620324394611,-0.999923850477572,0.0087262032437322));
#8322=DIRECTION('',(-0.323615577118117,0.88912649071592,0.323615577118439));
#8323=DIRECTION('',(-2.10137462985927E-13,2.10198695325883E-13,-1.0));
#8324=DIRECTION('',(-0.323615577118253,0.889126490716056,-0.32361557711793));
#8325=DIRECTION('',(-2.10137462985927E-13,2.10198695325884E-13,-1.0));
#8326=DIRECTION('',(2.10137462985927E-13,-2.10198695325884E-13,1.0));
#8327=DIRECTION('',(-0.323615577118117,-0.889126490716056,0.323615577118066));
#8328=DIRECTION('',(2.10137462985927E-13,-2.10198695325883E-13,1.0));
#8329=DIRECTION('',(-0.323615577118253,-0.88912649071592,-0.323615577118303));
#8330=CARTESIAN_POINT('',(-4.2999842343385,-11.448003284703,-1.24898381708693));
#8331=DIRECTION('',(0.707106781186399,1.48589626488707E-13,-0.707106781186696));
#8332=DIRECTION('',(-0.707106781186696,1.48676219234289E-13,-0.707106781186399));
#8333=DIRECTION('',(-1.0,6.12303176027912E-17,2.10137462985927E-13));
#8334=CARTESIAN_POINT('',(-5.74998423433947,-11.448003284703,-1.24898381708693));
#8335=DIRECTION('',(1.0,-6.12303176027905E-17,-2.22044604925056E-13));
#8336=DIRECTION('',(-2.22044604925056E-13,6.12323399573676E-17,-1.0));
#8337=DIRECTION('',(-6.12303176469427E-17,-1.0,-2.10198695325883E-13));
#8338=DIRECTION('',(2.10137462985927E-13,-2.10198695325883E-13,1.0));
#8339=DIRECTION('',(2.10137462985927E-13,-2.10198695325883E-13,1.0));
#8340=CARTESIAN_POINT('',(-5.74998423433847,-11.448003284703,1.03252997488701));
#8341=DIRECTION('',(-1.0,6.12303176027905E-17,2.22044604925056E-13));
#8342=DIRECTION('',(2.22044604925056E-13,-6.12323399573676E-17,1.0));
#8343=DIRECTION('',(2.10137462985927E-13,-2.10198695325883E-13,1.0));
#8344=DIRECTION('',(-6.12303176469427E-17,-1.0,-2.10198695325883E-13));
#8345=DIRECTION('',(-1.0,6.12303176027912E-17,2.10137462985927E-13));
#8346=CARTESIAN_POINT('',(-4.2999842343375,-11.448003284703,1.03252997488601));
#8347=DIRECTION('',(-0.707106781186696,1.48676219234289E-13,-0.707106781186399));
#8348=DIRECTION('',(0.707106781186399,1.48589626488707E-13,-0.707106781186696));
#8349=DIRECTION('',(-6.12303176469679E-17,1.0,2.10198695325884E-13));
#8350=DIRECTION('',(2.10137462985927E-13,-2.10198695325884E-13,1.0));
#8351=DIRECTION('',(-6.12303176469679E-17,1.0,2.10198695325884E-13));
#8352=DIRECTION('',(-6.12303176469427E-17,-1.0,-2.10198695325883E-13));
#8353=CARTESIAN_POINT('',(-5.59998423433949,-11.798003284705,-2.27583554362998));
#8354=DIRECTION('',(-6.12303176469427E-17,-1.0,-1.85098403110837E-13));
#8355=DIRECTION('',(-1.28805876815833E-45,1.85098403110837E-13,-1.0));
#8356=DIRECTION('',(-1.0,6.1230317602804E-17,2.10137462985927E-13));
#8357=DIRECTION('',(2.10137462985927E-13,-2.10198695325883E-13,1.0));
#8358=DIRECTION('',(-2.10137462985927E-13,2.10198695325883E-13,-1.0));
#8359=DIRECTION('',(-4.41509671434096E-26,-1.0,-2.10198695325883E-13));
#8360=CARTESIAN_POINT('',(-4.2999842343385,-11.448003284703,-2.42583554362996));
#8361=DIRECTION('',(0.0,2.10198695325883E-13,-1.0));
#8362=DIRECTION('',(-1.0,0.0,0.0));
#8363=DIRECTION('',(-2.10137462985927E-13,2.10198695325883E-13,-1.0));
#8364=DIRECTION('',(-2.10137462985927E-13,2.10198695325883E-13,-1.0));
#8365=DIRECTION('',(-2.10137462985927E-13,2.10198695325883E-13,-1.0));
#8366=CARTESIAN_POINT('',(-4.2999842343375,-11.448003284704,2.92596429835112));
#8367=DIRECTION('',(0.0,2.10198695325883E-13,-1.0));
#8368=DIRECTION('',(-1.0,0.0,0.0));
#8369=DIRECTION('',(4.41509671434096E-26,1.0,2.10198695325883E-13));
#8370=DIRECTION('',(2.10137462985927E-13,-2.10198695325883E-13,1.0));
#8371=DIRECTION('',(1.0,-6.1230317602804E-17,-2.10137462985927E-13));
#8372=CARTESIAN_POINT('',(-5.59998423433849,-11.798003284706,2.77596429835103));
#8373=DIRECTION('',(6.12303176469427E-17,1.0,1.85098403110837E-13));
#8374=DIRECTION('',(1.28805876815833E-45,-1.85098403110837E-13,1.0));
#8375=DIRECTION('',(6.12303176469427E-17,1.0,2.10198695325883E-13));
#8376=DIRECTION('',(1.0,0.0,0.0));
#8377=DIRECTION('',(-0.0174517421055201,0.999809635615158,-0.00872520650572637));
#8378=DIRECTION('',(-1.0,6.12303176027849E-17,2.10136394288153E-13));
#8379=DIRECTION('',(1.0,6.12303176911413E-17,-2.10137462985927E-13));
#8380=DIRECTION('',(1.0,6.12303176911511E-17,-2.10137462985927E-13));
#8381=DIRECTION('',(-6.12303176469679E-17,1.0,2.10198695325884E-13));
#8382=DIRECTION('',(-1.0,-6.12303176911386E-17,2.10137462985927E-13));
#8383=DIRECTION('',(-1.0,-6.12303176911386E-17,2.10137462985926E-13));
#8384=DIRECTION('',(-6.12303176469679E-17,1.0,2.10198695325884E-13));
#8385=DIRECTION('',(-1.0,-6.12303176911376E-17,2.10137462985927E-13));
#8386=DIRECTION('',(2.10137462985926E-13,-2.10198695325884E-13,1.0));
#8387=DIRECTION('',(-1.0,-6.12303176911413E-17,2.10137462985927E-13));
#8388=DIRECTION('',(-1.0,6.12303176027976E-17,2.10138531683701E-13));
#8389=DIRECTION('',(-1.0,-6.12303176911376E-17,2.10137462985927E-13));
#8390=DIRECTION('',(2.10137462985927E-13,-2.10198695325884E-13,1.0));
#8391=DIRECTION('',(1.0,6.12303176911511E-17,-2.10137462985927E-13));
#8392=DIRECTION('',(0.323615577118253,0.88912649071592,0.323615577118303));
#8393=DIRECTION('',(-0.323615577118117,-0.889126490716056,0.323615577118066));
#8394=DIRECTION('',(0.0122876949768876,-0.70396157375637,0.710131759060676));
#8395=DIRECTION('',(1.52655665885959E-16,1.0,2.10198695325883E-13));
#8396=DIRECTION('',(1.0,-1.52655665885946E-16,-2.10137462985927E-13));
#8397=DIRECTION('',(-1.52655665885959E-16,-1.0,-2.10198695325883E-13));
#8398=DIRECTION('',(-6.12303176469427E-17,-1.0,-2.10198695325883E-13));
#8399=DIRECTION('',(-1.0,6.1230317602804E-17,2.10137462985927E-13));
#8400=DIRECTION('',(4.41509671434096E-26,1.0,2.10198695325883E-13));
#8401=CARTESIAN_POINT('',(4.30001576566151,-11.448003284703,-2.42583554363595));
#8402=DIRECTION('',(0.0,2.10198695325883E-13,-1.0));
#8403=DIRECTION('',(-1.0,0.0,0.0));
#8404=DIRECTION('',(-1.0,-1.2867208571333E-29,2.10137462985927E-13));
#8405=DIRECTION('',(1.0,1.2867208571333E-29,-2.10137462985927E-13));
#8406=DIRECTION('',(1.0,1.2867208571333E-29,-2.10137462985927E-13));
#8407=CARTESIAN_POINT('',(4.30001576566251,-11.448003284704,2.92596429834613));
#8408=DIRECTION('',(0.0,2.10198695325883E-13,-1.0));
#8409=DIRECTION('',(-1.0,0.0,0.0));
#8410=DIRECTION('',(-4.41509671434096E-26,-1.0,-2.10198695325883E-13));
#8411=DIRECTION('',(1.0,-6.1230317602804E-17,-2.10137462985927E-13));
#8412=DIRECTION('',(6.12303176469427E-17,1.0,2.10198695325883E-13));
#8413=DIRECTION('',(1.0,-6.12303176027977E-17,-2.10092890959811E-13));
#8414=DIRECTION('',(-2.10137462985927E-13,2.10198695325883E-13,-1.0));
#8415=DIRECTION('',(-1.0,6.12303176027842E-17,2.10182035012043E-13));
#8416=CARTESIAN_POINT('',(-1.7499842343375,-11.198003284703,2.22596829835109));
#8417=DIRECTION('',(-0.0,1.0,6.12323399573676E-17));
#8418=DIRECTION('',(1.0,0.0,0.0));
#8419=DIRECTION('',(-2.10137462985927E-13,2.10198695325883E-13,-1.0));
#8420=DIRECTION('',(-1.0,6.12303176027912E-17,2.10137462985927E-13));
#8421=DIRECTION('',(-2.10137462985927E-13,2.10198695325883E-13,-1.0));
#8422=DIRECTION('',(-1.0,6.12303176027912E-17,2.10137462985927E-13));
#8423=DIRECTION('',(-2.10137462985927E-13,2.10198695325883E-13,-1.0));
#8424=CARTESIAN_POINT('',(-1.7499842343375,-11.198003284703,2.22596829835109));
#8425=DIRECTION('',(-0.0,1.0,6.12323399573676E-17));
#8426=DIRECTION('',(1.0,0.0,0.0));
#8427=DIRECTION('',(1.0,-6.12303176027977E-17,-2.10092890959811E-13));
#8428=DIRECTION('',(-2.10137462985927E-13,2.10198695325883E-13,-1.0));
#8429=DIRECTION('',(-1.0,6.12303176027842E-17,2.10182035012043E-13));
#8430=DIRECTION('',(2.10137462985927E-13,-2.10198695325883E-13,1.0));
#8431=CARTESIAN_POINT('',(-0.64998423433948,-11.198003284703,-1.59093616214501));
#8432=DIRECTION('',(-0.0,1.0,6.12323399573676E-17));
#8433=DIRECTION('',(1.0,0.0,0.0));
#8434=DIRECTION('',(0.0,6.12323399573676E-17,-1.0));
#8435=CARTESIAN_POINT('',(-0.64998423433948,-11.198003284703,-1.67583616214495));
#8436=DIRECTION('',(-0.0,1.0,6.12323399573676E-17));
#8437=DIRECTION('',(1.0,0.0,0.0));
#8438=DIRECTION('',(-1.0,0.0,0.0));
#8439=CARTESIAN_POINT('',(-2.84998423433949,-11.198003284703,-1.67583616214395));
#8440=DIRECTION('',(-0.0,1.0,6.12323399573676E-17));
#8441=DIRECTION('',(1.0,0.0,0.0));
#8442=DIRECTION('',(0.0,-6.12323399573676E-17,1.0));
#8443=CARTESIAN_POINT('',(-2.84998423433949,-11.198003284703,-1.59093616214501));
#8444=DIRECTION('',(-0.0,1.0,6.12323399573676E-17));
#8445=DIRECTION('',(1.0,0.0,0.0));
#8446=DIRECTION('',(1.0,0.0,0.0));
#8447=CARTESIAN_POINT('',(-2.65898423433949,-11.198003284703,-0.84093616214498));
#8448=DIRECTION('',(-0.0,1.0,6.12323399573676E-17));
#8449=DIRECTION('',(1.0,0.0,0.0));
#8450=DIRECTION('',(0.0,-6.12323399573676E-17,1.0));
#8451=CARTESIAN_POINT('',(-1.90898423433849,-11.198003284703,0.150063837895064));
#8452=DIRECTION('',(-0.0,1.0,6.12323399573676E-17));
#8453=DIRECTION('',(1.0,0.0,0.0));
#8454=DIRECTION('',(1.0,0.0,0.0));
#8455=CARTESIAN_POINT('',(-1.59098423433848,-11.198003284703,0.150063837895064));
#8456=DIRECTION('',(-0.0,1.0,6.12323399573676E-17));
#8457=DIRECTION('',(1.0,0.0,0.0));
#8458=DIRECTION('',(0.0,6.12323399573676E-17,-1.0));
#8459=CARTESIAN_POINT('',(-0.84098423433948,-11.198003284703,-0.84093616214498));
#8460=DIRECTION('',(-0.0,1.0,6.12323399573676E-17));
#8461=DIRECTION('',(1.0,0.0,0.0));
#8462=DIRECTION('',(1.0,0.0,0.0));
#8463=DIRECTION('',(1.0,-6.12303176027977E-17,-2.10092890959811E-13));
#8464=DIRECTION('',(-2.10137462985927E-13,2.10198695325883E-13,-1.0));
#8465=DIRECTION('',(-1.0,6.12303176027842E-17,2.10182035012043E-13));
#8466=DIRECTION('',(2.10137462985927E-13,-2.10198695325883E-13,1.0));
#8467=CARTESIAN_POINT('',(0.65001576566051,-11.198003284703,-1.59093616214501));
#8468=DIRECTION('',(-0.0,1.0,6.12323399573676E-17));
#8469=DIRECTION('',(1.0,0.0,0.0));
#8470=DIRECTION('',(1.0,0.0,0.0));
#8471=CARTESIAN_POINT('',(0.84101576566051,-11.198003284703,-0.84093616214498));
#8472=DIRECTION('',(-0.0,1.0,6.12323399573676E-17));
#8473=DIRECTION('',(1.0,0.0,0.0));
#8474=DIRECTION('',(0.0,-6.12323399573676E-17,1.0));
#8475=CARTESIAN_POINT('',(0.84101576566151,-11.198003284703,0.841063837854982));
#8476=DIRECTION('',(-0.0,1.0,6.12323399573676E-17));
#8477=DIRECTION('',(1.0,0.0,0.0));
#8478=DIRECTION('',(-1.0,0.0,0.0));
#8479=CARTESIAN_POINT('',(0.650015765661521,-11.198003284703,1.59106383785501));
#8480=DIRECTION('',(-0.0,1.0,6.12323399573676E-17));
#8481=DIRECTION('',(1.0,0.0,0.0));
#8482=DIRECTION('',(0.0,-6.12323399573676E-17,1.0));
#8483=CARTESIAN_POINT('',(0.650015765661521,-11.198003284703,1.67596383785496));
#8484=DIRECTION('',(-0.0,1.0,6.12323399573676E-17));
#8485=DIRECTION('',(1.0,0.0,0.0));
#8486=DIRECTION('',(1.0,0.0,0.0));
#8487=CARTESIAN_POINT('',(2.85001576566152,-11.198003284703,1.67596383785395));
#8488=DIRECTION('',(-0.0,1.0,6.12323399573676E-17));
#8489=DIRECTION('',(1.0,0.0,0.0));
#8490=DIRECTION('',(0.0,6.12323399573676E-17,-1.0));
#8491=CARTESIAN_POINT('',(2.85001576566152,-11.198003284703,1.59106383785401));
#8492=DIRECTION('',(-0.0,1.0,6.12323399573676E-17));
#8493=DIRECTION('',(1.0,0.0,0.0));
#8494=DIRECTION('',(-1.0,0.0,0.0));
#8495=CARTESIAN_POINT('',(2.65901576566152,-11.198003284703,0.841063837853983));
#8496=DIRECTION('',(-0.0,1.0,6.12323399573676E-17));
#8497=DIRECTION('',(1.0,0.0,0.0));
#8498=DIRECTION('',(0.0,6.12323399573676E-17,-1.0));
#8499=CARTESIAN_POINT('',(2.65901576566053,-11.198003284703,-0.840936162145979));
#8500=DIRECTION('',(-0.0,1.0,6.12323399573676E-17));
#8501=DIRECTION('',(1.0,0.0,0.0));
#8502=DIRECTION('',(1.0,0.0,0.0));
#8503=CARTESIAN_POINT('',(2.85001576566052,-11.198003284703,-1.590936162146));
#8504=DIRECTION('',(-0.0,1.0,6.12323399573676E-17));
#8505=DIRECTION('',(1.0,0.0,0.0));
#8506=DIRECTION('',(0.0,6.12323399573676E-17,-1.0));
#8507=CARTESIAN_POINT('',(2.85001576566052,-11.198003284703,-1.67583616214595));
#8508=DIRECTION('',(-0.0,1.0,6.12323399573676E-17));
#8509=DIRECTION('',(1.0,0.0,0.0));
#8510=DIRECTION('',(-1.0,0.0,0.0));
#8511=CARTESIAN_POINT('',(0.65001576566051,-11.198003284703,-1.67583616214495));
#8512=DIRECTION('',(-0.0,1.0,6.12323399573676E-17));
#8513=DIRECTION('',(1.0,0.0,0.0));
#8514=DIRECTION('',(0.0,-6.12323399573676E-17,1.0));
#8515=DIRECTION('',(-1.0,-6.12303176911376E-17,2.10137462985927E-13));
#8516=DIRECTION('',(-2.10137462985927E-13,2.10198695325883E-13,-1.0));
#8517=DIRECTION('',(1.0,6.12303176911511E-17,-2.10137462985927E-13));
#8518=DIRECTION('',(-0.323615577118253,0.889126490716056,-0.32361557711793));
#8519=DIRECTION('',(0.323615577118117,-0.88912649071592,-0.323615577118439));
#8520=DIRECTION('',(6.12303176469735E-17,-1.0,-2.10198695325884E-13));
#8521=DIRECTION('',(-1.0,-6.12303176911318E-17,2.10137462985927E-13));
#8522=DIRECTION('',(6.12303176469735E-17,-1.0,-2.10198695325884E-13));
#8523=DIRECTION('',(-1.0,-6.12303176911441E-17,2.10137462985927E-13));
#8524=CARTESIAN_POINT('',(-1.7499842343375,-13.498003284705,2.22596829835009));
#8525=DIRECTION('',(6.12303176469679E-17,-1.0,-2.22105837265013E-13));
#8526=DIRECTION('',(-1.54567052179063E-45,2.22105837265013E-13,-1.0));
#8527=DIRECTION('',(2.10137462985927E-13,-2.10198695325884E-13,1.0));
#8528=DIRECTION('',(6.12303176469735E-17,-1.0,-2.10198695325884E-13));
#8529=CARTESIAN_POINT('',(-1.59098423433848,-10.498003284703,-0.649936162145038));
#8530=DIRECTION('',(-0.0,-1.0,-2.10198695325884E-13));
#8531=DIRECTION('',(-1.0,0.0,0.0));
#8532=CARTESIAN_POINT('',(-1.59098423433848,-9.29800328470301,-0.649936162145038));
#8533=DIRECTION('',(-0.0,-1.0,-2.10198695325884E-13));
#8534=DIRECTION('',(-1.0,0.0,0.0));
#8535=CARTESIAN_POINT('',(-1.90898423433849,-10.498003284703,0.150063837854985));
#8536=DIRECTION('',(-6.12303176469679E-17,1.0,2.22105837265013E-13));
#8537=DIRECTION('',(1.54567052179063E-45,-2.22105837265013E-13,1.0));
#8538=DIRECTION('',(-2.10137462985927E-13,2.10198695325884E-13,-1.0));
#8539=CARTESIAN_POINT('',(-1.90898423433849,-10.498003284703,-0.649936162145038));
#8540=DIRECTION('',(-0.0,1.0,2.10198695325884E-13));
#8541=DIRECTION('',(1.0,0.0,0.0));
#8542=DIRECTION('',(2.10137462985927E-13,-2.10198695325884E-13,1.0));
#8543=CARTESIAN_POINT('',(-1.59098423433848,-10.498003284703,0.150063837854985));
#8544=DIRECTION('',(6.12303176469679E-17,-1.0,-2.22105837265013E-13));
#8545=DIRECTION('',(-1.54567052179063E-45,2.22105837265013E-13,-1.0));
#8546=DIRECTION('',(1.0,6.12303176911318E-17,-2.10137462985927E-13));
#8547=DIRECTION('',(6.12303176469735E-17,-1.0,-2.10198695325884E-13));
#8548=CARTESIAN_POINT('',(-1.90898423433849,-9.29800328470301,-0.649936162145038));
#8549=DIRECTION('',(-0.0,1.0,2.10198695325884E-13));
#8550=DIRECTION('',(1.0,0.0,0.0));
#8551=DIRECTION('',(-2.10137462985927E-13,2.10198695325883E-13,-1.0));
#8552=CARTESIAN_POINT('',(-2.65898423433949,-9.29800328470301,-0.84093616214498));
#8553=DIRECTION('',(-4.66598899486585E-26,-1.0,-2.10198695325884E-13));
#8554=DIRECTION('',(-1.0,-1.35963107344689E-29,2.22044604925031E-13));
#8555=DIRECTION('',(-1.0,-6.12303176911441E-17,2.10137462985927E-13));
#8556=CARTESIAN_POINT('',(-2.84998423433949,-9.29800328470301,-1.59093616214501));
#8557=DIRECTION('',(-0.0,1.0,2.10198695325884E-13));
#8558=DIRECTION('',(1.0,0.0,0.0));
#8559=DIRECTION('',(-2.10137462985927E-13,2.10198695325883E-13,-1.0));
#8560=CARTESIAN_POINT('',(-2.84998423433949,-9.29800328470301,-1.67583616214395));
#8561=DIRECTION('',(6.12303176443296E-17,-1.0,-2.22105837265013E-13));
#8562=DIRECTION('',(-2.22044604925056E-13,2.22105837265013E-13,-1.0));
#8563=DIRECTION('',(1.0,6.12303176911441E-17,-2.10137462985927E-13));
#8564=CARTESIAN_POINT('',(-0.64998423433948,-9.29800328470301,-1.67583616214495));
#8565=DIRECTION('',(-6.12303176443296E-17,1.0,2.22105837265013E-13));
#8566=DIRECTION('',(2.22044604925056E-13,-2.22105837265013E-13,1.0));
#8567=DIRECTION('',(2.10137462985927E-13,-2.10198695325883E-13,1.0));
#8568=CARTESIAN_POINT('',(-0.64998423433948,-9.29800328470301,-1.59093616214501));
#8569=DIRECTION('',(-0.0,1.0,2.10198695325884E-13));
#8570=DIRECTION('',(1.0,0.0,0.0));
#8571=DIRECTION('',(-1.0,-6.12303176911441E-17,2.10137462985927E-13));
#8572=CARTESIAN_POINT('',(-0.84098423433948,-9.29800328470301,-0.84093616214498));
#8573=DIRECTION('',(-4.66598899486585E-26,-1.0,-2.10198695325884E-13));
#8574=DIRECTION('',(-1.0,-1.35963107344689E-29,2.22044604925031E-13));
#8575=DIRECTION('',(2.10137462985927E-13,-2.10198695325883E-13,1.0));
#8576=CARTESIAN_POINT('',(-1.7499842343375,-13.298003284705,2.22596829835009));
#8577=DIRECTION('',(6.12303176469679E-17,-1.0,-1.98315343880155E-13));
#8578=DIRECTION('',(-4.41620149083044E-45,1.98315343880155E-13,-1.0));
#8579=DIRECTION('',(-0.323615577118117,0.88912649071592,0.323615577118439));
#8580=DIRECTION('',(-2.10137462985927E-13,2.10198695325883E-13,-1.0));
#8581=DIRECTION('',(-0.323615577118253,0.889126490716056,-0.32361557711793));
#8582=DIRECTION('',(-2.10137462985927E-13,2.10198695325884E-13,-1.0));
#8583=DIRECTION('',(2.10137462985927E-13,-2.10198695325884E-13,1.0));
#8584=DIRECTION('',(-0.323615577118117,-0.889126490716056,0.323615577118066));
#8585=DIRECTION('',(-0.323615577118253,-0.88912649071592,-0.323615577118303));
#8586=DIRECTION('',(6.12303176469735E-17,-1.0,-2.10198695325884E-13));
#8587=DIRECTION('',(6.12303176469735E-17,-1.0,-2.10198695325884E-13));
#8588=DIRECTION('',(6.12303176469735E-17,-1.0,-2.10198695325884E-13));
#8589=DIRECTION('',(-6.12303176469679E-17,1.0,2.10198695325884E-13));
#8590=DIRECTION('',(-6.12303176469679E-17,1.0,2.10198695325884E-13));
#8591=DIRECTION('',(6.12303176469679E-17,-1.0,-2.10198695325884E-13));
#8592=DIRECTION('',(6.12303176469679E-17,-1.0,-2.10198695325884E-13));
#8593=DIRECTION('',(6.12303176469735E-17,-1.0,-2.10198695325884E-13));
#8594=DIRECTION('',(6.12303176469735E-17,-1.0,-2.10198695325884E-13));
#8595=DIRECTION('',(6.12303176469735E-17,-1.0,-2.10198695325884E-13));
#8596=DIRECTION('',(6.12303176469735E-17,-1.0,-2.10198695325884E-13));
#8597=DIRECTION('',(6.12303176469735E-17,-1.0,-2.10198695325884E-13));
#8598=DIRECTION('',(6.12303176469735E-17,-1.0,-2.10198695325884E-13));
#8599=DIRECTION('',(6.12303176469735E-17,-1.0,-2.10198695325884E-13));
#8600=DIRECTION('',(6.12303176469735E-17,-1.0,-2.10198695325884E-13));
#8601=DIRECTION('',(6.12303176469735E-17,-1.0,-2.10198695325884E-13));
#8602=DIRECTION('',(-6.12303176469679E-17,1.0,2.10198695325884E-13));
#8603=DIRECTION('',(2.10137462985927E-13,-2.10198695325884E-13,1.0));
#8604=DIRECTION('',(-6.12303176469679E-17,1.0,2.10198695325884E-13));
#8605=DIRECTION('',(-1.0,-6.12303176911413E-17,2.10137462985927E-13));
#8606=DIRECTION('',(-1.0,-6.12303176911386E-17,2.10137462985927E-13));
#8607=DIRECTION('',(2.10137462985926E-13,-2.10198695325884E-13,1.0));
#8608=DIRECTION('',(-1.0,-6.12303176911386E-17,2.10137462985926E-13));
#8609=DIRECTION('',(1.0,6.12303176911511E-17,-2.10137462985927E-13));
#8610=DIRECTION('',(-6.12303176469679E-17,1.0,2.10198695325884E-13));
#8611=DIRECTION('',(-6.12303176469679E-17,1.0,2.10198695325884E-13));
#8612=DIRECTION('',(-1.0,-6.12303176911376E-17,2.10137462985927E-13));
#8613=DIRECTION('',(1.0,-6.12303176027976E-17,-2.10138531683701E-13));
#8614=DIRECTION('',(-1.0,-6.12303176911376E-17,2.10137462985927E-13));
#8615=DIRECTION('',(2.10137462985927E-13,-2.10198695325884E-13,1.0));
#8616=DIRECTION('',(1.0,6.12303176911511E-17,-2.10137462985927E-13));
#8617=DIRECTION('',(0.323615577118253,0.88912649071592,0.323615577118303));
#8618=DIRECTION('',(-0.323615577118117,-0.889126490716056,0.323615577118066));
#8619=DIRECTION('',(-1.0,-6.12303176911376E-17,2.10137462985927E-13));
#8620=DIRECTION('',(-2.10137462985927E-13,2.10198695325883E-13,-1.0));
#8621=DIRECTION('',(1.0,6.12303176911511E-17,-2.10137462985927E-13));
#8622=DIRECTION('',(-0.323615577118253,0.889126490716056,-0.32361557711793));
#8623=DIRECTION('',(0.323615577118117,-0.88912649071592,-0.323615577118439));
#8624=DIRECTION('',(6.12303176469735E-17,-1.0,-2.10198695325884E-13));
#8625=DIRECTION('',(-1.0,-6.12303176911318E-17,2.10137462985927E-13));
#8626=DIRECTION('',(6.12303176469735E-17,-1.0,-2.10198695325884E-13));
#8627=DIRECTION('',(1.0,6.12303176911441E-17,-2.10137462985927E-13));
#8628=DIRECTION('',(6.12303176469735E-17,-1.0,-2.10198695325884E-13));
#8629=DIRECTION('',(-1.0,-6.12303176911318E-17,2.10137462985927E-13));
#8630=DIRECTION('',(6.12303176469735E-17,-1.0,-2.10198695325884E-13));
#8631=DIRECTION('',(-1.0,-6.12303176911441E-17,2.10137462985927E-13));
#8632=DIRECTION('',(2.10137462985927E-13,-2.10198695325884E-13,1.0));
#8633=DIRECTION('',(6.12303176469735E-17,-1.0,-2.10198695325884E-13));
#8634=CARTESIAN_POINT('',(1.90901576566152,-10.498003284703,-0.649936162146037));
#8635=DIRECTION('',(-0.0,-1.0,-2.10198695325884E-13));
#8636=DIRECTION('',(-1.0,0.0,0.0));
#8637=CARTESIAN_POINT('',(1.90901576566152,-9.29800328470301,-0.649936162145038));
#8638=DIRECTION('',(-0.0,-1.0,-2.10198695325884E-13));
#8639=DIRECTION('',(-1.0,0.0,0.0));
#8640=CARTESIAN_POINT('',(1.90901576566152,-10.498003284703,0.650063837854041));
#8641=DIRECTION('',(-0.0,-1.0,-2.10198695325884E-13));
#8642=DIRECTION('',(-1.0,0.0,0.0));
#8643=DIRECTION('',(6.12303176469735E-17,-1.0,-2.10198695325884E-13));
#8644=CARTESIAN_POINT('',(1.90901576566152,-9.29800328470301,0.650063837855041));
#8645=DIRECTION('',(-0.0,-1.0,-2.10198695325884E-13));
#8646=DIRECTION('',(-1.0,0.0,0.0));
#8647=CARTESIAN_POINT('',(0.650015765661521,-9.29800328470301,1.67596383785496));
#8648=DIRECTION('',(-6.12303176443296E-17,1.0,2.22105837265013E-13));
#8649=DIRECTION('',(2.22044604925056E-13,-2.22105837265013E-13,1.0));
#8650=DIRECTION('',(-2.10137462985927E-13,2.10198695325883E-13,-1.0));
#8651=CARTESIAN_POINT('',(0.650015765661521,-9.29800328470301,1.59106383785501));
#8652=DIRECTION('',(-0.0,-1.0,-2.10198695325884E-13));
#8653=DIRECTION('',(-1.0,0.0,0.0));
#8654=DIRECTION('',(1.0,6.12303176911441E-17,-2.10137462985927E-13));
#8655=CARTESIAN_POINT('',(0.84101576566151,-9.29800328470301,0.841063837854982));
#8656=DIRECTION('',(4.66598899486585E-26,1.0,2.10198695325884E-13));
#8657=DIRECTION('',(1.0,1.35963107344689E-29,-2.22044604925031E-13));
#8658=DIRECTION('',(-2.10137462985927E-13,2.10198695325883E-13,-1.0));
#8659=CARTESIAN_POINT('',(1.59101576566151,-9.29800328470301,0.650063837855041));
#8660=DIRECTION('',(-0.0,1.0,2.10198695325884E-13));
#8661=DIRECTION('',(1.0,0.0,0.0));
#8662=DIRECTION('',(2.10137462985927E-13,-2.10198695325883E-13,1.0));
#8663=CARTESIAN_POINT('',(2.65901576566152,-9.29800328470301,0.841063837853983));
#8664=DIRECTION('',(-4.66598899486585E-26,-1.0,-2.10198695325884E-13));
#8665=DIRECTION('',(-1.0,-1.35963107344689E-29,2.22044604925031E-13));
#8666=DIRECTION('',(1.0,6.12303176911441E-17,-2.10137462985927E-13));
#8667=CARTESIAN_POINT('',(2.85001576566152,-9.29800328470301,1.59106383785401));
#8668=DIRECTION('',(-0.0,1.0,2.10198695325884E-13));
#8669=DIRECTION('',(1.0,0.0,0.0));
#8670=DIRECTION('',(2.10137462985927E-13,-2.10198695325883E-13,1.0));
#8671=CARTESIAN_POINT('',(2.85001576566152,-9.29800328470301,1.67596383785395));
#8672=DIRECTION('',(-6.12303176443296E-17,1.0,2.22105837265013E-13));
#8673=DIRECTION('',(2.22044604925056E-13,-2.22105837265013E-13,1.0));
#8674=DIRECTION('',(-1.0,-6.12303176911441E-17,2.10137462985927E-13));
#8675=DIRECTION('',(6.12303176469735E-17,-1.0,-2.10198695325884E-13));
#8676=CARTESIAN_POINT('',(1.59101576566151,-10.498003284703,0.650063837854041));
#8677=DIRECTION('',(-0.0,1.0,2.10198695325884E-13));
#8678=DIRECTION('',(1.0,0.0,0.0));
#8679=DIRECTION('',(-2.10137462985927E-13,2.10198695325884E-13,-1.0));
#8680=CARTESIAN_POINT('',(1.59101576566151,-10.498003284703,-0.649936162146037));
#8681=DIRECTION('',(-0.0,1.0,2.10198695325884E-13));
#8682=DIRECTION('',(1.0,0.0,0.0));
#8683=DIRECTION('',(2.10137462985927E-13,-2.10198695325884E-13,1.0));
#8684=DIRECTION('',(6.12303176469735E-17,-1.0,-2.10198695325884E-13));
#8685=CARTESIAN_POINT('',(1.59101576566151,-9.29800328470301,-0.649936162145038));
#8686=DIRECTION('',(-0.0,1.0,2.10198695325884E-13));
#8687=DIRECTION('',(1.0,0.0,0.0));
#8688=DIRECTION('',(-2.10137462985927E-13,2.10198695325883E-13,-1.0));
#8689=CARTESIAN_POINT('',(0.84101576566051,-9.29800328470301,-0.84093616214498));
#8690=DIRECTION('',(-4.66598899486585E-26,-1.0,-2.10198695325884E-13));
#8691=DIRECTION('',(-1.0,-1.35963107344689E-29,2.22044604925031E-13));
#8692=DIRECTION('',(-1.0,-6.12303176911441E-17,2.10137462985927E-13));
#8693=CARTESIAN_POINT('',(0.65001576566051,-9.29800328470301,-1.59093616214501));
#8694=DIRECTION('',(-0.0,1.0,2.10198695325884E-13));
#8695=DIRECTION('',(1.0,0.0,0.0));
#8696=DIRECTION('',(-2.10137462985927E-13,2.10198695325883E-13,-1.0));
#8697=CARTESIAN_POINT('',(0.65001576566051,-9.29800328470301,-1.67583616214495));
#8698=DIRECTION('',(6.12303176443296E-17,-1.0,-2.22105837265013E-13));
#8699=DIRECTION('',(-2.22044604925056E-13,2.22105837265013E-13,-1.0));
#8700=DIRECTION('',(1.0,6.12303176911441E-17,-2.10137462985927E-13));
#8701=CARTESIAN_POINT('',(2.85001576566052,-9.29800328470301,-1.67583616214595));
#8702=DIRECTION('',(-6.12303176443296E-17,1.0,2.22105837265013E-13));
#8703=DIRECTION('',(2.22044604925056E-13,-2.22105837265013E-13,1.0));
#8704=DIRECTION('',(2.10137462985927E-13,-2.10198695325883E-13,1.0));
#8705=CARTESIAN_POINT('',(2.85001576566052,-9.29800328470301,-1.590936162146));
#8706=DIRECTION('',(-0.0,1.0,2.10198695325884E-13));
#8707=DIRECTION('',(1.0,0.0,0.0));
#8708=DIRECTION('',(-1.0,-6.12303176911441E-17,2.10137462985927E-13));
#8709=CARTESIAN_POINT('',(2.65901576566053,-9.29800328470301,-0.840936162145979));
#8710=DIRECTION('',(-4.66598899486585E-26,-1.0,-2.10198695325884E-13));
#8711=DIRECTION('',(-1.0,-1.35963107344689E-29,2.22044604925031E-13));
#8712=DIRECTION('',(2.10137462985927E-13,-2.10198695325883E-13,1.0));
#8713=DIRECTION('',(-0.323615577118117,0.88912649071592,0.323615577118439));
#8714=DIRECTION('',(-2.10137462985927E-13,2.10198695325883E-13,-1.0));
#8715=DIRECTION('',(-0.323615577118253,0.889126490716056,-0.32361557711793));
#8716=DIRECTION('',(-2.10137462985927E-13,2.10198695325884E-13,-1.0));
#8717=DIRECTION('',(-6.12303176469679E-17,1.0,2.10198695325884E-13));
#8718=DIRECTION('',(2.10137462985927E-13,-2.10198695325884E-13,1.0));
#8719=DIRECTION('',(-6.12303176469679E-17,1.0,2.10198695325884E-13));
#8720=DIRECTION('',(2.10137462985927E-13,-2.10198695325884E-13,1.0));
#8721=DIRECTION('',(-0.323615577118117,-0.889126490716056,0.323615577118066));
#8722=DIRECTION('',(-0.323615577118253,-0.88912649071592,-0.323615577118303));
#8723=DIRECTION('',(6.12303176469735E-17,-1.0,-2.10198695325884E-13));
#8724=DIRECTION('',(6.12303176469735E-17,-1.0,-2.10198695325884E-13));
#8725=DIRECTION('',(6.12303176469735E-17,-1.0,-2.10198695325884E-13));
#8726=DIRECTION('',(6.12303176469735E-17,-1.0,-2.10198695325884E-13));
#8727=DIRECTION('',(6.12303176469735E-17,-1.0,-2.10198695325884E-13));
#8728=DIRECTION('',(6.12303176469735E-17,-1.0,-2.10198695325884E-13));
#8729=DIRECTION('',(6.12303176469735E-17,-1.0,-2.10198695325884E-13));
#8730=DIRECTION('',(6.12303176469735E-17,-1.0,-2.10198695325884E-13));
#8731=DIRECTION('',(6.12303176469735E-17,-1.0,-2.10198695325884E-13));
#8732=DIRECTION('',(6.12303176469735E-17,-1.0,-2.10198695325884E-13));
#8733=DIRECTION('',(6.12303176469735E-17,-1.0,-2.10198695325884E-13));
#8734=DIRECTION('',(6.12303176469735E-17,-1.0,-2.10198695325884E-13));
#8735=DIRECTION('',(6.12303176469735E-17,-1.0,-2.10198695325884E-13));
#8736=DIRECTION('',(6.12303176469735E-17,-1.0,-2.10198695325884E-13));
#8737=DIRECTION('',(6.12303176469735E-17,-1.0,-2.10198695325884E-13));
#8738=DIRECTION('',(6.12303176469735E-17,-1.0,-2.10198695325884E-13));
#8739=DIRECTION('',(6.12303176469735E-17,-1.0,-2.10198695325884E-13));
#8740=DIRECTION('',(6.12303176469735E-17,-1.0,-2.10198695325884E-13));
#8741=DIRECTION('',(6.12303176469735E-17,-1.0,-2.10198695325884E-13));
#8742=DIRECTION('',(6.12303176469735E-17,-1.0,-2.10198695325884E-13));
#8743=DIRECTION('',(6.12303176469735E-17,-1.0,-2.10198695325884E-13));
#8744=DIRECTION('',(6.12303176469735E-17,-1.0,-2.10198695325884E-13));
#8745=DIRECTION('',(6.12303176469735E-17,-1.0,-2.10198695325884E-13));
#8746=DIRECTION('',(6.12303176469735E-17,-1.0,-2.10198695325884E-13));
#8747=DIRECTION('',(2.10137462985927E-13,-2.10198695325884E-13,1.0));
#8748=DIRECTION('',(1.0,6.12303176911413E-17,-2.10137462985927E-13));
#8749=DIRECTION('',(-1.0,-6.12303176911413E-17,2.10137462985927E-13));
#8750=DIRECTION('',(-1.0,-6.12303176911386E-17,2.10137462985927E-13));
#8751=DIRECTION('',(2.10137462985926E-13,-2.10198695325884E-13,1.0));
#8752=DIRECTION('',(-1.0,-6.12303176911386E-17,2.10137462985926E-13));
#8753=DIRECTION('',(-1.0,6.12303176027849E-17,2.10136394288153E-13));
#8754=DIRECTION('',(-0.0174517421055202,-0.999809635615158,0.0087252065057337));
#8755=DIRECTION('',(1.0,-2.40793069954171E-11,-3.1452698770893E-27));
#8756=DIRECTION('',(-0.00872620324394232,-0.999923850477572,0.00872620324373587));
#8757=DIRECTION('',(-1.0,6.12303176027976E-17,2.10138531683701E-13));
#8758=DIRECTION('',(-0.00872620324394599,-0.999923850477569,-0.00872620324415257));
#8759=DIRECTION('',(0.0122876949768876,0.703961573756367,-0.710131759060679));
#8760=DIRECTION('',(0.579022399294512,0.573991395606376,-0.579022399294769));
#8761=DIRECTION('',(0.579022399294773,0.57399139560615,0.579022399294733));
#8762=DIRECTION('',(-1.0,-6.12303176911376E-17,2.10137462985927E-13));
#8763=DIRECTION('',(-2.10137462985927E-13,2.10198695325883E-13,-1.0));
#8764=DIRECTION('',(1.0,6.12303176911511E-17,-2.10137462985927E-13));
#8765=DIRECTION('',(-0.323615577118253,0.889126490716056,-0.32361557711793));
#8766=DIRECTION('',(0.323615577118117,-0.88912649071592,-0.323615577118439));
#8767=DIRECTION('',(-1.0,-6.12303176911376E-17,2.10137462985927E-13));
#8768=DIRECTION('',(2.10137462985927E-13,-2.10198695325884E-13,1.0));
#8769=DIRECTION('',(1.0,6.12303176911511E-17,-2.10137462985927E-13));
#8770=DIRECTION('',(-1.0,-6.12303176911376E-17,2.10137462985927E-13));
#8771=DIRECTION('',(0.323615577118253,0.88912649071592,0.323615577118303));
#8772=DIRECTION('',(-0.323615577118117,-0.889126490716056,0.323615577118066));
#8773=DIRECTION('',(1.0,6.12303176911511E-17,-2.10137462985927E-13));
#8774=DIRECTION('',(-6.12303176469679E-17,1.0,2.10198695325884E-13));
#8775=DIRECTION('',(-6.12303176469679E-17,1.0,2.10198695325884E-13));
#8776=DIRECTION('',(1.0,-6.12303176027912E-17,-2.10137462985927E-13));
#8777=DIRECTION('',(2.10137462985927E-13,-2.10198695325883E-13,1.0));
#8778=DIRECTION('',(1.0,-6.12303176027912E-17,-2.10137462985927E-13));
#8779=DIRECTION('',(-2.10137462985927E-13,2.10198695325883E-13,-1.0));
#8780=DIRECTION('',(7.18869408444789E-14,0.939692620785832,0.342020143325879));
#8781=DIRECTION('',(-1.0,6.12303176027845E-17,2.10137462985927E-13));
#8782=DIRECTION('',(-7.19424519957101E-14,-0.939692620785832,-0.342020143325879));
#8783=DIRECTION('',(-1.0,6.12303176027912E-17,2.10137462985927E-13));
#8784=CARTESIAN_POINT('',(4.30001576566151,-11.448003284703,-1.51502826021099));
#8785=DIRECTION('',(-1.97443681316529E-13,0.342020143325879,-0.939692620785832));
#8786=DIRECTION('',(7.19287828862029E-14,0.939692620785832,0.342020143325879));
#8787=DIRECTION('',(7.18869408444789E-14,-0.93969262078598,0.342020143325471));
#8788=CARTESIAN_POINT('',(4.30001576566251,-11.448003284703,1.29857441800008));
#8789=DIRECTION('',(1.97485565320565E-13,0.342020143325471,0.93969262078598));
#8790=DIRECTION('',(7.18137075308777E-14,-0.93969262078598,0.342020143325471));
#8791=DIRECTION('',(-1.0,6.12303176027912E-17,2.10137462985927E-13));
#8792=DIRECTION('',(-7.18314296932476E-14,0.93969262078598,-0.342020143325471));
#8793=DIRECTION('',(1.0,-6.12303176027842E-17,-2.10137462985927E-13));
#8794=DIRECTION('',(-6.12303176469618E-17,-1.0,-2.10198695325883E-13));
#8795=DIRECTION('',(6.12303176469427E-17,1.0,2.10198695325883E-13));
#8796=DIRECTION('',(6.12303176469618E-17,1.0,2.10198695325883E-13));
#8797=DIRECTION('',(-6.12303176469427E-17,-1.0,-2.10198695325883E-13));
#8798=DIRECTION('',(2.10137462985927E-13,-2.10198695325884E-13,1.0));
#8799=CARTESIAN_POINT('',(5.75001576566152,-11.448003284703,1.03252997488101));
#8800=DIRECTION('',(-1.0,6.12303176027905E-17,2.22044604925056E-13));
#8801=DIRECTION('',(2.22044604925056E-13,-6.12323399573676E-17,1.0));
#8802=CARTESIAN_POINT('',(4.30001576566251,-11.448003284703,1.03252997488101));
#8803=DIRECTION('',(0.707106781186399,1.48589626488707E-13,-0.707106781186696));
#8804=DIRECTION('',(-0.707106781186696,1.48676219234289E-13,-0.707106781186399));
#8805=DIRECTION('',(-6.12303176469427E-17,-1.0,-2.10198695325883E-13));
#8806=DIRECTION('',(-6.12303176469427E-17,-1.0,-2.10198695325883E-13));
#8807=DIRECTION('',(-2.10137462985927E-13,2.10198695325883E-13,-1.0));
#8808=CARTESIAN_POINT('',(5.75001576566052,-11.448003284703,-1.24898381709304));
#8809=DIRECTION('',(1.0,-6.12303176027905E-17,-2.22044604925056E-13));
#8810=DIRECTION('',(-2.22044604925056E-13,6.12323399573676E-17,-1.0));
#8811=DIRECTION('',(-2.10137462985927E-13,2.10198695325883E-13,-1.0));
#8812=CARTESIAN_POINT('',(4.30001576566151,-11.448003284703,-1.24898381709204));
#8813=DIRECTION('',(-0.707106781186696,1.48676219234289E-13,-0.707106781186399));
#8814=DIRECTION('',(0.707106781186399,1.48589626488707E-13,-0.707106781186696));
#8815=DIRECTION('',(2.10137462985927E-13,-2.10198695325883E-13,1.0));
#8816=DIRECTION('',(-2.10137462985927E-13,2.10198695325883E-13,-1.0));
#8817=DIRECTION('',(-2.10137462985927E-13,2.10198695325883E-13,-1.0));
#8818=CARTESIAN_POINT('',(5.60001576566051,-11.798003284705,-2.27583554363598));
#8819=DIRECTION('',(6.12303176469427E-17,1.0,1.85098403110837E-13));
#8820=DIRECTION('',(1.28805876815833E-45,-1.85098403110837E-13,1.0));
#8821=CARTESIAN_POINT('',(5.60001576566151,-11.798003284706,2.77596429834503));
#8822=DIRECTION('',(6.12303176469427E-17,1.0,1.85098403110837E-13));
#8823=DIRECTION('',(1.28805876815833E-45,-1.85098403110837E-13,1.0));
#8824=DIRECTION('',(-2.10137462985927E-13,2.10198695325883E-13,-1.0));
#8825=DIRECTION('',(-2.10137462985927E-13,2.10198695325883E-13,-1.0));
#8826=CARTESIAN_POINT('',(-0.90430991856048,0.75325985552499,-4.70311466648898));
#8827=DIRECTION('',(2.6642087260083E-18,0.0174524064372834,0.999847695156391));
#8828=DIRECTION('',(1.74299049698661E-15,0.999847695156391,-0.0174524064372834));
#8829=DIRECTION('',(-2.86885687022129E-17,-6.12160545024634E-17,1.0));
#8830=CARTESIAN_POINT('',(-0.90430991856048,0.75325985552499,-5.73848093723495));
#8831=DIRECTION('',(0.0,-6.12323399573676E-17,1.0));
#8832=DIRECTION('',(1.0,0.0,0.0));
#8833=DIRECTION('',(0.0,-6.12323399573676E-17,1.0));
#8834=DIRECTION('',(0.0,6.12323399573676E-17,-1.0));
#8835=DIRECTION('',(1.0,-1.52655665885959E-16,-1.24111436712045E-29));
#8836=DIRECTION('',(1.0,-1.52655665885959E-16,2.96221303161602E-17));
#8837=DIRECTION('',(2.82899245025345E-17,6.12323399573677E-17,-1.0));
#8838=CARTESIAN_POINT('',(0.904341449881509,0.75325985552499,-4.70311466648898));
#8839=DIRECTION('',(2.66420872600831E-18,0.0174524064372834,0.999847695156391));
#8840=DIRECTION('',(1.77360798740764E-15,0.999847695156391,-0.0174524064372834));
#8841=CARTESIAN_POINT('',(0.904341449881509,0.75325985552499,-5.73848093723495));
#8842=DIRECTION('',(0.0,6.12323399573676E-17,-1.0));
#8843=DIRECTION('',(-1.0,0.0,0.0));
#8844=DIRECTION('',(-0.0174497491606829,-0.999695459881887,0.0174497491606826));
#8845=DIRECTION('',(1.0,-1.52655665885959E-16,-1.24111436712045E-29));
#8846=DIRECTION('',(0.0174497491606826,-0.999695459881887,0.0174497491606826));
#8847=DIRECTION('',(1.0,1.63160584575642E-34,-2.66461455971209E-18));
#8848=DIRECTION('',(-0.0174497491606828,-0.999695459881887,0.0174497491606826));
#8849=DIRECTION('',(-0.0174497491606825,0.999695459881887,-0.0174497491606826));
#8850=DIRECTION('',(-1.0,-1.63160584575642E-34,2.66461455971209E-18));
#8851=DIRECTION('',(1.0,-1.52655665885959E-16,-1.79343884767069E-29));
#8852=DIRECTION('',(0.00737662846322263,-0.422606761622394,0.906283129261242));
#8853=DIRECTION('',(-1.0,1.52655665885959E-16,1.79061417857101E-29));
#8854=DIRECTION('',(6.45150719096857E-17,0.422618260090639,-0.906307787806086));
#8855=DIRECTION('',(1.0,-1.52655665885959E-16,-1.79343884767069E-29));
#8856=CARTESIAN_POINT('',(-2.92807273821348,0.92523067224301,-3.17170451817694));
#8857=DIRECTION('',(0.999847695156391,0.0174524064372834,2.27965565039128E-18));
#8858=DIRECTION('',(-0.0174524064372834,0.999847695156391,1.30601384743304E-16));
#8859=CARTESIAN_POINT('',(-3.89784796620148,0.92523067224301,-3.17170451817694));
#8860=DIRECTION('',(-1.0,-1.09759220506249E-45,1.7925041013077E-29));
#8861=DIRECTION('',(0.0,-1.0,-6.12323399573676E-17));
#8862=DIRECTION('',(-1.52655665885959E-16,-1.0,-6.12323399573676E-17));
#8863=DIRECTION('',(0.0174524064372834,-0.999847695156391,-6.12230139754066E-17));
#8864=DIRECTION('',(-0.0174524064372834,0.999847695156391,5.94882904994298E-17));
#8865=DIRECTION('',(-2.82899245025406E-17,-6.12323399573676E-17,1.0));
#8866=DIRECTION('',(-0.0174524064372834,0.999847695156391,6.12230139754066E-17));
#8867=DIRECTION('',(2.96221303161602E-17,6.12323399573676E-17,-1.0));
#8868=DIRECTION('',(-0.0174524064372834,0.999847695156391,5.94882904994298E-17));
#8869=CARTESIAN_POINT('',(0.9855644601225,-3.900003284702,-4.47583616214497));
#8870=DIRECTION('',(1.52655665885959E-16,1.0,1.3062127899644E-16));
#8871=DIRECTION('',(1.0,-1.52655665885959E-16,4.07468703522963E-15));
#8872=CARTESIAN_POINT('',(1.0090415224505,-5.24500328470201,-4.47583616214497));
#8873=DIRECTION('',(-1.52655665885959E-16,-1.0,-6.12323399573676E-17));
#8874=DIRECTION('',(-1.0,1.52655665885959E-16,-9.93973800811406E-17));
#8875=DIRECTION('',(1.0,-1.52655665885959E-16,5.55111512313139E-17));
#8876=DIRECTION('',(0.0174524064372837,0.999847695156391,6.29577374513835E-17));
#8877=DIRECTION('',(-1.0,1.52655665885959E-16,-5.55111512313139E-17));
#8878=DIRECTION('',(0.0174524064372837,0.999847695156391,6.29577374513835E-17));
#8879=CARTESIAN_POINT('',(-0.98553292880151,-3.900003284702,-4.47583616214497));
#8880=DIRECTION('',(1.52655665885959E-16,1.0,1.3062127899644E-16));
#8881=DIRECTION('',(1.0,-1.52655665885959E-16,-3.87589227506735E-15));
#8882=CARTESIAN_POINT('',(-1.00900999113051,-5.24500328470201,-4.47583616214497));
#8883=DIRECTION('',(-1.52655665885959E-16,-1.0,-6.12323399573676E-17));
#8884=DIRECTION('',(-1.0,1.52655665885959E-16,-9.93973800811406E-17));
#8885=DIRECTION('',(-2.96221303161602E-17,-6.12323399573676E-17,1.0));
#8886=DIRECTION('',(-2.77555756156234E-17,-6.12323399573676E-17,1.0));
#8887=DIRECTION('',(-0.0174524064372837,-0.999847695156391,-6.12230139754066E-17));
#8888=DIRECTION('',(0.0,1.0,6.12323399573676E-17));
#8889=DIRECTION('',(1.0,-1.52655665885959E-16,2.96221303161602E-17));
#8890=DIRECTION('',(1.52655665885959E-16,1.0,6.12323399573676E-17));
#8891=DIRECTION('',(-1.0,1.52655665885959E-16,-2.96221303161602E-17));
#8892=DIRECTION('',(-1.0,1.52655665885959E-16,-2.96221303161602E-17));
#8893=CARTESIAN_POINT('',(-3.1438384467855,-5.24500328470201,-4.98447141781988));
#8894=DIRECTION('',(-5.53362847505955E-26,-1.0,-6.12352463980419E-17));
#8895=DIRECTION('',(-0.999999999818755,-1.16581433406547E-21,1.90391929310093E-05));
#8896=DIRECTION('',(1.52655665885959E-16,1.0,6.12323399573676E-17));
#8897=CARTESIAN_POINT('',(-3.1438384467855,2.15498910005599,-4.98447141781888));
#8898=DIRECTION('',(-5.53362847505955E-26,-1.0,-6.12352463980419E-17));
#8899=DIRECTION('',(-0.999999999818755,-1.16581433406547E-21,1.90391929310093E-05));
#8900=DIRECTION('',(0.0174524064372837,0.999847695156391,6.12230139754066E-17));
#8901=DIRECTION('',(1.52655665885959E-16,1.0,6.12323399573676E-17));
#8902=DIRECTION('',(-1.0,1.52655665885959E-16,1.79207882938438E-29));
#8903=DIRECTION('',(-1.0,1.52655665885959E-16,1.79207882938438E-29));
#8904=CARTESIAN_POINT('',(2.92810426953453,0.92523067224301,-3.17170451817795));
#8905=DIRECTION('',(-0.999847695156391,0.0174524064372837,2.27965565041607E-18));
#8906=DIRECTION('',(-0.0174524064372837,-0.999847695156391,-1.3060138474267E-16));
#8907=CARTESIAN_POINT('',(3.89787949752153,0.92523067224301,-3.17170451817795));
#8908=DIRECTION('',(-1.0,-1.09675943404193E-45,1.79114408302139E-29));
#8909=DIRECTION('',(0.0,-1.0,-6.12323399573676E-17));
#8910=DIRECTION('',(6.45150719096793E-17,0.422618260090597,-0.906307787806105));
#8911=DIRECTION('',(1.0,-1.52655665885959E-16,-1.79312811541198E-29));
#8912=DIRECTION('',(0.00737662846322199,0.422606761622352,-0.906283129261261));
#8913=DIRECTION('',(-1.7918405345202E-29,6.12323399573676E-17,-1.0));
#8914=DIRECTION('',(-1.21118843621475E-18,-6.12323399573676E-17,1.0));
#8915=DIRECTION('',(1.21118843623952E-18,-6.12323399573676E-17,1.0));
#8916=DIRECTION('',(1.7918405345202E-29,-6.12323399573676E-17,1.0));
#8917=CARTESIAN_POINT('',(3.14386997810649,2.15498910005599,-4.98447141781888));
#8918=DIRECTION('',(-1.52655665830627E-16,-1.0,-6.12352462873632E-17));
#8919=DIRECTION('',(1.90384679085739E-05,6.12323399462704E-17,-0.999999999818768));
#8920=DIRECTION('',(1.52655665885959E-16,1.0,6.12323399573676E-17));
#8921=CARTESIAN_POINT('',(3.14386997810649,-5.24500328470201,-4.98447141781988));
#8922=DIRECTION('',(-1.52655665830627E-16,-1.0,-6.12352462873632E-17));
#8923=DIRECTION('',(1.90384679085739E-05,6.12323399462704E-17,-0.999999999818768));
#8924=DIRECTION('',(-1.7918405345202E-29,6.12323399573676E-17,-1.0));
#8925=DIRECTION('',(1.7918405345202E-29,-6.12323399573676E-17,1.0));
#8926=DIRECTION('',(-1.21118843623952E-18,6.12323399573676E-17,-1.0));
#8927=DIRECTION('',(1.21118843621475E-18,6.12323399573676E-17,-1.0));
#8928=DIRECTION('',(1.0,0.0,0.0));
#8929=DIRECTION('',(1.0,0.0,0.0));
#8930=PRESENTATION_LAYER_ASSIGNMENT('','',(#99,#101,#103,#105,#111,#113,#115,#117,#119,#121,#123,#129,#131,#133,#135,#137,#139,#141,#147,#149,#151,#153,#155,#157,#159,#165,#167,#169,#171,#173,#175,#177,#179,#181,#183,#185,#187,#189,#191,#193,#199,#201,#203,#205,#207,#209,#211,#213,#215,#217,#219,#221,#223,#225,#227,#233,#235,#237,#239,#241,#243,#245,#247,#717,#718,#719,#720,#721,#722,#723,#724,#725,#726,#727,#728,#729,#730,#731,#732,#733,#734,#735,#736,#737,#738,#739,#740,#741,#742,#743,#744,#745,#746,#747,#748,#749,#750,#751,#752,#753,#754,#755,#756,#757,#758,#759,#760,#761,#762,#763,#764,#765,#766,#767,#768,#769,#770,#771,#772,#773,#774,#775,#776,#777,#778,#779,#780,#781,#782,#783,#784,#785,#786,#787,#788,#789,#790,#791,#792,#793,#794,#795,#796,#797,#798,#799,#800,#801,#802,#803,#804,#805,#806,#807,#808,#809,#810,#811,#812,#813,#814,#815,#816,#817,#818,#819,#820,#821,#822,#823,#824,#825,#826,#827,#828,#829,#830,#831,#832,#833,#834,#835,#836,#837,#838,#839,#840,#841,#842,#843,#844,#845,#846,#847,#848,#849,#850,#851,#852,#853,#854,#855,#856,#857,#858,#859,#860,#861,#862,#863,#864,#865,#866,#867,#868,#869,#870,#871,#872,#873,#874,#875,#876,#877,#878,#879,#880,#881,#882,#883,#884,#885,#886,#887,#888,#889,#890,#891,#892,#893,#894,#895,#896,#897,#898,#899,#900,#901,#902,#903,#904,#905,#906,#907,#908,#909,#910,#911,#912,#1955,#1956,#1957,#1960,#1961,#1962,#1965,#1966,#1967,#1970,#1971,#1972,#1975,#1976,#1977,#1980,#1981,#1983,#1984,#1985,#1986,#1988,#1989,#1990,#1992,#1993,#1995,#2004,#2005,#2006,#2009,#2010,#2012,#2013,#2014,#2015,#2017,#2018,#2019,#2021,#2022,#2024,#2033,#2034,#2035,#2038,#2039,#2041,#2042,#2043,#2044,#2046,#2047,#2048,#2050,#2051,#2053,#2062,#2063,#2068,#2069,#2070,#2071,#2072,#2073,#2074,#2075,#2076,#2079,#2080,#2081,#2082,#2083,#2084,#2085,#2086,#2087,#2091,#2093,#2094,#2095,#2097,#2098,#2099,#2101,#2104,#2105,#2107,#2108,#2110,#2113,#2116,#2121,#2122,#2127,#2128,#2129,#2130,#2131,#2132,#2133,#2134,#2135,#2138,#2139,#2140,#2141,#2142,#2143,#2144,#2145,#2146,#2150,#2152,#2153,#2154,#2156,#2157,#2158,#2160,#2163,#2164,#2166,#2167,#2169,#2172,#2175,#2181,#2182,#2186,#2189,#2193,#2195,#2196,#2197,#2199,#2200,#2202,#2203,#2205,#2618,#2620,#2627,#2629,#2636,#2638,#2645,#2647,#2654,#2656,#2662,#2666,#2667,#2669,#2671,#2676,#2695,#2697,#2703,#2707,#2708,#2710,#2712,#2717,#2736,#2738,#2744,#2748,#2749,#2751,#2753,#2758,#2777,#2779,#2785,#2788,#2790,#2792,#2794,#2796,#2798,#2806,#2808,#2810,#2812,#2814,#2816,#2819,#2826,#2827,#2832,#2843,#2860,#2862,#2868,#2871,#2873,#2875,#2877,#2879,#2881,#2889,#2891,#2893,#2895,#2897,#2899,#2902,#2909,#2910,#2915,#2926,#2943,#2945,#2951,#2957,#2964,#2965,#2970,#2974,#5187,#5189,#5190,#5192,#5194,#5195,#5196,#5197,#5198,#5199,#5200,#5201,#5202,#5203,#5204,#5205,#5206,#5207,#5208,#5209,#5210,#5211,#5212,#5213,#5214,#5215,#5216,#5217,#5218,#5219,#5220,#5221,#5222,#5223,#5224,#5225,#5226,#5227,#5228,#5229,#5230,#5231,#5232,#5233,#5234,#5235,#5236,#5237,#5238,#5239,#5240,#5241,#5242,#5243,#5244,#5245,#5246,#5247,#5248,#5249,#5250,#5251,#5252,#5253,#5254,#5255,#5256,#5257,#5258,#5259,#5260,#5261,#5262,#5263,#5264,#5265,#5266,#5267,#5268,#5269,#5270,#5271,#5272,#5273,#5274,#5275,#5276,#5277,#5278,#5279,#5280,#5281,#5282,#5283,#5284,#5285,#5286,#5287,#5288,#5289,#5290,#5291,#5292,#5293,#5294,#5295,#5296,#5297,#5298,#5299,#5300,#5301,#5302,#5303,#5304,#5305,#5306,#5307,#5308,#5309,#5310,#5311,#5312,#5313,#5314,#5315,#5316,#5317,#5318,#5319,#5320,#5321,#5322,#5323,#5324,#5325,#5326,#5327,#5328,#5329,#5330,#5331,#5332,#5333,#5334,#5335,#5336,#5337,#5338,#5339,#5340,#5341,#5342,#5343,#5344,#5345,#5346,#5347,#5348,#5349,#5350,#5351,#5352,#5353,#5354,#5355,#5356,#5357,#5358,#5359,#5360,#5361,#5362,#5363,#5364,#5365,#5366,#5367,#5368,#5369,#5370,#5371,#5372,#5373,#5374,#5375,#5376,#5377,#5378,#5379,#5380,#5381,#5382,#5383,#5384,#5385,#5386,#5387,#5388,#5389,#5390,#5391,#5392,#5393,#5394,#5395,#5396,#5397,#5398,#5399,#5400,#5401,#5402,#5403,#5404,#5405,#5406,#5407,#5408,#5409,#5410,#5411,#5412,#5413,#5414,#5415,#5416,#5417,#5418,#5419,#5420,#5421,#5422,#5423,#5424,#5425,#5426,#5427,#5428,#5429,#5430,#5431,#5432,#5433,#5434,#5435,#5436,#5437,#5438,#5439,#5440,#5441,#5442,#5443,#5444,#5445,#5446,#5447,#5448,#5449,#5450,#5451,#5452,#5453,#5454,#5455,#5456,#5457,#5458,#5459,#5460,#5461,#5462,#5463,#5464,#5465,#5466,#5467,#5468,#5469,#5470,#5471,#5472,#5473,#5474,#5475,#5476,#5477,#5478,#5479,#5480,#5481,#5482,#5483,#5484,#5485,#5486,#5487,#5488,#5489,#5490,#5491,#5492,#5493,#5494,#5495,#5496,#5497,#5498,#5499,#5500,#5501,#5502,#5503,#5504,#5505,#5506,#5507,#5508,#5509,#5510,#5511,#5512,#5513,#5514,#5515,#5516,#5517,#5518,#5519,#5520,#5521,#5522,#5523,#5524,#5525,#5526,#5527,#5528,#5529,#5530,#5531,#5532,#5533,#5534,#5535,#5536,#5537,#5538,#5539,#5540,#5541,#5542,#5543,#5544,#5545,#5546,#5547,#5548,#5549,#5550,#5551,#5552,#5553,#5554,#5555,#5556,#5557,#5558,#5559,#5560,#5561,#5562,#5563,#5564,#5565,#5566,#5567,#5568,#5569,#5570,#5571,#5572,#5573,#5574,#5575,#5576,#5577,#5578,#5579,#5580,#5581,#5582,#5583,#5584,#5585,#5586,#5587,#5588,#5589,#5590,#5591,#5592,#5593,#5594,#5595,#5596,#5597,#5598,#5599,#5600,#5601,#5602,#5603,#5604,#5605,#5606,#5607,#5608,#5609,#5610,#5611,#5612,#5613,#5614,#5615,#5616,#5617,#5618,#5619,#5620,#5621,#5622,#5623,#5624,#5625,#5626,#5627,#5628,#5629,#5630,#5631,#5632,#5633,#5634,#5635,#5636,#5637,#5638,#5639,#5640,#5641,#5642,#5643,#5644,#5645,#5646,#5647,#5648,#5649,#5650,#5651,#5652,#5653,#5654,#5655,#5656,#5657,#5658,#5659,#5660,#5661,#5662,#5663,#5664,#5665,#5666,#5667,#5668,#5669,#5670,#5671,#5672,#5673,#5674,#5675,#5676,#5677,#5678,#5679,#5680,#5681,#5682,#5683,#5684,#5685,#5686,#5687,#5688,#5689,#5690,#5691,#5692,#5693,#5694,#5695,#5696,#5697,#5698,#5699,#5700,#5701,#5702,#5703,#5704,#5705,#5706,#5707,#5708,#5709,#5710,#5711,#5712,#5713,#5714,#5715,#5716,#5717,#5718,#5719,#5720,#5721,#5722,#5723,#5724,#5976,#5979,#5986,#5987,#5989,#5991,#5993,#5995,#5997,#5999,#6001,#6003,#6005,#6007,#6009,#6011,#6013,#6015,#6017,#6019,#6021,#6023,#6025,#6027,#6029,#6031,#6033,#6035,#6037,#6039,#6041,#6043,#6045,#6047,#6049,#6051,#6053,#6055,#6057,#6059,#6062,#6063,#6065,#6067,#6069,#6074,#6075,#6079,#6081,#6083,#6086,#6088,#6091,#6093,#6095,#6100,#6101,#6105,#6107,#6109,#6112,#6113,#6115,#6117,#6120,#6121,#6123,#6125,#6127,#6130,#6131,#6133,#6135,#6137,#6144,#6146,#6149,#6152,#6155,#6157,#6160,#6163,#6166,#6167,#6169,#6171,#6174,#6175,#6177,#6179,#6182,#6184,#6187,#6190,#6193,#6196,#6199,#6201,#6204,#6207,#6210,#6213,#6216,#6218,#6221,#6224,#6228,#6230,#6234,#6236,#6239,#6241,#6247,#6249,#6255,#6257,#6260,#6262,#6264,#6266,#6269,#6271,#6273,#6275,#6277,#6279,#6281,#6284,#6286,#6290,#6292,#6294,#6296,#6300,#6301,#6303,#6305,#6308,#6309,#6311,#6313,#6315,#6317,#6319,#6321,#6323,#6325,#6327,#6329,#6331,#6333,#6335,#6337,#6340,#6341,#6343,#6345,#6348,#6349,#6351,#6353,#6355,#6357,#6359,#6361,#6363,#6365,#6367,#6369,#6371,#6373,#6375,#6377,#6379,#6381,#6383,#6385,#6387,#6389,#6391,#6393,#6396,#6398,#6403,#6404,#6406,#6408,#6413,#6414,#6418,#6419,#6421,#6424,#6426,#6429,#6432,#6434,#6436,#6438,#6440,#6442,#6444,#6446,#6448,#6450,#6452,#6454,#6458,#6459,#6461,#6463,#6466,#6467,#6487,#6489,#6493,#6495,#6498,#6501,#6505,#6507,#6512,#6514,#6519,#6520,#6522,#6524,#6527,#6528,#6530,#6532,#6536,#6537,#6541,#6543,#6546,#6547,#6549,#6551,#6553,#6555,#6557,#6560,#6562,#6564,#6566,#6568,#6570,#6573,#6576,#6580,#6583,#6585,#6587,#6589,#6591,#6593,#6595,#6597,#6599,#6601,#6603,#6605,#6608,#6609,#6611,#6613,#6616,#6618,#6621,#6622,#6650,#6651,#6655,#6657,#6660,#6661,#6663,#6667,#6673,#6675,#6680,#6682,#6685,#6688,#6693,#6694,#6696,#6698,#6701,#6702,#6704,#6706,#6708,#6711,#6712,#6714,#6716,#6718,#6728,#6730,#6743,#6744,#6746,#6748,#6751,#6752,#6756,#6757,#6761,#6762,#6764,#6766,#6768,#6771,#6774,#6775,#6777,#6779,#6782,#6783,#6789,#6790,#6793,#6796,#6797,#6801,#6803,#6806,#6807,#6812,#6815,#6816,#6818,#6820,#6824,#6826,#6829,#6831,#6834,#6835,#6839,#6841,#6847,#6850));
ENDSEC;
END-ISO-10303-21;
