ISO-10303-21;
HEADER;
FILE_DESCRIPTION (( 'STEP AP214' ),
    '1' );
FILE_NAME ('28800X_5K.STEP',
    '2024-05-21T06:48:06',
    ( '' ),
    ( '' ),
    'SwSTEP 2.0',
    'SolidWorks 2016',
    '' );
FILE_SCHEMA (( 'AUTOMOTIVE_DESIGN' ));
ENDSEC;

DATA;
#1 = VERTEX_POINT ( 'NONE', #3821 ) ;
#2 = ORIENTED_EDGE ( 'NONE', *, *, #4893, .T. ) ;
#3 = DIRECTION ( 'NONE',  ( -0.5877852523040411100, 0.8090169943665427300, -2.087380093768576700E-010 ) ) ;
#4 = CARTESIAN_POINT ( 'NONE',  ( -8.502451639627873100, 2.297199453143446300, 10.96095955101660000 ) ) ;
#5 = VECTOR ( 'NONE', #3592, 1000.000000000000000 ) ;
#6 = ORIENTED_EDGE ( 'NONE', *, *, #5831, .F. ) ;
#7 = VECTOR ( 'NONE', #3572, 1000.000000000000000 ) ;
#8 = CYLINDRICAL_SURFACE ( 'NONE', #921, 11.50000000000000000 ) ;
#9 = ORIENTED_EDGE ( 'NONE', *, *, #2989, .T. ) ;
#10 = EDGE_LOOP ( 'NONE', ( #382, #5591, #6509, #2687 ) ) ;
#11 = CARTESIAN_POINT ( 'NONE',  ( 4.094958296356095300, 7.438526268011929500, 1.300721701513770900 ) ) ;
#12 = LINE ( 'NONE', #3864, #1180 ) ;
#13 = ORIENTED_EDGE ( 'NONE', *, *, #2483, .F. ) ;
#14 = ORIENTED_EDGE ( 'NONE', *, *, #3912, .F. ) ;
#15 = ORIENTED_EDGE ( 'NONE', *, *, #6718, .T. ) ;
#16 = FACE_OUTER_BOUND ( 'NONE', #2154, .T. ) ;
#17 = ORIENTED_EDGE ( 'NONE', *, *, #7136, .T. ) ;
#18 = CARTESIAN_POINT ( 'NONE',  ( 4.540441179240293200, -8.734256422739758100, 7.258252300644444200 ) ) ;
#19 = ORIENTED_EDGE ( 'NONE', *, *, #6962, .F. ) ;
#20 = ORIENTED_EDGE ( 'NONE', *, *, #3952, .F. ) ;
#21 = ADVANCED_FACE ( 'NONE', ( #174 ), #2181, .T. ) ;
#22 = DIRECTION ( 'NONE',  ( -1.000000000000000000, 0.0000000000000000000, 0.0000000000000000000 ) ) ;
#23 = EDGE_CURVE ( 'NONE', #1185, #4938, #6591, .T. ) ;
#24 = CARTESIAN_POINT ( 'NONE',  ( -8.346312680555376700, 4.452964956637058200, 4.402724244647589400 ) ) ;
#25 = ORIENTED_EDGE ( 'NONE', *, *, #4926, .T. ) ;
#26 = EDGE_CURVE ( 'NONE', #6827, #6646, #5856, .T. ) ;
#27 = CARTESIAN_POINT ( 'NONE',  ( -5.403993294443076900, 5.980380534532598900, 1.314579482943366800 ) ) ;
#28 = CARTESIAN_POINT ( 'NONE',  ( -17.93545311535569900, 0.2383990133759980000, 1.399999999999999900 ) ) ;
#29 = EDGE_CURVE ( 'NONE', #768, #1249, #1373, .T. ) ;
#30 = ORIENTED_EDGE ( 'NONE', *, *, #4327, .T. ) ;
#31 = CARTESIAN_POINT ( 'NONE',  ( 9.262507631902627400, -1.470881516736434900, 7.217198224271781400 ) ) ;
#32 = AXIS2_PLACEMENT_3D ( 'NONE', #1137, #6747, #1750 ) ;
#33 = AXIS2_PLACEMENT_3D ( 'NONE', #3118, #5343, #1955 ) ;
#34 = CARTESIAN_POINT ( 'NONE',  ( 9.712662264934785100, -1.615699709043907800, 7.197091453833550600 ) ) ;
#35 = CARTESIAN_POINT ( 'NONE',  ( 1.273058886662290500, 9.208895215474559100, 10.00000000091395500 ) ) ;
#36 = AXIS2_PLACEMENT_3D ( 'NONE', #1940, #4678, #779 ) ;
#37 = CARTESIAN_POINT ( 'NONE',  ( 4.382926523418326800, 8.198437967613587700, 10.00000000000019700 ) ) ;
#38 = CARTESIAN_POINT ( 'NONE',  ( -6.439552097150476100, 7.802187375955942800, 1.583721891830310200 ) ) ;
#39 = CARTESIAN_POINT ( 'NONE',  ( -14.15545311535570100, -0.2383990133759980000, 1.500000000000000000 ) ) ;
#40 = CARTESIAN_POINT ( 'NONE',  ( 4.708131678587038000, -8.299469236363478300, 1.500000000000000400 ) ) ;
#41 = EDGE_LOOP ( 'NONE', ( #2004, #4394, #4752, #1084 ) ) ;
#42 = CARTESIAN_POINT ( 'NONE',  ( 17.83545311535569800, 0.2383990133759980000, 0.0000000000000000000 ) ) ;
#43 = CARTESIAN_POINT ( 'NONE',  ( 9.075849831287063900, -2.222942089085549500E-015, 10.96095955101655100 ) ) ;
#44 = DIRECTION ( 'NONE',  ( -0.02108509656882270500, 0.06489325391253693300, -0.9976694263629244400 ) ) ;
#45 = CARTESIAN_POINT ( 'NONE',  ( 2.431675449003775300, 11.16343300303895200, 0.002475065058876497200 ) ) ;
#46 = ORIENTED_EDGE ( 'NONE', *, *, #6030, .F. ) ;
#47 = ADVANCED_FACE ( 'NONE', ( #2871 ), #8, .T. ) ;
#48 = CARTESIAN_POINT ( 'NONE',  ( 10.70621433777345300, 3.919526854806266100, 1.499995229985134200 ) ) ;
#49 = CARTESIAN_POINT ( 'NONE',  ( -4.382926523418371200, 8.198437967613610800, 10.00000000000040000 ) ) ;
#50 = FACE_BOUND ( 'NONE', #2742, .T. ) ;
#51 = DIRECTION ( 'NONE',  ( -0.8071315206901951100, 0.5864153754750660600, -0.06823280526821749700 ) ) ;
#52 = FACE_OUTER_BOUND ( 'NONE', #2690, .T. ) ;
#53 = LINE ( 'NONE', #5234, #2145 ) ;
#54 = CARTESIAN_POINT ( 'NONE',  ( 8.727250590469587600, -1.137194208998271600, 10.96095955101659800 ) ) ;
#55 = EDGE_LOOP ( 'NONE', ( #6709, #4257, #3528, #5524 ) ) ;
#56 = CARTESIAN_POINT ( 'NONE',  ( 9.582396530331134700, 1.173505123903072800E-015, 0.09711393867844944600 ) ) ;
#57 = CARTESIAN_POINT ( 'NONE',  ( -9.075849831287062100, 18.15169966257412400, 10.96095955101655200 ) ) ;
#58 = EDGE_CURVE ( 'NONE', #2717, #3382, #6596, .T. ) ;
#59 = DIRECTION ( 'NONE',  ( -0.6982542552416095600, 0.7132333124071104100, 0.06114930179295958300 ) ) ;
#60 = PLANE ( 'NONE',  #2490 ) ;
#61 = VERTEX_POINT ( 'NONE', #3288 ) ;
#62 = EDGE_CURVE ( 'NONE', #3464, #3308, #5479, .T. ) ;
#63 = ORIENTED_EDGE ( 'NONE', *, *, #3960, .T. ) ;
#64 = EDGE_LOOP ( 'NONE', ( #332, #2312, #2237, #4396, #4348, #5289, #3405 ) ) ;
#65 = ORIENTED_EDGE ( 'NONE', *, *, #5826, .F. ) ;
#66 = DIRECTION ( 'NONE',  ( -0.0000000000000000000, -0.0000000000000000000, 1.000000000000000000 ) ) ;
#67 = EDGE_LOOP ( 'NONE', ( #5542, #4111, #4084, #2316, #4991, #3302, #5728 ) ) ;
#68 = DIRECTION ( 'NONE',  ( -1.000000000000000000, -2.565879982758370200E-016, 0.0000000000000000000 ) ) ;
#69 = AXIS2_PLACEMENT_3D ( 'NONE', #1662, #6660, #1685 ) ;
#70 = CARTESIAN_POINT ( 'NONE',  ( 9.347013165741021400, 1.914592056565434900, 1.527909983233807900 ) ) ;
#71 = TOROIDAL_SURFACE ( 'NONE', #3307, 2.350000000000000500, 0.1000000000000000100 ) ;
#72 = EDGE_CURVE ( 'NONE', #2480, #3402, #7099, .T. ) ;
#73 = VERTEX_POINT ( 'NONE', #2634 ) ;
#74 = ORIENTED_EDGE ( 'NONE', *, *, #2608, .T. ) ;
#75 = ORIENTED_EDGE ( 'NONE', *, *, #2239, .T. ) ;
#76 = LINE ( 'NONE', #477, #2324 ) ;
#77 = CARTESIAN_POINT ( 'NONE',  ( 0.0000000000000000000, -12.46737528024190000, 0.04999999999999991300 ) ) ;
#78 = DIRECTION ( 'NONE',  ( -0.0000000000000000000, -1.000000000000000000, -0.0000000000000000000 ) ) ;
#79 = ADVANCED_FACE ( 'NONE', ( #1035 ), #3753, .T. ) ;
#80 = CIRCLE ( 'NONE', #2209, 0.1000000000000000100 ) ;
#81 = CARTESIAN_POINT ( 'NONE',  ( -8.687264158721488300, 3.947041289985650200, 1.500000000000000000 ) ) ;
#82 = ORIENTED_EDGE ( 'NONE', *, *, #4000, .T. ) ;
#83 = CARTESIAN_POINT ( 'NONE',  ( -0.6224026678688821000, -10.09724553209300900, 1.583721891830310000 ) ) ;
#84 = ORIENTED_EDGE ( 'NONE', *, *, #6114, .F. ) ;
#85 = CARTESIAN_POINT ( 'NONE',  ( -1.378149009695250700, 7.893286372457178700, 9.818678063566094800 ) ) ;
#86 = VECTOR ( 'NONE', #4222, 1000.000000000000000 ) ;
#87 = VERTEX_POINT ( 'NONE', #1453 ) ;
#88 = CARTESIAN_POINT ( 'NONE',  ( -9.282280378750751700, 1.136751495462538800E-015, 10.49159636633811800 ) ) ;
#89 = CARTESIAN_POINT ( 'NONE',  ( -0.05647524154837250300, 12.46737528024190000, 0.1000000000000000500 ) ) ;
#90 = CARTESIAN_POINT ( 'NONE',  ( 2.407524733388445100, -11.14395595615931900, 1.499995869742101400 ) ) ;
#91 = EDGE_LOOP ( 'NONE', ( #2005, #4921, #5963, #3831 ) ) ;
#92 = FACE_BOUND ( 'NONE', #4464, .T. ) ;
#93 = ORIENTED_EDGE ( 'NONE', *, *, #3446, .F. ) ;
#94 = CARTESIAN_POINT ( 'NONE',  ( 2.506475241548372400, 11.22352804885812300, 0.09057456899981028400 ) ) ;
#95 = LINE ( 'NONE', #1456, #5481 ) ;
#96 = EDGE_LOOP ( 'NONE', ( #5287, #6053, #6156, #5882 ) ) ;
#97 = DIRECTION ( 'NONE',  ( -1.000000000000000000, 0.0000000000000000000, 0.0000000000000000000 ) ) ;
#98 = CARTESIAN_POINT ( 'NONE',  ( -9.341318720806414800, -18.68263744161284000, 11.40000000000000400 ) ) ;
#99 = CARTESIAN_POINT ( 'NONE',  ( 9.348156999473090400, 1.913022274167459400, 1.500000000000000400 ) ) ;
#100 = ORIENTED_EDGE ( 'NONE', *, *, #968, .F. ) ;
#101 = VERTEX_POINT ( 'NONE', #7032 ) ;
#102 = CARTESIAN_POINT ( 'NONE',  ( 8.232826497698171800, -3.106041428246565200, 10.96095955101659800 ) ) ;
#103 = DIRECTION ( 'NONE',  ( 0.0000000000000000000, -1.000000000000000000, 0.0000000000000000000 ) ) ;
#104 = EDGE_CURVE ( 'NONE', #61, #2626, #5328, .T. ) ;
#105 = CARTESIAN_POINT ( 'NONE',  ( 10.70542615555186400, -3.918399013376001200, 0.0000000000000000000 ) ) ;
#106 = EDGE_CURVE ( 'NONE', #1485, #152, #2783, .T. ) ;
#107 = CARTESIAN_POINT ( 'NONE',  ( -1.854246174328446600, -9.870673723679635400, 1.500000151121955600 ) ) ;
#108 = EDGE_CURVE ( 'NONE', #966, #3965, #4531, .T. ) ;
#109 = CARTESIAN_POINT ( 'NONE',  ( -7.295283646310646300, -6.897626796287551300, 1.583721891836908000 ) ) ;
#110 = ADVANCED_FACE ( 'NONE', ( #5402 ), #2043, .T. ) ;
#111 = CARTESIAN_POINT ( 'NONE',  ( 10.76034831308177600, 3.997187852341970600, 1.462340326768346800 ) ) ;
#112 = EDGE_CURVE ( 'NONE', #2707, #6075, #4019, .T. ) ;
#113 = CARTESIAN_POINT ( 'NONE',  ( -5.754503291475949700, 5.575747153425689700, 9.818678063566089500 ) ) ;
#114 = ORIENTED_EDGE ( 'NONE', *, *, #7112, .F. ) ;
#115 = AXIS2_PLACEMENT_3D ( 'NONE', #3647, #830, #6894 ) ;
#116 = B_SPLINE_CURVE_WITH_KNOTS ( 'NONE', 3,
 ( #5058, #1138, #143, #1752, #4520, #1737, #2894, #2381, #1192, #2334, #4542, #5628, #725, #5040, #6750, #3456, #6270, #2943, #5668 ),
 .UNSPECIFIED., .F., .F.,
 ( 4, 3, 3, 3, 3, 3, 4 ),
 ( -2.022960397656675600E-006, 0.0000000000000000000, 4.532732702578368600E-005, 9.059315542185502400E-005, 0.0001208365052368131900, 0.0001489540496505033200, 0.0001772399110286786200 ),
 .UNSPECIFIED. ) ;
#117 = CARTESIAN_POINT ( 'NONE',  ( 3.307900583030532800, -8.153813335714117400, 10.96095955101660000 ) ) ;
#118 = EDGE_LOOP ( 'NONE', ( #6274, #5801, #2816, #6916 ) ) ;
#119 = AXIS2_PLACEMENT_3D ( 'NONE', #286, #2459, #3616 ) ;
#120 = DIRECTION ( 'NONE',  ( 0.1686585251822843000, 0.9852095326774051900, 0.03027339764389993000 ) ) ;
#121 = DIRECTION ( 'NONE',  ( 0.0000000000000000000, 0.0000000000000000000, -1.000000000000000000 ) ) ;
#122 = FACE_OUTER_BOUND ( 'NONE', #3305, .T. ) ;
#123 = CARTESIAN_POINT ( 'NONE',  ( -0.007577507369849770400, -0.002462081392814190100, 1.091359466005290100 ) ) ;
#124 = CARTESIAN_POINT ( 'NONE',  ( 7.301953108523394900, 6.895644224241547900, 1.500000407994915200 ) ) ;
#125 = CARTESIAN_POINT ( 'NONE',  ( -0.2005304789954113200, 1.261826787639178000, 9.528024968268802300 ) ) ;
#126 = CIRCLE ( 'NONE', #6352, 9.296474063777681700 ) ;
#127 = CARTESIAN_POINT ( 'NONE',  ( -4.304370173601465200, -9.069596843242475600, 1.583721891830310000 ) ) ;
#128 = FACE_OUTER_BOUND ( 'NONE', #4061, .T. ) ;
#129 = ORIENTED_EDGE ( 'NONE', *, *, #6605, .F. ) ;
#130 = CARTESIAN_POINT ( 'NONE',  ( -15.98579960646100100, 0.0000000000000000000, 0.04999999999999991300 ) ) ;
#131 = CARTESIAN_POINT ( 'NONE',  ( -8.687268720036661000, 3.950760499518705300, 1.446550831950642400 ) ) ;
#132 = CARTESIAN_POINT ( 'NONE',  ( 2.419806540862553800, 11.15386738644909800, 1.499802504198611800 ) ) ;
#133 = CIRCLE ( 'NONE', #5288, 0.1000000000000000100 ) ;
#134 = ORIENTED_EDGE ( 'NONE', *, *, #4447, .T. ) ;
#135 = EDGE_CURVE ( 'NONE', #542, #362, #4074, .T. ) ;
#136 = CARTESIAN_POINT ( 'NONE',  ( -3.920037381013266500, -7.887618489373409100, 10.96095955101660400 ) ) ;
#137 = CARTESIAN_POINT ( 'NONE',  ( -3.593263992586810400, -7.596889116839490100, 9.806355243554639500 ) ) ;
#138 = ADVANCED_FACE ( 'NONE', ( #3059 ), #4487, .T. ) ;
#139 = EDGE_CURVE ( 'NONE', #2330, #3099, #2743, .T. ) ;
#140 = ORIENTED_EDGE ( 'NONE', *, *, #2721, .T. ) ;
#141 = ORIENTED_EDGE ( 'NONE', *, *, #2438, .F. ) ;
#142 = DIRECTION ( 'NONE',  ( 1.000000000000000000, 1.224646799147353200E-016, 0.0000000000000000000 ) ) ;
#143 = CARTESIAN_POINT ( 'NONE',  ( 2.407524733388447300, -11.14395595615931700, 4.130257898569681800E-006 ) ) ;
#144 = AXIS2_PLACEMENT_3D ( 'NONE', #3112, #2564, #4124 ) ;
#145 = ORIENTED_EDGE ( 'NONE', *, *, #4447, .F. ) ;
#146 = EDGE_CURVE ( 'NONE', #5793, #5463, #2013, .T. ) ;
#147 = CARTESIAN_POINT ( 'NONE',  ( -4.017754111820750000, -6.987542254695109800, 1.314579482943359900 ) ) ;
#148 = FACE_OUTER_BOUND ( 'NONE', #5109, .T. ) ;
#149 = ORIENTED_EDGE ( 'NONE', *, *, #7027, .F. ) ;
#150 = ORIENTED_EDGE ( 'NONE', *, *, #6781, .T. ) ;
#151 = CARTESIAN_POINT ( 'NONE',  ( 0.3177385291145572400, 1.243331648597035400, 9.528024968268802300 ) ) ;
#152 = VERTEX_POINT ( 'NONE', #2574 ) ;
#153 = FACE_OUTER_BOUND ( 'NONE', #1460, .T. ) ;
#154 = ORIENTED_EDGE ( 'NONE', *, *, #6078, .F. ) ;
#155 = AXIS2_PLACEMENT_3D ( 'NONE', #6388, #4755, #2011 ) ;
#156 = LINE ( 'NONE', #4959, #1360 ) ;
#157 = DIRECTION ( 'NONE',  ( 0.0000000000000000000, 0.0000000000000000000, -1.000000000000000000 ) ) ;
#158 = CARTESIAN_POINT ( 'NONE',  ( 2.506475241548370200, 12.46737528024190000, 1.500000000000000000 ) ) ;
#159 = DIRECTION ( 'NONE',  ( 0.0000000000000000000, 1.000000000000000000, 0.0000000000000000000 ) ) ;
#160 = ADVANCED_FACE ( 'NONE', ( #1473 ), #6361, .F. ) ;
#161 = CARTESIAN_POINT ( 'NONE',  ( 0.05647524154837250300, 12.46737528024190000, 0.0000000000000000000 ) ) ;
#162 = LINE ( 'NONE', #4028, #5615 ) ;
#163 = CARTESIAN_POINT ( 'NONE',  ( 5.431344005167218800, -8.534779580532266200, 1.583721891830310200 ) ) ;
#164 = AXIS2_PLACEMENT_3D ( 'NONE', #6277, #4065, #1843 ) ;
#165 = EDGE_LOOP ( 'NONE', ( #6259, #6313, #5385, #5148 ) ) ;
#166 = ORIENTED_EDGE ( 'NONE', *, *, #6248, .F. ) ;
#167 = CARTESIAN_POINT ( 'NONE',  ( 2.480929350730537200, 11.20304034527303600, 1.467324632812861100 ) ) ;
#168 = FACE_OUTER_BOUND ( 'NONE', #258, .T. ) ;
#169 = VERTEX_POINT ( 'NONE', #1959 ) ;
#170 = CYLINDRICAL_SURFACE ( 'NONE', #6787, 10.04342387723020000 ) ;
#171 = AXIS2_PLACEMENT_3D ( 'NONE', #196, #4069, #795 ) ;
#172 = B_SPLINE_CURVE_WITH_KNOTS ( 'NONE', 3,
 ( #3996, #4017, #6708, #5150 ),
 .UNSPECIFIED., .F., .F.,
 ( 4, 4 ),
 ( 0.0000000000000000000, 1.000000000000000000 ),
 .UNSPECIFIED. ) ;
#173 = AXIS2_PLACEMENT_3D ( 'NONE', #1407, #4734, #5317 ) ;
#174 = FACE_OUTER_BOUND ( 'NONE', #6491, .T. ) ;
#175 = ORIENTED_EDGE ( 'NONE', *, *, #747, .T. ) ;
#176 = VECTOR ( 'NONE', #1289, 1000.000000000000100 ) ;
#177 = ORIENTED_EDGE ( 'NONE', *, *, #380, .F. ) ;
#178 = CARTESIAN_POINT ( 'NONE',  ( -8.082742624607037700, -3.479213479469467400, 10.96095955101660200 ) ) ;
#179 = CARTESIAN_POINT ( 'NONE',  ( -6.908002682067800200, -7.016093986180900200, 7.197398076836040400 ) ) ;
#180 = DIRECTION ( 'NONE',  ( 1.000000000000000000, 2.565879982758370200E-016, -0.0000000000000000000 ) ) ;
#181 = ORIENTED_EDGE ( 'NONE', *, *, #3852, .T. ) ;
#182 = VERTEX_POINT ( 'NONE', #5758 ) ;
#183 = CIRCLE ( 'NONE', #2956, 3.680000000000001000 ) ;
#184 = VERTEX_POINT ( 'NONE', #3011 ) ;
#185 = CARTESIAN_POINT ( 'NONE',  ( 4.147544640573130400, 13.53630527304500000, 1.583721891830310000 ) ) ;
#186 = CARTESIAN_POINT ( 'NONE',  ( -8.364782971740078600, -4.056456070781385000, 10.00000000000019900 ) ) ;
#187 = VERTEX_POINT ( 'NONE', #4669 ) ;
#188 = B_SPLINE_CURVE_WITH_KNOTS ( 'NONE', 3,
 ( #5465, #2903, #3429, #2301 ),
 .UNSPECIFIED., .F., .F.,
 ( 4, 4 ),
 ( 0.0000000000000000000, 1.000000000000000000 ),
 .UNSPECIFIED. ) ;
#189 = CARTESIAN_POINT ( 'NONE',  ( -0.6323385755806046900, 1.118778287542264300, 9.528024968268802300 ) ) ;
#190 = SURFACE_STYLE_USAGE ( .BOTH. , #295 ) ;
#191 = CARTESIAN_POINT ( 'NONE',  ( -3.688470398726729100, -7.131748138345108700, 7.006894107161303800 ) ) ;
#192 = VERTEX_POINT ( 'NONE', #5323 ) ;
#193 = DIRECTION ( 'NONE',  ( -4.881252305529689900E-015, -1.000000000000000000, 0.0000000000000000000 ) ) ;
#194 = CARTESIAN_POINT ( 'NONE',  ( 10.74546576924028200, -3.975796725723783200, 0.01741208419829133300 ) ) ;
#195 = ADVANCED_FACE ( 'NONE', ( #2713 ), #1094, .T. ) ;
#196 = CARTESIAN_POINT ( 'NONE',  ( 0.0000000000000000000, 0.0000000000000000000, 9.040507860760520500 ) ) ;
#197 = B_SPLINE_CURVE_WITH_KNOTS ( 'NONE', 3,
 ( #6139, #3931, #1116, #1131 ),
 .UNSPECIFIED., .F., .F.,
 ( 4, 4 ),
 ( 0.0000000000000000000, 1.000000000000000000 ),
 .UNSPECIFIED. ) ;
#198 = DIRECTION ( 'NONE',  ( 0.02108509656882270500, -0.06489325391253693300, -0.9976694263629244400 ) ) ;
#199 = CARTESIAN_POINT ( 'NONE',  ( -8.168228828859115600, -3.272115302485204300, 10.96095955101659800 ) ) ;
#200 = CARTESIAN_POINT ( 'NONE',  ( 5.430390111076357900, 8.535386476485145500, 1.583721891830310200 ) ) ;
#201 = DIRECTION ( 'NONE',  ( 0.0000000000000000000, 0.0000000000000000000, -1.000000000000000000 ) ) ;
#202 = EDGE_CURVE ( 'NONE', #5470, #231, #5305, .T. ) ;
#203 = ADVANCED_FACE ( 'NONE', ( #3327 ), #6859, .F. ) ;
#204 = CARTESIAN_POINT ( 'NONE',  ( -2.480929350730547900, 11.20304034527303500, 1.467324632812860400 ) ) ;
#205 = EDGE_CURVE ( 'NONE', #5682, #740, #4407, .T. ) ;
#206 = CARTESIAN_POINT ( 'NONE',  ( 6.709753309980837500, 7.069326004652212200, 10.00000000000005000 ) ) ;
#207 = CARTESIAN_POINT ( 'NONE',  ( 0.05647524154837235700, 14.81737528024190100, 0.1000000000000000500 ) ) ;
#208 = EDGE_CURVE ( 'NONE', #5611, #5310, #3905, .T. ) ;
#209 = CARTESIAN_POINT ( 'NONE',  ( -0.3930498923786817100, 1.211113586543829800, 9.528024968268802300 ) ) ;
#210 = AXIS2_PLACEMENT_3D ( 'NONE', #3823, #6014, #6031 ) ;
#211 = CARTESIAN_POINT ( 'NONE',  ( 1.273058886655809500, -9.208895215475008600, 10.00000000000019900 ) ) ;
#212 = PLANE ( 'NONE',  #2172 ) ;
#213 = CARTESIAN_POINT ( 'NONE',  ( 10.70660836432594500, -3.920090729836521100, 1.431054687160463700E-005 ) ) ;
#214 = ORIENTED_EDGE ( 'NONE', *, *, #4498, .T. ) ;
#215 = CARTESIAN_POINT ( 'NONE',  ( 13.97579960646100300, 0.0000000000000000000, 1.450000000000000200 ) ) ;
#216 = CARTESIAN_POINT ( 'NONE',  ( 3.593263992586802000, 7.596889116839489200, 9.806355243554735400 ) ) ;
#217 = CARTESIAN_POINT ( 'NONE',  ( -2.486804306410369300, -11.20775513265490500, 1.460284698603322200 ) ) ;
#218 = ORIENTED_EDGE ( 'NONE', *, *, #2951, .F. ) ;
#219 = CARTESIAN_POINT ( 'NONE',  ( 8.346028740444699800, -4.456260126085609800, 4.355618949381399900 ) ) ;
#220 = CIRCLE ( 'NONE', #923, 0.9849999999999999900 ) ;
#221 = CARTESIAN_POINT ( 'NONE',  ( 1.741049694899043300, -8.625292734194975000, 10.96095955101660000 ) ) ;
#222 = CARTESIAN_POINT ( 'NONE',  ( 5.403993294443081300, -5.980380534532600700, 1.314579482943366800 ) ) ;
#223 = CARTESIAN_POINT ( 'NONE',  ( 0.0000000000000000000, 0.0000000000000000000, -1.040834085586084300E-014 ) ) ;
#224 = ADVANCED_FACE ( 'NONE', ( #4496 ), #372, .F. ) ;
#225 = CARTESIAN_POINT ( 'NONE',  ( 0.0000000000000000000, 0.0000000000000000000, 1.500000000000000000 ) ) ;
#226 = CYLINDRICAL_SURFACE ( 'NONE', #5471, 0.09999999999999982500 ) ;
#227 = CARTESIAN_POINT ( 'NONE',  ( -8.690859133221868800, 1.485257981020016600, 9.999999999999998200 ) ) ;
#228 = CARTESIAN_POINT ( 'NONE',  ( -8.813656234363335800, -4.809540731368705300, 1.555811606257887500 ) ) ;
#229 = FACE_OUTER_BOUND ( 'NONE', #6021, .T. ) ;
#230 = ORIENTED_EDGE ( 'NONE', *, *, #1103, .T. ) ;
#231 = VERTEX_POINT ( 'NONE', #5238 ) ;
#232 = CARTESIAN_POINT ( 'NONE',  ( -9.960575687348153900, 1.286563484886234800, 1.499999327185927500 ) ) ;
#233 = CARTESIAN_POINT ( 'NONE',  ( -4.708131678587038000, 8.299469236363478300, 1.500000000000000400 ) ) ;
#234 = PLANE ( 'NONE',  #3381 ) ;
#235 = ADVANCED_FACE ( 'NONE', ( #92, #5819, #3154, #881, #1561, #4583 ), #5787, .F. ) ;
#236 = ORIENTED_EDGE ( 'NONE', *, *, #5715, .F. ) ;
#237 = DIRECTION ( 'NONE',  ( 0.0000000000000000000, -2.710505431213759600E-016, -1.000000000000000000 ) ) ;
#238 = CARTESIAN_POINT ( 'NONE',  ( 1.227244454206029900, 5.385926903508059900, -37.10965223203719900 ) ) ;
#239 = ORIENTED_EDGE ( 'NONE', *, *, #4552, .T. ) ;
#240 = CARTESIAN_POINT ( 'NONE',  ( -0.05647524154837250300, -12.46737528024190000, 1.399999999999999900 ) ) ;
#241 = CARTESIAN_POINT ( 'NONE',  ( 1.558327750901147700, -8.258079982341330400, 9.806355243554747900 ) ) ;
#242 = CARTESIAN_POINT ( 'NONE',  ( -8.870501121520101500, 0.9323767910491189700, 1.500000000000000000 ) ) ;
#243 = ORIENTED_EDGE ( 'NONE', *, *, #5319, .T. ) ;
#244 = CARTESIAN_POINT ( 'NONE',  ( 0.0000000000000000000, 0.0000000000000000000, 1.399999999999999900 ) ) ;
#245 = CARTESIAN_POINT ( 'NONE',  ( -9.728040106252770200, 19.45608021250553700, 10.53140954703218800 ) ) ;
#246 = VERTEX_POINT ( 'NONE', #4214 ) ;
#247 = EDGE_LOOP ( 'NONE', ( #5903, #2790, #579, #2114 ) ) ;
#248 = DIRECTION ( 'NONE',  ( 0.0000000000000000000, -1.000000000000000000, 0.0000000000000000000 ) ) ;
#249 = ORIENTED_EDGE ( 'NONE', *, *, #2078, .T. ) ;
#250 = ORIENTED_EDGE ( 'NONE', *, *, #1620, .T. ) ;
#251 = VECTOR ( 'NONE', #3108, 1000.000000000000200 ) ;
#252 = EDGE_CURVE ( 'NONE', #4908, #3114, #5467, .T. ) ;
#253 = CARTESIAN_POINT ( 'NONE',  ( -1.854392575220045000, 9.870640394675643100, 1.499999327185927500 ) ) ;
#254 = CARTESIAN_POINT ( 'NONE',  ( 0.0000000000000000000, 0.0000000000000000000, 0.0000000000000000000 ) ) ;
#255 = EDGE_CURVE ( 'NONE', #1606, #4377, #6730, .T. ) ;
#256 = CIRCLE ( 'NONE', #907, 2.350000000000000500 ) ;
#257 = ORIENTED_EDGE ( 'NONE', *, *, #1284, .T. ) ;
#258 = EDGE_LOOP ( 'NONE', ( #6597, #6492, #1442, #1994, #4314, #7083, #776 ) ) ;
#259 = EDGE_LOOP ( 'NONE', ( #4598, #3978 ) ) ;
#260 = LINE ( 'NONE', #5941, #5921 ) ;
#261 = LINE ( 'NONE', #6900, #4246 ) ;
#262 = CARTESIAN_POINT ( 'NONE',  ( -10.70621433777345100, 3.919526854806267800, 4.770014865740657600E-006 ) ) ;
#263 = CARTESIAN_POINT ( 'NONE',  ( 8.814626451533147400, -4.811772023100327400, 1.527910242916552500 ) ) ;
#264 = FACE_OUTER_BOUND ( 'NONE', #4565, .T. ) ;
#265 = EDGE_LOOP ( 'NONE', ( #6228, #5474, #6725, #1878, #3315, #3787, #6451 ) ) ;
#266 = ORIENTED_EDGE ( 'NONE', *, *, #1962, .T. ) ;
#267 = AXIS2_PLACEMENT_3D ( 'NONE', #1157, #2802, #4430 ) ;
#268 = CARTESIAN_POINT ( 'NONE',  ( 4.017754111820752700, 6.987542254695108900, 1.314579482943356600 ) ) ;
#269 = CARTESIAN_POINT ( 'NONE',  ( -9.410604482140875900, -3.722653417819565800, 1.499998324696410100 ) ) ;
#270 = VECTOR ( 'NONE', #3351, 1000.000000000000000 ) ;
#271 = ORIENTED_EDGE ( 'NONE', *, *, #3210, .T. ) ;
#272 = CARTESIAN_POINT ( 'NONE',  ( -5.577232510289476000, 4.286122374984270100, 11.40000000005519000 ) ) ;
#273 = CARTESIAN_POINT ( 'NONE',  ( 13.97579960646100300, 0.0000000000000000000, 1.500000000000000000 ) ) ;
#274 = ADVANCED_FACE ( 'NONE', ( #1793 ), #1877, .T. ) ;
#275 = CARTESIAN_POINT ( 'NONE',  ( -3.512462942317206200, -6.094175216222372300, 11.40000000005519200 ) ) ;
#276 = CARTESIAN_POINT ( 'NONE',  ( 7.907246507818890700, -1.481953933797149900, 4.171429039665429900 ) ) ;
#277 = AXIS2_PLACEMENT_3D ( 'NONE', #3266, #3707, #376 ) ;
#278 = DIRECTION ( 'NONE',  ( 0.0000000000000000000, 0.0000000000000000000, -1.000000000000000000 ) ) ;
#279 = VERTEX_POINT ( 'NONE', #5876 ) ;
#280 = DIRECTION ( 'NONE',  ( -1.000000000000000000, 0.0000000000000000000, -0.0000000000000000000 ) ) ;
#281 = ORIENTED_EDGE ( 'NONE', *, *, #575, .F. ) ;
#282 = TOROIDAL_SURFACE ( 'NONE', #505, 3.680000000000000200, 0.1000000000000000100 ) ;
#283 = EDGE_LOOP ( 'NONE', ( #858, #1516, #5114, #885 ) ) ;
#284 = CARTESIAN_POINT ( 'NONE',  ( -9.583550025020290500, -1.775310834413049900, 10.00000000000000000 ) ) ;
#285 = ORIENTED_EDGE ( 'NONE', *, *, #5167, .F. ) ;
#286 = CARTESIAN_POINT ( 'NONE',  ( 0.0000000000000000000, 12.46737528024190000, 1.450000000000000200 ) ) ;
#287 = DIRECTION ( 'NONE',  ( -1.000000000000000000, 0.0000000000000000000, 0.0000000000000000000 ) ) ;
#288 = DIRECTION ( 'NONE',  ( 1.000000000000000000, 2.565879982758370200E-016, 0.0000000000000000000 ) ) ;
#289 = ADVANCED_FACE ( 'NONE', ( #5197 ), #5370, .T. ) ;
#290 = DIRECTION ( 'NONE',  ( -1.000000000000000000, 0.0000000000000000000, 0.0000000000000000000 ) ) ;
#291 = CARTESIAN_POINT ( 'NONE',  ( -9.583550025020278100, -1.775310834413048600, 10.00000000000002500 ) ) ;
#292 = ORIENTED_EDGE ( 'NONE', *, *, #843, .F. ) ;
#293 = CARTESIAN_POINT ( 'NONE',  ( 10.07085426356823100, 0.4336824849037355700, 1.500003561359264400 ) ) ;
#294 = CARTESIAN_POINT ( 'NONE',  ( -0.05647524154837294000, 14.81737528024190100, 1.500000000000000000 ) ) ;
#295 = SURFACE_SIDE_STYLE ('',( #665 ) ) ;
#296 = CARTESIAN_POINT ( 'NONE',  ( 1.848666648172068600, -9.867503286763067600, 1.583721891830310600 ) ) ;
#297 = CARTESIAN_POINT ( 'NONE',  ( 1.069347079257563200, 9.481782023034586600, 1.500000000000000200 ) ) ;
#298 = DIRECTION ( 'NONE',  ( -0.7155392468345581600, -0.6979162612110300100, -0.03027339717723367600 ) ) ;
#299 = CARTESIAN_POINT ( 'NONE',  ( 7.300136510086964000, 6.896288597242300300, 1.527910242916552500 ) ) ;
#300 = CARTESIAN_POINT ( 'NONE',  ( 10.77508558524239900, 4.018399013376000400, 0.1000000000000000500 ) ) ;
#301 = CARTESIAN_POINT ( 'NONE',  ( 1.273058886655809700, -0.1617066577623421100, 9.528024968268800500 ) ) ;
#302 = EDGE_CURVE ( 'NONE', #5553, #4591, #4861, .T. ) ;
#303 = CARTESIAN_POINT ( 'NONE',  ( -2.499976862686795500, 11.21831981095981400, 0.06337339303232367200 ) ) ;
#304 = CARTESIAN_POINT ( 'NONE',  ( -14.15545311535570100, -0.2383990133759980000, 1.399999999999999900 ) ) ;
#305 = CARTESIAN_POINT ( 'NONE',  ( 0.9849999999999999900, -12.46737528024190000, 1.450000000000000200 ) ) ;
#306 = CARTESIAN_POINT ( 'NONE',  ( -7.302051962268437000, 6.895531216981432000, 1.499999327185927300 ) ) ;
#307 = CARTESIAN_POINT ( 'NONE',  ( 4.305666286085720000, -9.069710950954078800, 1.583721891836908000 ) ) ;
#308 = EDGE_CURVE ( 'NONE', #1478, #6143, #5623, .T. ) ;
#309 = ORIENTED_EDGE ( 'NONE', *, *, #5547, .T. ) ;
#310 = CARTESIAN_POINT ( 'NONE',  ( -8.828588361935580100, 0.0000000000000000000, 11.40000000000000000 ) ) ;
#311 = EDGE_CURVE ( 'NONE', #1910, #3310, #3830, .T. ) ;
#312 = CARTESIAN_POINT ( 'NONE',  ( 8.796756363386865700, 4.196812733975959600, 10.00000000000000400 ) ) ;
#313 = CARTESIAN_POINT ( 'NONE',  ( -4.382926523418326800, -8.198437967613587700, 10.00000000000019700 ) ) ;
#314 = VERTEX_POINT ( 'NONE', #2588 ) ;
#315 = CARTESIAN_POINT ( 'NONE',  ( -14.15545311535570100, 4.018399013376000400, 1.500000000000000000 ) ) ;
#316 = AXIS2_PLACEMENT_3D ( 'NONE', #4384, #5515, #3893 ) ;
#317 = CARTESIAN_POINT ( 'NONE',  ( -0.5385535286128027000, 8.799202302674903100, 10.96095955101659800 ) ) ;
#318 = CARTESIAN_POINT ( 'NONE',  ( -1.273058886655809500, 9.208895215475008600, 10.00000000000019900 ) ) ;
#319 = FACE_BOUND ( 'NONE', #64, .T. ) ;
#320 = CARTESIAN_POINT ( 'NONE',  ( 4.005263367321210100, 8.657911642788459300, 1.583721891830310000 ) ) ;
#321 = ADVANCED_FACE ( 'NONE', ( #3475 ), #1504, .T. ) ;
#322 = CARTESIAN_POINT ( 'NONE',  ( 9.834474268989341200, 1.457933743389260700, 4.452826264591950100 ) ) ;
#323 = DIRECTION ( 'NONE',  ( -0.0000000000000000000, -0.0000000000000000000, 1.000000000000000000 ) ) ;
#324 = CARTESIAN_POINT ( 'NONE',  ( 14.15545311535570100, 3.918399013375997600, 0.1000000000000000500 ) ) ;
#325 = CARTESIAN_POINT ( 'NONE',  ( 11.96579960646100300, 0.0000000000000000000, 1.500000000000000000 ) ) ;
#326 = AXIS2_PLACEMENT_3D ( 'NONE', #3355, #6699, #1076 ) ;
#327 = CARTESIAN_POINT ( 'NONE',  ( 1.176226623769494100, -0.4874434290133336500, 9.528024968268800500 ) ) ;
#328 = LINE ( 'NONE', #4205, #4534 ) ;
#329 = CIRCLE ( 'NONE', #1049, 11.40000000000000000 ) ;
#330 = CARTESIAN_POINT ( 'NONE',  ( 7.001883768800899700, 6.482385147186370500, 1.499999999999970000 ) ) ;
#331 = CARTESIAN_POINT ( 'NONE',  ( -7.372351021457740600, -4.033944817469141200, 9.806355243554735400 ) ) ;
#332 = ORIENTED_EDGE ( 'NONE', *, *, #6812, .F. ) ;
#333 = CARTESIAN_POINT ( 'NONE',  ( 5.526058837415861000, -5.846652975923636800, 4.172194580287863300 ) ) ;
#334 = CARTESIAN_POINT ( 'NONE',  ( -8.346028740444690900, 4.456260126085609800, 4.355618949381399900 ) ) ;
#335 = LINE ( 'NONE', #5686, #6629 ) ;
#336 = VERTEX_POINT ( 'NONE', #2307 ) ;
#337 = DIRECTION ( 'NONE',  ( 0.0000000000000000000, 0.0000000000000000000, -1.000000000000000000 ) ) ;
#338 = CARTESIAN_POINT ( 'NONE',  ( -10.70660836432594300, 3.920090729836520600, 1.431054687159188000E-005 ) ) ;
#339 = CARTESIAN_POINT ( 'NONE',  ( 0.0000000000000000000, 0.0000000000000000000, 10.96095955099168900 ) ) ;
#340 = VERTEX_POINT ( 'NONE', #6716 ) ;
#341 = CARTESIAN_POINT ( 'NONE',  ( 0.0000000000000000000, -12.46737528024190000, 1.500000000000000000 ) ) ;
#342 = ORIENTED_EDGE ( 'NONE', *, *, #2608, .F. ) ;
#343 = CARTESIAN_POINT ( 'NONE',  ( 8.625292734195152600, 1.741049694898483700, 10.96095955101659800 ) ) ;
#344 = CARTESIAN_POINT ( 'NONE',  ( -4.711548903495387500, 8.294749881360964100, 1.583721891830319300 ) ) ;
#345 = B_SPLINE_CURVE_WITH_KNOTS ( 'NONE', 3,
 ( #6447, #2061, #4792, #2601 ),
 .UNSPECIFIED., .F., .F.,
 ( 4, 4 ),
 ( 0.0000000000000000000, 1.000000000000000000 ),
 .UNSPECIFIED. ) ;
#346 = CARTESIAN_POINT ( 'NONE',  ( -10.70542615555186900, -3.918399013375990100, 0.0000000000000000000 ) ) ;
#347 = ORIENTED_EDGE ( 'NONE', *, *, #7059, .F. ) ;
#348 = CARTESIAN_POINT ( 'NONE',  ( 9.956331755326141700, 1.292237160460798700, 1.583721891836908300 ) ) ;
#349 = DIRECTION ( 'NONE',  ( -0.05520149882931112100, -0.04010623676775390600, -0.9976694263629244400 ) ) ;
#350 = CARTESIAN_POINT ( 'NONE',  ( -0.05647524154837250300, 12.46737528024190000, 1.399999999999999900 ) ) ;
#351 = ORIENTED_EDGE ( 'NONE', *, *, #23, .T. ) ;
#352 = ORIENTED_EDGE ( 'NONE', *, *, #5772, .T. ) ;
#353 = VERTEX_POINT ( 'NONE', #595 ) ;
#354 = LINE ( 'NONE', #679, #6738 ) ;
#355 = VERTEX_POINT ( 'NONE', #1161 ) ;
#356 = CYLINDRICAL_SURFACE ( 'NONE', #5894, 0.1000000000000000100 ) ;
#357 = EDGE_CURVE ( 'NONE', #4276, #4867, #7116, .T. ) ;
#358 = CARTESIAN_POINT ( 'NONE',  ( -2.407524733388453500, 11.14395595615931500, 4.130257898574948600E-006 ) ) ;
#359 = DIRECTION ( 'NONE',  ( -1.000000000000000000, 0.0000000000000000000, 0.0000000000000000000 ) ) ;
#360 = CARTESIAN_POINT ( 'NONE',  ( -1.659090514880829900, -9.314605129102462300, 4.355618949381399900 ) ) ;
#361 = FACE_OUTER_BOUND ( 'NONE', #5203, .T. ) ;
#362 = VERTEX_POINT ( 'NONE', #2331 ) ;
#363 = ORIENTED_EDGE ( 'NONE', *, *, #2806, .F. ) ;
#364 = CARTESIAN_POINT ( 'NONE',  ( -0.7372235179479779100, -1.044549484812605600, 9.528024968268804100 ) ) ;
#365 = FACE_OUTER_BOUND ( 'NONE', #3889, .T. ) ;
#366 = ORIENTED_EDGE ( 'NONE', *, *, #3451, .F. ) ;
#367 = EDGE_CURVE ( 'NONE', #2247, #5810, #6914, .T. ) ;
#368 = CARTESIAN_POINT ( 'NONE',  ( 14.15545311535570100, 3.918399013376000300, 0.1000000000000000100 ) ) ;
#369 = CARTESIAN_POINT ( 'NONE',  ( -10.70660836432594800, -3.920090729836509100, 1.499985689453128500 ) ) ;
#370 = FACE_OUTER_BOUND ( 'NONE', #1612, .T. ) ;
#371 = EDGE_CURVE ( 'NONE', #2291, #3888, #3293, .T. ) ;
#372 = CYLINDRICAL_SURFACE ( 'NONE', #1514, 1.959999999999998200 ) ;
#373 = VERTEX_POINT ( 'NONE', #5057 ) ;
#374 = CARTESIAN_POINT ( 'NONE',  ( 1.854392575220044300, -9.870640394675644900, 1.499999327185927500 ) ) ;
#375 = CARTESIAN_POINT ( 'NONE',  ( 9.960575687348157500, -1.286563484886235700, 1.499999327185927300 ) ) ;
#376 = DIRECTION ( 'NONE',  ( 1.000000000000000000, 0.0000000000000000000, -3.566439811163627100E-016 ) ) ;
#377 = LINE ( 'NONE', #1933, #4174 ) ;
#378 = VERTEX_POINT ( 'NONE', #105 ) ;
#379 = CARTESIAN_POINT ( 'NONE',  ( -10.75593189793139400, -3.990836622469768400, 0.03045231266407513400 ) ) ;
#380 = EDGE_CURVE ( 'NONE', #4156, #7047, #5097, .T. ) ;
#381 = ORIENTED_EDGE ( 'NONE', *, *, #696, .F. ) ;
#382 = ORIENTED_EDGE ( 'NONE', *, *, #2078, .F. ) ;
#383 = AXIS2_PLACEMENT_3D ( 'NONE', #1471, #4741, #3740 ) ;
#384 = CARTESIAN_POINT ( 'NONE',  ( 1.369481536024446100, 8.692426185882675700, 10.96095955101660200 ) ) ;
#385 = LINE ( 'NONE', #6865, #1483 ) ;
#386 = CARTESIAN_POINT ( 'NONE',  ( -4.710410241445402800, 8.296323177758791800, 1.555817281656205900 ) ) ;
#387 = ORIENTED_EDGE ( 'NONE', *, *, #4890, .T. ) ;
#388 = CARTESIAN_POINT ( 'NONE',  ( 8.870501121520101500, -0.9323767910491179700, 1.500000000000000000 ) ) ;
#389 = ORIENTED_EDGE ( 'NONE', *, *, #2946, .T. ) ;
#390 = DIRECTION ( 'NONE',  ( 0.0000000000000000000, 0.0000000000000000000, 1.000000000000000000 ) ) ;
#391 = DIRECTION ( 'NONE',  ( -1.000000000000000000, -8.881784197001252300E-016, 0.0000000000000000000 ) ) ;
#392 = CARTESIAN_POINT ( 'NONE',  ( -2.506475241548370200, -12.46737528024190000, 0.1000000000000000500 ) ) ;
#393 = VERTEX_POINT ( 'NONE', #3979 ) ;
#394 = CARTESIAN_POINT ( 'NONE',  ( -2.505086847574673000, -11.22241564728741300, 0.08101627601734966200 ) ) ;
#395 = CARTESIAN_POINT ( 'NONE',  ( 9.710146074784122000, 1.189149930973760800E-015, 11.04382756442191400 ) ) ;
#396 = DIRECTION ( 'NONE',  ( -0.0000000000000000000, -0.0000000000000000000, 1.000000000000000000 ) ) ;
#397 = CARTESIAN_POINT ( 'NONE',  ( -1.378149009695250000, 7.893286372457178700, 9.818678063566089500 ) ) ;
#398 = DIRECTION ( 'NONE',  ( -1.000000000000000000, 0.0000000000000000000, -0.0000000000000000000 ) ) ;
#399 = CARTESIAN_POINT ( 'NONE',  ( 0.0000000000000000000, 0.0000000000000000000, 0.0000000000000000000 ) ) ;
#400 = B_SPLINE_CURVE_WITH_KNOTS ( 'NONE', 3,
 ( #4825, #3090, #4773, #5251 ),
 .UNSPECIFIED., .F., .F.,
 ( 4, 4 ),
 ( 0.0000000000000000000, 1.000000000000000000 ),
 .UNSPECIFIED. ) ;
#401 = DIRECTION ( 'NONE',  ( 0.1669066611840458200, 0.9859727006628501400, 0.0000000000000000000 ) ) ;
#402 = DIRECTION ( 'NONE',  ( -1.427627652107751600E-011, 1.000000000000000000, -2.087413022659237400E-010 ) ) ;
#403 = DIRECTION ( 'NONE',  ( -1.000000000000000000, 0.0000000000000000000, 0.0000000000000000000 ) ) ;
#404 = CARTESIAN_POINT ( 'NONE',  ( -10.70621433777345300, -3.919526854806259400, 4.770014865751525000E-006 ) ) ;
#405 = CARTESIAN_POINT ( 'NONE',  ( 8.082742624606941800, 3.479213479469616100, 10.96095955101660200 ) ) ;
#406 = CARTESIAN_POINT ( 'NONE',  ( -8.814399537076962300, 4.806743149136326400, 1.583721891836908300 ) ) ;
#407 = CARTESIAN_POINT ( 'NONE',  ( 0.0000000000000000000, 0.0000000000000000000, 10.49159636633811800 ) ) ;
#408 = CARTESIAN_POINT ( 'NONE',  ( 1.193613923078450000E-015, -9.746597336550346200, 10.00000000000000900 ) ) ;
#409 = EDGE_CURVE ( 'NONE', #5132, #3417, #774, .T. ) ;
#410 = EDGE_CURVE ( 'NONE', #5560, #1481, #606, .T. ) ;
#411 = ORIENTED_EDGE ( 'NONE', *, *, #747, .F. ) ;
#412 = CARTESIAN_POINT ( 'NONE',  ( -2.406475241548371400, -11.14310894283165100, 0.0000000000000000000 ) ) ;
#413 = EDGE_CURVE ( 'NONE', #6577, #6213, #3569, .T. ) ;
#414 = CARTESIAN_POINT ( 'NONE',  ( 0.8567429313974690400, -8.014617047227060800, 1.314579482943359900 ) ) ;
#415 = CARTESIAN_POINT ( 'NONE',  ( 1.854392572402110000, 9.359963765724719700, 1.499999999999970000 ) ) ;
#416 = CARTESIAN_POINT ( 'NONE',  ( 8.687267378389877900, -3.949520723157242200, 1.464368314612603000 ) ) ;
#417 = ORIENTED_EDGE ( 'NONE', *, *, #2483, .T. ) ;
#418 = DIRECTION ( 'NONE',  ( 0.0000000000000000000, -0.0000000000000000000, 1.000000000000000000 ) ) ;
#419 = AXIS2_PLACEMENT_3D ( 'NONE', #5535, #6632, #22 ) ;
#420 = CARTESIAN_POINT ( 'NONE',  ( -14.15545311535570100, -0.2383990133759980000, 1.500000000000000000 ) ) ;
#421 = DIRECTION ( 'NONE',  ( -1.000000000000000000, -1.224646799147363800E-016, 0.0000000000000000000 ) ) ;
#422 = LINE ( 'NONE', #2494, #5156 ) ;
#423 = CARTESIAN_POINT ( 'NONE',  ( -10.74546576924028500, -3.975796725723771200, 0.01741208419829144000 ) ) ;
#424 = CARTESIAN_POINT ( 'NONE',  ( 5.792190291769276000, 6.651767640865437600, 10.96095955101660000 ) ) ;
#425 = CARTESIAN_POINT ( 'NONE',  ( -8.339870583656129100, 1.595905741786221200, 1.300721701513774200 ) ) ;
#426 = LINE ( 'NONE', #1061, #828 ) ;
#427 = CIRCLE ( 'NONE', #4107, 9.539474233726782200 ) ;
#428 = AXIS2_PLACEMENT_3D ( 'NONE', #6493, #337, #3193 ) ;
#429 = CARTESIAN_POINT ( 'NONE',  ( -0.2097807036622164600, 1.602606525750616100, 9.040507860752555300 ) ) ;
#430 = ORIENTED_EDGE ( 'NONE', *, *, #1398, .F. ) ;
#431 = ORIENTED_EDGE ( 'NONE', *, *, #2753, .T. ) ;
#432 = DIRECTION ( 'NONE',  ( 0.0000000000000000000, 0.0000000000000000000, 1.000000000000000000 ) ) ;
#433 = EDGE_LOOP ( 'NONE', ( #2897, #6998, #3887, #5896 ) ) ;
#434 = ORIENTED_EDGE ( 'NONE', *, *, #3879, .T. ) ;
#435 = CARTESIAN_POINT ( 'NONE',  ( 2.506475241548370200, 12.46737528024190000, 1.399999999999999900 ) ) ;
#436 = ORIENTED_EDGE ( 'NONE', *, *, #5018, .F. ) ;
#437 = DIRECTION ( 'NONE',  ( -1.000000000000000000, 0.0000000000000000000, 0.0000000000000000000 ) ) ;
#438 = B_SPLINE_CURVE_WITH_KNOTS ( 'NONE', 3,
 ( #232, #1299, #5866, #1925 ),
 .UNSPECIFIED., .F., .F.,
 ( 4, 4 ),
 ( 0.0000000000000000000, 1.000000000000000000 ),
 .UNSPECIFIED. ) ;
#439 = ORIENTED_EDGE ( 'NONE', *, *, #5329, .F. ) ;
#440 = ORIENTED_EDGE ( 'NONE', *, *, #4538, .T. ) ;
#441 = ORIENTED_EDGE ( 'NONE', *, *, #6966, .T. ) ;
#442 = ORIENTED_EDGE ( 'NONE', *, *, #6287, .T. ) ;
#443 = DIRECTION ( 'NONE',  ( 0.0000000000000000000, 0.0000000000000000000, -1.000000000000000000 ) ) ;
#444 = DIRECTION ( 'NONE',  ( -0.9510565162951537500, -0.3090169943749469000, 0.0000000000000000000 ) ) ;
#445 = LINE ( 'NONE', #4588, #3563 ) ;
#446 = ORIENTED_EDGE ( 'NONE', *, *, #308, .T. ) ;
#447 = ORIENTED_EDGE ( 'NONE', *, *, #6686, .F. ) ;
#448 = ORIENTED_EDGE ( 'NONE', *, *, #23, .F. ) ;
#449 = CARTESIAN_POINT ( 'NONE',  ( 4.421875031054500300, -8.907963360049510700, 4.362828412148360300 ) ) ;
#450 = FACE_OUTER_BOUND ( 'NONE', #96, .T. ) ;
#451 = EDGE_CURVE ( 'NONE', #5968, #1607, #1946, .T. ) ;
#452 = DIRECTION ( 'NONE',  ( -0.02886061321550570400, 0.0000000000000000000, -0.9995834457436881800 ) ) ;
#453 = VECTOR ( 'NONE', #180, 1000.000000000000000 ) ;
#454 = LINE ( 'NONE', #4695, #526 ) ;
#455 = ORIENTED_EDGE ( 'NONE', *, *, #1037, .F. ) ;
#456 = ORIENTED_EDGE ( 'NONE', *, *, #2207, .F. ) ;
#457 = VECTOR ( 'NONE', #1521, 1000.000000000000000 ) ;
#458 = ORIENTED_EDGE ( 'NONE', *, *, #3851, .T. ) ;
#459 = EDGE_CURVE ( 'NONE', #3965, #5463, #1175, .T. ) ;
#460 = CARTESIAN_POINT ( 'NONE',  ( -4.301719770855267000, 9.075441337996913700, 1.500000407994915000 ) ) ;
#461 = ORIENTED_EDGE ( 'NONE', *, *, #4055, .T. ) ;
#462 = EDGE_CURVE ( 'NONE', #2799, #1135, #1621, .T. ) ;
#463 =( BOUNDED_SURFACE ( )  B_SPLINE_SURFACE ( 3, 3, ( 
 ( #5854, #245, #3161, #2622 ),
 ( #3718, #5942, #2055, #395 ),
 ( #1436, #5352, #5915, #2034 ),
 ( #2593, #4248, #6463, #6986 ) ),
 .UNSPECIFIED., .F., .F., .F. ) 
 B_SPLINE_SURFACE_WITH_KNOTS ( ( 4, 4 ),
 ( 4, 4 ),
 ( 0.0000000000000000000, 1.000000000000000000 ),
 ( 0.0000000000000000000, 1.000000000000000000 ),
 .UNSPECIFIED. ) 
 GEOMETRIC_REPRESENTATION_ITEM ( )  RATIONAL_B_SPLINE_SURFACE ( (
 ( 1.000000000000000000, 0.3333333333333334300, 0.3333333333333334300, 1.000000000000000000),
 ( 0.8128932002257507300, 0.2709644000752503000, 0.2709644000752503000, 0.8128932002257507300),
 ( 0.8128932002257507300, 0.2709644000752503000, 0.2709644000752503000, 0.8128932002257507300),
 ( 1.000000000000000000, 0.3333333333333334300, 0.3333333333333334300, 1.000000000000000000) ) ) 
 REPRESENTATION_ITEM ( '' )  SURFACE ( )  );
#464 = DIRECTION ( 'NONE',  ( -0.0000000000000000000, -0.0000000000000000000, 1.000000000000000000 ) ) ;
#465 = LINE ( 'NONE', #3036, #2549 ) ;
#466 = EDGE_LOOP ( 'NONE', ( #363, #214, #3129, #17, #2618, #2090, #3645 ) ) ;
#467 =( NAMED_UNIT ( * ) PLANE_ANGLE_UNIT ( ) SI_UNIT ( $, .RADIAN. ) );
#468 = AXIS2_PLACEMENT_3D ( 'NONE', #5691, #6215, #635 ) ;
#469 = DIRECTION ( 'NONE',  ( 0.0000000000000000000, 0.0000000000000000000, -1.000000000000000000 ) ) ;
#470 = VERTEX_POINT ( 'NONE', #2359 ) ;
#471 = DIRECTION ( 'NONE',  ( 0.02108509617084559900, 0.06489325404184750900, -0.9976694263629243300 ) ) ;
#472 = CARTESIAN_POINT ( 'NONE',  ( -7.302051962268437000, 6.895531216981432000, 1.499999327185927300 ) ) ;
#473 = ADVANCED_FACE ( 'NONE', ( #6424 ), #4572, .T. ) ;
#474 = AXIS2_PLACEMENT_3D ( 'NONE', #5265, #1942, #3081 ) ;
#475 = CARTESIAN_POINT ( 'NONE',  ( 7.907251905905108700, -1.481905729801556500, 4.172194580287786900 ) ) ;
#476 = DIRECTION ( 'NONE',  ( -1.000000000000000000, 0.0000000000000000000, 0.0000000000000000000 ) ) ;
#477 = CARTESIAN_POINT ( 'NONE',  ( -9.585200466144565100, 0.0000000000000000000, -1.040834085586084300E-014 ) ) ;
#478 = ORIENTED_EDGE ( 'NONE', *, *, #3801, .F. ) ;
#479 = DIRECTION ( 'NONE',  ( 0.0000000000000000000, 0.0000000000000000000, -1.000000000000000000 ) ) ;
#480 = B_SPLINE_CURVE_WITH_KNOTS ( 'NONE', 3,
 ( #2727, #1534, #543, #3818 ),
 .UNSPECIFIED., .F., .F.,
 ( 4, 4 ),
 ( 0.0000000000000000000, 1.000000000000000000 ),
 .UNSPECIFIED. ) ;
#481 = CARTESIAN_POINT ( 'NONE',  ( -5.066010789640962700, 7.194964022683352700, 10.96095955101659700 ) ) ;
#482 = CARTESIAN_POINT ( 'NONE',  ( 8.813283889220521400, 4.807412669862007000, 1.583721891830311100 ) ) ;
#483 = PLANE ( 'NONE',  #5835 ) ;
#484 = CARTESIAN_POINT ( 'NONE',  ( -8.799169842991780400, 1.077587518337380300E-015, 10.96095955101657500 ) ) ;
#485 = CARTESIAN_POINT ( 'NONE',  ( 1.848666648172070400, 0.2383990133759980000, 1.583721891830310000 ) ) ;
#486 = VERTEX_POINT ( 'NONE', #4805 ) ;
#487 = DIRECTION ( 'NONE',  ( -0.9841275813616939800, 0.1665943171102066700, 0.06114930179295887500 ) ) ;
#488 = CARTESIAN_POINT ( 'NONE',  ( 6.709753309980821500, -7.069326004652181100, 10.00000000000000400 ) ) ;
#489 = CARTESIAN_POINT ( 'NONE',  ( 8.687264158721488300, -3.947041289985650200, 1.500000000000000000 ) ) ;
#490 = EDGE_CURVE ( 'NONE', #3965, #340, #864, .T. ) ;
#491 = ORIENTED_EDGE ( 'NONE', *, *, #2443, .T. ) ;
#492 = CARTESIAN_POINT ( 'NONE',  ( -8.780779078423728700, 0.6713748129475998200, 10.96095955101660200 ) ) ;
#493 = EDGE_CURVE ( 'NONE', #1, #1684, #2003, .T. ) ;
#494 = LINE ( 'NONE', #5670, #6877 ) ;
#495 = EDGE_CURVE ( 'NONE', #2160, #5937, #3762, .T. ) ;
#496 = CARTESIAN_POINT ( 'NONE',  ( 5.754503291475950600, -5.575747153425695000, 9.818678063566102000 ) ) ;
#497 = ADVANCED_FACE ( 'NONE', ( #2329 ), #1876, .F. ) ;
#498 =( BOUNDED_CURVE ( )  B_SPLINE_CURVE ( 3, ( #127, #5172, #1868, #4032 ),
 .UNSPECIFIED., .F., .F. ) 
 B_SPLINE_CURVE_WITH_KNOTS ( ( 4, 4 ),
 ( 6.098062368607421600, 6.468196532739837000 ),
 .UNSPECIFIED. ) 
 CURVE ( )  GEOMETRIC_REPRESENTATION_ITEM ( )  RATIONAL_B_SPLINE_CURVE ( ( 1.000000000000000000, 0.9886159392700610800, 0.9886159392700610800, 1.000000000000000000 ) ) 
 REPRESENTATION_ITEM ( '' )  );
#499 = AXIS2_PLACEMENT_3D ( 'NONE', #6411, #6921, #3641 ) ;
#500 = FACE_OUTER_BOUND ( 'NONE', #2089, .T. ) ;
#501 = DIRECTION ( 'NONE',  ( 1.000000000000000000, -0.0000000000000000000, 0.0000000000000000000 ) ) ;
#502 = LINE ( 'NONE', #2116, #4904 ) ;
#503 = APPLICATION_CONTEXT ( 'automotive_design' ) ;
#504 = EDGE_CURVE ( 'NONE', #2546, #6692, #2252, .T. ) ;
#505 = AXIS2_PLACEMENT_3D ( 'NONE', #5256, #2507, #1279 ) ;
#506 = CARTESIAN_POINT ( 'NONE',  ( 4.001413558168930100, -8.662354359223700200, 1.499999999999970000 ) ) ;
#507 = FACE_BOUND ( 'NONE', #5558, .T. ) ;
#508 = ORIENTED_EDGE ( 'NONE', *, *, #3852, .F. ) ;
#509 = AXIS2_PLACEMENT_3D ( 'NONE', #3062, #4685, #3621 ) ;
#510 =( BOUNDED_CURVE ( )  B_SPLINE_CURVE ( 3, ( #2008, #6385, #3080, #5886 ),
 .UNSPECIFIED., .F., .F. ) 
 B_SPLINE_CURVE_WITH_KNOTS ( ( 4, 4 ),
 ( 4.900864036833334900, 4.901444126251046600 ),
 .UNSPECIFIED. ) 
 CURVE ( )  GEOMETRIC_REPRESENTATION_ITEM ( )  RATIONAL_B_SPLINE_CURVE ( ( 1.000000000000000000, 0.9999999719580224800, 0.9999999719580224800, 1.000000000000000000 ) ) 
 REPRESENTATION_ITEM ( '' )  );
#511 = CARTESIAN_POINT ( 'NONE',  ( 0.05254506151973004100, -8.551090793966114500, 9.909339031783243700 ) ) ;
#512 = CARTESIAN_POINT ( 'NONE',  ( 8.148807938013044700, -2.592459052621215200, 9.909339031783243700 ) ) ;
#513 = ORIENTED_EDGE ( 'NONE', *, *, #4650, .F. ) ;
#514 = EDGE_LOOP ( 'NONE', ( #4334, #1060, #5102, #4148 ) ) ;
#515 = ORIENTED_EDGE ( 'NONE', *, *, #6300, .T. ) ;
#516 = DIRECTION ( 'NONE',  ( -1.000000000000000000, 0.0000000000000000000, 0.0000000000000000000 ) ) ;
#517 = ORIENTED_EDGE ( 'NONE', *, *, #2161, .T. ) ;
#518 = ORIENTED_EDGE ( 'NONE', *, *, #3512, .T. ) ;
#519 = ORIENTED_EDGE ( 'NONE', *, *, #5980, .F. ) ;
#520 = VERTEX_POINT ( 'NONE', #2988 ) ;
#521 = VECTOR ( 'NONE', #4187, 1000.000000000000000 ) ;
#522 = ORIENTED_EDGE ( 'NONE', *, *, #5340, .F. ) ;
#523 = CARTESIAN_POINT ( 'NONE',  ( -8.771905018769203400, 4.517463809872992900, 1.583720051449377200 ) ) ;
#524 = FACE_OUTER_BOUND ( 'NONE', #1461, .T. ) ;
#525 = B_SPLINE_SURFACE_WITH_KNOTS ( 'NONE', 3, 1, ( 
 ( #3497, #4085 ),
 ( #1163, #5119 ),
 ( #706, #6754 ),
 ( #2948, #5062 ) ),
 .UNSPECIFIED., .F., .F., .F.,
 ( 4, 4 ),
 ( 2, 2 ),
 ( 0.0000000000000000000, 1.000000000000000000 ),
 ( 0.0000000000000000000, 1.000000000000000000 ),
 .UNSPECIFIED. ) ;
#526 = VECTOR ( 'NONE', #2509, 1000.000000000000100 ) ;
#527 = PRODUCT ( '28800X_5K', '28800X_5K', '', ( #5490 ) ) ;
#528 = ORIENTED_EDGE ( 'NONE', *, *, #4413, .T. ) ;
#529 = ORIENTED_EDGE ( 'NONE', *, *, #6966, .F. ) ;
#530 = CARTESIAN_POINT ( 'NONE',  ( 4.305666286085720000, -9.069710950954078800, 1.583721891836908000 ) ) ;
#531 = FACE_OUTER_BOUND ( 'NONE', #165, .T. ) ;
#532 = ORIENTED_EDGE ( 'NONE', *, *, #1063, .F. ) ;
#533 = FACE_OUTER_BOUND ( 'NONE', #2555, .T. ) ;
#534 = CARTESIAN_POINT ( 'NONE',  ( -5.809047173994702700, 6.193167801626504600, 1.300721701513796200 ) ) ;
#535 = ADVANCED_FACE ( 'NONE', ( #6165 ), #5181, .T. ) ;
#536 = ORIENTED_EDGE ( 'NONE', *, *, #5620, .T. ) ;
#537 = DIRECTION ( 'NONE',  ( 0.0000000000000000000, -1.000000000000000000, 0.0000000000000000000 ) ) ;
#538 = VERTEX_POINT ( 'NONE', #5785 ) ;
#539 = EDGE_CURVE ( 'NONE', #3417, #1634, #454, .T. ) ;
#540 = CARTESIAN_POINT ( 'NONE',  ( -2.506475241548370200, -12.46737528024190000, 0.1000000000000000500 ) ) ;
#541 = VECTOR ( 'NONE', #3790, 1000.000000000000000 ) ;
#542 = VERTEX_POINT ( 'NONE', #3612 ) ;
#543 = CARTESIAN_POINT ( 'NONE',  ( 4.135276001276787700, 8.507798746895977300, 4.411772188215021400 ) ) ;
#544 = EDGE_CURVE ( 'NONE', #5225, #2014, #6008, .T. ) ;
#545 = ORIENTED_EDGE ( 'NONE', *, *, #4964, .T. ) ;
#546 = ORIENTED_EDGE ( 'NONE', *, *, #4045, .T. ) ;
#547 = CYLINDRICAL_SURFACE ( 'NONE', #2998, 0.09999999999999982500 ) ;
#548 = AXIS2_PLACEMENT_3D ( 'NONE', #5806, #3648, #5863 ) ;
#549 = EDGE_CURVE ( 'NONE', #152, #7026, #6238, .T. ) ;
#550 = VERTEX_POINT ( 'NONE', #3552 ) ;
#551 = CARTESIAN_POINT ( 'NONE',  ( -2.407524733388449100, -11.14395595615931700, 4.130257898594638800E-006 ) ) ;
#552 = AXIS2_PLACEMENT_3D ( 'NONE', #6925, #4225, #3192 ) ;
#553 = VERTEX_POINT ( 'NONE', #241 ) ;
#554 = CARTESIAN_POINT ( 'NONE',  ( -1.854246174328446600, -9.870673723679635400, 1.500000151121955600 ) ) ;
#555 = AXIS2_PLACEMENT_3D ( 'NONE', #4136, #4700, #2457 ) ;
#556 = ORIENTED_EDGE ( 'NONE', *, *, #3768, .T. ) ;
#557 = DIRECTION ( 'NONE',  ( 0.0000000000000000000, 0.9987981237380664200, -0.04901334529817547000 ) ) ;
#558 = CARTESIAN_POINT ( 'NONE',  ( -8.328815712564065200, 4.656020010094999300, 1.499999999999968900 ) ) ;
#559 = CARTESIAN_POINT ( 'NONE',  ( -9.075849831287063900, 1.111471044542774700E-015, 10.96095955101655100 ) ) ;
#560 = B_SPLINE_CURVE_WITH_KNOTS ( 'NONE', 3,
 ( #318, #1901, #6373, #6354 ),
 .UNSPECIFIED., .F., .F.,
 ( 4, 4 ),
 ( 0.0000000000000000000, 1.000000000000000000 ),
 .UNSPECIFIED. ) ;
#561 = ADVANCED_FACE ( 'NONE', ( #361 ), #2862, .T. ) ;
#562 = CARTESIAN_POINT ( 'NONE',  ( -2.406999988442832400, -11.14353243821287600, -1.667103652399520400E-029 ) ) ;
#563 = ORIENTED_EDGE ( 'NONE', *, *, #5955, .F. ) ;
#564 = PLANE ( 'NONE',  #5236 ) ;
#565 = CONICAL_SURFACE ( 'NONE', #6366, 10.04342375286479500, 0.03490658503988655600 ) ;
#566 = EDGE_LOOP ( 'NONE', ( #3160, #3578, #6239, #3980 ) ) ;
#567 = CARTESIAN_POINT ( 'NONE',  ( 7.299853126176899700, -6.895751439367323600, 1.527902837829668400 ) ) ;
#568 = FACE_OUTER_BOUND ( 'NONE', #3756, .T. ) ;
#569 = LINE ( 'NONE', #5052, #3628 ) ;
#570 = DIRECTION ( 'NONE',  ( -0.9510565162907324000, -0.3090169943885545100, -2.087418286400279100E-010 ) ) ;
#571 = EDGE_CURVE ( 'NONE', #2637, #2130, #1364, .T. ) ;
#572 = CARTESIAN_POINT ( 'NONE',  ( 8.814596787589520600, -4.813859849427980300, 1.500000000000099900 ) ) ;
#573 = DIRECTION ( 'NONE',  ( 0.9510565162995646700, -0.3090169943613713100, -2.087380093768560200E-010 ) ) ;
#574 = CARTESIAN_POINT ( 'NONE',  ( 10.73259192906139600, -3.957319850291865400, 0.007885025898173853400 ) ) ;
#575 = EDGE_CURVE ( 'NONE', #5211, #5421, #6362, .T. ) ;
#576 = PLANE ( 'NONE',  #4618 ) ;
#577 = EDGE_CURVE ( 'NONE', #4049, #3292, #1025, .T. ) ;
#578 = CIRCLE ( 'NONE', #5648, 9.682354874905504600 ) ;
#579 = ORIENTED_EDGE ( 'NONE', *, *, #6025, .F. ) ;
#580 = ORIENTED_EDGE ( 'NONE', *, *, #6453, .F. ) ;
#581 = CARTESIAN_POINT ( 'NONE',  ( -6.438371598596210000, -7.042376350824223000, 1.499999999999999600 ) ) ;
#582 = AXIS2_PLACEMENT_3D ( 'NONE', #4179, #6343, #287 ) ;
#583 = CARTESIAN_POINT ( 'NONE',  ( -15.98579960646100100, 0.0000000000000000000, 1.450000000000000200 ) ) ;
#584 = ORIENTED_EDGE ( 'NONE', *, *, #2965, .F. ) ;
#585 = EDGE_CURVE ( 'NONE', #5989, #5560, #7086, .T. ) ;
#586 = VERTEX_POINT ( 'NONE', #4632 ) ;
#587 = ORIENTED_EDGE ( 'NONE', *, *, #4427, .T. ) ;
#588 = CARTESIAN_POINT ( 'NONE',  ( 4.565954101409781500, -7.527659499396553300, 10.96095955101660200 ) ) ;
#589 = CARTESIAN_POINT ( 'NONE',  ( -17.83545311535570100, 0.2383990133759980000, 1.399999999999999900 ) ) ;
#590 = B_SPLINE_CURVE_WITH_KNOTS ( 'NONE', 3,
 ( #1409, #4237, #1321, #4189, #3712, #818, #4211, #6904, #920, #5233, #1907, #2474, #3610, #4130, #4692, #1350, #5254, #1386, #941 ),
 .UNSPECIFIED., .F., .F.,
 ( 4, 3, 3, 3, 3, 3, 4 ),
 ( -2.063910598849821800E-006, 4.235164736271501700E-022, 4.607712237522396100E-005, 8.233794638544607900E-005, 0.0001132794572816697200, 0.0001423312277144799100, 0.0001715231681449006000 ),
 .UNSPECIFIED. ) ;
#591 = VERTEX_POINT ( 'NONE', #325 ) ;
#592 = ADVANCED_FACE ( 'NONE', ( #4328 ), #3240, .T. ) ;
#593 = VERTEX_POINT ( 'NONE', #2380 ) ;
#594 = VERTEX_POINT ( 'NONE', #1212 ) ;
#595 = CARTESIAN_POINT ( 'NONE',  ( -0.9849999999999999900, -12.46737528024190000, 0.04999999999999991300 ) ) ;
#596 = ORIENTED_EDGE ( 'NONE', *, *, #2599, .F. ) ;
#597 = B_SPLINE_SURFACE_WITH_KNOTS ( 'NONE', 3, 1, ( 
 ( #4905, #4925 ),
 ( #4385, #2124 ),
 ( #4875, #1566 ),
 ( #7106, #3782 ) ),
 .UNSPECIFIED., .F., .F., .F.,
 ( 4, 4 ),
 ( 2, 2 ),
 ( 0.0000000000000000000, 1.000000000000000000 ),
 ( 0.0000000000000000000, 1.000000000000000000 ),
 .UNSPECIFIED. ) ;
#598 = CYLINDRICAL_SURFACE ( 'NONE', #3725, 0.1000000000000000100 ) ;
#599 = EDGE_LOOP ( 'NONE', ( #4481, #2437, #6933, #5314, #1414, #4393, #5055 ) ) ;
#600 = ORIENTED_EDGE ( 'NONE', *, *, #1747, .T. ) ;
#601 = CARTESIAN_POINT ( 'NONE',  ( -4.304026339104380500, 9.072297124343014800, 1.555816067380029600 ) ) ;
#602 = CARTESIAN_POINT ( 'NONE',  ( -3.307900583030383600, 8.153813335714179500, 10.96095955101659800 ) ) ;
#603 = LINE ( 'NONE', #6886, #6331 ) ;
#604 = TOROIDAL_SURFACE ( 'NONE', #2051, 11.40000000000000000, 0.1000000000000000100 ) ;
#605 = DIRECTION ( 'NONE',  ( 0.0000000000000000000, -1.000000000000000000, 0.0000000000000000000 ) ) ;
#606 = LINE ( 'NONE', #5563, #6655 ) ;
#607 = VERTEX_POINT ( 'NONE', #1914 ) ;
#608 = VERTEX_POINT ( 'NONE', #331 ) ;
#609 = LINE ( 'NONE', #6516, #457 ) ;
#610 = ORIENTED_EDGE ( 'NONE', *, *, #2649, .T. ) ;
#611 = CIRCLE ( 'NONE', #625, 9.296474063777681700 ) ;
#612 = EDGE_LOOP ( 'NONE', ( #3165, #6425, #3494, #3076 ) ) ;
#613 = CYLINDRICAL_SURFACE ( 'NONE', #1728, 0.1000000000000000100 ) ;
#614 = CARTESIAN_POINT ( 'NONE',  ( 8.664321244512667200, -1.534975849004421600, 10.96095955101660000 ) ) ;
#615 = DIRECTION ( 'NONE',  ( 0.0000000000000000000, 0.0000000000000000000, -1.000000000000000000 ) ) ;
#616 = DIRECTION ( 'NONE',  ( 1.000000000000000000, 2.032879073410333100E-016, -0.0000000000000000000 ) ) ;
#617 = CARTESIAN_POINT ( 'NONE',  ( -10.76400018508270600, 4.002441908387537800, 1.454192174694520300 ) ) ;
#618 = ORIENTED_EDGE ( 'NONE', *, *, #577, .T. ) ;
#619 = EDGE_CURVE ( 'NONE', #6892, #7034, #6565, .T. ) ;
#620 = CARTESIAN_POINT ( 'NONE',  ( 9.274295224624092200, 0.0000000000000000000, 10.76816110240663900 ) ) ;
#621 = CARTESIAN_POINT ( 'NONE',  ( -4.301642773626110000, 9.075584423376192000, 1.500000000000099900 ) ) ;
#622 = DIRECTION ( 'NONE',  ( 0.0000000000000000000, 0.0000000000000000000, -1.000000000000000000 ) ) ;
#623 = EDGE_CURVE ( 'NONE', #2942, #5560, #4764, .T. ) ;
#624 = DIRECTION ( 'NONE',  ( -0.0000000000000000000, -0.0000000000000000000, 1.000000000000000000 ) ) ;
#625 = AXIS2_PLACEMENT_3D ( 'NONE', #6321, #1842, #3606 ) ;
#626 = ORIENTED_EDGE ( 'NONE', *, *, #6766, .T. ) ;
#627 = ADVANCED_FACE ( 'NONE', ( #3575 ), #3319, .T. ) ;
#628 = DIRECTION ( 'NONE',  ( 0.9510565162951526400, 0.3090169943749503400, 0.0000000000000000000 ) ) ;
#629 = PLANE ( 'NONE',  #1973 ) ;
#630 = AXIS2_PLACEMENT_3D ( 'NONE', #2791, #3876, #6665 ) ;
#631 = AXIS2_PLACEMENT_3D ( 'NONE', #6906, #3072, #2476 ) ;
#632 = CARTESIAN_POINT ( 'NONE',  ( 5.251061879080070000, -7.063535376498220900, 10.96095955101660200 ) ) ;
#633 = CARTESIAN_POINT ( 'NONE',  ( 9.471857732831329800, -1.133789991550750800, 1.583721891830310000 ) ) ;
#634 = CARTESIAN_POINT ( 'NONE',  ( -10.73259192906139600, 3.957319850291862700, 1.492114974101826900 ) ) ;
#635 = DIRECTION ( 'NONE',  ( -1.000000000000000000, 0.0000000000000000000, 0.0000000000000000000 ) ) ;
#636 = ORIENTED_EDGE ( 'NONE', *, *, #2591, .T. ) ;
#637 = CARTESIAN_POINT ( 'NONE',  ( -4.421875031054500300, 8.907963360049510700, 4.362828412148360300 ) ) ;
#638 = CARTESIAN_POINT ( 'NONE',  ( 2.419806540862554200, -11.15386738644909700, 1.499802504198611800 ) ) ;
#639 = CARTESIAN_POINT ( 'NONE',  ( -2.406475241548430500, 0.2383990133760788600, 0.1000000000000000100 ) ) ;
#640 = EDGE_LOOP ( 'NONE', ( #1796, #5482, #1011, #46 ) ) ;
#641 = LINE ( 'NONE', #4203, #5363 ) ;
#642 = B_SPLINE_CURVE_WITH_KNOTS ( 'NONE', 3,
 ( #4626, #6755, #1782, #124 ),
 .UNSPECIFIED., .F., .F.,
 ( 4, 4 ),
 ( 0.0000000000000000000, 1.000000000000000000 ),
 .UNSPECIFIED. ) ;
#643 = EDGE_CURVE ( 'NONE', #5939, #6688, #5297, .T. ) ;
#644 =( BOUNDED_CURVE ( )  B_SPLINE_CURVE ( 3, ( #3729, #1056, #4979, #6082 ),
 .UNSPECIFIED., .F., .F. ) 
 B_SPLINE_CURVE_WITH_KNOTS ( ( 4, 4 ),
 ( 6.098062368607420700, 6.468196532739837000 ),
 .UNSPECIFIED. ) 
 CURVE ( )  GEOMETRIC_REPRESENTATION_ITEM ( )  RATIONAL_B_SPLINE_CURVE ( ( 1.000000000000000000, 0.9886159392700610800, 0.9886159392700610800, 1.000000000000000000 ) ) 
 REPRESENTATION_ITEM ( '' )  );
#645 = LINE ( 'NONE', #1344, #4456 ) ;
#646 = FACE_OUTER_BOUND ( 'NONE', #5369, .T. ) ;
#647 = CARTESIAN_POINT ( 'NONE',  ( 1.071555336553390100, -8.750235960525687400, 10.96095955101660000 ) ) ;
#648 = ADVANCED_FACE ( 'NONE', ( #3047 ), #6077, .T. ) ;
#649 = DIRECTION ( 'NONE',  ( -1.000000000000000000, 0.0000000000000000000, 0.0000000000000000000 ) ) ;
#650 = CARTESIAN_POINT ( 'NONE',  ( -1.378149009695250700, 7.893286372457178700, 9.818678063566094800 ) ) ;
#651 = EDGE_CURVE ( 'NONE', #3970, #5939, #5044, .T. ) ;
#652 = CARTESIAN_POINT ( 'NONE',  ( 2.506475241548372400, -12.46737528024190000, 1.500000000000000000 ) ) ;
#653 = ORIENTED_EDGE ( 'NONE', *, *, #4647, .F. ) ;
#654 = EDGE_CURVE ( 'NONE', #3963, #4147, #6337, .T. ) ;
#655 = AXIS2_PLACEMENT_3D ( 'NONE', #3420, #616, #1735 ) ;
#656 = DIRECTION ( 'NONE',  ( 0.0000000000000000000, 0.0000000000000000000, -1.000000000000000000 ) ) ;
#657 = VERTEX_POINT ( 'NONE', #3016 ) ;
#658 = ORIENTED_EDGE ( 'NONE', *, *, #3927, .T. ) ;
#659 = CARTESIAN_POINT ( 'NONE',  ( 10.76400018508270600, 4.002441908387537800, 1.454192174694520300 ) ) ;
#660 = CARTESIAN_POINT ( 'NONE',  ( 14.15545311535570300, -3.918399013376000300, 0.0000000000000000000 ) ) ;
#661 = AXIS2_PLACEMENT_3D ( 'NONE', #6148, #6125, #5537 ) ;
#662 = DIRECTION ( 'NONE',  ( 1.000000000000000000, -1.743304394832040000E-015, 0.0000000000000000000 ) ) ;
#663 = B_SPLINE_CURVE_WITH_KNOTS ( 'NONE', 3,
 ( #7158, #3406, #1619, #2805 ),
 .UNSPECIFIED., .F., .F.,
 ( 4, 4 ),
 ( 0.0000000000000000000, 1.000000000000000000 ),
 .UNSPECIFIED. ) ;
#664 = ORIENTED_EDGE ( 'NONE', *, *, #5945, .F. ) ;
#665 = SURFACE_STYLE_FILL_AREA ( #5249 ) ;
#666 = EDGE_LOOP ( 'NONE', ( #3881, #997, #2834, #249 ) ) ;
#667 = ORIENTED_EDGE ( 'NONE', *, *, #6569, .F. ) ;
#668 = AXIS2_PLACEMENT_3D ( 'NONE', #4053, #753, #1234 ) ;
#669 = ORIENTED_EDGE ( 'NONE', *, *, #380, .T. ) ;
#670 = CIRCLE ( 'NONE', #5277, 9.539474233726782200 ) ;
#671 = CYLINDRICAL_SURFACE ( 'NONE', #1922, 10.04342387723020200 ) ;
#672 = CARTESIAN_POINT ( 'NONE',  ( -6.436833851303310500, -6.007045176754060900, 10.96095955101660400 ) ) ;
#673 = DIRECTION ( 'NONE',  ( 0.0000000000000000000, 0.0000000000000000000, 1.000000000000000000 ) ) ;
#674 = VECTOR ( 'NONE', #2030, 1000.000000000000000 ) ;
#675 = CARTESIAN_POINT ( 'NONE',  ( -13.97579960646100300, 0.0000000000000000000, 0.04999999999999991300 ) ) ;
#676 = DIRECTION ( 'NONE',  ( 0.0000000000000000000, 1.079514515332727700E-017, -1.000000000000000000 ) ) ;
#677 = VERTEX_POINT ( 'NONE', #3666 ) ;
#678 = ORIENTED_EDGE ( 'NONE', *, *, #2647, .F. ) ;
#679 = CARTESIAN_POINT ( 'NONE',  ( -6.158039997401948200, 6.309957775935372700, 9.999999999999998200 ) ) ;
#680 = CIRCLE ( 'NONE', #5391, 0.05000000000000000300 ) ;
#681 = EDGE_LOOP ( 'NONE', ( #4138, #6749, #3331, #1701 ) ) ;
#682 = CIRCLE ( 'NONE', #3860, 2.009999999999999800 ) ;
#683 = DIRECTION ( 'NONE',  ( -1.000000000000000000, 0.0000000000000000000, 0.0000000000000000000 ) ) ;
#684 = CARTESIAN_POINT ( 'NONE',  ( -0.3358878296973066300, 1.229253793261798200, 9.528024968268804100 ) ) ;
#685 = VECTOR ( 'NONE', #4877, 1000.000000000000100 ) ;
#686 = ORIENTED_EDGE ( 'NONE', *, *, #5167, .T. ) ;
#687 = CARTESIAN_POINT ( 'NONE',  ( 6.440730674603018200, 7.041613225924392000, 1.464368314612603400 ) ) ;
#688 = FACE_OUTER_BOUND ( 'NONE', #1778, .T. ) ;
#689 = ORIENTED_EDGE ( 'NONE', *, *, #2896, .F. ) ;
#690 = ADVANCED_FACE ( 'NONE', ( #2108 ), #3046, .T. ) ;
#691 = CARTESIAN_POINT ( 'NONE',  ( 0.0000000000000000000, 0.0000000000000000000, 10.96095955091414000 ) ) ;
#692 = ORIENTED_EDGE ( 'NONE', *, *, #6628, .T. ) ;
#693 = ORIENTED_EDGE ( 'NONE', *, *, #1294, .T. ) ;
#694 = CARTESIAN_POINT ( 'NONE',  ( 2.454149153949880100, 11.18152366405608500, 1.488725876222409200 ) ) ;
#695 = VECTOR ( 'NONE', #4108, 1000.000000000000200 ) ;
#696 = EDGE_CURVE ( 'NONE', #3258, #5553, #4673, .T. ) ;
#697 = B_SPLINE_CURVE_WITH_KNOTS ( 'NONE', 3,
 ( #5794, #2485, #4098, #4639 ),
 .UNSPECIFIED., .F., .F.,
 ( 4, 4 ),
 ( 0.0000000000000000000, 0.4999847408604138900 ),
 .UNSPECIFIED. ) ;
#698 = ORIENTED_EDGE ( 'NONE', *, *, #3347, .T. ) ;
#699 = CARTESIAN_POINT ( 'NONE',  ( -4.751401981570389000, -7.406444662521450600, 10.96095955101659800 ) ) ;
#700 = CARTESIAN_POINT ( 'NONE',  ( 1.059365186118820000, -8.424850259276931700, 1.300721701513740000 ) ) ;
#701 = EDGE_CURVE ( 'NONE', #1910, #5421, #3400, .T. ) ;
#702 = ADVANCED_FACE ( 'NONE', ( #264 ), #1708, .T. ) ;
#703 = CARTESIAN_POINT ( 'NONE',  ( -10.70542615555186600, 3.918399013376000300, 1.500000000000000000 ) ) ;
#704 = CARTESIAN_POINT ( 'NONE',  ( 10.77508558524239900, 4.018399013376000400, 1.500000000000000000 ) ) ;
#705 = EDGE_CURVE ( 'NONE', #550, #1586, #5808, .T. ) ;
#706 = CARTESIAN_POINT ( 'NONE',  ( 1.658597443873470100, 9.805806674283569900, 4.362828412148360300 ) ) ;
#707 = CARTESIAN_POINT ( 'NONE',  ( 8.687264158721488300, -3.947041289985650200, 1.500000000000000000 ) ) ;
#708 = DIRECTION ( 'NONE',  ( -1.000000000000000000, 0.0000000000000000000, 0.0000000000000000000 ) ) ;
#709 = EDGE_CURVE ( 'NONE', #3581, #4236, #5282, .T. ) ;
#710 = ORIENTED_EDGE ( 'NONE', *, *, #3561, .F. ) ;
#711 = B_SPLINE_CURVE_WITH_KNOTS ( 'NONE', 3,
 ( #1205, #2836, #70, #99 ),
 .UNSPECIFIED., .F., .F.,
 ( 4, 4 ),
 ( 0.0000000000000000000, 1.000000000000000000 ),
 .UNSPECIFIED. ) ;
#712 = CARTESIAN_POINT ( 'NONE',  ( -0.4481396993334974000, 1.191787380855368500, 9.528024968268804100 ) ) ;
#713 = AXIS2_PLACEMENT_3D ( 'NONE', #3363, #3278, #1635 ) ;
#714 = CARTESIAN_POINT ( 'NONE',  ( 0.02888602821236449900, 0.08890205348357410600, 1.366780907576699900 ) ) ;
#715 = DIRECTION ( 'NONE',  ( -1.000000000000000000, 0.0000000000000000000, 0.0000000000000000000 ) ) ;
#716 = EDGE_CURVE ( 'NONE', #6576, #5689, #1705, .T. ) ;
#717 = CARTESIAN_POINT ( 'NONE',  ( -1.273058886640288500, 1.559047490650122600E-016, 9.528024968288347600 ) ) ;
#718 = AXIS2_PLACEMENT_3D ( 'NONE', #1991, #5873, #3123 ) ;
#719 = AXIS2_PLACEMENT_3D ( 'NONE', #1526, #7035, #421 ) ;
#720 = CARTESIAN_POINT ( 'NONE',  ( -8.646148130704183600, -1.634221832496516100, 10.96095955101660200 ) ) ;
#721 = CARTESIAN_POINT ( 'NONE',  ( -9.960575687348153900, 1.286563484886234800, 1.499999327185927500 ) ) ;
#722 = ORIENTED_EDGE ( 'NONE', *, *, #6924, .F. ) ;
#723 = ADVANCED_FACE ( 'NONE', ( #2694 ), #463, .T. ) ;
#724 = CARTESIAN_POINT ( 'NONE',  ( 2.506475241548376000, 11.22352804885812300, 0.1000000000000000500 ) ) ;
#725 = CARTESIAN_POINT ( 'NONE',  ( 2.491686039226749500, -11.21167105069688200, 0.04766339752129052100 ) ) ;
#726 = LINE ( 'NONE', #660, #4209 ) ;
#727 = CARTESIAN_POINT ( 'NONE',  ( 11.96579960646100300, 0.0000000000000000000, -4.404571325722361800E-017 ) ) ;
#728 = CARTESIAN_POINT ( 'NONE',  ( 2.486804306410369300, -11.20775513265490500, 1.460284698603322200 ) ) ;
#729 = CARTESIAN_POINT ( 'NONE',  ( 1.198106990863998500, 0.4309294683579257800, 9.528024968268800500 ) ) ;
#730 = CIRCLE ( 'NONE', #2453, 0.09999999999999939500 ) ;
#731 = CARTESIAN_POINT ( 'NONE',  ( 8.828588361935580100, 1.081190247843398300E-015, 11.40000000000000000 ) ) ;
#732 = CARTESIAN_POINT ( 'NONE',  ( -4.707404377890504100, 8.300473170794768800, 1.482184704260321100 ) ) ;
#733 = FACE_BOUND ( 'NONE', #2633, .T. ) ;
#734 = CARTESIAN_POINT ( 'NONE',  ( 8.814498047376723400, 4.813827769750987300, 1.499999327185928000 ) ) ;
#735 = DIRECTION ( 'NONE',  ( -1.000000000000000000, 0.0000000000000000000, -0.0000000000000000000 ) ) ;
#736 = ADVANCED_FACE ( 'NONE', ( #4067 ), #5285, .T. ) ;
#737 = CARTESIAN_POINT ( 'NONE',  ( 0.05647524154837250300, -12.46737528024190000, 1.399999999999999900 ) ) ;
#738 = FACE_BOUND ( 'NONE', #6080, .T. ) ;
#739 = VERTEX_POINT ( 'NONE', #3375 ) ;
#740 = VERTEX_POINT ( 'NONE', #5657 ) ;
#741 = CARTESIAN_POINT ( 'NONE',  ( 14.15545311535570100, -0.2383990133759960100, 1.399999999999999900 ) ) ;
#742 = EDGE_CURVE ( 'NONE', #5636, #3164, #5390, .T. ) ;
#743 = EDGE_CURVE ( 'NONE', #3618, #2109, #5460, .T. ) ;
#744 = CARTESIAN_POINT ( 'NONE',  ( -8.639093634219230800, -1.671174263167325900, 10.96095955101660400 ) ) ;
#745 = CARTESIAN_POINT ( 'NONE',  ( -9.801459731783529300, 2.519724650575834600, 1.499998324696410600 ) ) ;
#746 = CARTESIAN_POINT ( 'NONE',  ( 14.15545311535570100, 0.2383990133759980000, 1.399999999999999900 ) ) ;
#747 = EDGE_CURVE ( 'NONE', #3402, #4236, #2853, .T. ) ;
#748 = VERTEX_POINT ( 'NONE', #6685 ) ;
#749 = CARTESIAN_POINT ( 'NONE',  ( -2.408049452698171500, 11.14437940514033600, 1.499987608528536600 ) ) ;
#750 = ORIENTED_EDGE ( 'NONE', *, *, #6601, .T. ) ;
#751 = AXIS2_PLACEMENT_3D ( 'NONE', #5568, #5122, #1392 ) ;
#752 = ORIENTED_EDGE ( 'NONE', *, *, #6237, .F. ) ;
#753 = DIRECTION ( 'NONE',  ( 0.0000000000000000000, 0.0000000000000000000, -1.000000000000000000 ) ) ;
#754 = CARTESIAN_POINT ( 'NONE',  ( 2.506475241548372400, -12.46737528024190000, 0.1000000000000000500 ) ) ;
#755 = CARTESIAN_POINT ( 'NONE',  ( -8.814028013591729000, -4.811668499898075900, 1.527902837829659100 ) ) ;
#756 = ORIENTED_EDGE ( 'NONE', *, *, #1544, .T. ) ;
#757 = VERTEX_POINT ( 'NONE', #4989 ) ;
#758 = DIRECTION ( 'NONE',  ( -0.06823280526820603400, 8.356108656855323900E-018, 0.9976694263558602000 ) ) ;
#759 = ORIENTED_EDGE ( 'NONE', *, *, #1718, .T. ) ;
#760 = AXIS2_PLACEMENT_3D ( 'NONE', #3936, #5010, #3953 ) ;
#761 = CARTESIAN_POINT ( 'NONE',  ( -4.301581747076962600, -9.075500432331432800, 1.499999327185927100 ) ) ;
#762 = CARTESIAN_POINT ( 'NONE',  ( 3.759437029026470300, 7.549087019595501300, 7.001760241560639900 ) ) ;
#763 = CARTESIAN_POINT ( 'NONE',  ( 10.71540506786936600, -3.932679326836670400, 0.0002273043950561353500 ) ) ;
#764 = ADVANCED_FACE ( 'NONE', ( #1014 ), #71, .T. ) ;
#765 = LINE ( 'NONE', #4154, #3231 ) ;
#766 = DIRECTION ( 'NONE',  ( -0.0000000000000000000, -0.0000000000000000000, 1.000000000000000000 ) ) ;
#767 = DIRECTION ( 'NONE',  ( -1.743304394832040000E-015, -1.000000000000000000, 0.0000000000000000000 ) ) ;
#768 = VERTEX_POINT ( 'NONE', #2899 ) ;
#769 = ORIENTED_EDGE ( 'NONE', *, *, #6233, .T. ) ;
#770 = FACE_OUTER_BOUND ( 'NONE', #6319, .T. ) ;
#771 = AXIS2_PLACEMENT_3D ( 'NONE', #3041, #796, #280 ) ;
#772 = AXIS2_PLACEMENT_3D ( 'NONE', #4300, #933, #6521 ) ;
#773 = DIRECTION ( 'NONE',  ( 0.0000000000000000000, 0.0000000000000000000, -1.000000000000000000 ) ) ;
#774 = LINE ( 'NONE', #6680, #4155 ) ;
#775 = ORIENTED_EDGE ( 'NONE', *, *, #5620, .F. ) ;
#776 = ORIENTED_EDGE ( 'NONE', *, *, #5945, .T. ) ;
#777 = CIRCLE ( 'NONE', #4815, 0.4833118613719513700 ) ;
#778 = VERTEX_POINT ( 'NONE', #2882 ) ;
#779 = DIRECTION ( 'NONE',  ( 0.0000000000000000000, 1.000000000000000000, 0.0000000000000000000 ) ) ;
#780 = DIRECTION ( 'NONE',  ( -0.0000000000000000000, -1.000000000000000000, -0.0000000000000000000 ) ) ;
#781 = ADVANCED_FACE ( 'NONE', ( #2521 ), #2060, .T. ) ;
#782 = CARTESIAN_POINT ( 'NONE',  ( 17.93545311535570300, 0.2383990133759984800, 1.399999999999999900 ) ) ;
#783 = ORIENTED_EDGE ( 'NONE', *, *, #1190, .T. ) ;
#784 = CARTESIAN_POINT ( 'NONE',  ( 3.524611352227017900, 7.195858480146379900, 9.818678063566084200 ) ) ;
#785 = DIRECTION ( 'NONE',  ( 1.000000000000000000, -0.0000000000000000000, -0.0000000000000000000 ) ) ;
#786 = CARTESIAN_POINT ( 'NONE',  ( 4.302893965785366400, -9.073912772424403500, 1.527910242916552500 ) ) ;
#787 = FACE_OUTER_BOUND ( 'NONE', #6963, .T. ) ;
#788 = CARTESIAN_POINT ( 'NONE',  ( -7.357605642763089400, -3.291463818695696400, 1.314579482943356400 ) ) ;
#789 = ORIENTED_EDGE ( 'NONE', *, *, #6972, .T. ) ;
#790 = CARTESIAN_POINT ( 'NONE',  ( 7.105542068895469600, 6.958165126051870400, 4.362828412148360300 ) ) ;
#791 = CARTESIAN_POINT ( 'NONE',  ( -6.814173797502443900, -6.561773214922079800, 4.402724244646515600 ) ) ;
#792 = DIRECTION ( 'NONE',  ( 0.0000000000000000000, 0.0000000000000000000, -1.000000000000000000 ) ) ;
#793 = CARTESIAN_POINT ( 'NONE',  ( 7.233333532667528800, 0.0000000000000000000, 10.96095955099168900 ) ) ;
#794 = CARTESIAN_POINT ( 'NONE',  ( 7.904065471588469700, 3.906759880582940000, 10.00000000000000000 ) ) ;
#795 = DIRECTION ( 'NONE',  ( 1.000000000000000000, 0.0000000000000000000, -0.0000000000000000000 ) ) ;
#796 = DIRECTION ( 'NONE',  ( 0.0000000000000000000, 0.0000000000000000000, -1.000000000000000000 ) ) ;
#797 = ORIENTED_EDGE ( 'NONE', *, *, #2812, .T. ) ;
#798 = CARTESIAN_POINT ( 'NONE',  ( -2.502527545159206800, 11.22036427452671100, 0.07217995379132412200 ) ) ;
#799 = CARTESIAN_POINT ( 'NONE',  ( 1.034999999999999900, 12.46737528024190000, 0.04999999999999991300 ) ) ;
#800 = DIRECTION ( 'NONE',  ( 0.0000000000000000000, 0.9978912729212212600, -0.06490768388769380100 ) ) ;
#801 = CARTESIAN_POINT ( 'NONE',  ( 0.0000000000000000000, 0.0000000000000000000, 1.500003561359241500 ) ) ;
#802 = CARTESIAN_POINT ( 'NONE',  ( -1.658576102957968000, 9.805799594413374000, 4.363140449427831400 ) ) ;
#803 = DIRECTION ( 'NONE',  ( -0.0000000000000000000, 0.0000000000000000000, 1.000000000000000000 ) ) ;
#804 = EDGE_CURVE ( 'NONE', #355, #5968, #5797, .T. ) ;
#805 = ADVANCED_FACE ( 'NONE', ( #5706 ), #60, .F. ) ;
#806 = EDGE_CURVE ( 'NONE', #4560, #87, #4853, .T. ) ;
#807 = ORIENTED_EDGE ( 'NONE', *, *, #3924, .T. ) ;
#808 = AXIS2_PLACEMENT_3D ( 'NONE', #6579, #3892, #1709 ) ;
#809 = DIRECTION ( 'NONE',  ( -1.000000000000000000, 0.0000000000000000000, 0.0000000000000000000 ) ) ;
#810 = CARTESIAN_POINT ( 'NONE',  ( 9.410660013322017300, -3.722512963751690100, 1.499998728424691400 ) ) ;
#811 = CARTESIAN_POINT ( 'NONE',  ( -17.93545311535570300, -0.2383990133759980000, 1.399999999999999900 ) ) ;
#812 = AXIS2_PLACEMENT_3D ( 'NONE', #6758, #6780, #5127 ) ;
#813 =( LENGTH_UNIT ( ) NAMED_UNIT ( * ) SI_UNIT ( .MILLI., .METRE. ) );
#814 = CARTESIAN_POINT ( 'NONE',  ( -6.114691259157037700, 5.764964976403904400, 9.806355243554747900 ) ) ;
#815 = CARTESIAN_POINT ( 'NONE',  ( 7.302112984258070800, 6.895615211338871100, 1.500000000000099900 ) ) ;
#816 = VERTEX_POINT ( 'NONE', #5064 ) ;
#817 = ADVANCED_FACE ( 'NONE', ( #2245 ), #2421, .T. ) ;
#818 = CARTESIAN_POINT ( 'NONE',  ( 10.72429309969705200, -3.945414918550420100, 1.497145099891050000 ) ) ;
#819 = DIRECTION ( 'NONE',  ( 0.1456715363807889700, -0.9874414242772050500, -0.06114930179376898400 ) ) ;
#820 = CARTESIAN_POINT ( 'NONE',  ( -6.974445124604784500, 8.541231897676112200E-016, 11.40000000002759600 ) ) ;
#821 = AXIS2_PLACEMENT_3D ( 'NONE', #2093, #5387, #5414 ) ;
#822 = ORIENTED_EDGE ( 'NONE', *, *, #3446, .T. ) ;
#823 = CARTESIAN_POINT ( 'NONE',  ( -5.754503291475944400, 5.575747153425691500, 9.818678063566094800 ) ) ;
#824 = CARTESIAN_POINT ( 'NONE',  ( -9.348887049580653800, -1.912020337300207400, 1.482184704260321300 ) ) ;
#825 = CARTESIAN_POINT ( 'NONE',  ( 2.406475241548372800, 12.46737528024190000, 1.399999999999999900 ) ) ;
#826 = CYLINDRICAL_SURFACE ( 'NONE', #2180, 10.04342387723020000 ) ;
#827 = CARTESIAN_POINT ( 'NONE',  ( -7.932832904285970000, 1.128462034461070100, 9.818678063566089500 ) ) ;
#828 = VECTOR ( 'NONE', #2204, 1000.000000000000100 ) ;
#829 = DIRECTION ( 'NONE',  ( -1.000000000000000000, 0.0000000000000000000, 0.0000000000000000000 ) ) ;
#830 = DIRECTION ( 'NONE',  ( -0.9976694263558594200, 0.0000000000000000000, -0.06823280526821752500 ) ) ;
#831 = DIRECTION ( 'NONE',  ( -0.9989127055984398100, 0.0000000000000000000, -0.04661980903011750400 ) ) ;
#832 = VECTOR ( 'NONE', #3524, 1000.000000000000000 ) ;
#833 = PLANE ( 'NONE',  #2352 ) ;
#834 = DIRECTION ( 'NONE',  ( 1.000000000000000000, -0.0000000000000000000, -0.0000000000000000000 ) ) ;
#835 = DIRECTION ( 'NONE',  ( 0.0000000000000000000, 0.0000000000000000000, -1.000000000000000000 ) ) ;
#836 = DIRECTION ( 'NONE',  ( 0.0000000000000000000, 0.9992128716680942500, 0.03966909493296915500 ) ) ;
#837 = DIRECTION ( 'NONE',  ( 0.0000000000000000000, 0.0000000000000000000, -1.000000000000000000 ) ) ;
#838 = CARTESIAN_POINT ( 'NONE',  ( 4.304370173601465200, 9.069596843242475600, 1.583721891830309800 ) ) ;
#839 = ORIENTED_EDGE ( 'NONE', *, *, #1852, .F. ) ;
#840 = DIRECTION ( 'NONE',  ( -0.9841275813553157500, 0.1665943171241397200, -0.06114930185764869100 ) ) ;
#841 = CARTESIAN_POINT ( 'NONE',  ( 1.273058886655809500, -8.724468168020109700, 10.00000000000000200 ) ) ;
#842 = CARTESIAN_POINT ( 'NONE',  ( 7.233333532440156000, 0.0000000000000000000, 10.96095955091414000 ) ) ;
#843 = EDGE_CURVE ( 'NONE', #1478, #4952, #2096, .T. ) ;
#844 = CARTESIAN_POINT ( 'NONE',  ( -2.406475241548377200, 11.14310894283165100, 0.0000000000000000000 ) ) ;
#845 = ORIENTED_EDGE ( 'NONE', *, *, #3285, .T. ) ;
#846 = ORIENTED_EDGE ( 'NONE', *, *, #848, .F. ) ;
#847 = CYLINDRICAL_SURFACE ( 'NONE', #5639, 0.9849999999999999900 ) ;
#848 = EDGE_CURVE ( 'NONE', #4377, #169, #4510, .T. ) ;
#849 = CARTESIAN_POINT ( 'NONE',  ( 0.0000000000000000000, -12.46737528024190000, 0.04999999999999991300 ) ) ;
#850 = CARTESIAN_POINT ( 'NONE',  ( -2.406475241548371400, 0.2383990133759980000, 0.1000000000000000100 ) ) ;
#851 = ADVANCED_FACE ( 'NONE', ( #4399 ), #2939, .F. ) ;
#852 = EDGE_CURVE ( 'NONE', #6692, #2247, #6721, .T. ) ;
#853 = FACE_OUTER_BOUND ( 'NONE', #6429, .T. ) ;
#854 = CARTESIAN_POINT ( 'NONE',  ( -4.301581747076962600, -9.075500432331432800, 1.499999327185927100 ) ) ;
#855 = VERTEX_POINT ( 'NONE', #2441 ) ;
#856 = ORIENTED_EDGE ( 'NONE', *, *, #3770, .T. ) ;
#857 = ADVANCED_BREP_SHAPE_REPRESENTATION ( '28800X_5K', ( #1426, #1866 ), #2295 ) ;
#858 = ORIENTED_EDGE ( 'NONE', *, *, #4045, .F. ) ;
#859 = AXIS2_PLACEMENT_3D ( 'NONE', #6971, #4119, #1369 ) ;
#860 = LINE ( 'NONE', #512, #3983 ) ;
#861 = VECTOR ( 'NONE', #1191, 1000.000000000000300 ) ;
#862 = CARTESIAN_POINT ( 'NONE',  ( -10.75593189793139000, 3.990836622469778200, 0.03045231266407397200 ) ) ;
#863 = DIRECTION ( 'NONE',  ( -1.000000000000000000, 0.0000000000000000000, 0.0000000000000000000 ) ) ;
#864 = LINE ( 'NONE', #841, #3977 ) ;
#865 = EDGE_CURVE ( 'NONE', #4595, #5452, #2263, .T. ) ;
#866 = VERTEX_POINT ( 'NONE', #2411 ) ;
#867 = EDGE_LOOP ( 'NONE', ( #2663, #2648, #1270, #5199 ) ) ;
#868 = ORIENTED_EDGE ( 'NONE', *, *, #6936, .T. ) ;
#869 = AXIS2_PLACEMENT_3D ( 'NONE', #5907, #4279, #5962 ) ;
#870 = CARTESIAN_POINT ( 'NONE',  ( 1.468813577745101500, 8.675790240036381100, 10.96095955101660200 ) ) ;
#871 = CARTESIAN_POINT ( 'NONE',  ( -9.960562136989354400, -1.286713014453641200, 1.500000407994915400 ) ) ;
#872 = VECTOR ( 'NONE', #2368, 1000.000000000000100 ) ;
#873 = B_SPLINE_CURVE_WITH_KNOTS ( 'NONE', 3,
 ( #6679, #6180, #6891, #5688 ),
 .UNSPECIFIED., .F., .F.,
 ( 4, 4 ),
 ( 0.0000000000000000000, 1.000000000000000000 ),
 .UNSPECIFIED. ) ;
#874 = ORIENTED_EDGE ( 'NONE', *, *, #3960, .F. ) ;
#875 = CARTESIAN_POINT ( 'NONE',  ( 9.410252179441011200, 3.713369491549020700, 1.583721891830310200 ) ) ;
#876 = LINE ( 'NONE', #2949, #6589 ) ;
#877 = CARTESIAN_POINT ( 'NONE',  ( -1.034999999999999900, -12.46737528024190000, 0.04999999999999991300 ) ) ;
#878 = CARTESIAN_POINT ( 'NONE',  ( 7.295283646310641000, 6.897626796287552200, 1.583721891836908300 ) ) ;
#879 = CARTESIAN_POINT ( 'NONE',  ( -14.15545311535570100, 4.018399013376000400, 0.1000000000000000500 ) ) ;
#880 = DIRECTION ( 'NONE',  ( -1.224646799147353200E-016, 1.000000000000000000, 0.0000000000000000000 ) ) ;
#881 = FACE_BOUND ( 'NONE', #3987, .T. ) ;
#882 = DIRECTION ( 'NONE',  ( -0.0000000000000000000, 1.000000000000000000, -0.0000000000000000000 ) ) ;
#883 = EDGE_LOOP ( 'NONE', ( #6105, #4771, #7069, #1176, #1535, #3233, #4442 ) ) ;
#884 = CIRCLE ( 'NONE', #719, 0.04999999999999969700 ) ;
#885 = ORIENTED_EDGE ( 'NONE', *, *, #413, .F. ) ;
#886 = CARTESIAN_POINT ( 'NONE',  ( -4.649900761691642800, 8.565896482404527400, 10.00000000000004800 ) ) ;
#887 = AXIS2_PLACEMENT_3D ( 'NONE', #1491, #469, #1422 ) ;
#888 = CARTESIAN_POINT ( 'NONE',  ( 14.15545311535570100, -4.018399013376000400, 0.1000000000000000500 ) ) ;
#889 = ORIENTED_EDGE ( 'NONE', *, *, #2548, .F. ) ;
#890 = ORIENTED_EDGE ( 'NONE', *, *, #205, .F. ) ;
#891 = CIRCLE ( 'NONE', #6822, 1.034999999999999900 ) ;
#892 = EDGE_LOOP ( 'NONE', ( #2972, #1382, #4547, #4270 ) ) ;
#893 = CARTESIAN_POINT ( 'NONE',  ( 4.711548903495390100, -8.294749881360960600, 1.583721891830319300 ) ) ;
#894 =( NAMED_UNIT ( * ) PLANE_ANGLE_UNIT ( ) SI_UNIT ( $, .RADIAN. ) );
#895 = B_SPLINE_CURVE_WITH_KNOTS ( 'NONE', 3,
 ( #6934, #3086, #2565, #4730 ),
 .UNSPECIFIED., .F., .F.,
 ( 4, 4 ),
 ( 0.0000000000000000000, 1.000000000000000000 ),
 .UNSPECIFIED. ) ;
#896 = ORIENTED_EDGE ( 'NONE', *, *, #6562, .F. ) ;
#897 = CARTESIAN_POINT ( 'NONE',  ( 7.081089974732289100, 3.749857226653828600, 9.818678063566084200 ) ) ;
#898 = CARTESIAN_POINT ( 'NONE',  ( 7.751817317923472400, 4.182168046128823300, 10.96095955101660200 ) ) ;
#899 = CARTESIAN_POINT ( 'NONE',  ( -6.436523522725387600, -7.042974002862871800, 1.527909983233807200 ) ) ;
#900 = CARTESIAN_POINT ( 'NONE',  ( -8.687268720036657400, 3.950760499518706200, 1.446550831950623300 ) ) ;
#901 = CARTESIAN_POINT ( 'NONE',  ( 0.9849999999999999900, 12.46737528024190000, 0.04999999999999991300 ) ) ;
#902 = CARTESIAN_POINT ( 'NONE',  ( -13.97579960646100300, 0.0000000000000000000, 1.500000000000000000 ) ) ;
#903 = EDGE_CURVE ( 'NONE', #7076, #6778, #3824, .T. ) ;
#904 = EDGE_CURVE ( 'NONE', #6578, #4595, #978, .T. ) ;
#905 = CARTESIAN_POINT ( 'NONE',  ( -1.273058886655789900, -9.208895215475049400, 10.00000000000040000 ) ) ;
#906 = CARTESIAN_POINT ( 'NONE',  ( -0.5486660004249834800, -1.149079610566404500, 9.528024968268802300 ) ) ;
#907 = AXIS2_PLACEMENT_3D ( 'NONE', #1276, #5570, #6112 ) ;
#908 = CARTESIAN_POINT ( 'NONE',  ( 0.05647524154837235000, 14.81737528024190100, 0.0000000000000000000 ) ) ;
#909 = EDGE_CURVE ( 'NONE', #1633, #6002, #3270, .T. ) ;
#910 = CARTESIAN_POINT ( 'NONE',  ( 9.348887049580653800, 1.912020337300207400, 1.482184704260321300 ) ) ;
#911 =( BOUNDED_CURVE ( )  B_SPLINE_CURVE ( 3, ( #4003, #200, #2891, #4080 ),
 .UNSPECIFIED., .F., .F. ) 
 B_SPLINE_CURVE_WITH_KNOTS ( ( 4, 4 ),
 ( 6.098062368607421600, 6.468196532739837000 ),
 .UNSPECIFIED. ) 
 CURVE ( )  GEOMETRIC_REPRESENTATION_ITEM ( )  RATIONAL_B_SPLINE_CURVE ( ( 1.000000000000000000, 0.9886159392700610800, 0.9886159392700610800, 1.000000000000000000 ) ) 
 REPRESENTATION_ITEM ( '' )  );
#912 = PRESENTATION_LAYER_ASSIGNMENT (  '', '', ( #7114 ) ) ;
#913 = DIRECTION ( 'NONE',  ( 0.0000000000000000000, 0.9978912729128437400, 0.06490768401648822100 ) ) ;
#914 = VERTEX_POINT ( 'NONE', #5226 ) ;
#915 = DIRECTION ( 'NONE',  ( -1.000000000000000000, 0.0000000000000000000, 0.0000000000000000000 ) ) ;
#916 = AXIS2_PLACEMENT_3D ( 'NONE', #2986, #6835, #1244 ) ;
#917 = CARTESIAN_POINT ( 'NONE',  ( 8.153813335714181300, 3.307900583030437800, 10.96095955101660000 ) ) ;
#918 = CARTESIAN_POINT ( 'NONE',  ( -0.6198975246609481600, 10.04342399864562700, 1.499997527427820300 ) ) ;
#919 = CARTESIAN_POINT ( 'NONE',  ( -8.329318910392645500, -4.650162915953881500, 1.583721891830324200 ) ) ;
#920 = CARTESIAN_POINT ( 'NONE',  ( 10.74546576924028200, -3.975796725723782300, 1.482587915801708800 ) ) ;
#921 = AXIS2_PLACEMENT_3D ( 'NONE', #6028, #479, #4330 ) ;
#922 = CARTESIAN_POINT ( 'NONE',  ( -4.301719770855267000, 9.075441337996913700, 1.500000407994915000 ) ) ;
#923 = AXIS2_PLACEMENT_3D ( 'NONE', #849, #1886, #4702 ) ;
#924 = CARTESIAN_POINT ( 'NONE',  ( 7.724423483290239600, 4.459641070553839600, 1.500000000000000000 ) ) ;
#925 = CIRCLE ( 'NONE', #1413, 9.682354874905504600 ) ;
#926 = LINE ( 'NONE', #5141, #6295 ) ;
#927 = CARTESIAN_POINT ( 'NONE',  ( 14.15545311535570100, 0.2383990133759980000, 0.1000000000000000500 ) ) ;
#928 = CARTESIAN_POINT ( 'NONE',  ( 0.08111697077309468200, -1.273025089166315300, 9.528024968268802300 ) ) ;
#929 = CARTESIAN_POINT ( 'NONE',  ( -1.069347079257561700, -9.481782023034586600, 1.500000000000000400 ) ) ;
#930 = DIRECTION ( 'NONE',  ( 0.0000000000000000000, 0.0000000000000000000, -1.000000000000000000 ) ) ;
#931 = CIRCLE ( 'NONE', #3219, 0.1000000000000000500 ) ;
#932 = ORIENTED_EDGE ( 'NONE', *, *, #6341, .F. ) ;
#933 = DIRECTION ( 'NONE',  ( 0.0000000000000000000, 0.0000000000000000000, -1.000000000000000000 ) ) ;
#934 = CARTESIAN_POINT ( 'NONE',  ( -10.77508558524240600, -3.918399013375990100, 1.500000000000000000 ) ) ;
#935 = ORIENTED_EDGE ( 'NONE', *, *, #2319, .T. ) ;
#936 = CARTESIAN_POINT ( 'NONE',  ( -10.75111052558934200, -3.983908278252096500, 0.02444514432948623900 ) ) ;
#937 = ORIENTED_EDGE ( 'NONE', *, *, #6727, .F. ) ;
#938 = CARTESIAN_POINT ( 'NONE',  ( 1.566027364626259200, 8.658767807362403700, 10.96095955101660200 ) ) ;
#939 = DIRECTION ( 'NONE',  ( 1.743304394832040000E-015, 1.000000000000000000, 0.0000000000000000000 ) ) ;
#940 = ORIENTED_EDGE ( 'NONE', *, *, #544, .F. ) ;
#941 = CARTESIAN_POINT ( 'NONE',  ( 10.77508558524241000, -4.018399013376000400, 1.399999999999999900 ) ) ;
#942 = DIRECTION ( 'NONE',  ( -0.9984727763785431500, 0.0000000000000000000, 0.05524594854759944100 ) ) ;
#943 = ORIENTED_EDGE ( 'NONE', *, *, #1330, .F. ) ;
#944 = VERTEX_POINT ( 'NONE', #1840 ) ;
#945 = ORIENTED_EDGE ( 'NONE', *, *, #6682, .F. ) ;
#946 = EDGE_CURVE ( 'NONE', #5301, #2149, #2320, .T. ) ;
#947 = DIRECTION ( 'NONE',  ( 0.0000000000000000000, 0.0000000000000000000, 1.000000000000000000 ) ) ;
#948 = CARTESIAN_POINT ( 'NONE',  ( 10.77508558524241000, 4.018399013376001200, 0.09025575751356990100 ) ) ;
#949 = CIRCLE ( 'NONE', #5118, 9.746597336550346200 ) ;
#950 = VERTEX_POINT ( 'NONE', #2362 ) ;
#951 = ORIENTED_EDGE ( 'NONE', *, *, #865, .F. ) ;
#952 = CARTESIAN_POINT ( 'NONE',  ( -1.229253793261819700, -0.3358878296972292500, 9.528024968268804100 ) ) ;
#953 = LINE ( 'NONE', #6406, #1263 ) ;
#954 = EDGE_CURVE ( 'NONE', #3478, #6094, #642, .T. ) ;
#955 = DIRECTION ( 'NONE',  ( 0.0000000000000000000, 1.000000000000000000, 0.0000000000000000000 ) ) ;
#956 = EDGE_CURVE ( 'NONE', #2177, #2130, #162, .T. ) ;
#957 =( BOUNDED_CURVE ( )  B_SPLINE_CURVE ( 3, ( #2148, #7127, #2216, #472 ),
 .UNSPECIFIED., .F., .F. ) 
 B_SPLINE_CURVE_WITH_KNOTS ( ( 4, 4 ),
 ( 4.900864036833333200, 4.901444126251044900 ),
 .UNSPECIFIED. ) 
 CURVE ( )  GEOMETRIC_REPRESENTATION_ITEM ( )  RATIONAL_B_SPLINE_CURVE ( ( 1.000000000000000000, 0.9999999719580224800, 0.9999999719580224800, 1.000000000000000000 ) ) 
 REPRESENTATION_ITEM ( '' )  );
#958 =( LENGTH_UNIT ( ) NAMED_UNIT ( * ) SI_UNIT ( .MILLI., .METRE. ) );
#959 = VECTOR ( 'NONE', #4168, 1000.000000000000000 ) ;
#960 = ORIENTED_EDGE ( 'NONE', *, *, #2327, .F. ) ;
#961 = AXIS2_PLACEMENT_3D ( 'NONE', #1506, #3788, #5442 ) ;
#962 = VERTEX_POINT ( 'NONE', #6772 ) ;
#963 = DIRECTION ( 'NONE',  ( -1.000000000000000000, 0.0000000000000000000, -0.0000000000000000000 ) ) ;
#964 = DIRECTION ( 'NONE',  ( -1.000000000000000000, 0.0000000000000000000, 0.0000000000000000000 ) ) ;
#965 = VECTOR ( 'NONE', #3929, 1000.000000000000000 ) ;
#966 = VERTEX_POINT ( 'NONE', #3499 ) ;
#967 = CARTESIAN_POINT ( 'NONE',  ( -10.77508558524239900, -4.018399013375990600, 0.1000000000000000500 ) ) ;
#968 = EDGE_CURVE ( 'NONE', #7023, #2236, #5822, .T. ) ;
#969 = CARTESIAN_POINT ( 'NONE',  ( -7.357605642763091100, -3.291463818695699900, 1.314579482943359900 ) ) ;
#970 = CARTESIAN_POINT ( 'NONE',  ( -9.151576633374492800, -1.634954171215405200, 9.999999999952818200 ) ) ;
#971 = ORIENTED_EDGE ( 'NONE', *, *, #5325, .F. ) ;
#972 = CARTESIAN_POINT ( 'NONE',  ( 9.960674425819370000, 1.286595569923270100, 1.500000000000099900 ) ) ;
#973 = LINE ( 'NONE', #934, #1723 ) ;
#974 = DIRECTION ( 'NONE',  ( -1.743304394832040000E-015, -1.000000000000000000, 0.0000000000000000000 ) ) ;
#975 = ORIENTED_EDGE ( 'NONE', *, *, #4012, .T. ) ;
#976 = DIRECTION ( 'NONE',  ( -0.0000000000000000000, -0.0000000000000000000, 1.000000000000000000 ) ) ;
#977 = CARTESIAN_POINT ( 'NONE',  ( 9.474893350793905700, 1.128755730590314900, 1.499999999999969100 ) ) ;
#978 =( BOUNDED_CURVE ( )  B_SPLINE_CURVE ( 3, ( #6851, #228, #755, #5196 ),
 .UNSPECIFIED., .F., .F. ) 
 B_SPLINE_CURVE_WITH_KNOTS ( ( 4, 4 ),
 ( 4.900864036833334900, 4.901444126251046600 ),
 .UNSPECIFIED. ) 
 CURVE ( )  GEOMETRIC_REPRESENTATION_ITEM ( )  RATIONAL_B_SPLINE_CURVE ( ( 1.000000000000000000, 0.9999999719580224800, 0.9999999719580224800, 1.000000000000000000 ) ) 
 REPRESENTATION_ITEM ( '' )  );
#979 = CARTESIAN_POINT ( 'NONE',  ( 7.175971614602398000, 3.601676939634200500, 7.006894107161756800 ) ) ;
#980 = ORIENTED_EDGE ( 'NONE', *, *, #3043, .T. ) ;
#981 = CARTESIAN_POINT ( 'NONE',  ( -8.813283889220517900, -4.807412669862005200, 1.583721891830309500 ) ) ;
#982 = CARTESIAN_POINT ( 'NONE',  ( 1.460573039061985300, 9.734966243283878400, 7.258252300644902500 ) ) ;
#983 = CARTESIAN_POINT ( 'NONE',  ( -9.795717757966979600, 2.527028426371923200, 1.583721891830310200 ) ) ;
#984 = CARTESIAN_POINT ( 'NONE',  ( -9.960562136989354400, -1.286713014453641200, 1.500000407994915400 ) ) ;
#985 = ORIENTED_EDGE ( 'NONE', *, *, #5980, .T. ) ;
#986 = CARTESIAN_POINT ( 'NONE',  ( 1.854392575220044300, -9.870640394675644900, 1.499999327185927500 ) ) ;
#987 = CARTESIAN_POINT ( 'NONE',  ( 0.0000000000000000000, -9.175869535789198000E-017, 10.00000000000000900 ) ) ;
#988 = B_SPLINE_CURVE_WITH_KNOTS ( 'NONE', 3,
 ( #2741, #1005, #2137, #1575 ),
 .UNSPECIFIED., .F., .F.,
 ( 4, 4 ),
 ( 0.0000000000000000000, 1.000000000000000000 ),
 .UNSPECIFIED. ) ;
#989 = EDGE_CURVE ( 'NONE', #7056, #944, #3390, .T. ) ;
#990 = ORIENTED_EDGE ( 'NONE', *, *, #1587, .F. ) ;
#991 = EDGE_CURVE ( 'NONE', #594, #3861, #5292, .T. ) ;
#992 = DIRECTION ( 'NONE',  ( 0.0000000000000000000, 0.0000000000000000000, -1.000000000000000000 ) ) ;
#993 = ADVANCED_FACE ( 'NONE', ( #6154 ), #1887, .T. ) ;
#994 = AXIS2_PLACEMENT_3D ( 'NONE', #4480, #1143, #6664 ) ;
#995 = CARTESIAN_POINT ( 'NONE',  ( -1.063808518962293700, -9.479972579039957400, 1.583721891830319100 ) ) ;
#996 = SURFACE_SIDE_STYLE ('',( #5994 ) ) ;
#997 = ORIENTED_EDGE ( 'NONE', *, *, #6444, .T. ) ;
#998 = CARTESIAN_POINT ( 'NONE',  ( 8.502451639628466400, -2.297199453140245800, 10.96095955101660000 ) ) ;
#999 = CARTESIAN_POINT ( 'NONE',  ( 0.0000000000000000000, 12.46737528024190000, 1.450000000000000200 ) ) ;
#1000 = FACE_BOUND ( 'NONE', #2315, .T. ) ;
#1001 = AXIS2_PLACEMENT_3D ( 'NONE', #3536, #3517, #2361 ) ;
#1002 = CARTESIAN_POINT ( 'NONE',  ( -4.601006510872280400, 13.38896657989420000, 1.583721891830310000 ) ) ;
#1003 = LINE ( 'NONE', #2856, #5260 ) ;
#1004 = VECTOR ( 'NONE', #4212, 999.9999999999998900 ) ;
#1005 = CARTESIAN_POINT ( 'NONE',  ( 3.524380585243268800, 9.443988965797395000, 1.500003561359264400 ) ) ;
#1006 = DIRECTION ( 'NONE',  ( -1.000000000000000000, 0.0000000000000000000, 0.0000000000000000000 ) ) ;
#1007 = CARTESIAN_POINT ( 'NONE',  ( 2.406475241548370100, 12.46737528024190000, 1.399999999999999900 ) ) ;
#1008 = ORIENTED_EDGE ( 'NONE', *, *, #2806, .T. ) ;
#1009 = ORIENTED_EDGE ( 'NONE', *, *, #1579, .T. ) ;
#1010 = ORIENTED_EDGE ( 'NONE', *, *, #6559, .T. ) ;
#1011 = ORIENTED_EDGE ( 'NONE', *, *, #4746, .F. ) ;
#1012 = CARTESIAN_POINT ( 'NONE',  ( 4.708131678587038000, -8.299469236363478300, 1.500000000000000400 ) ) ;
#1013 = DIRECTION ( 'NONE',  ( -0.0000000000000000000, -1.000000000000000000, -0.0000000000000000000 ) ) ;
#1014 = FACE_OUTER_BOUND ( 'NONE', #4574, .T. ) ;
#1015 = EDGE_LOOP ( 'NONE', ( #4894, #667, #2668, #3394 ) ) ;
#1016 = ADVANCED_FACE ( 'NONE', ( #853 ), #5917, .T. ) ;
#1017 = ORIENTED_EDGE ( 'NONE', *, *, #843, .T. ) ;
#1018 = DIRECTION ( 'NONE',  ( 0.0000000000000000000, 0.0000000000000000000, -1.000000000000000000 ) ) ;
#1019 = EDGE_LOOP ( 'NONE', ( #1274, #2765, #1271, #7091 ) ) ;
#1020 = LINE ( 'NONE', #3691, #5802 ) ;
#1021 = EDGE_CURVE ( 'NONE', #3989, #4560, #4320, .T. ) ;
#1022 = CARTESIAN_POINT ( 'NONE',  ( -14.15545311535570100, -3.918399013375997600, 1.500000000000000000 ) ) ;
#1023 = CYLINDRICAL_SURFACE ( 'NONE', #3301, 10.04342387723020000 ) ;
#1024 = CARTESIAN_POINT ( 'NONE',  ( 0.0000000000000000000, 0.0000000000000000000, 1.399999999999999900 ) ) ;
#1025 = CIRCLE ( 'NONE', #4900, 0.09999999999999939500 ) ;
#1026 = ORIENTED_EDGE ( 'NONE', *, *, #742, .T. ) ;
#1027 = ORIENTED_EDGE ( 'NONE', *, *, #1398, .T. ) ;
#1028 = CARTESIAN_POINT ( 'NONE',  ( -6.651767640866369300, 5.792190291768347000, 10.96095955101660200 ) ) ;
#1029 = AXIS2_PLACEMENT_3D ( 'NONE', #6639, #3900, #159 ) ;
#1030 = FACE_OUTER_BOUND ( 'NONE', #6292, .T. ) ;
#1031 = ORIENTED_EDGE ( 'NONE', *, *, #4642, .F. ) ;
#1032 = LINE ( 'NONE', #320, #4149 ) ;
#1033 = EDGE_CURVE ( 'NONE', #101, #4071, #3034, .T. ) ;
#1034 = PLANE ( 'NONE',  #3262 ) ;
#1035 = FACE_OUTER_BOUND ( 'NONE', #6177, .T. ) ;
#1036 = ORIENTED_EDGE ( 'NONE', *, *, #4327, .F. ) ;
#1037 = EDGE_CURVE ( 'NONE', #1117, #6318, #765, .T. ) ;
#1038 = DIRECTION ( 'NONE',  ( -0.0000000000000000000, -0.0000000000000000000, 1.000000000000000000 ) ) ;
#1039 = AXIS2_PLACEMENT_3D ( 'NONE', #5113, #4007, #6696 ) ;
#1040 = FACE_OUTER_BOUND ( 'NONE', #4355, .T. ) ;
#1041 = ORIENTED_EDGE ( 'NONE', *, *, #3061, .T. ) ;
#1042 = AXIS2_PLACEMENT_3D ( 'NONE', #5601, #5655, #121 ) ;
#1043 = ORIENTED_EDGE ( 'NONE', *, *, #6061, .T. ) ;
#1044 = FACE_OUTER_BOUND ( 'NONE', #3356, .T. ) ;
#1045 = EDGE_LOOP ( 'NONE', ( #3299, #2261, #6619, #4401 ) ) ;
#1046 = CARTESIAN_POINT ( 'NONE',  ( 5.403993294443080400, -5.980380534532599800, 1.314579482943359900 ) ) ;
#1047 = DIRECTION ( 'NONE',  ( 1.000000000000000000, 0.0000000000000000000, 0.0000000000000000000 ) ) ;
#1048 = AXIS2_PLACEMENT_3D ( 'NONE', #3097, #5139, #6701 ) ;
#1049 = AXIS2_PLACEMENT_3D ( 'NONE', #399, #4812, #5380 ) ;
#1050 = DIRECTION ( 'NONE',  ( 2.710505431213777800E-016, 1.000000000000000000, 0.0000000000000000000 ) ) ;
#1051 = ORIENTED_EDGE ( 'NONE', *, *, #4887, .T. ) ;
#1052 = CARTESIAN_POINT ( 'NONE',  ( 8.687268720036657400, -3.950760499518706200, 1.446550831950623300 ) ) ;
#1053 = CARTESIAN_POINT ( 'NONE',  ( -8.600296039107798100, 1.881895312905118800, 10.96095955101660000 ) ) ;
#1054 = ADVANCED_FACE ( 'NONE', ( #5003 ), #7080, .T. ) ;
#1055 = CARTESIAN_POINT ( 'NONE',  ( 8.799169842991782200, 0.0000000000000000000, 10.96095955101657500 ) ) ;
#1056 = CARTESIAN_POINT ( 'NONE',  ( 9.795717757966979600, -2.527028426371916500, 1.583721891830310200 ) ) ;
#1057 = CARTESIAN_POINT ( 'NONE',  ( 0.0000000000000000000, 0.0000000000000000000, 1.500000000000000000 ) ) ;
#1058 = CARTESIAN_POINT ( 'NONE',  ( 3.524611352227017900, 7.195858480146379900, 9.818678063566084200 ) ) ;
#1059 = EDGE_CURVE ( 'NONE', #6778, #2092, #2624, .T. ) ;
#1060 = ORIENTED_EDGE ( 'NONE', *, *, #3803, .F. ) ;
#1061 = CARTESIAN_POINT ( 'NONE',  ( -4.005263367321219000, -8.657911642788459300, 1.583721891830310000 ) ) ;
#1062 = B_SPLINE_CURVE_WITH_KNOTS ( 'NONE', 3,
 ( #1419, #910, #5890, #1971 ),
 .UNSPECIFIED., .F., .F.,
 ( 4, 4 ),
 ( 0.0000000000000000000, 1.000000000000000000 ),
 .UNSPECIFIED. ) ;
#1063 = EDGE_CURVE ( 'NONE', #7101, #657, #3794, .T. ) ;
#1064 = CIRCLE ( 'NONE', #6695, 2.450000000000000200 ) ;
#1065 = EDGE_CURVE ( 'NONE', #5919, #3989, #445, .T. ) ;
#1066 = FACE_OUTER_BOUND ( 'NONE', #6926, .T. ) ;
#1067 = DIRECTION ( 'NONE',  ( 0.0000000000000000000, 0.0000000000000000000, -1.000000000000000000 ) ) ;
#1068 = FACE_OUTER_BOUND ( 'NONE', #5800, .T. ) ;
#1069 = EDGE_CURVE ( 'NONE', #6213, #4285, #6860, .T. ) ;
#1070 = AXIS2_PLACEMENT_3D ( 'NONE', #350, #3153, #6984 ) ;
#1071 = PLANE ( 'NONE',  #7070 ) ;
#1072 = CYLINDRICAL_SURFACE ( 'NONE', #5841, 2.450000000000000200 ) ;
#1073 = ORIENTED_EDGE ( 'NONE', *, *, #3516, .T. ) ;
#1074 = ADVANCED_FACE ( 'NONE', ( #1166 ), #3546, .F. ) ;
#1075 = CARTESIAN_POINT ( 'NONE',  ( 1.063808518962296100, 9.479972579039957400, 1.583721891830319300 ) ) ;
#1076 = DIRECTION ( 'NONE',  ( 0.5877852522924734700, 0.8090169943749472300, 0.0000000000000000000 ) ) ;
#1077 = ORIENTED_EDGE ( 'NONE', *, *, #2965, .T. ) ;
#1078 = ORIENTED_EDGE ( 'NONE', *, *, #6341, .T. ) ;
#1079 = DIRECTION ( 'NONE',  ( 4.881252305529689900E-015, 1.000000000000000000, 0.0000000000000000000 ) ) ;
#1080 = CARTESIAN_POINT ( 'NONE',  ( -7.887618489372505000, 3.920037381013994800, 10.96095955101659500 ) ) ;
#1081 = ORIENTED_EDGE ( 'NONE', *, *, #5586, .T. ) ;
#1082 = CARTESIAN_POINT ( 'NONE',  ( 2.406999988442830600, 11.14353243821287600, -1.667103652399520600E-029 ) ) ;
#1083 = ORIENTED_EDGE ( 'NONE', *, *, #549, .F. ) ;
#1084 = ORIENTED_EDGE ( 'NONE', *, *, #493, .F. ) ;
#1085 = ORIENTED_EDGE ( 'NONE', *, *, #5981, .F. ) ;
#1086 = CARTESIAN_POINT ( 'NONE',  ( -8.729576498235829300, 4.229315540736505100, 1.583720050540679700 ) ) ;
#1087 = FACE_OUTER_BOUND ( 'NONE', #514, .T. ) ;
#1088 = ORIENTED_EDGE ( 'NONE', *, *, #6233, .F. ) ;
#1089 = ORIENTED_EDGE ( 'NONE', *, *, #4533, .F. ) ;
#1090 = CARTESIAN_POINT ( 'NONE',  ( 8.687254784475134900, -3.941214657181229900, 1.583721891830319300 ) ) ;
#1091 = TOROIDAL_SURFACE ( 'NONE', #1769, 11.40000000000000000, 0.1000000000000000100 ) ;
#1092 = CARTESIAN_POINT ( 'NONE',  ( -7.302051962268437000, 6.895531216981432000, 1.499999327185927300 ) ) ;
#1093 = B_SPLINE_CURVE_WITH_KNOTS ( 'NONE', 3,
 ( #581, #1150, #1128, #3428 ),
 .UNSPECIFIED., .F., .F.,
 ( 4, 4 ),
 ( 0.0000000000000000000, 1.000000000000000000 ),
 .UNSPECIFIED. ) ;
#1094 = CYLINDRICAL_SURFACE ( 'NONE', #5399, 0.1000000000000000500 ) ;
#1095 = CARTESIAN_POINT ( 'NONE',  ( 1.850575493958188000, -9.868515015208098300, 1.555811606257915500 ) ) ;
#1096 = EDGE_LOOP ( 'NONE', ( #7052, #3467, #2785, #4316 ) ) ;
#1097 = CARTESIAN_POINT ( 'NONE',  ( -1.847456748005219100, -9.868473426794917500, 1.583730864882143500 ) ) ;
#1099 = EDGE_CURVE ( 'NONE', #4854, #2546, #256, .T. ) ;
#1098 = EDGE_LOOP ( 'NONE', ( #1749, #458, #4911, #6584 ) ) ;
#1100 = CARTESIAN_POINT ( 'NONE',  ( -8.402404415904062100, 5.568643113662301600, 1.500003561359264400 ) ) ;
#1101 = CIRCLE ( 'NONE', #5673, 0.09999999999999999200 ) ;
#1102 = ORIENTED_EDGE ( 'NONE', *, *, #3770, .F. ) ;
#1103 = EDGE_CURVE ( 'NONE', #866, #4938, #6905, .T. ) ;
#1104 = CARTESIAN_POINT ( 'NONE',  ( -9.582396530331134700, 0.0000000000000000000, 0.09711393867844944600 ) ) ;
#1105 = CARTESIAN_POINT ( 'NONE',  ( 0.0000000000000000000, 0.0000000000000000000, 0.1000000000000000500 ) ) ;
#1106 = EDGE_CURVE ( 'NONE', #378, #2177, #4306, .T. ) ;
#1107 = DIRECTION ( 'NONE',  ( -0.9984727763649643400, 0.0000000000000000000, 0.05524594879300957800 ) ) ;
#1108 = FACE_OUTER_BOUND ( 'NONE', #1269, .T. ) ;
#1110 = ORIENTED_EDGE ( 'NONE', *, *, #1298, .T. ) ;
#1109 = CARTESIAN_POINT ( 'NONE',  ( -2.406475241548377200, 11.14310894283165100, 0.0000000000000000000 ) ) ;
#1111 = AXIS2_PLACEMENT_3D ( 'NONE', #5020, #1688, #708 ) ;
#1112 = CARTESIAN_POINT ( 'NONE',  ( 2.406475241548370100, 11.14310894283165300, 0.0000000000000000000 ) ) ;
#1113 = ADVANCED_FACE ( 'NONE', ( #1700 ), #4251, .T. ) ;
#1114 = AXIS2_PLACEMENT_3D ( 'NONE', #675, #4540, #5579 ) ;
#1115 = EDGE_LOOP ( 'NONE', ( #2007, #971, #4819, #6232 ) ) ;
#1116 = CARTESIAN_POINT ( 'NONE',  ( 8.402404415904060300, -5.568643113662306000, 1.500003561359264400 ) ) ;
#1117 = VERTEX_POINT ( 'NONE', #1109 ) ;
#1118 = CARTESIAN_POINT ( 'NONE',  ( 1.847685141975744100, 9.868357437644506900, 1.583721891836908000 ) ) ;
#1119 = DIRECTION ( 'NONE',  ( 0.0000000000000000000, -1.000000000000000000, 0.0000000000000000000 ) ) ;
#1120 = AXIS2_PLACEMENT_3D ( 'NONE', #1221, #2863, #4530 ) ;
#1121 = CARTESIAN_POINT ( 'NONE',  ( -14.15545311535570100, -0.2383990133759980000, 0.1000000000000000500 ) ) ;
#1122 = CARTESIAN_POINT ( 'NONE',  ( -1.560894967531437400, -0.4194788675755997700, 9.040507860752555300 ) ) ;
#1123 = DIRECTION ( 'NONE',  ( 0.0000000000000000000, 0.9992128716680942500, -0.03966909493296915500 ) ) ;
#1124 = DIRECTION ( 'NONE',  ( 0.06823280516491732300, 2.092289173281290800E-010, -0.9976694263629243300 ) ) ;
#1125 = CARTESIAN_POINT ( 'NONE',  ( 8.341338333317100500, -1.242640902986589900, 7.001760241560639900 ) ) ;
#1126 = DIRECTION ( 'NONE',  ( -1.000000000000000000, 0.0000000000000000000, 0.0000000000000000000 ) ) ;
#1127 = ORIENTED_EDGE ( 'NONE', *, *, #3352, .F. ) ;
#1128 = CARTESIAN_POINT ( 'NONE',  ( -6.440730674603020800, -7.041613225924392000, 1.464368314612603200 ) ) ;
#1129 = CARTESIAN_POINT ( 'NONE',  ( -5.642925506409970800, 5.711738614056529600, 7.007649993871850400 ) ) ;
#1130 = EDGE_LOOP ( 'NONE', ( #874, #6915, #2363, #7154, #3049, #100, #6355 ) ) ;
#1131 = CARTESIAN_POINT ( 'NONE',  ( 8.814574976180669100, -4.813698833088732700, 1.500000407994915200 ) ) ;
#1132 = CARTESIAN_POINT ( 'NONE',  ( 7.637857435907982100, -4.373618547459305900, 10.96095955101660200 ) ) ;
#1133 = B_SPLINE_CURVE_WITH_KNOTS ( 'NONE', 3,
 ( #5635, #1841, #6774, #1786 ),
 .UNSPECIFIED., .F., .F.,
 ( 4, 4 ),
 ( 0.0000000000000000000, 1.000000000000000000 ),
 .UNSPECIFIED. ) ;
#1134 = DIRECTION ( 'NONE',  ( 0.0000000000000000000, 0.0000000000000000000, -1.000000000000000000 ) ) ;
#1135 = VERTEX_POINT ( 'NONE', #5024 ) ;
#1136 = ADVANCED_FACE ( 'NONE', ( #2771 ), #6667, .F. ) ;
#1137 = CARTESIAN_POINT ( 'NONE',  ( 14.15545311535570100, 0.2383990133759980000, 1.583721891830310000 ) ) ;
#1138 = CARTESIAN_POINT ( 'NONE',  ( 2.406999988442831500, -11.14353243821287600, -5.661343844720586600E-019 ) ) ;
#1139 = CIRCLE ( 'NONE', #6264, 9.746597336550346200 ) ;
#1140 = CARTESIAN_POINT ( 'NONE',  ( -9.274295224624090400, 18.54859044924818100, 10.76816110240663900 ) ) ;
#1141 = EDGE_CURVE ( 'NONE', #5487, #5682, #1539, .T. ) ;
#1142 = CARTESIAN_POINT ( 'NONE',  ( -5.809047173994700100, 6.193167801626509900, 1.300721701513740000 ) ) ;
#1143 = DIRECTION ( 'NONE',  ( 1.000000000000000000, -0.0000000000000000000, 0.0000000000000000000 ) ) ;
#1144 = CARTESIAN_POINT ( 'NONE',  ( -6.442779071710148700, -6.701867489859400200, 9.999999999952818200 ) ) ;
#1145 = EDGE_CURVE ( 'NONE', #3310, #1357, #6818, .T. ) ;
#1146 = FACE_OUTER_BOUND ( 'NONE', #2784, .T. ) ;
#1147 = AXIS2_PLACEMENT_3D ( 'NONE', #1945, #2041, #290 ) ;
#1148 = CARTESIAN_POINT ( 'NONE',  ( 2.491686039226748600, 11.21167105069688400, 0.04766339752129020200 ) ) ;
#1149 = FACE_OUTER_BOUND ( 'NONE', #5565, .T. ) ;
#1150 = CARTESIAN_POINT ( 'NONE',  ( -6.439551145254270600, -7.041994879557985400, 1.482184704260320700 ) ) ;
#1151 = AXIS2_PLACEMENT_3D ( 'NONE', #407, #5960, #3182 ) ;
#1152 = DIRECTION ( 'NONE',  ( 1.743304394832040000E-015, 1.000000000000000000, 0.0000000000000000000 ) ) ;
#1153 = ORIENTED_EDGE ( 'NONE', *, *, #5638, .T. ) ;
#1154 = B_SPLINE_CURVE_WITH_KNOTS ( 'NONE', 3,
 ( #4931, #2140, #492, #2205, #7123, #5456, #2759, #3345, #1053, #4, #6606, #3877, #4358, #2682, #3863, #4388, #1080, #1578, #2157, #4956, #4966, #6546, #1028, #3259, #3799, #2730, #481, #3294, #6586, #5488, #4889, #6046, #6029, #2708, #602, #5232, #5272, #6931, #5373, #5341, #4208, #5900, #7007, #2639, #317, #4797, #3179, #3709, #384, #870, #2567, #938, #2582, #4185, #4271, #5957, #4733, #1983, #2611, #6938, #6499, #3757, #6471, #1427, #3734, #6455, #424, #3688, #4822, #3651, #3088, #4288, #1495, #4233, #898, #5394, #405, #2069, #917, #3197, #7039, #4768, #1463, #2022, #343, #3147, #4711, #1380, #5278, #6977 ),
 .UNSPECIFIED., .F., .F.,
 ( 4, 1, 1, 1, 2, 2, 1, 1, 1, 2, 2, 1, 1, 2, 2, 2, 1, 1, 2, 2, 1, 1, 1, 2, 2, 1, 1, 1, 2, 2, 2, 1, 1, 1, 2, 2, 1, 1, 1, 2, 2, 1, 1, 2, 2, 2, 1, 1, 2, 2, 1, 1, 1, 2, 2, 1, 1, 1, 2, 2, 4 ),
 ( 0.5000000000000000000, 0.5156249999999997800, 0.5234374999999995600, 0.5273437499999995600, 0.5292968749999995600, 0.5312499999999995600, 0.5468749999999993300, 0.5546874999999993300, 0.5585937499999992200, 0.5605468749999992200, 0.5624999999999992200, 0.5781249999999991100, 0.5859374999999990000, 0.5898437499999988900, 0.5937499999999988900, 0.6249999999999984500, 0.6406249999999983300, 0.6484374999999982200, 0.6523437499999982200, 0.6562499999999982200, 0.6718749999999981100, 0.6796874999999982200, 0.6835937499999982200, 0.6855468749999982200, 0.6874999999999982200, 0.7031249999999983300, 0.7109374999999984500, 0.7148437499999984500, 0.7167968749999984500, 0.7187499999999984500, 0.7499999999999988900, 0.7656249999999990000, 0.7734374999999991100, 0.7773437499999991100, 0.7792968749999991100, 0.7812499999999992200, 0.7968749999999993300, 0.8046874999999993300, 0.8085937499999993300, 0.8105468749999993300, 0.8124999999999993300, 0.8281249999999994400, 0.8359374999999995600, 0.8398437499999995600, 0.8437499999999995600, 0.8749999999999997800, 0.8906249999999998900, 0.8984375000000000000, 0.9023437500000000000, 0.9062500000000000000, 0.9218750000000001100, 0.9296875000000002200, 0.9335937500000002200, 0.9355468750000001100, 0.9375000000000000000, 0.9531250000000000000, 0.9609375000000000000, 0.9648437500000000000, 0.9667968750000000000, 0.9687500000000000000, 1.000000000000000000 ),
 .UNSPECIFIED. ) ;
#1155 = B_SPLINE_CURVE_WITH_KNOTS ( 'NONE', 3,
 ( #186, #2495, #5338, #3025 ),
 .UNSPECIFIED., .F., .F.,
 ( 4, 4 ),
 ( 0.0000000000000000000, 1.000000000000000000 ),
 .UNSPECIFIED. ) ;
#1156 = CARTESIAN_POINT ( 'NONE',  ( 7.406444662521336000, -4.751401981570568400, 10.96095955101660200 ) ) ;
#1157 = CARTESIAN_POINT ( 'NONE',  ( -4.158630023512389900, -3.635950204259230200, -37.10965223203719900 ) ) ;
#1158 = ORIENTED_EDGE ( 'NONE', *, *, #6172, .F. ) ;
#1159 = ORIENTED_EDGE ( 'NONE', *, *, #5547, .F. ) ;
#1160 = ORIENTED_EDGE ( 'NONE', *, *, #1198, .F. ) ;
#1161 = CARTESIAN_POINT ( 'NONE',  ( -14.15545311535570100, 4.018399013376000400, 1.399999999999999900 ) ) ;
#1162 = CARTESIAN_POINT ( 'NONE',  ( -1.852484235983486800, 9.869526114901555400, 1.527902837829661300 ) ) ;
#1163 = CARTESIAN_POINT ( 'NONE',  ( 1.464734993205530000, 9.736561368268519700, 7.197398076836040400 ) ) ;
#1164 = CARTESIAN_POINT ( 'NONE',  ( -0.07562460365995860000, -0.05494449072250980100, 1.366780907576699900 ) ) ;
#1165 = CARTESIAN_POINT ( 'NONE',  ( 2.431675449003775300, -11.16343300303895200, 1.497524934941123500 ) ) ;
#1166 = FACE_OUTER_BOUND ( 'NONE', #2922, .T. ) ;
#1167 = EDGE_LOOP ( 'NONE', ( #4551, #5350, #6470, #3348 ) ) ;
#1168 = ORIENTED_EDGE ( 'NONE', *, *, #6761, .T. ) ;
#1169 = ORIENTED_EDGE ( 'NONE', *, *, #2040, .T. ) ;
#1170 = FACE_OUTER_BOUND ( 'NONE', #5664, .T. ) ;
#1171 = FACE_OUTER_BOUND ( 'NONE', #283, .T. ) ;
#1172 = CARTESIAN_POINT ( 'NONE',  ( -1.227244454206029900, -5.385926903508059900, -37.10965223203719900 ) ) ;
#1173 = ADVANCED_FACE ( 'NONE', ( #1458 ), #234, .T. ) ;
#1174 = DIRECTION ( 'NONE',  ( -0.0000000000000000000, -0.0000000000000000000, 1.000000000000000000 ) ) ;
#1175 = CIRCLE ( 'NONE', #6613, 9.746597336550346200 ) ;
#1176 = ORIENTED_EDGE ( 'NONE', *, *, #4292, .F. ) ;
#1177 = ORIENTED_EDGE ( 'NONE', *, *, #1500, .T. ) ;
#1178 = DIRECTION ( 'NONE',  ( 0.0000000000000000000, 0.0000000000000000000, -1.000000000000000000 ) ) ;
#1179 = B_SPLINE_CURVE_WITH_KNOTS ( 'NONE', 3,
 ( #4166, #1387, #2074, #7043, #2543, #3094, #3695, #3152, #6982, #429, #3121, #3760, #4739, #3738, #7014, #6459, #1470, #5345 ),
 .UNSPECIFIED., .F., .F.,
 ( 4, 2, 2, 2, 2, 2, 2, 2, 4 ),
 ( 0.0000000000000000000, 0.06250000000000001400, 0.1250000000000000000, 0.1875000000000000000, 0.2500000000000000000, 0.3125000000000000000, 0.3750000000000000000, 0.4375000000000000600, 0.5000000000000000000 ),
 .UNSPECIFIED. ) ;
#1180 = VECTOR ( 'NONE', #4940, 1000.000000000000000 ) ;
#1181 = VERTEX_POINT ( 'NONE', #2920 ) ;
#1182 = FACE_OUTER_BOUND ( 'NONE', #466, .T. ) ;
#1183 = ORIENTED_EDGE ( 'NONE', *, *, #1819, .T. ) ;
#1184 = ORIENTED_EDGE ( 'NONE', *, *, #1630, .T. ) ;
#1185 = VERTEX_POINT ( 'NONE', #2540 ) ;
#1186 = FACE_OUTER_BOUND ( 'NONE', #1045, .T. ) ;
#1187 = ORIENTED_EDGE ( 'NONE', *, *, #2290, .F. ) ;
#1188 = CARTESIAN_POINT ( 'NONE',  ( -2.297199453140909200, -8.502451639628281700, 10.96095955101660000 ) ) ;
#1189 = CARTESIAN_POINT ( 'NONE',  ( 1.395793572625900100, -8.317081333452069500, 7.001760241560639900 ) ) ;
#1190 = EDGE_CURVE ( 'NONE', #4470, #4341, #2491, .T. ) ;
#1191 = DIRECTION ( 'NONE',  ( -0.4625527581505603500, -0.8844804739561136200, -0.06114930185764846200 ) ) ;
#1192 = CARTESIAN_POINT ( 'NONE',  ( 2.465037192951672100, -11.19027666788419000, 0.01790966324136106200 ) ) ;
#1193 = ORIENTED_EDGE ( 'NONE', *, *, #2737, .F. ) ;
#1194 = EDGE_CURVE ( 'NONE', #1898, #4983, #4145, .T. ) ;
#1195 = CARTESIAN_POINT ( 'NONE',  ( 8.807393294065757800, 4.401831117403098400, 7.197091453833551500 ) ) ;
#1196 = CARTESIAN_POINT ( 'NONE',  ( -3.688426348800570000, -7.131765373010409800, 7.007649993871850400 ) ) ;
#1197 = DIRECTION ( 'NONE',  ( -1.000000000000000000, 0.0000000000000000000, 0.0000000000000000000 ) ) ;
#1198 = EDGE_CURVE ( 'NONE', #6732, #7020, #949, .T. ) ;
#1199 = DIRECTION ( 'NONE',  ( 0.0000000000000000000, 0.0000000000000000000, -1.000000000000000000 ) ) ;
#1200 = AXIS2_PLACEMENT_3D ( 'NONE', #4360, #1038, #1584 ) ;
#1201 = ORIENTED_EDGE ( 'NONE', *, *, #1620, .F. ) ;
#1202 = CARTESIAN_POINT ( 'NONE',  ( 8.796756363386895900, -4.196812733975962200, 10.00000000000002300 ) ) ;
#1203 = EDGE_CURVE ( 'NONE', #591, #3566, #6648, .T. ) ;
#1204 = CARTESIAN_POINT ( 'NONE',  ( -9.341318720806421900, -2.287963214250166000E-015, 11.40000000000000200 ) ) ;
#1205 = CARTESIAN_POINT ( 'NONE',  ( 9.344724606715516300, 1.917730609082460800, 1.583721891830319300 ) ) ;
#1206 = AXIS2_PLACEMENT_3D ( 'NONE', #2196, #1590, #3859 ) ;
#1207 =( BOUNDED_CURVE ( )  B_SPLINE_CURVE ( 3, ( #981, #4228, #2673, #5952 ),
 .UNSPECIFIED., .F., .F. ) 
 B_SPLINE_CURVE_WITH_KNOTS ( ( 4, 4 ),
 ( 6.098062368607421600, 6.468196532739837900 ),
 .UNSPECIFIED. ) 
 CURVE ( )  GEOMETRIC_REPRESENTATION_ITEM ( )  RATIONAL_B_SPLINE_CURVE ( ( 1.000000000000000000, 0.9886159392700610800, 0.9886159392700610800, 1.000000000000000000 ) ) 
 REPRESENTATION_ITEM ( '' )  );
#1208 = CARTESIAN_POINT ( 'NONE',  ( 0.5385535286132421300, -8.799202302674903100, 10.96095955101659800 ) ) ;
#1209 = DIRECTION ( 'NONE',  ( 0.0000000000000000000, 0.0000000000000000000, -1.000000000000000000 ) ) ;
#1210 = ADVANCED_FACE ( 'NONE', ( #5540 ), #4162, .T. ) ;
#1211 = CARTESIAN_POINT ( 'NONE',  ( 12.01579960646100200, 0.0000000000000000000, 0.04999999999999991300 ) ) ;
#1212 = CARTESIAN_POINT ( 'NONE',  ( -4.382926523418326800, -8.198437967613587700, 10.00000000000019700 ) ) ;
#1213 = DIRECTION ( 'NONE',  ( 0.5877852522924734700, -0.8090169943749472300, -0.0000000000000000000 ) ) ;
#1214 = CARTESIAN_POINT ( 'NONE',  ( 1.273058886655809900, -8.724468168020109700, 10.00000000000000000 ) ) ;
#1215 = DIRECTION ( 'NONE',  ( -0.0000000000000000000, -0.0000000000000000000, 1.000000000000000000 ) ) ;
#1216 = B_SPLINE_CURVE_WITH_KNOTS ( 'NONE', 3,
 ( #3329, #523, #1086, #6104 ),
 .UNSPECIFIED., .F., .F.,
 ( 4, 4 ),
 ( 0.0000000000000000000, 1.000000000000000000 ),
 .UNSPECIFIED. ) ;
#1217 = CARTESIAN_POINT ( 'NONE',  ( 0.5486660004249227500, 1.149079610566457400, 9.528024968268798700 ) ) ;
#1218 = DIRECTION ( 'NONE',  ( -0.0000000000000000000, -0.0000000000000000000, 1.000000000000000000 ) ) ;
#1219 = ORIENTED_EDGE ( 'NONE', *, *, #4915, .T. ) ;
#1220 = PLANE ( 'NONE',  #5508 ) ;
#1221 = CARTESIAN_POINT ( 'NONE',  ( 13.97579960646100300, 0.0000000000000000000, 1.450000000000000200 ) ) ;
#1222 = CARTESIAN_POINT ( 'NONE',  ( 2.502527545159200200, 11.22036427452671200, 1.427820046208676100 ) ) ;
#1223 = LINE ( 'NONE', #2222, #2584 ) ;
#1224 = EDGE_CURVE ( 'NONE', #5452, #6657, #5589, .T. ) ;
#1225 = CIRCLE ( 'NONE', #6081, 0.1000000000000000500 ) ;
#1226 = LINE ( 'NONE', #1515, #1596 ) ;
#1227 = CARTESIAN_POINT ( 'NONE',  ( 1.845687814384165500, -8.603967794138249300, 10.96095955101660200 ) ) ;
#1228 = CARTESIAN_POINT ( 'NONE',  ( -8.828588361935580100, 0.0000000000000000000, 10.50000000000000000 ) ) ;
#1229 = DIRECTION ( 'NONE',  ( 0.0000000000000000000, 0.0000000000000000000, -1.000000000000000000 ) ) ;
#1230 = EDGE_CURVE ( 'NONE', #2854, #4001, #5189, .T. ) ;
#1231 = DIRECTION ( 'NONE',  ( -0.0000000000000000000, -0.0000000000000000000, 1.000000000000000000 ) ) ;
#1232 = DIRECTION ( 'NONE',  ( 0.0000000000000000000, 0.0000000000000000000, -1.000000000000000000 ) ) ;
#1233 = CARTESIAN_POINT ( 'NONE',  ( 6.996468837931960400, -6.484673658387459100, 1.583721891830324200 ) ) ;
#1234 = DIRECTION ( 'NONE',  ( -1.000000000000000000, 0.0000000000000000000, 0.0000000000000000000 ) ) ;
#1235 = EDGE_CURVE ( 'NONE', #2014, #3275, #3754, .T. ) ;
#1236 = CARTESIAN_POINT ( 'NONE',  ( 4.304026339104379600, -9.072297124343014800, 1.555816067380029400 ) ) ;
#1237 = CIRCLE ( 'NONE', #2129, 0.1000000000000000100 ) ;
#1238 = ORIENTED_EDGE ( 'NONE', *, *, #5065, .T. ) ;
#1239 = CARTESIAN_POINT ( 'NONE',  ( 1.211142103175618400, 0.3929779461143025300, 9.528024968268804100 ) ) ;
#1240 = CARTESIAN_POINT ( 'NONE',  ( -9.956331755326141700, -1.292237160460798100, 1.583721891836908000 ) ) ;
#1241 = CARTESIAN_POINT ( 'NONE',  ( 6.709753309980840200, 7.069326004652210400, 10.00000000000000000 ) ) ;
#1242 = ADVANCED_FACE ( 'NONE', ( #1087 ), #1444, .T. ) ;
#1243 = ORIENTED_EDGE ( 'NONE', *, *, #5888, .F. ) ;
#1244 = DIRECTION ( 'NONE',  ( -1.000000000000000000, 0.0000000000000000000, 0.0000000000000000000 ) ) ;
#1245 = VERTEX_POINT ( 'NONE', #1625 ) ;
#1246 = AXIS2_PLACEMENT_3D ( 'NONE', #161, #2964, #4590 ) ;
#1247 = DIRECTION ( 'NONE',  ( -1.000000000000000000, -7.381802025433220300E-016, 0.0000000000000000000 ) ) ;
#1248 = CARTESIAN_POINT ( 'NONE',  ( 2.499976862686788900, 11.21831981095981600, 1.436626606967676500 ) ) ;
#1249 = VERTEX_POINT ( 'NONE', #3274 ) ;
#1250 = LINE ( 'NONE', #4332, #6574 ) ;
#1251 = AXIS2_PLACEMENT_3D ( 'NONE', #1121, #2824, #649 ) ;
#1252 = EDGE_LOOP ( 'NONE', ( #5453, #2347, #1315, #4668 ) ) ;
#1253 = ORIENTED_EDGE ( 'NONE', *, *, #5266, .F. ) ;
#1254 = EDGE_LOOP ( 'NONE', ( #3312, #3232, #2080, #6526 ) ) ;
#1255 = CIRCLE ( 'NONE', #4514, 0.09999999999999939500 ) ;
#1256 = CARTESIAN_POINT ( 'NONE',  ( -8.799169842991780400, 1.077587518337380300E-015, 10.96095955101657500 ) ) ;
#1257 = CARTESIAN_POINT ( 'NONE',  ( -1.658597443873470100, -9.805806674283569900, 4.362828412148360300 ) ) ;
#1258 = ADVANCED_FACE ( 'NONE', ( #148 ), #3306, .F. ) ;
#1259 = VECTOR ( 'NONE', #4110, 1000.000000000000000 ) ;
#1260 = ORIENTED_EDGE ( 'NONE', *, *, #6727, .T. ) ;
#1261 = ORIENTED_EDGE ( 'NONE', *, *, #5028, .T. ) ;
#1262 = CARTESIAN_POINT ( 'NONE',  ( -9.471857732831326300, 1.133789991550757000, 1.583721891830324200 ) ) ;
#1263 = VECTOR ( 'NONE', #4785, 1000.000000000000000 ) ;
#1264 = ORIENTED_EDGE ( 'NONE', *, *, #302, .F. ) ;
#1265 = FACE_OUTER_BOUND ( 'NONE', #5125, .T. ) ;
#1266 = DIRECTION ( 'NONE',  ( -1.000000000000000000, 0.0000000000000000000, -0.0000000000000000000 ) ) ;
#1267 = CARTESIAN_POINT ( 'NONE',  ( -8.814498047376721600, -4.813827769750981000, 1.499999327185927300 ) ) ;
#1268 = CARTESIAN_POINT ( 'NONE',  ( -1.044549484812704800, 0.7372235179478938700, 9.528024968268800500 ) ) ;
#1269 = EDGE_LOOP ( 'NONE', ( #937, #3553, #4274, #5909 ) ) ;
#1270 = ORIENTED_EDGE ( 'NONE', *, *, #2728, .T. ) ;
#1271 = ORIENTED_EDGE ( 'NONE', *, *, #5582, .F. ) ;
#1272 = DIRECTION ( 'NONE',  ( 0.9891082964964902400, 0.1440426992141765300, 0.03027339764389999300 ) ) ;
#1273 = VECTOR ( 'NONE', #2670, 1000.000000000000100 ) ;
#1274 = ORIENTED_EDGE ( 'NONE', *, *, #539, .F. ) ;
#1275 = CARTESIAN_POINT ( 'NONE',  ( -3.512462942317200900, 6.094175216222374100, 11.40000000005519000 ) ) ;
#1276 = CARTESIAN_POINT ( 'NONE',  ( 0.05647524154837250300, -12.46737528024190000, 0.0000000000000000000 ) ) ;
#1277 = DIRECTION ( 'NONE',  ( -0.9500978300568703200, 1.163534266455992300E-016, 0.3119521010046678000 ) ) ;
#1278 = CARTESIAN_POINT ( 'NONE',  ( 9.959471230929143100, 1.288302092932234400, 1.527910242916552500 ) ) ;
#1279 = DIRECTION ( 'NONE',  ( -1.000000000000000000, 0.0000000000000000000, 0.0000000000000000000 ) ) ;
#1280 = CARTESIAN_POINT ( 'NONE',  ( -2.442933142663652000, -11.17249511008022400, 1.493117245697712000 ) ) ;
#1281 = ORIENTED_EDGE ( 'NONE', *, *, #7137, .F. ) ;
#1282 = CIRCLE ( 'NONE', #6242, 3.680000000000001000 ) ;
#1283 = EDGE_LOOP ( 'NONE', ( #1378, #2533, #6099, #74 ) ) ;
#1284 = EDGE_CURVE ( 'NONE', #2247, #3164, #5905, .T. ) ;
#1285 = ORIENTED_EDGE ( 'NONE', *, *, #2548, .T. ) ;
#1286 = CARTESIAN_POINT ( 'NONE',  ( -0.05647524154837316200, 14.81737528024190100, 1.399999999999999900 ) ) ;
#1287 = ORIENTED_EDGE ( 'NONE', *, *, #1756, .F. ) ;
#1288 = CARTESIAN_POINT ( 'NONE',  ( -2.771477982852050800, -8.353506267072576800, 10.96095955101660000 ) ) ;
#1289 = DIRECTION ( 'NONE',  ( 0.6982542552282603500, -0.7132333124146330600, -0.06114930185764845500 ) ) ;
#1290 = CARTESIAN_POINT ( 'NONE',  ( 4.649900761691616100, 8.565896482404506100, 10.00000000000000400 ) ) ;
#1291 = EDGE_CURVE ( 'NONE', #5726, #3653, #1250, .T. ) ;
#1292 = ADVANCED_FACE ( 'NONE', ( #6994 ), #4390, .T. ) ;
#1293 = CARTESIAN_POINT ( 'NONE',  ( -2.506475241548380000, 11.22352804885810000, 1.399999999999999900 ) ) ;
#1294 = EDGE_CURVE ( 'NONE', #6084, #2160, #1154, .T. ) ;
#1295 = CARTESIAN_POINT ( 'NONE',  ( -10.70582023461626200, 3.918962932418563300, 0.0000000000000000000 ) ) ;
#1296 = ORIENTED_EDGE ( 'NONE', *, *, #6111, .T. ) ;
#1297 = CARTESIAN_POINT ( 'NONE',  ( 2.502527545159200200, -11.22036427452671200, 1.427820046208676100 ) ) ;
#1298 = EDGE_CURVE ( 'NONE', #5713, #1598, #1783, .T. ) ;
#1299 = CARTESIAN_POINT ( 'NONE',  ( -10.07086074122643500, 0.4335320363788456300, 1.500003561359264400 ) ) ;
#1300 = AXIS2_PLACEMENT_3D ( 'NONE', #1851, #4638, #5171 ) ;
#1301 = DIRECTION ( 'NONE',  ( 0.0000000000000000000, 1.000000000000000000, 0.0000000000000000000 ) ) ;
#1302 = PLANE ( 'NONE',  #2396 ) ;
#1303 = CARTESIAN_POINT ( 'NONE',  ( 10.75593189793139000, -3.990836622469780000, 0.03045231266407448200 ) ) ;
#1304 = ADVANCED_FACE ( 'NONE', ( #3133 ), #6067, .T. ) ;
#1305 = EDGE_CURVE ( 'NONE', #6175, #2696, #5696, .T. ) ;
#1306 = CARTESIAN_POINT ( 'NONE',  ( -2.491686039226749000, -11.21167105069688200, 1.452336602478709400 ) ) ;
#1307 = CARTESIAN_POINT ( 'NONE',  ( -6.017857295419476700, 5.908264601509162400, 7.001146806020342300 ) ) ;
#1308 = CARTESIAN_POINT ( 'NONE',  ( 0.9849999999999999900, 12.46737528024190000, 1.500000000000000000 ) ) ;
#1309 = CARTESIAN_POINT ( 'NONE',  ( 1.273058886655809900, 0.0000000000000000000, 9.528024968268802300 ) ) ;
#1310 = CARTESIAN_POINT ( 'NONE',  ( -2.506475241548374600, -11.22352804885812300, 0.1000000000000000500 ) ) ;
#1311 = ORIENTED_EDGE ( 'NONE', *, *, #6773, .T. ) ;
#1312 = CARTESIAN_POINT ( 'NONE',  ( 14.15545311535570300, -3.918399013376000300, 1.500000000000000000 ) ) ;
#1313 = CARTESIAN_POINT ( 'NONE',  ( -0.8567429313974658200, 8.014617047227062600, 1.314579482943366800 ) ) ;
#1314 = CARTESIAN_POINT ( 'NONE',  ( 6.448490503248314600, -7.799653544742220400, 1.499998324696410400 ) ) ;
#1315 = ORIENTED_EDGE ( 'NONE', *, *, #6561, .T. ) ;
#1316 = CARTESIAN_POINT ( 'NONE',  ( -0.09347715089518821000, 1.144764936372060000E-017, 1.366780907576699900 ) ) ;
#1317 = CARTESIAN_POINT ( 'NONE',  ( -13.97579960646100300, 0.0000000000000000000, 1.500000000000000000 ) ) ;
#1318 = LINE ( 'NONE', #3601, #4450 ) ;
#1319 = CARTESIAN_POINT ( 'NONE',  ( 3.926741436245520000, 7.496276373679680900, 4.165311908826380400 ) ) ;
#1320 = DIRECTION ( 'NONE',  ( -1.000000000000000000, 0.0000000000000000000, -0.0000000000000000000 ) ) ;
#1321 = CARTESIAN_POINT ( 'NONE',  ( 10.70621433777345100, -3.919526854806267800, 1.499995229985134200 ) ) ;
#1322 = CARTESIAN_POINT ( 'NONE',  ( -0.05647524154837250300, 12.46737528024190000, 0.0000000000000000000 ) ) ;
#1323 = DIRECTION ( 'NONE',  ( -1.000000000000000000, 4.881252305529689900E-015, 0.0000000000000000000 ) ) ;
#1324 = DIRECTION ( 'NONE',  ( 0.05520149903585511900, -0.04010623665919570800, 0.9976694263558602000 ) ) ;
#1325 = FACE_OUTER_BOUND ( 'NONE', #4984, .T. ) ;
#1326 = FACE_OUTER_BOUND ( 'NONE', #2822, .T. ) ;
#1327 = ORIENTED_EDGE ( 'NONE', *, *, #3457, .T. ) ;
#1328 = DIRECTION ( 'NONE',  ( 0.8940976206802310200, 0.4436780449651350200, -0.06114930179376898400 ) ) ;
#1329 = CARTESIAN_POINT ( 'NONE',  ( -9.712648140755609600, -1.615717169635910100, 7.197398076836040400 ) ) ;
#1330 = EDGE_CURVE ( 'NONE', #7023, #470, #5530, .T. ) ;
#1331 = DIRECTION ( 'NONE',  ( -1.000000000000000000, 0.0000000000000000000, -0.0000000000000000000 ) ) ;
#1332 = CARTESIAN_POINT ( 'NONE',  ( -1.070525575734058400, -9.482166726427335500, 1.482184704260321100 ) ) ;
#1333 = CARTESIAN_POINT ( 'NONE',  ( -7.887101893987949800, 1.661841923304950000, 1.314579482943359900 ) ) ;
#1334 = ADVANCED_FACE ( 'NONE', ( #5087 ), #2763, .T. ) ;
#1335 = EDGE_CURVE ( 'NONE', #3114, #4908, #4238, .T. ) ;
#1336 = CARTESIAN_POINT ( 'NONE',  ( -2.502527545159210800, 11.22036427452671100, 1.427820046208675900 ) ) ;
#1337 = ORIENTED_EDGE ( 'NONE', *, *, #2212, .F. ) ;
#1338 = AXIS2_PLACEMENT_3D ( 'NONE', #207, #5730, #3461 ) ;
#1339 = VERTEX_POINT ( 'NONE', #6525 ) ;
#1340 = CARTESIAN_POINT ( 'NONE',  ( 8.814592906677072300, -4.809799344008546000, 1.555816067380029400 ) ) ;
#1341 = DIRECTION ( 'NONE',  ( 4.881252305529689900E-015, 1.000000000000000000, 0.0000000000000000000 ) ) ;
#1342 = ORIENTED_EDGE ( 'NONE', *, *, #5177, .T. ) ;
#1343 = ORIENTED_EDGE ( 'NONE', *, *, #2434, .F. ) ;
#1344 = CARTESIAN_POINT ( 'NONE',  ( -1.072882848195535900, -9.482935660054460300, 1.446550831950623300 ) ) ;
#1345 = ORIENTED_EDGE ( 'NONE', *, *, #1981, .T. ) ;
#1346 = AXIS2_PLACEMENT_3D ( 'NONE', #589, #1119, #6745 ) ;
#1347 = CARTESIAN_POINT ( 'NONE',  ( 0.05647524154837288400, -14.81737528024190100, 1.500000000000000000 ) ) ;
#1348 = CARTESIAN_POINT ( 'NONE',  ( 0.8567429313974658200, -8.014617047227064400, 1.314579482943366800 ) ) ;
#1349 = DIRECTION ( 'NONE',  ( 0.7155392468345581600, 0.6979162612110300100, -0.03027339717723367600 ) ) ;
#1350 = CARTESIAN_POINT ( 'NONE',  ( 10.77214837553961100, -4.014169387606646200, 1.428775604593511800 ) ) ;
#1351 = VECTOR ( 'NONE', #3000, 1000.000000000000000 ) ;
#1352 = CARTESIAN_POINT ( 'NONE',  ( -4.711548903495387500, 8.294749881360964100, 1.583721891830319300 ) ) ;
#1353 = DIRECTION ( 'NONE',  ( 0.0000000000000000000, 0.0000000000000000000, -1.000000000000000000 ) ) ;
#1354 = AXIS2_PLACEMENT_3D ( 'NONE', #3143, #4104, #3085 ) ;
#1355 = ORIENTED_EDGE ( 'NONE', *, *, #6483, .F. ) ;
#1356 = VERTEX_POINT ( 'NONE', #4901 ) ;
#1357 = VERTEX_POINT ( 'NONE', #6023 ) ;
#1358 = CARTESIAN_POINT ( 'NONE',  ( 14.15545311535570100, 0.2383990133759980000, 1.500000000000000000 ) ) ;
#1359 = FACE_OUTER_BOUND ( 'NONE', #4944, .T. ) ;
#1360 = VECTOR ( 'NONE', #3340, 1000.000000000000000 ) ;
#1361 = DIRECTION ( 'NONE',  ( 0.0000000000000000000, 0.0000000000000000000, -1.000000000000000000 ) ) ;
#1362 = AXIS2_PLACEMENT_3D ( 'NONE', #77, #3281, #2875 ) ;
#1363 = CARTESIAN_POINT ( 'NONE',  ( 15.98579960646100100, 2.461540066286180200E-016, -4.404571325722361800E-017 ) ) ;
#1364 = LINE ( 'NONE', #1830, #5009 ) ;
#1365 = ORIENTED_EDGE ( 'NONE', *, *, #2126, .F. ) ;
#1366 = VERTEX_POINT ( 'NONE', #3220 ) ;
#1367 = VECTOR ( 'NONE', #2597, 1000.000000000000000 ) ;
#1368 = VERTEX_POINT ( 'NONE', #1406 ) ;
#1369 = DIRECTION ( 'NONE',  ( 0.0000000000000000000, 0.0000000000000000000, -1.000000000000000000 ) ) ;
#1370 = DIRECTION ( 'NONE',  ( 0.0000000000000000000, 0.9987981237380664200, 0.04901334529817547000 ) ) ;
#1371 = CARTESIAN_POINT ( 'NONE',  ( -8.457969002493342700, 4.426041285772392100, 1.482183610650190700 ) ) ;
#1372 = ORIENTED_EDGE ( 'NONE', *, *, #4006, .T. ) ;
#1373 = CIRCLE ( 'NONE', #6649, 9.746597336550346200 ) ;
#1374 = ORIENTED_EDGE ( 'NONE', *, *, #4887, .F. ) ;
#1375 = CARTESIAN_POINT ( 'NONE',  ( -4.005263367321215500, -8.657911642788459300, 1.583721891830324200 ) ) ;
#1376 = DIRECTION ( 'NONE',  ( -1.000000000000000000, 0.0000000000000000000, 0.0000000000000000000 ) ) ;
#1377 = FACE_OUTER_BOUND ( 'NONE', #4622, .T. ) ;
#1378 = ORIENTED_EDGE ( 'NONE', *, *, #1145, .F. ) ;
#1379 = DIRECTION ( 'NONE',  ( -1.000000000000000000, 0.0000000000000000000, 0.0000000000000000000 ) ) ;
#1380 = CARTESIAN_POINT ( 'NONE',  ( 8.750203543402198700, 1.071730573458027400, 10.96095955101659800 ) ) ;
#1381 = CARTESIAN_POINT ( 'NONE',  ( 8.814574976180669100, -4.813698833088732700, 1.500000407994915200 ) ) ;
#1382 = ORIENTED_EDGE ( 'NONE', *, *, #1502, .T. ) ;
#1383 = CARTESIAN_POINT ( 'NONE',  ( 0.05647524154837294700, -14.91737528024190100, 0.1000000000000000500 ) ) ;
#1384 = DIRECTION ( 'NONE',  ( 0.0000000000000000000, 1.079514515332727700E-017, -1.000000000000000000 ) ) ;
#1385 = ADVANCED_FACE ( 'NONE', ( #4057 ), #6895, .T. ) ;
#1386 = CARTESIAN_POINT ( 'NONE',  ( 10.77508558524241000, -4.018399013376000400, 1.409744242486429900 ) ) ;
#1387 = CARTESIAN_POINT ( 'NONE',  ( 1.602606525750616400, 0.2097807036622165700, 9.040507860752558900 ) ) ;
#1388 = DIRECTION ( 'NONE',  ( -1.000000000000000000, 0.0000000000000000000, 0.0000000000000000000 ) ) ;
#1389 = CARTESIAN_POINT ( 'NONE',  ( -13.97579960646100300, 0.0000000000000000000, 1.500000000000000000 ) ) ;
#1390 = EDGE_CURVE ( 'NONE', #2933, #3417, #3022, .T. ) ;
#1391 = ORIENTED_EDGE ( 'NONE', *, *, #1671, .T. ) ;
#1392 = DIRECTION ( 'NONE',  ( 0.0000000000000000000, 0.0000000000000000000, 1.000000000000000000 ) ) ;
#1393 = CARTESIAN_POINT ( 'NONE',  ( 17.93545311535570300, -0.2383990133759972300, 1.399999999999999900 ) ) ;
#1394 = PLANE ( 'NONE',  #3350 ) ;
#1395 = CARTESIAN_POINT ( 'NONE',  ( 7.357605642763090300, 3.291463818695699500, 1.314579482943356600 ) ) ;
#1396 = EDGE_CURVE ( 'NONE', #2717, #5837, #3096, .T. ) ;
#1397 = CARTESIAN_POINT ( 'NONE',  ( 14.15545311535570500, 3.918399013375997600, 0.1000000000000000100 ) ) ;
#1398 = EDGE_CURVE ( 'NONE', #5528, #4156, #6806, .T. ) ;
#1399 = B_SPLINE_CURVE_WITH_KNOTS ( 'NONE', 3,
 ( #2218, #4987, #1100, #5564 ),
 .UNSPECIFIED., .F., .F.,
 ( 4, 4 ),
 ( 0.0000000000000000000, 1.000000000000000000 ),
 .UNSPECIFIED. ) ;
#1400 = CARTESIAN_POINT ( 'NONE',  ( -10.74546576924028200, 3.975796725723781400, 0.01741208419829081600 ) ) ;
#1401 = CARTESIAN_POINT ( 'NONE',  ( 8.814399537076960600, -4.806743149136327300, 1.583721891836907600 ) ) ;
#1402 = CARTESIAN_POINT ( 'NONE',  ( 17.93545311535570300, 0.2383990133759984800, 1.500000000000000000 ) ) ;
#1403 = CARTESIAN_POINT ( 'NONE',  ( -14.15545311535570100, 0.2383990133759980000, 1.399999999999999900 ) ) ;
#1404 = CARTESIAN_POINT ( 'NONE',  ( 6.442779071710148700, 6.701867489859400200, 9.999999999952818200 ) ) ;
#1405 = AXIS2_PLACEMENT_3D ( 'NONE', #1963, #3077, #4135 ) ;
#1406 = CARTESIAN_POINT ( 'NONE',  ( 1.854392572402093500, 9.359963765724682400, 1.499999999999969100 ) ) ;
#1407 = CARTESIAN_POINT ( 'NONE',  ( 0.0000000000000000000, 12.46737528024190000, 0.0000000000000000000 ) ) ;
#1408 = PLANE ( 'NONE',  #33 ) ;
#1409 = CARTESIAN_POINT ( 'NONE',  ( 10.70542615555186600, -3.918399013376002000, 1.500000000000000000 ) ) ;
#1410 = AXIS2_PLACEMENT_3D ( 'NONE', #3700, #4116, #4636 ) ;
#1411 = CARTESIAN_POINT ( 'NONE',  ( -2.699753648801634000, 9.711926499491486500, 1.500003561359264400 ) ) ;
#1412 = CARTESIAN_POINT ( 'NONE',  ( -2.499976862686788900, -11.21831981095981600, 1.436626606967676500 ) ) ;
#1413 = AXIS2_PLACEMENT_3D ( 'NONE', #254, #4180, #3674 ) ;
#1414 = ORIENTED_EDGE ( 'NONE', *, *, #3116, .T. ) ;
#1415 = FACE_OUTER_BOUND ( 'NONE', #566, .T. ) ;
#1416 = CARTESIAN_POINT ( 'NONE',  ( -1.464755963826718500, 9.736569405541514400, 7.197091453833576400 ) ) ;
#1417 = CARTESIAN_POINT ( 'NONE',  ( 7.081089974732289100, 3.749857226653828600, 9.818678063566084200 ) ) ;
#1418 = ADVANCED_FACE ( 'NONE', ( #2615 ), #4918, .T. ) ;
#1419 = CARTESIAN_POINT ( 'NONE',  ( 9.348156999473090400, 1.913022274167459400, 1.500000000000000400 ) ) ;
#1420 = CARTESIAN_POINT ( 'NONE',  ( -1.462090984936127900, -9.263324237528962600, 7.236057577981138200 ) ) ;
#1421 = CIRCLE ( 'NONE', #630, 9.539474233726782200 ) ;
#1422 = DIRECTION ( 'NONE',  ( -1.000000000000000000, 0.0000000000000000000, 0.0000000000000000000 ) ) ;
#1423 = DIRECTION ( 'NONE',  ( 1.000000000000000000, 0.0000000000000000000, 0.0000000000000000000 ) ) ;
#1424 = VECTOR ( 'NONE', #6583, 1000.000000000000000 ) ;
#1425 = ORIENTED_EDGE ( 'NONE', *, *, #6861, .T. ) ;
#1426 = MANIFOLD_SOLID_BREP ( 'Fillet2', #4444 ) ;
#1427 = CARTESIAN_POINT ( 'NONE',  ( 4.690193001345278400, 7.445352316862763300, 10.96095955101660000 ) ) ;
#1428 = CARTESIAN_POINT ( 'NONE',  ( 9.956331755326141700, 1.292237160460798700, 1.583721891836908300 ) ) ;
#1429 = LINE ( 'NONE', #2131, #3297 ) ;
#1430 = DIRECTION ( 'NONE',  ( -0.3082968075122660700, -0.9488400090441877500, -0.06823280526821747000 ) ) ;
#1431 = CARTESIAN_POINT ( 'NONE',  ( -2.506475241548380000, 11.22352804885810000, 0.1000000000000000500 ) ) ;
#1432 = ORIENTED_EDGE ( 'NONE', *, *, #1441, .T. ) ;
#1433 = CARTESIAN_POINT ( 'NONE',  ( -7.887101893987949800, 1.661841923304949100, 1.314579482943361700 ) ) ;
#1434 = EDGE_CURVE ( 'NONE', #340, #4415, #4359, .T. ) ;
#1435 = CARTESIAN_POINT ( 'NONE',  ( 4.017754111820750000, 6.987542254695109800, 1.314579482943359900 ) ) ;
#1436 = CARTESIAN_POINT ( 'NONE',  ( -9.341318720806421900, 0.0000000000000000000, 11.40000000000000200 ) ) ;
#1437 = ORIENTED_EDGE ( 'NONE', *, *, #1808, .T. ) ;
#1438 = CARTESIAN_POINT ( 'NONE',  ( 2.406475241548372800, -12.46737528024190000, 1.500000000000000000 ) ) ;
#1439 = ORIENTED_EDGE ( 'NONE', *, *, #4701, .T. ) ;
#1440 = CARTESIAN_POINT ( 'NONE',  ( -1.211113586543843800, -0.3930498923786320300, 9.528024968268804100 ) ) ;
#1441 = EDGE_CURVE ( 'NONE', #2626, #340, #611, .T. ) ;
#1442 = ORIENTED_EDGE ( 'NONE', *, *, #5120, .T. ) ;
#1443 = EDGE_CURVE ( 'NONE', #2941, #6576, #2190, .T. ) ;
#1444 = CYLINDRICAL_SURFACE ( 'NONE', #4857, 0.1000000000000000500 ) ;
#1445 = CARTESIAN_POINT ( 'NONE',  ( -8.577591355098663300, 4.190685835373851200, 1.464367221300407100 ) ) ;
#1446 = ORIENTED_EDGE ( 'NONE', *, *, #62, .T. ) ;
#1447 = ORIENTED_EDGE ( 'NONE', *, *, #6871, .T. ) ;
#1448 = B_SPLINE_CURVE_WITH_KNOTS ( 'NONE', 3,
 ( #2265, #6178, #6845, #306 ),
 .UNSPECIFIED., .F., .F.,
 ( 4, 4 ),
 ( 0.0000000000000000000, 1.000000000000000000 ),
 .UNSPECIFIED. ) ;
#1449 = VERTEX_POINT ( 'NONE', #268 ) ;
#1450 = AXIS2_PLACEMENT_3D ( 'NONE', #6051, #2866, #3445 ) ;
#1451 = FACE_OUTER_BOUND ( 'NONE', #2198, .T. ) ;
#1452 = EDGE_LOOP ( 'NONE', ( #3136, #3743 ) ) ;
#1453 = CARTESIAN_POINT ( 'NONE',  ( -17.93545311535570300, 0.2383990133759980000, 1.399999999999999900 ) ) ;
#1454 = CIRCLE ( 'NONE', #2514, 9.728040106252720400 ) ;
#1455 = CARTESIAN_POINT ( 'NONE',  ( -0.8567429313974658200, 8.014617047227062600, 1.314579482943366800 ) ) ;
#1456 = CARTESIAN_POINT ( 'NONE',  ( 7.904065471588471500, 3.906759880582942700, 9.999999999999998200 ) ) ;
#1457 = CARTESIAN_POINT ( 'NONE',  ( 1.847685141975744100, 9.868357437644506900, 1.583721891836908000 ) ) ;
#1458 = FACE_OUTER_BOUND ( 'NONE', #6263, .T. ) ;
#1459 = EDGE_CURVE ( 'NONE', #5243, #7101, #7128, .T. ) ;
#1460 = EDGE_LOOP ( 'NONE', ( #5992, #5830, #19, #6187 ) ) ;
#1461 = EDGE_LOOP ( 'NONE', ( #1995, #6650, #3488, #1850 ) ) ;
#1462 = AXIS2_PLACEMENT_3D ( 'NONE', #4732, #4709, #1379 ) ;
#1463 = CARTESIAN_POINT ( 'NONE',  ( 8.549844470530352700, 2.088618229728907300, 10.96095955101660200 ) ) ;
#1464 = CARTESIAN_POINT ( 'NONE',  ( 4.538011678549909600, -8.737993241226750000, 7.197398076836040400 ) ) ;
#1465 = VECTOR ( 'NONE', #1277, 1000.000000000000000 ) ;
#1466 = ORIENTED_EDGE ( 'NONE', *, *, #2996, .T. ) ;
#1467 = CYLINDRICAL_SURFACE ( 'NONE', #3484, 0.1000000000000000500 ) ;
#1468 = PRODUCT_DEFINITION_CONTEXT ( 'detailed design', #3239, 'design' ) ;
#1469 = CARTESIAN_POINT ( 'NONE',  ( -4.001413558168919400, 8.662354359223652300, 1.499999999999969400 ) ) ;
#1470 = CARTESIAN_POINT ( 'NONE',  ( -1.602606525750616400, 0.2097807036622166300, 9.040507860752555300 ) ) ;
#1471 = CARTESIAN_POINT ( 'NONE',  ( 0.0000000000000000000, 0.0000000000000000000, 10.00000000000039800 ) ) ;
#1472 = UNCERTAINTY_MEASURE_WITH_UNIT (LENGTH_MEASURE( 1.000000000000000100E-005 ), #813, 'distance_accuracy_value', 'NONE');
#1473 = FACE_OUTER_BOUND ( 'NONE', #5198, .T. ) ;
#1474 = DIRECTION ( 'NONE',  ( 0.3082968075122660700, -0.9488400090441877500, -0.06823280526821747000 ) ) ;
#1475 = ORIENTED_EDGE ( 'NONE', *, *, #696, .T. ) ;
#1476 = ORIENTED_EDGE ( 'NONE', *, *, #4068, .T. ) ;
#1477 = CIRCLE ( 'NONE', #4706, 1.960000000000000000 ) ;
#1478 = VERTEX_POINT ( 'NONE', #6294 ) ;
#1479 = DIRECTION ( 'NONE',  ( -1.000000000000000000, 0.0000000000000000000, 0.0000000000000000000 ) ) ;
#1480 = CARTESIAN_POINT ( 'NONE',  ( 10.73914575995844500, 3.966721526847544900, 0.01185746494543266100 ) ) ;
#1481 = VERTEX_POINT ( 'NONE', #6371 ) ;
#1482 = VERTEX_POINT ( 'NONE', #1867 ) ;
#1483 = VECTOR ( 'NONE', #3704, 1000.000000000000100 ) ;
#1484 = CARTESIAN_POINT ( 'NONE',  ( -1.024779728573226500, -0.7757027690475663000, 9.528024968268804100 ) ) ;
#1485 = VERTEX_POINT ( 'NONE', #3626 ) ;
#1486 = CARTESIAN_POINT ( 'NONE',  ( 7.302051962268437900, -6.895531216981429300, 1.499999327185927100 ) ) ;
#1487 = EDGE_LOOP ( 'NONE', ( #4655, #5610, #3386, #1845 ) ) ;
#1488 = B_SPLINE_CURVE_WITH_KNOTS ( 'NONE', 3,
 ( #3066, #5276, #5839, #1404 ),
 .UNSPECIFIED., .F., .F.,
 ( 4, 4 ),
 ( 0.0000000000000000000, 1.000000000000000000 ),
 .UNSPECIFIED. ) ;
#1489 = ORIENTED_EDGE ( 'NONE', *, *, #1390, .T. ) ;
#1490 = CARTESIAN_POINT ( 'NONE',  ( 4.709271166303849100, -8.297896296400590900, 1.527909983233807900 ) ) ;
#1491 = CARTESIAN_POINT ( 'NONE',  ( 0.0000000000000000000, 0.0000000000000000000, 0.09711393867844944600 ) ) ;
#1492 = ORIENTED_EDGE ( 'NONE', *, *, #4926, .F. ) ;
#1493 = DIRECTION ( 'NONE',  ( -0.9510565162951534200, -0.3090169943749477800, -0.0000000000000000000 ) ) ;
#1494 = CARTESIAN_POINT ( 'NONE',  ( -10.70582023461626500, -3.918962932418553500, -9.313377894029438100E-019 ) ) ;
#1495 = CARTESIAN_POINT ( 'NONE',  ( 7.324167201444106800, 4.877250924369544500, 10.96095955101659800 ) ) ;
#1496 = ORIENTED_EDGE ( 'NONE', *, *, #2040, .F. ) ;
#1497 = CARTESIAN_POINT ( 'NONE',  ( -2.406475241548374100, 12.46737528024190000, 1.399999999999999900 ) ) ;
#1498 = CARTESIAN_POINT ( 'NONE',  ( -6.709753309980837500, -7.069326004652212200, 10.00000000000004800 ) ) ;
#1499 = CARTESIAN_POINT ( 'NONE',  ( -7.922495576004449100, 1.304112433520262300, 7.006894107162033000 ) ) ;
#1500 = EDGE_CURVE ( 'NONE', #5004, #6645, #3409, .T. ) ;
#1501 = EDGE_CURVE ( 'NONE', #1135, #7139, #1759, .T. ) ;
#1502 = EDGE_CURVE ( 'NONE', #6646, #2224, #2353, .T. ) ;
#1503 = CARTESIAN_POINT ( 'NONE',  ( 10.77024387075979000, 4.011427246171028700, 0.06209805678764310900 ) ) ;
#1504 = PLANE ( 'NONE',  #4515 ) ;
#1505 = AXIS2_PLACEMENT_3D ( 'NONE', #5846, #6356, #1320 ) ;
#1506 = CARTESIAN_POINT ( 'NONE',  ( 13.97579960646100300, 0.0000000000000000000, 1.500000000000000000 ) ) ;
#1507 = CARTESIAN_POINT ( 'NONE',  ( -10.72429309969705500, -3.945414918550408200, 1.497145099891050300 ) ) ;
#1508 = DIRECTION ( 'NONE',  ( 0.0000000000000000000, 0.0000000000000000000, -1.000000000000000000 ) ) ;
#1509 = DIRECTION ( 'NONE',  ( -0.3082968075122651300, 0.9488400090441880800, -0.06823280526821752500 ) ) ;
#1510 = EDGE_LOOP ( 'NONE', ( #25, #5005, #9, #4281, #387 ) ) ;
#1511 = CARTESIAN_POINT ( 'NONE',  ( -10.77405805346786000, -4.016918977437650400, 0.08037552362140834600 ) ) ;
#1512 = CARTESIAN_POINT ( 'NONE',  ( 13.97579960646100300, 0.0000000000000000000, 0.04999999999999991300 ) ) ;
#1513 = CARTESIAN_POINT ( 'NONE',  ( -2.406475241548380800, 11.14310894283164900, 1.500000000000000000 ) ) ;
#1514 = AXIS2_PLACEMENT_3D ( 'NONE', #902, #5853, #3075 ) ;
#1515 = CARTESIAN_POINT ( 'NONE',  ( 6.974445124399153400, 0.0000000000000000000, 11.39999999998053700 ) ) ;
#1516 = ORIENTED_EDGE ( 'NONE', *, *, #4370, .T. ) ;
#1517 = AXIS2_PLACEMENT_3D ( 'NONE', #6978, #5776, #3031 ) ;
#1518 = CIRCLE ( 'NONE', #887, 9.582396530331134700 ) ;
#1519 = CARTESIAN_POINT ( 'NONE',  ( 10.77214837553961100, 4.014169387606645300, 0.07122439540648826900 ) ) ;
#1520 = TOROIDAL_SURFACE ( 'NONE', #3388, 11.40000000000000000, 0.1000000000000000100 ) ;
#1521 = DIRECTION ( 'NONE',  ( 0.0000000000000000000, 0.0000000000000000000, -1.000000000000000000 ) ) ;
#1522 = DIRECTION ( 'NONE',  ( 0.0000000000000000000, 0.9992128716680942500, -0.03966909493296915500 ) ) ;
#1523 = CIRCLE ( 'NONE', #1677, 9.746597336550346200 ) ;
#1524 = ORIENTED_EDGE ( 'NONE', *, *, #3207, .F. ) ;
#1525 = DIRECTION ( 'NONE',  ( -0.9976694263629242200, 0.0000000000000000000, 0.06823280516491731000 ) ) ;
#1526 = CARTESIAN_POINT ( 'NONE',  ( -11.96579960646100300, 2.461540066286180200E-016, 1.450000000000000200 ) ) ;
#1527 = CARTESIAN_POINT ( 'NONE',  ( -10.77024387075979400, -4.011427246171019000, 0.06209805678764315100 ) ) ;
#1528 = ORIENTED_EDGE ( 'NONE', *, *, #4200, .F. ) ;
#1529 = CARTESIAN_POINT ( 'NONE',  ( -8.814399537076962300, 4.806743149136326400, 1.583721891836908300 ) ) ;
#1530 = CARTESIAN_POINT ( 'NONE',  ( 5.809047173994700100, -6.193167801626509900, 1.300721701513740000 ) ) ;
#1531 = EDGE_CURVE ( 'NONE', #3566, #591, #2792, .T. ) ;
#1532 = CARTESIAN_POINT ( 'NONE',  ( -4.649900761691637500, 8.565896482404516700, 10.00000000000002300 ) ) ;
#1533 = ORIENTED_EDGE ( 'NONE', *, *, #1616, .T. ) ;
#1534 = CARTESIAN_POINT ( 'NONE',  ( 4.261163719975836100, 8.354640855171030700, 7.217198224271583300 ) ) ;
#1535 = ORIENTED_EDGE ( 'NONE', *, *, #1190, .F. ) ;
#1536 = VERTEX_POINT ( 'NONE', #1240 ) ;
#1537 = ORIENTED_EDGE ( 'NONE', *, *, #1459, .T. ) ;
#1538 = EDGE_CURVE ( 'NONE', #2480, #7115, #4871, .T. ) ;
#1539 = LINE ( 'NONE', #5252, #7159 ) ;
#1540 = ORIENTED_EDGE ( 'NONE', *, *, #3619, .F. ) ;
#1541 = VERTEX_POINT ( 'NONE', #977 ) ;
#1542 = ORIENTED_EDGE ( 'NONE', *, *, #2721, .F. ) ;
#1543 = CIRCLE ( 'NONE', #4213, 3.680000000000001000 ) ;
#1544 = EDGE_CURVE ( 'NONE', #1684, #3557, #4041, .T. ) ;
#1545 = CARTESIAN_POINT ( 'NONE',  ( 4.983695211967270400, 6.948862985003850100, 9.909339031783240200 ) ) ;
#1546 = AXIS2_PLACEMENT_3D ( 'NONE', #3491, #2268, #5080 ) ;
#1547 = FACE_OUTER_BOUND ( 'NONE', #5625, .T. ) ;
#1548 = SURFACE_STYLE_USAGE ( .BOTH. , #996 ) ;
#1549 = CIRCLE ( 'NONE', #5335, 0.1000000000000000500 ) ;
#1550 = ORIENTED_EDGE ( 'NONE', *, *, #989, .F. ) ;
#1551 = AXIS2_PLACEMENT_3D ( 'NONE', #7045, #3769, #3187 ) ;
#1552 = EDGE_LOOP ( 'NONE', ( #2880, #4321, #281, #6592 ) ) ;
#1553 = CARTESIAN_POINT ( 'NONE',  ( 7.887618489373625900, -3.920037381012929900, 10.96095955101660000 ) ) ;
#1554 = LINE ( 'NONE', #7088, #86 ) ;
#1555 = VERTEX_POINT ( 'NONE', #888 ) ;
#1556 = CARTESIAN_POINT ( 'NONE',  ( 8.358133916989086000, -4.253055772441706000, 7.236057577981145400 ) ) ;
#1557 = AXIS2_PLACEMENT_3D ( 'NONE', #3726, #6449, #4263 ) ;
#1558 = ORIENTED_EDGE ( 'NONE', *, *, #7027, .T. ) ;
#1559 = AXIS2_PLACEMENT_3D ( 'NONE', #1214, #5085, #1266 ) ;
#1560 = DIRECTION ( 'NONE',  ( -1.000000000000000000, 0.0000000000000000000, 0.0000000000000000000 ) ) ;
#1561 = FACE_OUTER_BOUND ( 'NONE', #6805, .T. ) ;
#1562 = DIRECTION ( 'NONE',  ( 0.0000000000000000000, 0.0000000000000000000, -1.000000000000000000 ) ) ;
#1563 = ORIENTED_EDGE ( 'NONE', *, *, #6635, .F. ) ;
#1564 = VECTOR ( 'NONE', #2262, 1000.000000000000100 ) ;
#1565 = ORIENTED_EDGE ( 'NONE', *, *, #2488, .F. ) ;
#1566 = CARTESIAN_POINT ( 'NONE',  ( -8.342812329453620300, 1.418076236749070000, 4.165311908826380400 ) ) ;
#1567 = ORIENTED_EDGE ( 'NONE', *, *, #2294, .F. ) ;
#1568 = CARTESIAN_POINT ( 'NONE',  ( 0.8567429313974658200, -8.014617047227064400, 1.314579482943366800 ) ) ;
#1569 = CARTESIAN_POINT ( 'NONE',  ( 0.0000000000000000000, 12.46737528024190000, 1.500000000000000000 ) ) ;
#1570 = ADVANCED_FACE ( 'NONE', ( #7024 ), #6599, .T. ) ;
#1571 = CARTESIAN_POINT ( 'NONE',  ( 9.151576633373469600, -1.634954171218458100, 10.00000000000019700 ) ) ;
#1572 = ORIENTED_EDGE ( 'NONE', *, *, #2438, .T. ) ;
#1573 = CARTESIAN_POINT ( 'NONE',  ( 7.523349966827376900, -4.564086426395128600, 10.96095955101660000 ) ) ;
#1574 = CARTESIAN_POINT ( 'NONE',  ( 2.406475241548369700, 0.2383990133759980000, 0.1000000000000000100 ) ) ;
#1575 = CARTESIAN_POINT ( 'NONE',  ( 1.854246176859440000, 9.870673714696096100, 1.500000407994915200 ) ) ;
#1576 = EDGE_CURVE ( 'NONE', #4236, #3402, #3588, .T. ) ;
#1577 = CARTESIAN_POINT ( 'NONE',  ( -9.960575687348153900, 1.286563484886234800, 1.499999327185927500 ) ) ;
#1578 = CARTESIAN_POINT ( 'NONE',  ( -7.637857435907141800, 4.373618547460107000, 10.96095955101659800 ) ) ;
#1579 = EDGE_CURVE ( 'NONE', #593, #962, #1282, .T. ) ;
#1580 = ORIENTED_EDGE ( 'NONE', *, *, #5981, .T. ) ;
#1581 = EDGE_CURVE ( 'NONE', #5791, #6245, #3854, .T. ) ;
#1582 = CARTESIAN_POINT ( 'NONE',  ( -7.372351021457740600, -4.033944817469141200, 9.806355243554735400 ) ) ;
#1583 = AXIS2_PLACEMENT_3D ( 'NONE', #2255, #662, #1152 ) ;
#1584 = DIRECTION ( 'NONE',  ( -1.000000000000000000, 0.0000000000000000000, 0.0000000000000000000 ) ) ;
#1585 =( NAMED_UNIT ( * ) SI_UNIT ( $, .STERADIAN. ) SOLID_ANGLE_UNIT ( ) );
#1586 = VERTEX_POINT ( 'NONE', #2002 ) ;
#1587 = EDGE_CURVE ( 'NONE', #1339, #2425, #5359, .T. ) ;
#1588 = CARTESIAN_POINT ( 'NONE',  ( 1.072882848195534600, 9.482935660054460300, 1.446550831950642400 ) ) ;
#1589 = FACE_OUTER_BOUND ( 'NONE', #5677, .T. ) ;
#1590 = DIRECTION ( 'NONE',  ( -1.224646799147353200E-016, 1.000000000000000000, 0.0000000000000000000 ) ) ;
#1591 = AXIS2_PLACEMENT_3D ( 'NONE', #2195, #2800, #1658 ) ;
#1592 = ADVANCED_FACE ( 'NONE', ( #6174 ), #4772, .T. ) ;
#1593 = DIRECTION ( 'NONE',  ( -0.7155392468444220500, -0.6979162611806747400, 0.03027339764389923300 ) ) ;
#1594 = CYLINDRICAL_SURFACE ( 'NONE', #3480, 0.9849999999999999900 ) ;
#1595 = CARTESIAN_POINT ( 'NONE',  ( -0.9848765838104353000, -1.281551300053713300, 9.040507860752557100 ) ) ;
#1596 = VECTOR ( 'NONE', #3290, 1000.000000000000000 ) ;
#1597 = CARTESIAN_POINT ( 'NONE',  ( -8.329318910392652600, -4.650162915953879800, 1.583721891830310000 ) ) ;
#1598 = VERTEX_POINT ( 'NONE', #4194 ) ;
#1599 = AXIS2_PLACEMENT_3D ( 'NONE', #3004, #157, #6276 ) ;
#1600 = DIRECTION ( 'NONE',  ( 0.0000000000000000000, 0.0000000000000000000, -1.000000000000000000 ) ) ;
#1601 = B_SPLINE_CURVE_WITH_KNOTS ( 'NONE', 3,
 ( #5333, #6490, #2522, #5949 ),
 .UNSPECIFIED., .F., .F.,
 ( 4, 4 ),
 ( 0.0000000000000000000, 1.000000000000000000 ),
 .UNSPECIFIED. ) ;
#1602 = FACE_OUTER_BOUND ( 'NONE', #4040, .T. ) ;
#1603 = ORIENTED_EDGE ( 'NONE', *, *, #4890, .F. ) ;
#1604 = DIRECTION ( 'NONE',  ( -0.0000000000000000000, -0.0000000000000000000, 1.000000000000000000 ) ) ;
#1605 = DIRECTION ( 'NONE',  ( 0.0000000000000000000, 0.0000000000000000000, 1.000000000000000000 ) ) ;
#1606 = VERTEX_POINT ( 'NONE', #1438 ) ;
#1607 = VERTEX_POINT ( 'NONE', #3802 ) ;
#1608 = CARTESIAN_POINT ( 'NONE',  ( -9.712662264934792200, 1.615699709043910900, 7.197091453833574600 ) ) ;
#1609 = ORIENTED_EDGE ( 'NONE', *, *, #2097, .T. ) ;
#1610 = DIRECTION ( 'NONE',  ( 0.0000000000000000000, 0.0000000000000000000, -1.000000000000000000 ) ) ;
#1611 = ORIENTED_EDGE ( 'NONE', *, *, #6561, .F. ) ;
#1612 = EDGE_LOOP ( 'NONE', ( #5383, #2163, #6983, #1772 ) ) ;
#1613 = EDGE_LOOP ( 'NONE', ( #3972, #2902, #6810, #1603 ) ) ;
#1614 = VECTOR ( 'NONE', #2151, 1000.000000000000000 ) ;
#1615 = ORIENTED_EDGE ( 'NONE', *, *, #6107, .F. ) ;
#1616 = EDGE_CURVE ( 'NONE', #6803, #4983, #2971, .T. ) ;
#1617 = CARTESIAN_POINT ( 'NONE',  ( -8.364782971739114000, 4.056456070784451000, 9.999999999952818200 ) ) ;
#1618 = VECTOR ( 'NONE', #2102, 1000.000000000000200 ) ;
#1619 = CARTESIAN_POINT ( 'NONE',  ( -7.268143503945996300, -3.448879136981492200, 4.172194580287567500 ) ) ;
#1620 = EDGE_CURVE ( 'NONE', #3841, #3478, #4562, .T. ) ;
#1621 = CIRCLE ( 'NONE', #5512, 0.9000000000000014700 ) ;
#1622 = ORIENTED_EDGE ( 'NONE', *, *, #3055, .T. ) ;
#1623 = ORIENTED_EDGE ( 'NONE', *, *, #409, .T. ) ;
#1624 = CARTESIAN_POINT ( 'NONE',  ( 14.15545311535570100, -4.018399013376000400, 1.500000000000000000 ) ) ;
#1625 = CARTESIAN_POINT ( 'NONE',  ( -6.438371598596210000, -7.042376350824223000, 1.499999999999999600 ) ) ;
#1626 = AXIS2_PLACEMENT_3D ( 'NONE', #1569, #3230, #5459 ) ;
#1627 = LINE ( 'NONE', #2054, #6159 ) ;
#1628 = VERTEX_POINT ( 'NONE', #460 ) ;
#1629 = VECTOR ( 'NONE', #4625, 1000.000000000000100 ) ;
#1630 = EDGE_CURVE ( 'NONE', #6940, #4024, #3334, .T. ) ;
#1631 = ADVANCED_FACE ( 'NONE', ( #16 ), #547, .T. ) ;
#1632 = DIRECTION ( 'NONE',  ( -6.776263578034399000E-017, 0.0000000000000000000, -1.000000000000000000 ) ) ;
#1633 = VERTEX_POINT ( 'NONE', #5439 ) ;
#1634 = VERTEX_POINT ( 'NONE', #3785 ) ;
#1635 = DIRECTION ( 'NONE',  ( -1.000000000000000000, 0.0000000000000000000, -0.0000000000000000000 ) ) ;
#1636 = LINE ( 'NONE', #4620, #176 ) ;
#1637 = EDGE_LOOP ( 'NONE', ( #710, #5013, #6225, #6844 ) ) ;
#1638 = AXIS2_PLACEMENT_3D ( 'NONE', #6475, #2644, #2049 ) ;
#1639 = ORIENTED_EDGE ( 'NONE', *, *, #6686, .T. ) ;
#1640 = ORIENTED_EDGE ( 'NONE', *, *, #852, .T. ) ;
#1641 = CIRCLE ( 'NONE', #2091, 0.09999999999999939500 ) ;
#1642 = DIRECTION ( 'NONE',  ( 0.0000000000000000000, 1.000000000000000000, 0.0000000000000000000 ) ) ;
#1643 = ORIENTED_EDGE ( 'NONE', *, *, #4820, .T. ) ;
#1644 = DIRECTION ( 'NONE',  ( -0.0000000000000000000, -0.0000000000000000000, 1.000000000000000000 ) ) ;
#1645 = ORIENTED_EDGE ( 'NONE', *, *, #135, .T. ) ;
#1646 = B_SPLINE_CURVE_WITH_KNOTS ( 'NONE', 3,
 ( #5815, #6458, #5321, #5848, #3033, #6377, #275, #4165, #5780, #6358, #2542, #6432, #5871, #6958, #3654, #3693, #6398, #3071 ),
 .UNSPECIFIED., .F., .F.,
 ( 4, 2, 2, 2, 2, 2, 2, 2, 4 ),
 ( 0.5000000000000000000, 0.5625000000000000000, 0.6250000000000000000, 0.6875000000000000000, 0.7500000000000000000, 0.8125000000000000000, 0.8750000000000000000, 0.9375000000000000000, 1.000000000000000000 ),
 .UNSPECIFIED. ) ;
#1647 = AXIS2_PLACEMENT_3D ( 'NONE', #4064, #1218, #3579 ) ;
#1648 = CARTESIAN_POINT ( 'NONE',  ( 7.295575644212217300, -6.896358858841474600, 1.583721891830310600 ) ) ;
#1649 = CARTESIAN_POINT ( 'NONE',  ( -2.406475241548372800, -12.46737528024190000, 0.0000000000000000000 ) ) ;
#1650 = ORIENTED_EDGE ( 'NONE', *, *, #3516, .F. ) ;
#1651 = DIRECTION ( 'NONE',  ( 0.0000000000000000000, 0.9992128716680942500, 0.03966909493296915500 ) ) ;
#1652 = DIRECTION ( 'NONE',  ( -1.000000000000000000, 0.0000000000000000000, 0.0000000000000000000 ) ) ;
#1653 = CARTESIAN_POINT ( 'NONE',  ( -4.302893965785367300, 9.073912772424401800, 1.527910242916552500 ) ) ;
#1654 = DIRECTION ( 'NONE',  ( 0.0000000000000000000, 0.0000000000000000000, 1.000000000000000000 ) ) ;
#1655 = CARTESIAN_POINT ( 'NONE',  ( -0.07562460365995860000, 0.05494449072250980100, 1.366780907576699900 ) ) ;
#1656 = CARTESIAN_POINT ( 'NONE',  ( 10.75111052558934000, 3.983908278252105800, 1.475554855670514700 ) ) ;
#1657 = CARTESIAN_POINT ( 'NONE',  ( 9.350346786168302100, 1.910016051523364400, 1.446550831950623700 ) ) ;
#1658 = DIRECTION ( 'NONE',  ( 0.0000000000000000000, 0.0000000000000000000, 1.000000000000000000 ) ) ;
#1659 = CARTESIAN_POINT ( 'NONE',  ( -8.364782971740078600, -4.056456070781385000, 10.00000000000019900 ) ) ;
#1660 = ADVANCED_FACE ( 'NONE', ( #3771 ), #5409, .T. ) ;
#1661 = CARTESIAN_POINT ( 'NONE',  ( 1.034999999999999900, 12.46737528024190000, 1.450000000000000200 ) ) ;
#1662 = CARTESIAN_POINT ( 'NONE',  ( -14.15545311535570100, -0.2383990133759980000, 0.0000000000000000000 ) ) ;
#1663 = CARTESIAN_POINT ( 'NONE',  ( 0.0000000000000000000, -9.175869535789198000E-017, 10.00000000000000900 ) ) ;
#1664 = EDGE_CURVE ( 'NONE', #816, #4414, #891, .T. ) ;
#1665 = ORIENTED_EDGE ( 'NONE', *, *, #806, .F. ) ;
#1666 = DIRECTION ( 'NONE',  ( 0.0000000000000000000, -1.000000000000000000, 0.0000000000000000000 ) ) ;
#1667 = CARTESIAN_POINT ( 'NONE',  ( 1.848666648172067500, -9.358632393671285900, 1.583721891830324200 ) ) ;
#1668 = CARTESIAN_POINT ( 'NONE',  ( -1.273058886655806600, -9.663098918667707000, 10.00000000100854800 ) ) ;
#1669 = EDGE_CURVE ( 'NONE', #1339, #7023, #3249, .T. ) ;
#1670 = CARTESIAN_POINT ( 'NONE',  ( 2.480929350730537200, 11.20304034527303600, 0.03267536718713913400 ) ) ;
#1671 = EDGE_CURVE ( 'NONE', #748, #950, #4946, .T. ) ;
#1672 = EDGE_LOOP ( 'NONE', ( #6637, #7018, #6338, #2455 ) ) ;
#1673 = CARTESIAN_POINT ( 'NONE',  ( 10.77024387075979000, 4.011427246171028700, 1.437901943212357000 ) ) ;
#1674 = CARTESIAN_POINT ( 'NONE',  ( -1.378149009695250700, 7.893286372457178700, 9.818678063566102000 ) ) ;
#1675 = CIRCLE ( 'NONE', #772, 11.40000000000000000 ) ;
#1676 = EDGE_CURVE ( 'NONE', #608, #6688, #2573, .T. ) ;
#1677 = AXIS2_PLACEMENT_3D ( 'NONE', #6127, #6634, #2850 ) ;
#1678 = CYLINDRICAL_SURFACE ( 'NONE', #1599, 2.450000000000000200 ) ;
#1679 = FACE_OUTER_BOUND ( 'NONE', #1115, .T. ) ;
#1680 = CARTESIAN_POINT ( 'NONE',  ( 7.301953108523394900, 6.895644224241547900, 1.500000407994915200 ) ) ;
#1681 = B_SPLINE_CURVE_WITH_KNOTS ( 'NONE', 3,
 ( #109, #6724, #3988, #6275 ),
 .UNSPECIFIED., .F., .F.,
 ( 4, 4 ),
 ( 0.0000000000000000000, 1.000000000000000000 ),
 .UNSPECIFIED. ) ;
#1682 = CARTESIAN_POINT ( 'NONE',  ( 1.854392572402093500, 9.359963765724682400, 1.499999999999969100 ) ) ;
#1683 = EDGE_LOOP ( 'NONE', ( #1078, #4299, #4830, #783 ) ) ;
#1684 = VERTEX_POINT ( 'NONE', #5296 ) ;
#1685 = DIRECTION ( 'NONE',  ( -1.000000000000000000, 0.0000000000000000000, 0.0000000000000000000 ) ) ;
#1686 = DIRECTION ( 'NONE',  ( -1.000000000000000000, 0.0000000000000000000, 0.0000000000000000000 ) ) ;
#1687 = CARTESIAN_POINT ( 'NONE',  ( 15.98579960646100100, 2.461540066286180200E-016, 1.500000000000000000 ) ) ;
#1688 = DIRECTION ( 'NONE',  ( 0.0000000000000000000, 0.0000000000000000000, -1.000000000000000000 ) ) ;
#1689 = ORIENTED_EDGE ( 'NONE', *, *, #6483, .T. ) ;
#1690 = VERTEX_POINT ( 'NONE', #305 ) ;
#1691 = CARTESIAN_POINT ( 'NONE',  ( -9.274295224624092200, 1.135773596118347700E-015, 10.76816110240663900 ) ) ;
#1692 = CARTESIAN_POINT ( 'NONE',  ( 10.77508558524241000, -4.018399013376000400, 0.09025575751357005300 ) ) ;
#1693 = VERTEX_POINT ( 'NONE', #1965 ) ;
#1694 = VERTEX_POINT ( 'NONE', #1363 ) ;
#1695 = ADVANCED_FACE ( 'NONE', ( #3689 ), #1034, .T. ) ;
#1696 = ORIENTED_EDGE ( 'NONE', *, *, #539, .T. ) ;
#1697 = VERTEX_POINT ( 'NONE', #1939 ) ;
#1698 = ORIENTED_EDGE ( 'NONE', *, *, #4545, .F. ) ;
#1699 = DIRECTION ( 'NONE',  ( -0.0000000000000000000, -1.000000000000000000, -0.0000000000000000000 ) ) ;
#1700 = FACE_OUTER_BOUND ( 'NONE', #2112, .T. ) ;
#1701 = ORIENTED_EDGE ( 'NONE', *, *, #3721, .T. ) ;
#1702 = ORIENTED_EDGE ( 'NONE', *, *, #2938, .F. ) ;
#1703 = EDGE_LOOP ( 'NONE', ( #1721, #692, #3430, #2413, #3660, #271, #3454, #63, #129, #1253, #461, #1745, #610, #2913, #3303, #1730, #243, #1008, #3827, #65, #3038, #3122, #5534, #4912, #1567, #309, #4324, #1439, #2794, #1083 ) ) ;
#1704 = FACE_OUTER_BOUND ( 'NONE', #6820, .T. ) ;
#1705 = B_SPLINE_CURVE_WITH_KNOTS ( 'NONE', 3,
 ( #6407, #1307, #3126, #3593 ),
 .UNSPECIFIED., .F., .F.,
 ( 4, 4 ),
 ( 0.0000000000000000000, 1.000000000000000000 ),
 .UNSPECIFIED. ) ;
#1706 = CIRCLE ( 'NONE', #173, 1.034999999999999900 ) ;
#1707 = CARTESIAN_POINT ( 'NONE',  ( 8.799169842991782200, 0.0000000000000000000, 10.96095955101657500 ) ) ;
#1708 = TOROIDAL_SURFACE ( 'NONE', #2398, 2.010000000000000200, 0.05000000000000000300 ) ;
#1709 = DIRECTION ( 'NONE',  ( 0.0000000000000000000, 0.0000000000000000000, 1.000000000000000000 ) ) ;
#1710 = ORIENTED_EDGE ( 'NONE', *, *, #6532, .F. ) ;
#1711 = CARTESIAN_POINT ( 'NONE',  ( -10.75593189793139000, 3.990836622469778200, 1.469547687335926100 ) ) ;
#1712 = EDGE_LOOP ( 'NONE', ( #3452, #4076, #1041, #4999, #4115, #4970, #3966 ) ) ;
#1713 = CARTESIAN_POINT ( 'NONE',  ( -9.960575687348153900, 1.286563484886234800, 1.499999327185927500 ) ) ;
#1714 = LINE ( 'NONE', #6672, #965 ) ;
#1715 = ORIENTED_EDGE ( 'NONE', *, *, #255, .F. ) ;
#1716 = EDGE_CURVE ( 'NONE', #5421, #5919, #2554, .T. ) ;
#1717 = CARTESIAN_POINT ( 'NONE',  ( 9.282280378750751700, 18.56456075750150300, 10.49159636633811800 ) ) ;
#1718 = EDGE_CURVE ( 'NONE', #1690, #4226, #3910, .T. ) ;
#1719 = PLANE ( 'NONE',  #4207 ) ;
#1720 = VECTOR ( 'NONE', #882, 1000.000000000000000 ) ;
#1721 = ORIENTED_EDGE ( 'NONE', *, *, #4650, .T. ) ;
#1722 = CARTESIAN_POINT ( 'NONE',  ( 2.496219100977792800, 11.21530727966802800, 0.05504381179042330800 ) ) ;
#1723 = VECTOR ( 'NONE', #7067, 1000.000000000000000 ) ;
#1724 = ORIENTED_EDGE ( 'NONE', *, *, #1059, .T. ) ;
#1725 = CARTESIAN_POINT ( 'NONE',  ( 10.77214837553961100, 4.014169387606645300, 1.428775604593511800 ) ) ;
#1726 = CARTESIAN_POINT ( 'NONE',  ( -14.15545311535570100, 3.918399013376000300, 1.500000000000000000 ) ) ;
#1727 = DIRECTION ( 'NONE',  ( -1.000000000000000000, 0.0000000000000000000, -0.0000000000000000000 ) ) ;
#1728 = AXIS2_PLACEMENT_3D ( 'NONE', #4664, #6943, #5756 ) ;
#1729 = B_SPLINE_CURVE_WITH_KNOTS ( 'NONE', 3,
 ( #3656, #1411, #6959, #922 ),
 .UNSPECIFIED., .F., .F.,
 ( 4, 4 ),
 ( 0.0000000000000000000, 1.000000000000000000 ),
 .UNSPECIFIED. ) ;
#1730 = ORIENTED_EDGE ( 'NONE', *, *, #3846, .T. ) ;
#1731 = ORIENTED_EDGE ( 'NONE', *, *, #2756, .T. ) ;
#1732 = CARTESIAN_POINT ( 'NONE',  ( 8.328815712564100700, -4.656020010095030400, 1.499999999999970000 ) ) ;
#1733 = ADVANCED_FACE ( 'NONE', ( #1814 ), #4954, .T. ) ;
#1734 = AXIS2_PLACEMENT_3D ( 'NONE', #4289, #4273, #4798 ) ;
#1735 = DIRECTION ( 'NONE',  ( -2.032879073410333100E-016, 1.000000000000000000, 0.0000000000000000000 ) ) ;
#1736 = DIRECTION ( 'NONE',  ( -0.1669066611840458200, -0.9859727006628501400, 0.0000000000000000000 ) ) ;
#1737 = CARTESIAN_POINT ( 'NONE',  ( 2.431675449003776200, -11.16343300303895200, 0.002475065058876487300 ) ) ;
#1738 = CARTESIAN_POINT ( 'NONE',  ( -0.05254506151973260800, 8.551090793966109200, 9.909339031783240200 ) ) ;
#1739 = CARTESIAN_POINT ( 'NONE',  ( 0.05647524154837294700, -14.91737528024190100, 1.500000000000000000 ) ) ;
#1740 = DIRECTION ( 'NONE',  ( 0.0000000000000000000, 0.0000000000000000000, -1.000000000000000000 ) ) ;
#1741 = DIRECTION ( 'NONE',  ( -1.000000000000000000, 0.0000000000000000000, 0.0000000000000000000 ) ) ;
#1742 = DIRECTION ( 'NONE',  ( 0.0000000000000000000, 0.0000000000000000000, -1.000000000000000000 ) ) ;
#1743 = CARTESIAN_POINT ( 'NONE',  ( 8.828588361935583600, -17.65717672387115700, 11.40000000000000200 ) ) ;
#1744 = CARTESIAN_POINT ( 'NONE',  ( -4.259994344096529800, 8.356140983977400800, 7.190472975004699800 ) ) ;
#1745 = ORIENTED_EDGE ( 'NONE', *, *, #3732, .T. ) ;
#1746 = B_SPLINE_CURVE_WITH_KNOTS ( 'NONE', 3,
 ( #2250, #3925, #3944, #3360 ),
 .UNSPECIFIED., .F., .F.,
 ( 4, 4 ),
 ( 0.0000000000000000000, 1.000000000000000000 ),
 .UNSPECIFIED. ) ;
#1747 = EDGE_CURVE ( 'NONE', #3554, #5225, #1641, .T. ) ;
#1748 = CARTESIAN_POINT ( 'NONE',  ( -7.527659499396929000, -4.565954101409200700, 10.96095955101660200 ) ) ;
#1749 = ORIENTED_EDGE ( 'NONE', *, *, #2591, .F. ) ;
#1750 = DIRECTION ( 'NONE',  ( -1.000000000000000000, 0.0000000000000000000, -0.0000000000000000000 ) ) ;
#1751 = DIRECTION ( 'NONE',  ( -0.9891082964964902400, -0.1440426992141765300, 0.03027339764389999300 ) ) ;
#1752 = CARTESIAN_POINT ( 'NONE',  ( 2.408049452698164800, -11.14437940514033600, 1.239147146318118600E-005 ) ) ;
#1753 = AXIS2_PLACEMENT_3D ( 'NONE', #4906, #3850, #6098 ) ;
#1754 = FACE_OUTER_BOUND ( 'NONE', #2026, .T. ) ;
#1755 = CARTESIAN_POINT ( 'NONE',  ( -1.851718915571372200, -9.869669922346414400, 1.527904858232407700 ) ) ;
#1756 = EDGE_CURVE ( 'NONE', #1982, #2021, #5116, .T. ) ;
#1757 = DIRECTION ( 'NONE',  ( -1.000000000000000000, 0.0000000000000000000, 0.0000000000000000000 ) ) ;
#1758 = DIRECTION ( 'NONE',  ( 0.0000000000000000000, 0.0000000000000000000, -1.000000000000000000 ) ) ;
#1759 =( BOUNDED_CURVE ( )  B_SPLINE_CURVE ( 3, ( #731, #4656, #5145, #5200 ),
 .UNSPECIFIED., .F., .F. ) 
 B_SPLINE_CURVE_WITH_KNOTS ( ( 4, 4 ),
 ( 0.5000000000000000000, 1.000000000000000000 ),
 .UNSPECIFIED. ) 
 CURVE ( )  GEOMETRIC_REPRESENTATION_ITEM ( )  RATIONAL_B_SPLINE_CURVE ( ( 1.000000000000000000, 0.3333333333333333700, 0.3333333333333333700, 1.000000000000000000 ) ) 
 REPRESENTATION_ITEM ( '' )  );
#1760 = CARTESIAN_POINT ( 'NONE',  ( 1.118778287542235200, 0.6323385755806690800, 9.528024968268804100 ) ) ;
#1761 = EDGE_CURVE ( 'NONE', #231, #2625, #183, .T. ) ;
#1762 = FACE_OUTER_BOUND ( 'NONE', #5076, .T. ) ;
#1763 = PRODUCT_DEFINITION_FORMATION_WITH_SPECIFIED_SOURCE ( 'ANY', '', #527, .NOT_KNOWN. ) ;
#1764 = CARTESIAN_POINT ( 'NONE',  ( 4.303420563980160400, 9.071537340150181100, 1.555811606257870200 ) ) ;
#1765 = TOROIDAL_SURFACE ( 'NONE', #6404, 11.40000000000000000, 0.1000000000000000100 ) ;
#1766 = ADVANCED_FACE ( 'NONE', ( #5725 ), #2552, .F. ) ;
#1767 = ORIENTED_EDGE ( 'NONE', *, *, #6770, .T. ) ;
#1768 = CARTESIAN_POINT ( 'NONE',  ( 4.305666286085720000, -9.069710950954078800, 1.583721891836908000 ) ) ;
#1769 = AXIS2_PLACEMENT_3D ( 'NONE', #244, #6334, #5880 ) ;
#1770 = CARTESIAN_POINT ( 'NONE',  ( -15.93579960646100000, 0.0000000000000000000, 1.450000000000000200 ) ) ;
#1771 = FACE_BOUND ( 'NONE', #5299, .T. ) ;
#1772 = ORIENTED_EDGE ( 'NONE', *, *, #6345, .F. ) ;
#1773 = AXIS2_PLACEMENT_3D ( 'NONE', #5357, #930, #437 ) ;
#1774 = CARTESIAN_POINT ( 'NONE',  ( -8.549844470529981400, -2.088618229729687100, 10.96095955101660000 ) ) ;
#1775 = DIRECTION ( 'NONE',  ( 0.9841275813590585300, -0.1665943171256184000, 0.06114930179338437500 ) ) ;
#1776 = ORIENTED_EDGE ( 'NONE', *, *, #5663, .T. ) ;
#1777 = CARTESIAN_POINT ( 'NONE',  ( 6.438371598596202000, 7.042376350824225600, 1.500000000000000000 ) ) ;
#1778 = EDGE_LOOP ( 'NONE', ( #491, #6134, #6145, #5274 ) ) ;
#1779 = CARTESIAN_POINT ( 'NONE',  ( 7.887101893987949800, -1.661841923304949100, 1.314579482943361700 ) ) ;
#1780 = VERTEX_POINT ( 'NONE', #1393 ) ;
#1781 = CARTESIAN_POINT ( 'NONE',  ( -1.847456748005219100, -9.868473426794917500, 1.583730864882143500 ) ) ;
#1782 = CARTESIAN_POINT ( 'NONE',  ( 7.892580078296128400, 6.270356114562053700, 1.500003561359264400 ) ) ;
#1783 = LINE ( 'NONE', #5315, #7150 ) ;
#1784 = VERTEX_POINT ( 'NONE', #3594 ) ;
#1785 = ORIENTED_EDGE ( 'NONE', *, *, #5371, .T. ) ;
#1786 = CARTESIAN_POINT ( 'NONE',  ( 9.344724606715516300, 1.917730609082460800, 1.583721891830319300 ) ) ;
#1787 = ORIENTED_EDGE ( 'NONE', *, *, #6202, .F. ) ;
#1788 = LINE ( 'NONE', #900, #6231 ) ;
#1789 = ORIENTED_EDGE ( 'NONE', *, *, #3721, .F. ) ;
#1790 = LINE ( 'NONE', #6939, #2859 ) ;
#1791 = CARTESIAN_POINT ( 'NONE',  ( -2.406475241548380300, 11.22352804885810000, 1.399999999999999900 ) ) ;
#1792 = DIRECTION ( 'NONE',  ( -0.0000000000000000000, -1.000000000000000000, -0.0000000000000000000 ) ) ;
#1793 = FACE_OUTER_BOUND ( 'NONE', #4137, .T. ) ;
#1794 = CARTESIAN_POINT ( 'NONE',  ( -1.069347079257561700, -9.481782023034586600, 1.500000000000000400 ) ) ;
#1795 = ORIENTED_EDGE ( 'NONE', *, *, #709, .F. ) ;
#1796 = ORIENTED_EDGE ( 'NONE', *, *, #5586, .F. ) ;
#1797 = CARTESIAN_POINT ( 'NONE',  ( 2.465037192951671700, 11.19027666788419000, 1.482090336758639100 ) ) ;
#1798 = LINE ( 'NONE', #6671, #4484 ) ;
#1799 = ORIENTED_EDGE ( 'NONE', *, *, #58, .T. ) ;
#1800 = EDGE_CURVE ( 'NONE', #7115, #4236, #4417, .T. ) ;
#1801 = LINE ( 'NONE', #227, #4405 ) ;
#1802 = VECTOR ( 'NONE', #4172, 1000.000000000000000 ) ;
#1803 = ORIENTED_EDGE ( 'NONE', *, *, #2901, .T. ) ;
#1804 = CIRCLE ( 'NONE', #2660, 2.450000000000000200 ) ;
#1805 = ORIENTED_EDGE ( 'NONE', *, *, #1203, .T. ) ;
#1806 = CARTESIAN_POINT ( 'NONE',  ( 4.182168046129498300, -7.751817317923032700, 10.96095955101660000 ) ) ;
#1807 = DIRECTION ( 'NONE',  ( 0.0000000000000000000, 1.000000000000000000, 0.0000000000000000000 ) ) ;
#1808 = EDGE_CURVE ( 'NONE', #4952, #6320, #2436, .T. ) ;
#1809 = ADVANCED_FACE ( 'NONE', ( #1108 ), #6751, .T. ) ;
#1810 = CARTESIAN_POINT ( 'NONE',  ( 6.114691259157037700, -5.764964976403904400, 9.806355243554747900 ) ) ;
#1811 = DIRECTION ( 'NONE',  ( 1.224646799147353200E-016, -1.000000000000000000, 0.0000000000000000000 ) ) ;
#1812 = ORIENTED_EDGE ( 'NONE', *, *, #5781, .F. ) ;
#1813 = VERTEX_POINT ( 'NONE', #1568 ) ;
#1814 = FACE_OUTER_BOUND ( 'NONE', #3361, .T. ) ;
#1815 = EDGE_CURVE ( 'NONE', #6137, #1690, #6666, .T. ) ;
#1816 = ORIENTED_EDGE ( 'NONE', *, *, #202, .T. ) ;
#1817 = CARTESIAN_POINT ( 'NONE',  ( 8.814574976180669100, -4.813698833088732700, 1.500000407994915200 ) ) ;
#1818 = CARTESIAN_POINT ( 'NONE',  ( 6.017857295419472200, -5.908264601509167800, 7.001146806020240200 ) ) ;
#1819 = EDGE_CURVE ( 'NONE', #4243, #740, #4272, .T. ) ;
#1820 = ORIENTED_EDGE ( 'NONE', *, *, #6291, .T. ) ;
#1821 = CARTESIAN_POINT ( 'NONE',  ( 1.191787380855372500, 0.4481396993334893500, 9.528024968268804100 ) ) ;
#1822 = CARTESIAN_POINT ( 'NONE',  ( -3.524611352227017900, -7.195858480146379900, 9.818678063566084200 ) ) ;
#1823 = ORIENTED_EDGE ( 'NONE', *, *, #3217, .T. ) ;
#1824 = DIRECTION ( 'NONE',  ( 1.000000000000000000, 0.0000000000000000000, 0.0000000000000000000 ) ) ;
#1825 = CARTESIAN_POINT ( 'NONE',  ( 10.72429309969705200, -3.945414918550421000, 0.002854900108950188300 ) ) ;
#1826 = ADVANCED_FACE ( 'NONE', ( #2023 ), #5316, .T. ) ;
#1827 = CARTESIAN_POINT ( 'NONE',  ( 17.83545311535569800, -0.2383990133759972300, 1.399999999999999900 ) ) ;
#1828 = EDGE_CURVE ( 'NONE', #5818, #6825, #2260, .T. ) ;
#1829 = CARTESIAN_POINT ( 'NONE',  ( 7.298250014851565700, 6.896866285552151000, 1.555816067380029600 ) ) ;
#1830 = CARTESIAN_POINT ( 'NONE',  ( 10.77508558524241000, -4.018399013376001200, 1.399999999999999900 ) ) ;
#1831 = CARTESIAN_POINT ( 'NONE',  ( 2.486804306410369300, 11.20775513265490500, 1.460284698603322200 ) ) ;
#1832 = B_SPLINE_CURVE_WITH_KNOTS ( 'NONE', 3,
 ( #3198, #4886, #4305, #970 ),
 .UNSPECIFIED., .F., .F.,
 ( 4, 4 ),
 ( 0.0000000000000000000, 1.000000000000000000 ),
 .UNSPECIFIED. ) ;
#1833 = AXIS2_PLACEMENT_3D ( 'NONE', #2045, #1509, #444 ) ;
#1834 = CARTESIAN_POINT ( 'NONE',  ( -0.6713748129520487100, -8.780779078422956000, 10.96095955101659800 ) ) ;
#1835 = CARTESIAN_POINT ( 'NONE',  ( -1.464734993205530000, -9.736561368268519700, 7.197398076836040400 ) ) ;
#1836 = DIRECTION ( 'NONE',  ( -1.000000000000000000, -2.309291984482540100E-015, 0.0000000000000000000 ) ) ;
#1837 = CARTESIAN_POINT ( 'NONE',  ( -2.505086847574681900, 11.22241564728741100, 1.418983723982650400 ) ) ;
#1838 = CARTESIAN_POINT ( 'NONE',  ( -8.687264158721488300, 3.947041289985650200, 1.500000000000000000 ) ) ;
#1839 = CARTESIAN_POINT ( 'NONE',  ( -6.442779071707530400, -6.701867489861309800, 10.00000000000040000 ) ) ;
#1840 = CARTESIAN_POINT ( 'NONE',  ( 17.93545311535570300, 0.2383990133759984800, 0.1000000000000000500 ) ) ;
#1841 = CARTESIAN_POINT ( 'NONE',  ( 9.751918838435489800, 1.501291410881823600, 1.583720051449377000 ) ) ;
#1842 = DIRECTION ( 'NONE',  ( -0.0000000000000000000, -0.0000000000000000000, 1.000000000000000000 ) ) ;
#1843 = DIRECTION ( 'NONE',  ( -1.000000000000000000, 0.0000000000000000000, 0.0000000000000000000 ) ) ;
#1844 = CARTESIAN_POINT ( 'NONE',  ( 10.70542615555186400, -3.918399013376001200, 0.0000000000000000000 ) ) ;
#1845 = ORIENTED_EDGE ( 'NONE', *, *, #6718, .F. ) ;
#1846 = ADVANCED_FACE ( 'NONE', ( #1044 ), #3496, .T. ) ;
#1847 = DIRECTION ( 'NONE',  ( -0.0000000000000000000, -0.0000000000000000000, 1.000000000000000000 ) ) ;
#1848 = DIRECTION ( 'NONE',  ( -1.000000000000000000, 0.0000000000000000000, 0.0000000000000000000 ) ) ;
#1849 = CARTESIAN_POINT ( 'NONE',  ( -2.454149153949880100, -11.18152366405608500, 1.488725876222409200 ) ) ;
#1850 = ORIENTED_EDGE ( 'NONE', *, *, #3260, .F. ) ;
#1851 = CARTESIAN_POINT ( 'NONE',  ( 0.0000000000000000000, 12.46737528024190000, 1.450000000000000200 ) ) ;
#1852 = EDGE_CURVE ( 'NONE', #6585, #73, #510, .T. ) ;
#1853 = EDGE_CURVE ( 'NONE', #5216, #1541, #385, .T. ) ;
#1854 = CIRCLE ( 'NONE', #5033, 9.296474063777681700 ) ;
#1855 = CARTESIAN_POINT ( 'NONE',  ( -8.125635463009050600, -3.376553614952623800, 10.96095955101659800 ) ) ;
#1856 = DIRECTION ( 'NONE',  ( -1.000000000000000000, 0.0000000000000000000, -0.0000000000000000000 ) ) ;
#1857 = ADVANCED_FACE ( 'NONE', ( #6262 ), #1394, .T. ) ;
#1858 = EDGE_CURVE ( 'NONE', #2062, #855, #6616, .T. ) ;
#1859 = CARTESIAN_POINT ( 'NONE',  ( -9.344724606715519900, -1.917730609082454900, 1.583721891830318900 ) ) ;
#1860 = AXIS2_PLACEMENT_3D ( 'NONE', #7135, #1654, #7109 ) ;
#1861 = CARTESIAN_POINT ( 'NONE',  ( -10.71540506786935700, 3.932679326836673500, 0.0002273043950561974200 ) ) ;
#1862 = FACE_OUTER_BOUND ( 'NONE', #4242, .T. ) ;
#1863 = ORIENTED_EDGE ( 'NONE', *, *, #956, .F. ) ;
#1864 = B_SPLINE_CURVE_WITH_KNOTS ( 'NONE', 3,
 ( #3444, #4998, #5644, #1725, #1673, #2251, #659, #111, #6707, #1656, #4529, #5551, #2227, #2797, #6135, #2814, #48, #3928, #3474 ),
 .UNSPECIFIED., .F., .F.,
 ( 4, 3, 3, 3, 3, 3, 4 ),
 ( 2.168404344971008900E-019, 2.923272745929034400E-005, 5.832508907521084500E-005, 8.930983150313762000E-005, 0.0001256213191984036500, 0.0001717628206074554400, 0.0001738267312063062500 ),
 .UNSPECIFIED. ) ;
#1865 = ORIENTED_EDGE ( 'NONE', *, *, #3205, .T. ) ;
#1866 = AXIS2_PLACEMENT_3D ( 'NONE', #3724, #4361, #4346 ) ;
#1867 = CARTESIAN_POINT ( 'NONE',  ( -4.708131678587038000, 8.299469236363478300, 1.500000000000000400 ) ) ;
#1868 = CARTESIAN_POINT ( 'NONE',  ( -6.438680135314866600, -7.802907041983655900, 1.583721891830310200 ) ) ;
#1869 = CARTESIAN_POINT ( 'NONE',  ( -6.974445124626528000, 0.9129527319329945300, 11.40000000005519200 ) ) ;
#1870 = CARTESIAN_POINT ( 'NONE',  ( 10.76034831308177600, -3.997187852341971500, 0.03765967323165350700 ) ) ;
#1871 = ORIENTED_EDGE ( 'NONE', *, *, #1059, .F. ) ;
#1872 = CARTESIAN_POINT ( 'NONE',  ( -13.97579960646100300, 0.0000000000000000000, 1.450000000000000200 ) ) ;
#1873 = DIRECTION ( 'NONE',  ( -1.000000000000000000, 0.0000000000000000000, 0.0000000000000000000 ) ) ;
#1874 = EDGE_LOOP ( 'NONE', ( #1342, #177, #430, #4310 ) ) ;
#1875 = CARTESIAN_POINT ( 'NONE',  ( -5.642895503093459600, 5.711775182221360000, 7.006894107161564000 ) ) ;
#1876 = PLANE ( 'NONE',  #171 ) ;
#1877 = PLANE ( 'NONE',  #5741 ) ;
#1878 = ORIENTED_EDGE ( 'NONE', *, *, #1919, .T. ) ;
#1879 = CARTESIAN_POINT ( 'NONE',  ( 9.344724606715516300, 1.917730609082460800, 1.583721891830319300 ) ) ;
#1880 = CARTESIAN_POINT ( 'NONE',  ( 6.903697999494413700, 7.017249838226437200, 7.258252300643826000 ) ) ;
#1881 = EDGE_LOOP ( 'NONE', ( #4169, #2672 ) ) ;
#1882 = ORIENTED_EDGE ( 'NONE', *, *, #4249, .F. ) ;
#1883 = CARTESIAN_POINT ( 'NONE',  ( -14.15545311535570100, 0.2383990133759980000, 0.1000000000000000500 ) ) ;
#1884 = ORIENTED_EDGE ( 'NONE', *, *, #5458, .F. ) ;
#1885 = VERTEX_POINT ( 'NONE', #4197 ) ;
#1886 = DIRECTION ( 'NONE',  ( 0.0000000000000000000, 0.0000000000000000000, -1.000000000000000000 ) ) ;
#1887 = TOROIDAL_SURFACE ( 'NONE', #4750, 9.682354874905504600, 0.1000000000000000100 ) ;
#1888 = EDGE_LOOP ( 'NONE', ( #4691, #4740, #5306, #2123 ) ) ;
#1889 = ORIENTED_EDGE ( 'NONE', *, *, #2378, .F. ) ;
#1890 = ORIENTED_EDGE ( 'NONE', *, *, #1198, .T. ) ;
#1891 = CIRCLE ( 'NONE', #1405, 9.296474063777681700 ) ;
#1892 = VECTOR ( 'NONE', #1301, 1000.000000000000000 ) ;
#1893 = CARTESIAN_POINT ( 'NONE',  ( -10.72429309969705200, 3.945414918550418400, 0.002854900108949835300 ) ) ;
#1894 = CARTESIAN_POINT ( 'NONE',  ( 8.813283889220521400, 4.807412669862007000, 1.583721891830311100 ) ) ;
#1895 = CARTESIAN_POINT ( 'NONE',  ( 2.465037192951671700, -11.19027666788419000, 1.482090336758638900 ) ) ;
#1896 = DIRECTION ( 'NONE',  ( -1.000000000000000000, 0.0000000000000000000, 0.0000000000000000000 ) ) ;
#1897 = VECTOR ( 'NONE', #6335, 1000.000000000000200 ) ;
#1898 = VERTEX_POINT ( 'NONE', #3105 ) ;
#1899 = EDGE_LOOP ( 'NONE', ( #4491, #6506, #6426, #175 ) ) ;
#1900 = CARTESIAN_POINT ( 'NONE',  ( -8.339870583656129100, 1.595905741786223000, 1.300721701513782400 ) ) ;
#1901 = CARTESIAN_POINT ( 'NONE',  ( -1.463380817595287200, 9.263695625938140700, 7.217198224271568200 ) ) ;
#1902 = FACE_OUTER_BOUND ( 'NONE', #1888, .T. ) ;
#1903 = ORIENTED_EDGE ( 'NONE', *, *, #3875, .F. ) ;
#1904 = CARTESIAN_POINT ( 'NONE',  ( -6.442779071707526000, 6.701867489861268000, 10.00000000000019700 ) ) ;
#1905 = DIRECTION ( 'NONE',  ( 0.0000000000000000000, 0.0000000000000000000, -1.000000000000000000 ) ) ;
#1906 = ADVANCED_FACE ( 'NONE', ( #6838 ), #598, .T. ) ;
#1907 = CARTESIAN_POINT ( 'NONE',  ( 10.75593189793139000, -3.990836622469779100, 1.469547687335926100 ) ) ;
#1908 = CARTESIAN_POINT ( 'NONE',  ( 0.0000000000000000000, 10.04342375286479500, 1.500003561359241700 ) ) ;
#1909 = DIRECTION ( 'NONE',  ( 0.0000000000000000000, 0.0000000000000000000, -1.000000000000000000 ) ) ;
#1910 = VERTEX_POINT ( 'NONE', #1310 ) ;
#1911 = FACE_OUTER_BOUND ( 'NONE', #5926, .T. ) ;
#1912 = VERTEX_POINT ( 'NONE', #2460 ) ;
#1913 = CARTESIAN_POINT ( 'NONE',  ( 3.688426348800570000, 7.131765373010409800, 7.007649993871850400 ) ) ;
#1914 = CARTESIAN_POINT ( 'NONE',  ( -7.932832904285970000, 1.128462034461067400, 9.818678063566091300 ) ) ;
#1915 = CARTESIAN_POINT ( 'NONE',  ( 0.0000000000000000000, 0.0000000000000000000, 1.399999999999999900 ) ) ;
#1916 = ORIENTED_EDGE ( 'NONE', *, *, #3765, .T. ) ;
#1917 = DIRECTION ( 'NONE',  ( 0.0000000000000000000, 1.079514515332727700E-017, -1.000000000000000000 ) ) ;
#1918 = CARTESIAN_POINT ( 'NONE',  ( -1.071704165399871800, -9.482551272107631500, 1.464368314612603200 ) ) ;
#1919 = EDGE_CURVE ( 'NONE', #1972, #2777, #2766, .T. ) ;
#1920 = CARTESIAN_POINT ( 'NONE',  ( -2.496219100977803400, 11.21530727966802500, 1.444956188209576300 ) ) ;
#1921 = EDGE_CURVE ( 'NONE', #2545, #355, #1549, .T. ) ;
#1922 = AXIS2_PLACEMENT_3D ( 'NONE', #6042, #2803, #557 ) ;
#1923 = ORIENTED_EDGE ( 'NONE', *, *, #4012, .F. ) ;
#1924 = CARTESIAN_POINT ( 'NONE',  ( 7.302051962268437900, -6.895531216981429300, 1.499999327185927100 ) ) ;
#1925 = CARTESIAN_POINT ( 'NONE',  ( -9.960562136989354400, -1.286713014453641200, 1.500000407994915400 ) ) ;
#1926 = DIRECTION ( 'NONE',  ( 0.0000000000000000000, 1.000000000000000000, 0.0000000000000000000 ) ) ;
#1927 = CARTESIAN_POINT ( 'NONE',  ( 7.175946107745651200, 3.601716774668260300, 7.007649993871850400 ) ) ;
#1928 = CARTESIAN_POINT ( 'NONE',  ( 2.406475241548371000, -11.14310894283165300, 0.0000000000000000000 ) ) ;
#1929 = ADVANCED_FACE ( 'NONE', ( #2640 ), #4957, .T. ) ;
#1930 = DIRECTION ( 'NONE',  ( 0.0000000000000000000, 0.0000000000000000000, -1.000000000000000000 ) ) ;
#1931 = AXIS2_PLACEMENT_3D ( 'NONE', #6961, #1324, #1997 ) ;
#1932 = CARTESIAN_POINT ( 'NONE',  ( 8.828588361935580100, 1.081190247843398300E-015, 11.40000000000000000 ) ) ;
#1933 = CARTESIAN_POINT ( 'NONE',  ( 4.983695211967274800, 6.948862985003844800, 9.909339031783243700 ) ) ;
#1934 = CARTESIAN_POINT ( 'NONE',  ( 14.15545311535570100, -14.81737528024190100, 0.0000000000000000000 ) ) ;
#1935 = AXIS2_PLACEMENT_3D ( 'NONE', #4004, #1209, #1856 ) ;
#1936 = DIRECTION ( 'NONE',  ( 1.743304394832040000E-015, 1.000000000000000000, -0.0000000000000000000 ) ) ;
#1937 = DIRECTION ( 'NONE',  ( 1.000000000000000000, 0.0000000000000000000, -0.0000000000000000000 ) ) ;
#1938 = DIRECTION ( 'NONE',  ( 0.5877852523040411100, -0.8090169943665427300, -2.087380093768576700E-010 ) ) ;
#1939 = CARTESIAN_POINT ( 'NONE',  ( -9.960562136989354400, -1.286713014453641200, 1.500000407994915400 ) ) ;
#1940 = CARTESIAN_POINT ( 'NONE',  ( 0.0000000000000000000, -9.175869535789198000E-017, 10.00000000000000900 ) ) ;
#1941 = DIRECTION ( 'NONE',  ( 0.0000000000000000000, 1.000000000000000000, 0.0000000000000000000 ) ) ;
#1942 = DIRECTION ( 'NONE',  ( 0.0000000000000000000, 0.0000000000000000000, -1.000000000000000000 ) ) ;
#1943 = ORIENTED_EDGE ( 'NONE', *, *, #2282, .F. ) ;
#1944 = ADVANCED_FACE ( 'NONE', ( #2042 ), #7063, .F. ) ;
#1945 = CARTESIAN_POINT ( 'NONE',  ( 1.034999999999999900, -12.46737528024190000, 0.04999999999999991300 ) ) ;
#1946 = B_SPLINE_CURVE_WITH_KNOTS ( 'NONE', 3,
 ( #2804, #5039, #6658, #3421, #5580, #3937, #617, #4474, #1711, #5600, #2286, #6181, #634, #2847, #6697, #3954, #2914, #5690, #703 ),
 .UNSPECIFIED., .F., .F.,
 ( 4, 3, 3, 3, 3, 3, 4 ),
 ( 2.168404344971008900E-019, 2.923272745929028900E-005, 5.832508907521073700E-005, 8.930983150313744300E-005, 0.0001256213191984034100, 0.0001717628206074551200, 0.0001738267312063059200 ),
 .UNSPECIFIED. ) ;
#1947 =( BOUNDED_CURVE ( )  B_SPLINE_CURVE ( 3, ( #2231, #3335, #1608, #5509 ),
 .UNSPECIFIED., .F., .F. ) 
 B_SPLINE_CURVE_WITH_KNOTS ( ( 4, 4 ),
 ( 1.938942765613320200, 1.990108701732573400 ),
 .UNSPECIFIED. ) 
 CURVE ( )  GEOMETRIC_REPRESENTATION_ITEM ( )  RATIONAL_B_SPLINE_CURVE ( ( 1.000000000000000000, 0.9997818491469070400, 0.9997818491469070400, 1.000000000000000000 ) ) 
 REPRESENTATION_ITEM ( '' )  );
#1948 = CARTESIAN_POINT ( 'NONE',  ( 0.0000000000000000000, 0.0000000000000000000, 10.00000000000039800 ) ) ;
#1949 = CARTESIAN_POINT ( 'NONE',  ( 14.15545311535570100, 14.81737528024190100, 0.0000000000000000000 ) ) ;
#1950 = DIRECTION ( 'NONE',  ( 0.0000000000000000000, 0.0000000000000000000, -1.000000000000000000 ) ) ;
#1951 = ORIENTED_EDGE ( 'NONE', *, *, #5065, .F. ) ;
#1952 = DIRECTION ( 'NONE',  ( 0.4625527581531243500, 0.8844804739592157000, 0.06114930179338436100 ) ) ;
#1953 = CARTESIAN_POINT ( 'NONE',  ( 1.034099116865469000, -7.978177505668615900, 4.172194580287735400 ) ) ;
#1954 = LINE ( 'NONE', #5146, #4634 ) ;
#1955 = DIRECTION ( 'NONE',  ( 0.0000000000000000000, -0.9978912729106387300, 0.06490768405038994900 ) ) ;
#1956 = DIRECTION ( 'NONE',  ( -1.000000000000000000, 0.0000000000000000000, 0.0000000000000000000 ) ) ;
#1957 = DIRECTION ( 'NONE',  ( -1.000000000000000000, 0.0000000000000000000, -0.0000000000000000000 ) ) ;
#1958 = CARTESIAN_POINT ( 'NONE',  ( 0.0000000000000000000, 0.0000000000000000000, 1.500003561359241500 ) ) ;
#1959 = CARTESIAN_POINT ( 'NONE',  ( 2.506475241548370200, -11.22352804885810000, 1.399999999999999900 ) ) ;
#1960 = LINE ( 'NONE', #1624, #4031 ) ;
#1961 = LINE ( 'NONE', #5736, #2304 ) ;
#1962 = EDGE_CURVE ( 'NONE', #4243, #6318, #80, .T. ) ;
#1963 = CARTESIAN_POINT ( 'NONE',  ( 0.0000000000000000000, 0.0000000000000000000, 10.00000000000039800 ) ) ;
#1964 = DIRECTION ( 'NONE',  ( -1.000000000000000000, 0.0000000000000000000, 0.0000000000000000000 ) ) ;
#1965 = CARTESIAN_POINT ( 'NONE',  ( 12.01579960646100200, 0.0000000000000000000, 1.450000000000000200 ) ) ;
#1966 = B_SPLINE_CURVE_WITH_KNOTS ( 'NONE', 3,
 ( #4842, #5906, #5368, #5872 ),
 .UNSPECIFIED., .F., .F.,
 ( 4, 4 ),
 ( 0.0000000000000000000, 1.000000000000000000 ),
 .UNSPECIFIED. ) ;
#1967 = EDGE_CURVE ( 'NONE', #3673, #4787, #5892, .T. ) ;
#1968 = ADVANCED_FACE ( 'NONE', ( #1030 ), #4284, .F. ) ;
#1969 = EDGE_CURVE ( 'NONE', #5301, #6520, #4160, .T. ) ;
#1970 = CIRCLE ( 'NONE', #6205, 2.350000000000000500 ) ;
#1971 = CARTESIAN_POINT ( 'NONE',  ( 9.350346786168300300, 1.910016051523364600, 1.446550831950642800 ) ) ;
#1972 = VERTEX_POINT ( 'NONE', #929 ) ;
#1973 = AXIS2_PLACEMENT_3D ( 'NONE', #5050, #4492, #1727 ) ;
#1974 = DIRECTION ( 'NONE',  ( 0.0000000000000000000, 0.0000000000000000000, -1.000000000000000000 ) ) ;
#1975 = CARTESIAN_POINT ( 'NONE',  ( 8.814574976180669100, -4.813698833088732700, 1.500000407994915200 ) ) ;
#1976 = DIRECTION ( 'NONE',  ( 0.0000000000000000000, 0.0000000000000000000, -1.000000000000000000 ) ) ;
#1977 = DIRECTION ( 'NONE',  ( 0.0000000000000000000, 0.0000000000000000000, -1.000000000000000000 ) ) ;
#1978 = ORIENTED_EDGE ( 'NONE', *, *, #1921, .F. ) ;
#1979 = ORIENTED_EDGE ( 'NONE', *, *, #1459, .F. ) ;
#1980 = DIRECTION ( 'NONE',  ( -1.000000000000000000, 0.0000000000000000000, 0.0000000000000000000 ) ) ;
#1981 = EDGE_CURVE ( 'NONE', #184, #3557, #5405, .T. ) ;
#1982 = VERTEX_POINT ( 'NONE', #435 ) ;
#1983 = CARTESIAN_POINT ( 'NONE',  ( 3.172576103058611300, 8.207406495289891500, 10.96095955101660000 ) ) ;
#1984 = CARTESIAN_POINT ( 'NONE',  ( -9.801422100623071300, -2.519870920712993500, 1.499998728424691200 ) ) ;
#1985 = CARTESIAN_POINT ( 'NONE',  ( -17.83545311535569800, -0.2383990133759980000, 1.500000000000000000 ) ) ;
#1986 = ORIENTED_EDGE ( 'NONE', *, *, #5877, .F. ) ;
#1987 = ADVANCED_FACE ( 'NONE', ( #3051 ), #4333, .F. ) ;
#1988 = CARTESIAN_POINT ( 'NONE',  ( -7.081089974732288200, -3.749857226653827700, 9.818678063566080600 ) ) ;
#1989 = PRESENTATION_STYLE_ASSIGNMENT (( #190 ) ) ;
#1990 = CARTESIAN_POINT ( 'NONE',  ( 2.406475241548390500, 0.2383990133760185100, 0.1000000000000000100 ) ) ;
#1991 = CARTESIAN_POINT ( 'NONE',  ( 0.05647524154837250300, -12.46737528024190000, 0.1000000000000000500 ) ) ;
#1992 = AXIS2_PLACEMENT_3D ( 'NONE', #4897, #1642, #2147 ) ;
#1993 = CARTESIAN_POINT ( 'NONE',  ( -3.593263992586802400, -7.596889116839489200, 9.806355243554735400 ) ) ;
#1994 = ORIENTED_EDGE ( 'NONE', *, *, #6453, .T. ) ;
#1995 = ORIENTED_EDGE ( 'NONE', *, *, #6640, .F. ) ;
#1996 = ORIENTED_EDGE ( 'NONE', *, *, #3373, .F. ) ;
#1997 = DIRECTION ( 'NONE',  ( 0.9984727763671189500, 0.0000000000000000000, -0.05524594875406883100 ) ) ;
#1998 = CYLINDRICAL_SURFACE ( 'NONE', #6168, 10.04342387723020000 ) ;
#1999 = ORIENTED_EDGE ( 'NONE', *, *, #1761, .T. ) ;
#2000 = CIRCLE ( 'NONE', #5123, 0.1000000000000000500 ) ;
#2001 = CARTESIAN_POINT ( 'NONE',  ( -2.486804306410376000, 11.20775513265490300, 0.03971530139667803900 ) ) ;
#2002 = CARTESIAN_POINT ( 'NONE',  ( -4.711548903495387500, 8.294749881360964100, 1.583721891830319300 ) ) ;
#2003 = LINE ( 'NONE', #300, #959 ) ;
#2004 = ORIENTED_EDGE ( 'NONE', *, *, #4196, .T. ) ;
#2005 = ORIENTED_EDGE ( 'NONE', *, *, #2686, .F. ) ;
#2006 = TOROIDAL_SURFACE ( 'NONE', #2566, 3.680000000000000200, 0.1000000000000000100 ) ;
#2007 = ORIENTED_EDGE ( 'NONE', *, *, #1033, .T. ) ;
#2008 = CARTESIAN_POINT ( 'NONE',  ( 9.955822711659205700, -1.291039745458869800, 1.583721891830311100 ) ) ;
#2009 = CARTESIAN_POINT ( 'NONE',  ( -10.77508558524239900, -4.018399013375990600, 1.500000000000000000 ) ) ;
#2010 = FACE_OUTER_BOUND ( 'NONE', #5606, .T. ) ;
#2011 = DIRECTION ( 'NONE',  ( 0.0000000000000000000, -0.9978912729106387300, -0.06490768405038994900 ) ) ;
#2012 = B_SPLINE_CURVE_WITH_KNOTS ( 'NONE', 3,
 ( #5036, #2821, #6020, #3418 ),
 .UNSPECIFIED., .F., .F.,
 ( 4, 4 ),
 ( 0.0000000000000000000, 1.000000000000000000 ),
 .UNSPECIFIED. ) ;
#2013 = LINE ( 'NONE', #4696, #3840 ) ;
#2014 = VERTEX_POINT ( 'NONE', #4313 ) ;
#2015 = CARTESIAN_POINT ( 'NONE',  ( -1.854392572402094900, -9.359963765724684100, 1.499999999999969100 ) ) ;
#2016 = DIRECTION ( 'NONE',  ( 0.9841275813616938700, -0.1665943171102065900, 0.06114930179295939600 ) ) ;
#2017 = VECTOR ( 'NONE', #6326, 1000.000000000000100 ) ;
#2018 = ORIENTED_EDGE ( 'NONE', *, *, #4100, .F. ) ;
#2019 = CARTESIAN_POINT ( 'NONE',  ( 14.15545311535570100, -3.918399013375994900, 1.399999999999999900 ) ) ;
#2020 = ORIENTED_EDGE ( 'NONE', *, *, #575, .T. ) ;
#2021 = VERTEX_POINT ( 'NONE', #7028 ) ;
#2022 = CARTESIAN_POINT ( 'NONE',  ( 8.603967794138544200, 1.845687814383232500, 10.96095955101660200 ) ) ;
#2023 = FACE_OUTER_BOUND ( 'NONE', #4666, .T. ) ;
#2024 = CARTESIAN_POINT ( 'NONE',  ( -6.438371598596210000, -7.042376350824223000, 1.499999999999999600 ) ) ;
#2025 = CARTESIAN_POINT ( 'NONE',  ( 1.273058886640288500, 0.0000000000000000000, 9.528024968288347600 ) ) ;
#2026 = EDGE_LOOP ( 'NONE', ( #4683, #3332, #1823, #6996 ) ) ;
#2027 = CARTESIAN_POINT ( 'NONE',  ( -17.93545311535570300, 0.2383990133759980000, 1.500000000000000000 ) ) ;
#2028 = CARTESIAN_POINT ( 'NONE',  ( 7.295283646310641000, 6.897626796287552200, 1.583721891836908300 ) ) ;
#2029 = B_SPLINE_CURVE_WITH_KNOTS ( 'NONE', 3,
 ( #1571, #31, #2193, #4343 ),
 .UNSPECIFIED., .F., .F.,
 ( 4, 4 ),
 ( 0.0000000000000000000, 1.000000000000000000 ),
 .UNSPECIFIED. ) ;
#2030 = DIRECTION ( 'NONE',  ( 1.000000000000000000, -0.0000000000000000000, 0.0000000000000000000 ) ) ;
#2031 = EDGE_CURVE ( 'NONE', #6213, #3798, #6417, .T. ) ;
#2032 = ORIENTED_EDGE ( 'NONE', *, *, #4335, .T. ) ;
#2033 = CARTESIAN_POINT ( 'NONE',  ( -2.491686039226750400, -11.21167105069688200, 0.04766339752129051400 ) ) ;
#2034 = CARTESIAN_POINT ( 'NONE',  ( 9.341318720806421900, 1.143981607125082800E-015, 11.40000000000000200 ) ) ;
#2035 = EDGE_CURVE ( 'NONE', #7076, #4916, #1554, .T. ) ;
#2036 = CARTESIAN_POINT ( 'NONE',  ( -8.687265857950951200, 3.948280986625205500, 1.482184704260320700 ) ) ;
#2037 = CARTESIAN_POINT ( 'NONE',  ( -0.5090877524971551000, -1.167080331220469200, 9.528024968268800500 ) ) ;
#2038 = CARTESIAN_POINT ( 'NONE',  ( -1.848666648172070400, -0.2383990133759960100, 1.583721891830310000 ) ) ;
#2039 = CARTESIAN_POINT ( 'NONE',  ( -10.71540506786935500, -3.932679326836667800, 1.499772695604943800 ) ) ;
#2040 = EDGE_CURVE ( 'NONE', #2092, #184, #2537, .T. ) ;
#2041 = DIRECTION ( 'NONE',  ( -1.224646799147353200E-016, 1.000000000000000000, 0.0000000000000000000 ) ) ;
#2042 = FACE_OUTER_BOUND ( 'NONE', #5556, .T. ) ;
#2043 = PLANE ( 'NONE',  #4775 ) ;
#2044 = CARTESIAN_POINT ( 'NONE',  ( -0.05647524154837205200, -14.81737528024190100, 1.399999999999999900 ) ) ;
#2045 = CARTESIAN_POINT ( 'NONE',  ( -7.724423483290239600, -4.459641070553839600, 1.500000000000000000 ) ) ;
#2046 = DIRECTION ( 'NONE',  ( -0.0000000000000000000, -1.000000000000000000, -0.0000000000000000000 ) ) ;
#2047 = DIRECTION ( 'NONE',  ( 1.000000000000000000, 0.0000000000000000000, 0.0000000000000000000 ) ) ;
#2048 = CARTESIAN_POINT ( 'NONE',  ( -1.241598663974561500, 9.985797999867777700, 1.499996710749977000 ) ) ;
#2049 = DIRECTION ( 'NONE',  ( -1.000000000000000000, 0.0000000000000000000, 0.0000000000000000000 ) ) ;
#2050 = AXIS2_PLACEMENT_3D ( 'NONE', #4114, #6858, #5151 ) ;
#2051 = AXIS2_PLACEMENT_3D ( 'NONE', #5958, #6500, #476 ) ;
#2052 = DIRECTION ( 'NONE',  ( -0.0000000000000000000, -1.000000000000000000, -0.0000000000000000000 ) ) ;
#2053 = ORIENTED_EDGE ( 'NONE', *, *, #2087, .F. ) ;
#2054 = CARTESIAN_POINT ( 'NONE',  ( 2.506475241548370200, -11.22352804885810000, 0.1000000000000000500 ) ) ;
#2055 = CARTESIAN_POINT ( 'NONE',  ( 9.710146074784120200, 19.42029214956824000, 11.04382756442191400 ) ) ;
#2056 = CARTESIAN_POINT ( 'NONE',  ( 1.659090514880829900, 9.314605129102462300, 4.355618949381399900 ) ) ;
#2057 = FACE_OUTER_BOUND ( 'NONE', #1510, .T. ) ;
#2058 = CARTESIAN_POINT ( 'NONE',  ( -1.847456748005219100, -9.868473426794917500, 1.583730864882143500 ) ) ;
#2059 = CARTESIAN_POINT ( 'NONE',  ( 7.268143503945997200, 3.448879136981490800, 4.172194580287516900 ) ) ;
#2060 = B_SPLINE_SURFACE_WITH_KNOTS ( 'NONE', 3, 1, ( 
 ( #6196, #2829 ),
 ( #4452, #1125 ),
 ( #6153, #5042 ),
 ( #572, #3357 ) ),
 .UNSPECIFIED., .F., .F., .F.,
 ( 4, 4 ),
 ( 2, 2 ),
 ( 0.0000000000000000000, 1.000000000000000000 ),
 ( 0.0000000000000000000, 1.000000000000000000 ),
 .UNSPECIFIED. ) ;
#2061 = CARTESIAN_POINT ( 'NONE',  ( 9.369695929422858800, 1.303315179376668000, 4.402724244648115200 ) ) ;
#2062 = VERTEX_POINT ( 'NONE', #2654 ) ;
#2063 = DIRECTION ( 'NONE',  ( 0.0000000000000000000, 1.000000000000000000, 0.0000000000000000000 ) ) ;
#2064 = FACE_BOUND ( 'NONE', #6065, .T. ) ;
#2065 = CARTESIAN_POINT ( 'NONE',  ( 6.974445124604784500, -8.541231897702740200E-016, 11.40000000002759600 ) ) ;
#2066 = CARTESIAN_POINT ( 'NONE',  ( 5.809047173994711600, -6.193167801626509000, 1.300721701513796200 ) ) ;
#2067 = CIRCLE ( 'NONE', #668, 11.50000000000000000 ) ;
#2068 = CARTESIAN_POINT ( 'NONE',  ( -10.76034831308178000, -3.997187852341960800, 0.03765967323165374200 ) ) ;
#2069 = CARTESIAN_POINT ( 'NONE',  ( 8.125635463008988400, 3.376553614952712700, 10.96095955101659700 ) ) ;
#2070 = DIRECTION ( 'NONE',  ( 0.0000000000000000000, 1.000000000000000000, 0.0000000000000000000 ) ) ;
#2071 = DIRECTION ( 'NONE',  ( -1.000000000000000000, 0.0000000000000000000, 0.0000000000000000000 ) ) ;
#2072 = LINE ( 'NONE', #4899, #3736 ) ;
#2073 = CARTESIAN_POINT ( 'NONE',  ( -4.382926523415738600, 8.198437967615522100, 9.999999999952820000 ) ) ;
#2074 = CARTESIAN_POINT ( 'NONE',  ( 1.560894967531437400, 0.4194788675756001600, 9.040507860752557100 ) ) ;
#2075 = ORIENTED_EDGE ( 'NONE', *, *, #490, .F. ) ;
#2076 = CARTESIAN_POINT ( 'NONE',  ( -2.506475241548372400, 12.46737528024190000, 0.1000000000000000500 ) ) ;
#2077 = ORIENTED_EDGE ( 'NONE', *, *, #5550, .F. ) ;
#2078 = EDGE_CURVE ( 'NONE', #486, #553, #4266, .T. ) ;
#2079 = CARTESIAN_POINT ( 'NONE',  ( -2.408049452698166600, -11.14437940514033600, 1.239147146321145700E-005 ) ) ;
#2080 = ORIENTED_EDGE ( 'NONE', *, *, #5955, .T. ) ;
#2081 = CARTESIAN_POINT ( 'NONE',  ( -8.687268720036661000, 3.950760499518705300, 1.446550831950642400 ) ) ;
#2082 = ORIENTED_EDGE ( 'NONE', *, *, #2150, .F. ) ;
#2083 = CARTESIAN_POINT ( 'NONE',  ( -1.191787380855366700, -0.4481396993334965700, 9.528024968268804100 ) ) ;
#2084 = EDGE_CURVE ( 'NONE', #6757, #1684, #609, .T. ) ;
#2085 = ORIENTED_EDGE ( 'NONE', *, *, #3583, .T. ) ;
#2086 = CARTESIAN_POINT ( 'NONE',  ( -10.75593189793139200, -3.990836622469768400, 1.469547687335925200 ) ) ;
#2087 = EDGE_CURVE ( 'NONE', #2445, #6600, #3766, .T. ) ;
#2088 = EDGE_LOOP ( 'NONE', ( #7066, #3146, #2194, #5430 ) ) ;
#2089 = EDGE_LOOP ( 'NONE', ( #6138, #6328, #1884, #4592 ) ) ;
#2090 = ORIENTED_EDGE ( 'NONE', *, *, #3107, .F. ) ;
#2091 = AXIS2_PLACEMENT_3D ( 'NONE', #1286, #6864, #3079 ) ;
#2092 = VERTEX_POINT ( 'NONE', #6991 ) ;
#2093 = CARTESIAN_POINT ( 'NONE',  ( 0.0000000000000000000, -12.46737528024190000, 1.450000000000000200 ) ) ;
#2094 = CARTESIAN_POINT ( 'NONE',  ( -10.77508558524239900, -4.018399013375990600, 1.500000000000000000 ) ) ;
#2095 = CARTESIAN_POINT ( 'NONE',  ( -9.956331755326141700, -1.292237160460798100, 1.583721891836908000 ) ) ;
#2096 = CIRCLE ( 'NONE', #994, 0.1000000000000000100 ) ;
#2097 = EDGE_CURVE ( 'NONE', #1541, #5583, #5104, .T. ) ;
#2098 = ORIENTED_EDGE ( 'NONE', *, *, #6880, .T. ) ;
#2099 = ORIENTED_EDGE ( 'NONE', *, *, #4303, .F. ) ;
#2100 = AXIS2_PLACEMENT_3D ( 'NONE', #4027, #2895, #2981 ) ;
#2101 = CARTESIAN_POINT ( 'NONE',  ( 7.887101893987949800, -1.661841923304949100, 1.314579482943361700 ) ) ;
#2102 = DIRECTION ( 'NONE',  ( -0.8940976206747663900, -0.4436780449761999500, 0.06114930179338452800 ) ) ;
#2103 = FACE_OUTER_BOUND ( 'NONE', #2710, .T. ) ;
#2104 = CARTESIAN_POINT ( 'NONE',  ( -2.506475241548380000, 11.22352804885810000, 0.1000000000000000500 ) ) ;
#2105 = CIRCLE ( 'NONE', #1517, 9.746597336550346200 ) ;
#2106 = DIRECTION ( 'NONE',  ( 0.0000000000000000000, 0.0000000000000000000, -1.000000000000000000 ) ) ;
#2107 = CARTESIAN_POINT ( 'NONE',  ( -7.932832904285970000, 1.128462034461067400, 9.818678063566091300 ) ) ;
#2108 = FACE_OUTER_BOUND ( 'NONE', #666, .T. ) ;
#2109 = VERTEX_POINT ( 'NONE', #2228 ) ;
#2110 = EDGE_LOOP ( 'NONE', ( #3698, #2182, #3157, #7098 ) ) ;
#2111 = FACE_OUTER_BOUND ( 'NONE', #3213, .T. ) ;
#2112 = EDGE_LOOP ( 'NONE', ( #4134, #3392, #3857, #4459 ) ) ;
#2113 = DIRECTION ( 'NONE',  ( 0.0000000000000000000, 0.0000000000000000000, -1.000000000000000000 ) ) ;
#2114 = ORIENTED_EDGE ( 'NONE', *, *, #5028, .F. ) ;
#2115 = CARTESIAN_POINT ( 'NONE',  ( -14.15545311535570100, 3.918399013376000300, 1.399999999999999900 ) ) ;
#2116 = CARTESIAN_POINT ( 'NONE',  ( -2.506475241548370200, -11.22352804885812300, 1.399999999999999900 ) ) ;
#2117 = FACE_OUTER_BOUND ( 'NONE', #118, .T. ) ;
#2118 = APPLICATION_PROTOCOL_DEFINITION ( 'draft international standard', 'automotive_design', 1998, #503 ) ;
#2119 = ORIENTED_EDGE ( 'NONE', *, *, #3162, .F. ) ;
#2120 = DIRECTION ( 'NONE',  ( -0.0000000000000000000, -0.0000000000000000000, 1.000000000000000000 ) ) ;
#2121 = CARTESIAN_POINT ( 'NONE',  ( -10.77214837553961700, -4.014169387606635600, 0.07122439540648839400 ) ) ;
#2122 = CARTESIAN_POINT ( 'NONE',  ( 7.372351021457750300, 4.033944817469140400, 9.806355243554639500 ) ) ;
#2123 = ORIENTED_EDGE ( 'NONE', *, *, #1099, .F. ) ;
#2124 = CARTESIAN_POINT ( 'NONE',  ( -8.341338333317100500, 1.242640902986589900, 7.001760241560639900 ) ) ;
#2125 = DIRECTION ( 'NONE',  ( 0.0000000000000000000, 1.079514515332727700E-017, -1.000000000000000000 ) ) ;
#2126 = EDGE_CURVE ( 'NONE', #5837, #3308, #1216, .T. ) ;
#2127 = EDGE_CURVE ( 'NONE', #5583, #6502, #3580, .T. ) ;
#2128 = AXIS2_PLACEMENT_3D ( 'NONE', #2293, #6720, #1197 ) ;
#2129 = AXIS2_PLACEMENT_3D ( 'NONE', #2840, #78, #6677 ) ;
#2130 = VERTEX_POINT ( 'NONE', #4397 ) ;
#2131 = CARTESIAN_POINT ( 'NONE',  ( -3.593263992586801100, -7.596889116839490100, 9.806355243554776300 ) ) ;
#2132 = AXIS2_PLACEMENT_3D ( 'NONE', #1105, #2242, #1652 ) ;
#2133 = ADVANCED_FACE ( 'NONE', ( #2709 ), #483, .T. ) ;
#2134 = CARTESIAN_POINT ( 'NONE',  ( -9.263572982159690400, -1.469305808891490300, 7.190472975004699800 ) ) ;
#2135 = DIRECTION ( 'NONE',  ( 0.0000000000000000000, 1.079514515332727700E-017, -1.000000000000000000 ) ) ;
#2136 = CARTESIAN_POINT ( 'NONE',  ( -9.369267998388567200, 1.303826790180524900, 4.411772188215135900 ) ) ;
#2137 = CARTESIAN_POINT ( 'NONE',  ( 2.699608562045210800, 9.711966830023405000, 1.500003561359264400 ) ) ;
#2138 = ORIENTED_EDGE ( 'NONE', *, *, #549, .T. ) ;
#2139 = DIRECTION ( 'NONE',  ( 0.0000000000000000000, 1.000000000000000000, 0.0000000000000000000 ) ) ;
#2140 = CARTESIAN_POINT ( 'NONE',  ( -8.799153613150661400, 0.2692767643040806000, 10.96095955101660200 ) ) ;
#2141 = CIRCLE ( 'NONE', #3890, 0.1000000000000000500 ) ;
#2142 = CARTESIAN_POINT ( 'NONE',  ( 0.0000000000000000000, -12.46737528024190000, 1.500000000000000000 ) ) ;
#2143 = FACE_OUTER_BOUND ( 'NONE', #4171, .T. ) ;
#2144 = CARTESIAN_POINT ( 'NONE',  ( 2.406475241548368300, -12.46737528024190000, 0.1000000000000000100 ) ) ;
#2145 = VECTOR ( 'NONE', #2475, 1000.000000000000000 ) ;
#2146 = CARTESIAN_POINT ( 'NONE',  ( 6.007045176754767900, -6.436833851302844200, 10.96095955101660200 ) ) ;
#2147 = DIRECTION ( 'NONE',  ( 0.0000000000000000000, 0.0000000000000000000, 1.000000000000000000 ) ) ;
#2148 = CARTESIAN_POINT ( 'NONE',  ( -7.295575644212215500, 6.896358858841475500, 1.583721891830310000 ) ) ;
#2149 = VERTEX_POINT ( 'NONE', #908 ) ;
#2150 = EDGE_CURVE ( 'NONE', #4854, #3618, #6661, .T. ) ;
#2151 = DIRECTION ( 'NONE',  ( -4.881252305529689900E-015, -1.000000000000000000, -0.0000000000000000000 ) ) ;
#2152 = DIRECTION ( 'NONE',  ( 0.0000000000000000000, 0.0000000000000000000, -1.000000000000000000 ) ) ;
#2153 = ORIENTED_EDGE ( 'NONE', *, *, #5374, .T. ) ;
#2154 = EDGE_LOOP ( 'NONE', ( #6182, #6714, #4841, #1789 ) ) ;
#2155 = CARTESIAN_POINT ( 'NONE',  ( 4.708131678587038000, -8.299469236363478300, 1.500000000000000400 ) ) ;
#2156 = CIRCLE ( 'NONE', #552, 0.05000000000000143200 ) ;
#2157 = CARTESIAN_POINT ( 'NONE',  ( -7.523349966826835100, 4.564086426395641100, 10.96095955101659700 ) ) ;
#2158 = AXIS2_PLACEMENT_3D ( 'NONE', #6011, #1600, #516 ) ;
#2159 = B_SPLINE_CURVE_WITH_KNOTS ( 'NONE', 3,
 ( #871, #1984, #269, #5867 ),
 .UNSPECIFIED., .F., .F.,
 ( 4, 4 ),
 ( 0.0000000000000000000, 1.000000000000000000 ),
 .UNSPECIFIED. ) ;
#2160 = VERTEX_POINT ( 'NONE', #1055 ) ;
#2161 = EDGE_CURVE ( 'NONE', #3891, #1784, #12, .T. ) ;
#2162 = CARTESIAN_POINT ( 'NONE',  ( 8.813656234363334000, 4.809540731368705300, 1.555811606257904800 ) ) ;
#2163 = ORIENTED_EDGE ( 'NONE', *, *, #4851, .F. ) ;
#2164 = ADVANCED_FACE ( 'NONE', ( #3159 ), #5716, .F. ) ;
#2165 = ORIENTED_EDGE ( 'NONE', *, *, #6033, .F. ) ;
#2166 = EDGE_LOOP ( 'NONE', ( #756, #5375, #4675, #775 ) ) ;
#2167 = CYLINDRICAL_SURFACE ( 'NONE', #6575, 0.1000000000000000500 ) ;
#2168 = EDGE_CURVE ( 'NONE', #3228, #607, #6170, .T. ) ;
#2169 = CARTESIAN_POINT ( 'NONE',  ( -4.001413558168930100, 8.662354359223700200, 1.499999999999970000 ) ) ;
#2170 = CIRCLE ( 'NONE', #3806, 9.746597336550346200 ) ;
#2171 = VECTOR ( 'NONE', #2269, 1000.000000000000000 ) ;
#2172 = AXIS2_PLACEMENT_3D ( 'NONE', #158, #6256, #2446 ) ;
#2173 = ORIENTED_EDGE ( 'NONE', *, *, #4754, .F. ) ;
#2174 = ORIENTED_EDGE ( 'NONE', *, *, #3423, .T. ) ;
#2175 = CARTESIAN_POINT ( 'NONE',  ( 0.0000000000000000000, 12.46737528024190000, 0.04999999999999991300 ) ) ;
#2176 = CIRCLE ( 'NONE', #6396, 2.450000000000000200 ) ;
#2177 = VERTEX_POINT ( 'NONE', #2798 ) ;
#2178 = VECTOR ( 'NONE', #3985, 1000.000000000000100 ) ;
#2179 = CARTESIAN_POINT ( 'NONE',  ( -2.406475241548371400, 0.2383990133759980000, 0.0000000000000000000 ) ) ;
#2180 = AXIS2_PLACEMENT_3D ( 'NONE', #3957, #5566, #1123 ) ;
#2181 = TOROIDAL_SURFACE ( 'NONE', #7037, 1.034999999999999900, 0.05000000000000000300 ) ;
#2182 = ORIENTED_EDGE ( 'NONE', *, *, #5679, .T. ) ;
#2183 =( BOUNDED_CURVE ( )  B_SPLINE_CURVE ( 3, ( #6719, #6184, #2273, #6684 ),
 .UNSPECIFIED., .F., .F. ) 
 B_SPLINE_CURVE_WITH_KNOTS ( ( 4, 4 ),
 ( 0.0000000000000000000, 0.1850112255602516200 ),
 .UNSPECIFIED. ) 
 CURVE ( )  GEOMETRIC_REPRESENTATION_ITEM ( )  RATIONAL_B_SPLINE_CURVE ( ( 1.000000000000000000, 0.9971496040430674100, 0.9971496040430674100, 1.000000000000000000 ) ) 
 REPRESENTATION_ITEM ( '' )  );
#2184 = CARTESIAN_POINT ( 'NONE',  ( 1.281551300053712900, -0.9848765838104357500, 9.040507860752557100 ) ) ;
#2185 = FACE_OUTER_BOUND ( 'NONE', #4844, .T. ) ;
#2186 = EDGE_LOOP ( 'NONE', ( #6317, #951, #6409, #6117, #2868, #1127, #84, #6826, #447, #4315, #1159, #1036, #5191, #3176, #2925, #3865, #2837, #5912, #2258, #4409, #5987 ) ) ;
#2187 = DIRECTION ( 'NONE',  ( -0.1456715364083650000, 0.9874414242731897100, -0.06114930179291460500 ) ) ;
#2188 = VERTEX_POINT ( 'NONE', #6610 ) ;
#2189 = ORIENTED_EDGE ( 'NONE', *, *, #4449, .F. ) ;
#2190 = LINE ( 'NONE', #5229, #695 ) ;
#2191 = CARTESIAN_POINT ( 'NONE',  ( -2.406475241548380300, 11.22352804885811000, 1.500000000000000000 ) ) ;
#2192 = DIRECTION ( 'NONE',  ( -1.000000000000000000, -2.664535259100375700E-015, 0.0000000000000000000 ) ) ;
#2193 = CARTESIAN_POINT ( 'NONE',  ( 9.369267998388565400, -1.303826790180529200, 4.411772188215218500 ) ) ;
#2194 = ORIENTED_EDGE ( 'NONE', *, *, #3462, .F. ) ;
#2195 = CARTESIAN_POINT ( 'NONE',  ( -17.93545311535569900, -0.2383990133759980000, 1.500000000000000000 ) ) ;
#2196 = CARTESIAN_POINT ( 'NONE',  ( -11.96579960646100300, 2.461540066286180200E-016, 0.04999999999999991300 ) ) ;
#2197 = B_SPLINE_CURVE_WITH_KNOTS ( 'NONE', 3,
 ( #4440, #6116, #2861, #1202 ),
 .UNSPECIFIED., .F., .F.,
 ( 4, 4 ),
 ( 0.0000000000000000000, 1.000000000000000000 ),
 .UNSPECIFIED. ) ;
#2198 = EDGE_LOOP ( 'NONE', ( #3234, #1158, #5933, #519 ) ) ;
#2199 = ADVANCED_FACE ( 'NONE', ( #2111 ), #2769, .T. ) ;
#2200 = DIRECTION ( 'NONE',  ( -1.224646799147353200E-016, 1.000000000000000000, 0.0000000000000000000 ) ) ;
#2201 = CARTESIAN_POINT ( 'NONE',  ( 0.2097807036622162400, -1.602606525750615900, 9.040507860752557100 ) ) ;
#2202 = DIRECTION ( 'NONE',  ( 0.0000000000000000000, 1.000000000000000000, 0.0000000000000000000 ) ) ;
#2203 = EDGE_CURVE ( 'NONE', #5393, #3019, #3325, .T. ) ;
#2204 = DIRECTION ( 'NONE',  ( -0.5877852522924628100, -0.8090169943749548900, 0.0000000000000000000 ) ) ;
#2205 = CARTESIAN_POINT ( 'NONE',  ( -8.727229288803114200, 1.137309281859656400, 10.96095955101660200 ) ) ;
#2206 = EDGE_CURVE ( 'NONE', #3052, #2854, #2029, .T. ) ;
#2207 = EDGE_CURVE ( 'NONE', #3832, #3014, #6917, .T. ) ;
#2208 = CARTESIAN_POINT ( 'NONE',  ( 0.0000000000000000000, 0.0000000000000000000, 1.500000000000000000 ) ) ;
#2209 = AXIS2_PLACEMENT_3D ( 'NONE', #3805, #4880, #3190 ) ;
#2210 = CARTESIAN_POINT ( 'NONE',  ( 3.926704809843202700, 7.496288947797406600, 4.165935625339345800 ) ) ;
#2211 = ORIENTED_EDGE ( 'NONE', *, *, #4964, .F. ) ;
#2212 = EDGE_CURVE ( 'NONE', #5714, #3292, #6736, .T. ) ;
#2213 = AXIS2_PLACEMENT_3D ( 'NONE', #6395, #2469, #5248 ) ;
#2214 = CARTESIAN_POINT ( 'NONE',  ( 5.642925506409970800, -5.711738614056529600, 7.007649993871850400 ) ) ;
#2215 = CIRCLE ( 'NONE', #3185, 0.04999999999999991300 ) ;
#2216 = CARTESIAN_POINT ( 'NONE',  ( -7.299853126176888200, 6.895751439367327200, 1.527902837829728400 ) ) ;
#2217 = FACE_OUTER_BOUND ( 'NONE', #4204, .T. ) ;
#2218 = CARTESIAN_POINT ( 'NONE',  ( -7.302051962268437000, 6.895531216981432000, 1.499999327185927300 ) ) ;
#2219 = CARTESIAN_POINT ( 'NONE',  ( -14.15545311535570100, -4.018399013375997700, 1.500000000000000000 ) ) ;
#2220 = CARTESIAN_POINT ( 'NONE',  ( 9.274295224624092200, -2.271547192236695300E-015, 10.76816110240663900 ) ) ;
#2221 = DIRECTION ( 'NONE',  ( -0.0000000000000000000, -0.0000000000000000000, 1.000000000000000000 ) ) ;
#2222 = CARTESIAN_POINT ( 'NONE',  ( -4.983695211967274800, -6.948862985003844800, 9.909339031783243700 ) ) ;
#2223 = LINE ( 'NONE', #6866, #6788 ) ;
#2224 = VERTEX_POINT ( 'NONE', #4425 ) ;
#2225 = ADVANCED_FACE ( 'NONE', ( #4411 ), #7058, .T. ) ;
#2226 = ORIENTED_EDGE ( 'NONE', *, *, #5266, .T. ) ;
#2227 = CARTESIAN_POINT ( 'NONE',  ( 10.73259192906139600, 3.957319850291862700, 1.492114974101826900 ) ) ;
#2228 = CARTESIAN_POINT ( 'NONE',  ( 2.506475241548372400, -12.46737528024190000, 1.399999999999999900 ) ) ;
#2229 = EDGE_LOOP ( 'NONE', ( #5239, #4646, #5630, #3982 ) ) ;
#2230 = ORIENTED_EDGE ( 'NONE', *, *, #2810, .T. ) ;
#2231 = CARTESIAN_POINT ( 'NONE',  ( -9.960575687348153900, 1.286563484886234800, 1.499999327185927500 ) ) ;
#2232 = ORIENTED_EDGE ( 'NONE', *, *, #3256, .T. ) ;
#2233 = B_SPLINE_CURVE_WITH_KNOTS ( 'NONE', 3,
 ( #2693, #3338, #1556, #6573 ),
 .UNSPECIFIED., .F., .F.,
 ( 4, 4 ),
 ( 0.0000000000000000000, 1.000000000000000000 ),
 .UNSPECIFIED. ) ;
#2234 = CARTESIAN_POINT ( 'NONE',  ( 14.15545311535570100, 3.918399013375997600, 1.399999999999999900 ) ) ;
#2235 = EDGE_LOOP ( 'NONE', ( #3215, #5546, #2547, #3997 ) ) ;
#2236 = VERTEX_POINT ( 'NONE', #2888 ) ;
#2237 = ORIENTED_EDGE ( 'NONE', *, *, #3172, .F. ) ;
#2238 = CARTESIAN_POINT ( 'NONE',  ( 4.705949272254816400, -8.302480821155148400, 1.446550831950642600 ) ) ;
#2239 = EDGE_CURVE ( 'NONE', #4075, #5689, #4586, .T. ) ;
#2240 = DIRECTION ( 'NONE',  ( -0.0000000000000000000, -0.0000000000000000000, 1.000000000000000000 ) ) ;
#2241 = EDGE_CURVE ( 'NONE', #4757, #966, #188, .T. ) ;
#2242 = DIRECTION ( 'NONE',  ( 0.0000000000000000000, 0.0000000000000000000, -1.000000000000000000 ) ) ;
#2243 = DIRECTION ( 'NONE',  ( 0.0000000000000000000, 1.000000000000000000, 0.0000000000000000000 ) ) ;
#2244 = EDGE_CURVE ( 'NONE', #6084, #5932, #777, .T. ) ;
#2245 = FACE_OUTER_BOUND ( 'NONE', #6079, .T. ) ;
#2246 = ORIENTED_EDGE ( 'NONE', *, *, #4150, .T. ) ;
#2247 = VERTEX_POINT ( 'NONE', #3479 ) ;
#2248 = AXIS2_PLACEMENT_3D ( 'NONE', #7046, #2113, #5916 ) ;
#2249 = CIRCLE ( 'NONE', #383, 9.296474063777681700 ) ;
#2250 = CARTESIAN_POINT ( 'NONE',  ( -4.001413558168919400, 8.662354359223652300, 1.499999999999969400 ) ) ;
#2251 = CARTESIAN_POINT ( 'NONE',  ( 10.76742563487569600, 4.007370204118896800, 1.446549221757658300 ) ) ;
#2252 = LINE ( 'NONE', #1934, #2532 ) ;
#2253 = ORIENTED_EDGE ( 'NONE', *, *, #1669, .F. ) ;
#2254 = EDGE_LOOP ( 'NONE', ( #1803, #6072, #1243, #5712 ) ) ;
#2255 = CARTESIAN_POINT ( 'NONE',  ( 2.506475241548370200, -11.22352804885810000, 1.500000000000000000 ) ) ;
#2256 = PRODUCT_DEFINITION ( 'UNKNOWN', '', #1763, #1468 ) ;
#2257 = CIRCLE ( 'NONE', #6073, 3.780000000000000200 ) ;
#2258 = ORIENTED_EDGE ( 'NONE', *, *, #3210, .F. ) ;
#2259 = AXIS2_PLACEMENT_3D ( 'NONE', #1738, #1124, #6110 ) ;
#2260 = CIRCLE ( 'NONE', #859, 0.05000000000000000300 ) ;
#2261 = ORIENTED_EDGE ( 'NONE', *, *, #5381, .T. ) ;
#2262 = DIRECTION ( 'NONE',  ( 0.4625527581393818500, 0.8844804739664349200, -0.06114930179291470200 ) ) ;
#2263 = B_SPLINE_CURVE_WITH_KNOTS ( 'NONE', 3,
 ( #1267, #5771, #6273, #4581 ),
 .UNSPECIFIED., .F., .F.,
 ( 4, 4 ),
 ( 0.0000000000000000000, 1.000000000000000000 ),
 .UNSPECIFIED. ) ;
#2264 = TOROIDAL_SURFACE ( 'NONE', #3267, 1.034999999999999900, 0.05000000000000000300 ) ;
#2265 = CARTESIAN_POINT ( 'NONE',  ( -4.301719770855267000, 9.075441337996913700, 1.500000407994915000 ) ) ;
#2266 = ADVANCED_FACE ( 'NONE', ( #2867 ), #3998, .T. ) ;
#2267 = AXIS2_PLACEMENT_3D ( 'NONE', #2831, #6689, #2860 ) ;
#2268 = DIRECTION ( 'NONE',  ( 1.000000000000000000, 0.0000000000000000000, -0.0000000000000000000 ) ) ;
#2269 = DIRECTION ( 'NONE',  ( -0.0000000000000000000, -0.0000000000000000000, 1.000000000000000000 ) ) ;
#2270 = CARTESIAN_POINT ( 'NONE',  ( -14.15545311535570100, 0.2383990133759980000, 0.0000000000000000000 ) ) ;
#2271 = ORIENTED_EDGE ( 'NONE', *, *, #904, .F. ) ;
#2272 = CARTESIAN_POINT ( 'NONE',  ( 7.372351021457740600, 4.033944817469141200, 9.806355243554735400 ) ) ;
#2273 = CARTESIAN_POINT ( 'NONE',  ( 1.237882122420466600, 9.981950116937921900, 1.583721891830310200 ) ) ;
#2274 = CARTESIAN_POINT ( 'NONE',  ( -9.282280378750753500, -18.56456075750150300, 10.49159636633811800 ) ) ;
#2275 = CARTESIAN_POINT ( 'NONE',  ( 10.70582023461626300, -3.918962932418564200, -1.504952240836137700E-029 ) ) ;
#2276 = CARTESIAN_POINT ( 'NONE',  ( 2.408049452698164000, 11.14437940514033600, 1.239147146318791300E-005 ) ) ;
#2277 = ORIENTED_EDGE ( 'NONE', *, *, #4799, .F. ) ;
#2278 = CARTESIAN_POINT ( 'NONE',  ( -0.05647524154837250300, -12.46737528024190000, 0.1000000000000000500 ) ) ;
#2279 = CARTESIAN_POINT ( 'NONE',  ( -9.710146074784118400, -19.42029214956824400, 11.04382756442191400 ) ) ;
#2280 = DIRECTION ( 'NONE',  ( -0.4426440206389720700, 0.8961862487317665500, -0.03027339717721637400 ) ) ;
#2281 = B_SPLINE_CURVE_WITH_KNOTS ( 'NONE', 3,
 ( #2403, #6283, #3510, #2978 ),
 .UNSPECIFIED., .F., .F.,
 ( 4, 4 ),
 ( 0.0000000000000000000, 1.000000000000000000 ),
 .UNSPECIFIED. ) ;
#2282 = EDGE_CURVE ( 'NONE', #2928, #4253, #711, .T. ) ;
#2283 = EDGE_LOOP ( 'NONE', ( #600, #1698, #13, #1702 ) ) ;
#2284 = CARTESIAN_POINT ( 'NONE',  ( 7.032233649141137900, -5.323708185433096300, 10.96095955101660000 ) ) ;
#2285 = DIRECTION ( 'NONE',  ( -0.9984727763785431500, 0.0000000000000000000, -0.05524594854759944100 ) ) ;
#2286 = CARTESIAN_POINT ( 'NONE',  ( -10.74546576924028200, 3.975796725723781400, 1.482587915801709200 ) ) ;
#2287 = CARTESIAN_POINT ( 'NONE',  ( -17.83545311535569800, -0.2383990133759980000, 1.399999999999999900 ) ) ;
#2288 = B_SPLINE_SURFACE_WITH_KNOTS ( 'NONE', 3, 1, ( 
 ( #1241, #4109 ),
 ( #6323, #762 ),
 ( #790, #1319 ),
 ( #815, #4128 ) ),
 .UNSPECIFIED., .F., .F., .F.,
 ( 4, 4 ),
 ( 2, 2 ),
 ( 0.0000000000000000000, 1.000000000000000000 ),
 ( 0.0000000000000000000, 1.000000000000000000 ),
 .UNSPECIFIED. ) ;
#2289 = CARTESIAN_POINT ( 'NONE',  ( 7.302051962268437900, -6.895531216981429300, 1.499999327185927100 ) ) ;
#2290 = EDGE_CURVE ( 'NONE', #2322, #3114, #7019, .T. ) ;
#2291 = VERTEX_POINT ( 'NONE', #4462 ) ;
#2292 = CARTESIAN_POINT ( 'NONE',  ( -0.05647524154837319000, 14.91737528024190100, 1.399999999999999900 ) ) ;
#2293 = CARTESIAN_POINT ( 'NONE',  ( 0.0000000000000000000, 12.46737528024190000, 0.04999999999999991300 ) ) ;
#2294 = EDGE_CURVE ( 'NONE', #187, #4990, #5649, .T. ) ;
#2295 =( GEOMETRIC_REPRESENTATION_CONTEXT ( 3 ) GLOBAL_UNCERTAINTY_ASSIGNED_CONTEXT ( ( #3168 ) ) GLOBAL_UNIT_ASSIGNED_CONTEXT ( ( #3678, #894, #6995 ) ) REPRESENTATION_CONTEXT ( 'NONE', 'WORKASPACE' ) );
#2296 = CARTESIAN_POINT ( 'NONE',  ( -2.406475241548372800, 12.46737528024190000, 0.0000000000000000000 ) ) ;
#2297 = EDGE_LOOP ( 'NONE', ( #2945, #6122, #30, #3241 ) ) ;
#2298 = ADVANCED_FACE ( 'NONE', ( #3981 ), #5300, .T. ) ;
#2299 = CARTESIAN_POINT ( 'NONE',  ( -17.93545311535569900, -0.2383990133759980000, 0.1000000000000000500 ) ) ;
#2300 = CARTESIAN_POINT ( 'NONE',  ( 9.341318720806421900, -18.68263744161283700, 11.40000000000000400 ) ) ;
#2301 = CARTESIAN_POINT ( 'NONE',  ( 1.854392575220044300, -9.870640394675644900, 1.499999327185927500 ) ) ;
#2302 = CONICAL_SURFACE ( 'NONE', #6615, 9.585200466144565100, 0.02886462122042582000 ) ;
#2303 = LINE ( 'NONE', #3899, #6884 ) ;
#2304 = VECTOR ( 'NONE', #2422, 1000.000000000000000 ) ;
#2305 = DIRECTION ( 'NONE',  ( -1.000000000000000000, 0.0000000000000000000, 0.0000000000000000000 ) ) ;
#2306 = CARTESIAN_POINT ( 'NONE',  ( -8.687261472736343700, 3.945098980749433400, 1.527909983233807400 ) ) ;
#2307 = CARTESIAN_POINT ( 'NONE',  ( 6.441910186581992500, 7.041231389941385600, 1.446550831950642600 ) ) ;
#2308 = PLANE ( 'NONE',  #6086 ) ;
#2309 = DIRECTION ( 'NONE',  ( 0.0000000000000000000, 0.0000000000000000000, -1.000000000000000000 ) ) ;
#2310 = CARTESIAN_POINT ( 'NONE',  ( -6.114691259157030600, 5.764964976403909700, 9.806355243554639500 ) ) ;
#2311 = DIRECTION ( 'NONE',  ( -0.0000000000000000000, -0.0000000000000000000, 1.000000000000000000 ) ) ;
#2312 = ORIENTED_EDGE ( 'NONE', *, *, #62, .F. ) ;
#2313 = CARTESIAN_POINT ( 'NONE',  ( 1.261885933245849900, 0.2003812571137355000, 9.528024968268800500 ) ) ;
#2314 = CARTESIAN_POINT ( 'NONE',  ( 2.442933142663652000, 11.17249511008022400, 0.006882754302288231400 ) ) ;
#2315 = EDGE_LOOP ( 'NONE', ( #4387, #6987, #6070, #1264, #5078, #3023, #1355 ) ) ;
#2316 = ORIENTED_EDGE ( 'NONE', *, *, #1967, .T. ) ;
#2317 = CARTESIAN_POINT ( 'NONE',  ( 14.15545311535570100, 3.918399013375997600, 1.500000000000000000 ) ) ;
#2318 = CARTESIAN_POINT ( 'NONE',  ( 4.421888134774518700, 8.907945088438799200, 4.363140449427787900 ) ) ;
#2319 = EDGE_CURVE ( 'NONE', #3453, #5726, #6523, .T. ) ;
#2320 = CIRCLE ( 'NONE', #1338, 0.09999999999999939500 ) ;
#2321 = EDGE_LOOP ( 'NONE', ( #1710, #2343, #411, #6588 ) ) ;
#2322 = VERTEX_POINT ( 'NONE', #1770 ) ;
#2323 = ORIENTED_EDGE ( 'NONE', *, *, #4133, .F. ) ;
#2324 = VECTOR ( 'NONE', #452, 1000.000000000000100 ) ;
#2325 = CARTESIAN_POINT ( 'NONE',  ( 2.569578273280716200, -8.424137302742236600, 10.96095955101660400 ) ) ;
#2326 = PLANE ( 'NONE',  #267 ) ;
#2327 = EDGE_CURVE ( 'NONE', #5301, #101, #1714, .T. ) ;
#2328 = ADVANCED_FACE ( 'NONE', ( #5555 ), #629, .F. ) ;
#2329 = FACE_OUTER_BOUND ( 'NONE', #259, .T. ) ;
#2330 = VERTEX_POINT ( 'NONE', #717 ) ;
#2331 = CARTESIAN_POINT ( 'NONE',  ( 9.583550025020278100, 1.775310834413051300, 10.00000000000002500 ) ) ;
#2332 = EDGE_LOOP ( 'NONE', ( #3131, #6514, #545, #563 ) ) ;
#2333 = EDGE_LOOP ( 'NONE', ( #2688, #3039, #868, #636, #250 ) ) ;
#2334 = CARTESIAN_POINT ( 'NONE',  ( 2.474541885154901700, -11.19791029615861300, 0.02674065228145668500 ) ) ;
#2335 = LINE ( 'NONE', #6325, #872 ) ;
#2336 = ORIENTED_EDGE ( 'NONE', *, *, #4336, .F. ) ;
#2337 = EDGE_CURVE ( 'NONE', #4916, #2416, #5521, .T. ) ;
#2338 = LINE ( 'NONE', #2219, #2631 ) ;
#2339 = CARTESIAN_POINT ( 'NONE',  ( 1.059365186118820000, -8.424850259276931700, 1.300721701513781300 ) ) ;
#2340 = DIRECTION ( 'NONE',  ( -0.9989127055984398100, 0.0000000000000000000, 0.04661980903011749700 ) ) ;
#2341 = EDGE_CURVE ( 'NONE', #5286, #6892, #911, .T. ) ;
#2342 = CARTESIAN_POINT ( 'NONE',  ( 0.6071301088860370200, 1.120672737086988200, 9.528024968268804100 ) ) ;
#2343 = ORIENTED_EDGE ( 'NONE', *, *, #709, .T. ) ;
#2344 = ORIENTED_EDGE ( 'NONE', *, *, #6172, .T. ) ;
#2345 = CARTESIAN_POINT ( 'NONE',  ( -6.434675404413585700, -7.043571207304312400, 1.555817281656205700 ) ) ;
#2346 = CIRCLE ( 'NONE', #1354, 9.539474233726782200 ) ;
#2347 = ORIENTED_EDGE ( 'NONE', *, *, #2683, .T. ) ;
#2348 = EDGE_CURVE ( 'NONE', #2602, #3382, #4240, .T. ) ;
#2349 = CARTESIAN_POINT ( 'NONE',  ( 6.439552097150476100, -7.802187375955942800, 1.583721891830310200 ) ) ;
#2350 = ORIENTED_EDGE ( 'NONE', *, *, #2817, .T. ) ;
#2351 = EDGE_LOOP ( 'NONE', ( #3750, #6140, #5754, #1528 ) ) ;
#2352 = AXIS2_PLACEMENT_3D ( 'NONE', #1316, #758, #6935 ) ;
#2353 = LINE ( 'NONE', #1900, #5023 ) ;
#2354 = ORIENTED_EDGE ( 'NONE', *, *, #4850, .F. ) ;
#2355 = ORIENTED_EDGE ( 'NONE', *, *, #3952, .T. ) ;
#2356 = CARTESIAN_POINT ( 'NONE',  ( 3.716515379777305400, -7.978277129591945500, 10.96095955101660200 ) ) ;
#2357 = DIRECTION ( 'NONE',  ( -1.000000000000000000, 0.0000000000000000000, 0.0000000000000000000 ) ) ;
#2358 = CARTESIAN_POINT ( 'NONE',  ( -8.328815712564065200, 4.656020010094999300, 1.499999999999968900 ) ) ;
#2359 = CARTESIAN_POINT ( 'NONE',  ( 4.649900761691635700, -8.565896482404516700, 10.00000000000002300 ) ) ;
#2360 = CARTESIAN_POINT ( 'NONE',  ( 2.406475241548390500, 0.2383990133760185100, 0.0000000000000000000 ) ) ;
#2361 = DIRECTION ( 'NONE',  ( 0.0000000000000000000, -1.000000000000000000, 0.0000000000000000000 ) ) ;
#2362 = CARTESIAN_POINT ( 'NONE',  ( -15.98579960646100100, 0.0000000000000000000, -4.404571325722361800E-017 ) ) ;
#2363 = ORIENTED_EDGE ( 'NONE', *, *, #112, .T. ) ;
#2364 = CARTESIAN_POINT ( 'NONE',  ( 1.229298152466802100, 0.3357759132860493900, 9.528024968268800500 ) ) ;
#2365 = DIRECTION ( 'NONE',  ( -1.000000000000000000, 0.0000000000000000000, 0.0000000000000000000 ) ) ;
#2366 = DIRECTION ( 'NONE',  ( 0.02108509640175210800, 0.06489325407542562200, 0.9976694263558602000 ) ) ;
#2367 = ADVANCED_FACE ( 'NONE', ( #4866 ), #4077, .T. ) ;
#2368 = DIRECTION ( 'NONE',  ( 0.8940976206747663900, 0.4436780449762001100, 0.06114930179338454900 ) ) ;
#2369 = DIRECTION ( 'NONE',  ( -0.1686585251564632300, -0.9852095326961651800, -0.03027339717723379800 ) ) ;
#2370 = DIRECTION ( 'NONE',  ( -1.000000000000000000, 0.0000000000000000000, 0.0000000000000000000 ) ) ;
#2371 = B_SPLINE_CURVE_WITH_KNOTS ( 'NONE', 3,
 ( #4705, #1371, #1445, #5358 ),
 .UNSPECIFIED., .F., .F.,
 ( 4, 4 ),
 ( 0.0000000000000000000, 1.000000000000000000 ),
 .UNSPECIFIED. ) ;
#2372 = EDGE_CURVE ( 'NONE', #866, #2606, #1636, .T. ) ;
#2373 = CARTESIAN_POINT ( 'NONE',  ( -3.006056505899544500, -8.270335187504057800, 10.96095955101660200 ) ) ;
#2374 = DIRECTION ( 'NONE',  ( -1.000000000000000000, 0.0000000000000000000, 0.0000000000000000000 ) ) ;
#2375 = DIRECTION ( 'NONE',  ( 0.9510565162907324000, 0.3090169943885545100, -2.087418286400279100E-010 ) ) ;
#2376 = ORIENTED_EDGE ( 'NONE', *, *, #1069, .T. ) ;
#2377 = ADVANCED_FACE ( 'NONE', ( #5929 ), #5015, .T. ) ;
#2378 = EDGE_CURVE ( 'NONE', #6600, #4784, #7030, .T. ) ;
#2379 = CARTESIAN_POINT ( 'NONE',  ( -2.486804306410379500, 11.20775513265490300, 1.460284698603322000 ) ) ;
#2380 = CARTESIAN_POINT ( 'NONE',  ( 17.83545311535569800, -0.2383990133759972000, 0.0000000000000000000 ) ) ;
#2381 = CARTESIAN_POINT ( 'NONE',  ( 2.454149153949881000, -11.18152366405608500, 0.01127412377759096800 ) ) ;
#2382 = CIRCLE ( 'NONE', #4985, 2.450000000000000200 ) ;
#2383 = PLANE ( 'NONE',  #3587 ) ;
#2384 = EDGE_CURVE ( 'NONE', #3684, #2177, #3244, .T. ) ;
#2385 = DIRECTION ( 'NONE',  ( 0.0000000000000000000, 0.0000000000000000000, -1.000000000000000000 ) ) ;
#2386 = CARTESIAN_POINT ( 'NONE',  ( 2.474541885154901300, -11.19791029615861300, 1.473259347718543400 ) ) ;
#2387 = CARTESIAN_POINT ( 'NONE',  ( 0.1622339415463650800, 1.273126481634864600, 9.528024968268800500 ) ) ;
#2388 = FACE_OUTER_BOUND ( 'NONE', #5247, .T. ) ;
#2389 = AXIS2_PLACEMENT_3D ( 'NONE', #2893, #5654, #2285 ) ;
#2390 = CARTESIAN_POINT ( 'NONE',  ( -13.97579960646100300, 0.0000000000000000000, 0.04999999999999991300 ) ) ;
#2391 = VECTOR ( 'NONE', #6893, 1000.000000000000000 ) ;
#2392 = CARTESIAN_POINT ( 'NONE',  ( 3.512462942317203100, 6.094175216222375000, 11.40000000005519200 ) ) ;
#2393 = CARTESIAN_POINT ( 'NONE',  ( 10.77214837553961100, -4.014169387606647100, 0.07122439540648835300 ) ) ;
#2394 = DIRECTION ( 'NONE',  ( -0.6982542552304164000, 0.7132333124180320100, 0.06114930179338429900 ) ) ;
#2395 = CARTESIAN_POINT ( 'NONE',  ( 11.31187470917710100, 8.513235433987029300, 1.583721891830310000 ) ) ;
#2396 = AXIS2_PLACEMENT_3D ( 'NONE', #714, #2366, #5173 ) ;
#2397 = VECTOR ( 'NONE', #1775, 1000.000000000000100 ) ;
#2398 = AXIS2_PLACEMENT_3D ( 'NONE', #3078, #6948, #6965 ) ;
#2399 = ORIENTED_EDGE ( 'NONE', *, *, #5381, .F. ) ;
#2400 = AXIS2_PLACEMENT_3D ( 'NONE', #2519, #4141, #3597 ) ;
#2401 = CARTESIAN_POINT ( 'NONE',  ( 1.634221832496819400, -8.646148130704126800, 10.96095955101659800 ) ) ;
#2402 = CARTESIAN_POINT ( 'NONE',  ( -1.854392572402100000, -9.870744215363810500, 1.500000000000099900 ) ) ;
#2403 = CARTESIAN_POINT ( 'NONE',  ( 6.432827244698070300, 7.044167963942690000, 1.583721891830319300 ) ) ;
#2404 = ADVANCED_FACE ( 'NONE', ( #2636 ), #4927, .T. ) ;
#2405 = EDGE_LOOP ( 'NONE', ( #2697, #7108, #3320, #3448 ) ) ;
#2406 = CARTESIAN_POINT ( 'NONE',  ( -7.007031117349821000, -6.946604339698062300, 1.583720051449377000 ) ) ;
#2407 = ORIENTED_EDGE ( 'NONE', *, *, #3924, .F. ) ;
#2408 = ORIENTED_EDGE ( 'NONE', *, *, #946, .T. ) ;
#2409 = CARTESIAN_POINT ( 'NONE',  ( 1.210653000513555500E-015, -9.728040106252720400, 10.53140954703218800 ) ) ;
#2410 = CARTESIAN_POINT ( 'NONE',  ( 0.0000000000000000000, 0.0000000000000000000, 1.583721891830338400 ) ) ;
#2411 = CARTESIAN_POINT ( 'NONE',  ( -9.151576633374492800, -1.634954171215405200, 9.999999999952818200 ) ) ;
#2412 = B_SPLINE_CURVE_WITH_KNOTS ( 'NONE', 3,
 ( #5295, #3637, #4699, #798, #303, #4176, #6440, #2001, #5240, #6964, #2551, #3699, #3100, #6947, #2575, #2456, #358, #4192, #844 ),
 .UNSPECIFIED., .F., .F.,
 ( 4, 3, 3, 3, 3, 3, 4 ),
 ( 1.423015351387224600E-018, 2.827629300056841700E-005, 5.638432597394093600E-005, 8.661744524342412100E-005, 0.0001318679613768425300, 0.0001771799553365724000, 0.0001792029157342287300 ),
 .UNSPECIFIED. ) ;
#2413 = ORIENTED_EDGE ( 'NONE', *, *, #459, .F. ) ;
#2414 = VERTEX_POINT ( 'NONE', #5111 ) ;
#2415 = DIRECTION ( 'NONE',  ( 0.05520149903585511900, 0.04010623665919572200, 0.9976694263558602000 ) ) ;
#2416 = VERTEX_POINT ( 'NONE', #4600 ) ;
#2417 = DIRECTION ( 'NONE',  ( 0.0000000000000000000, 0.0000000000000000000, -1.000000000000000000 ) ) ;
#2418 = CARTESIAN_POINT ( 'NONE',  ( 6.439551145254265300, 7.041994879557988100, 1.482184704260320900 ) ) ;
#2419 = CARTESIAN_POINT ( 'NONE',  ( -0.05647524154837250300, -12.46737528024190000, 0.0000000000000000000 ) ) ;
#2420 = ADVANCED_FACE ( 'NONE', ( #2959 ), #4518, .T. ) ;
#2421 = TOROIDAL_SURFACE ( 'NONE', #2128, 1.034999999999999900, 0.05000000000000000300 ) ;
#2422 = DIRECTION ( 'NONE',  ( 1.000000000000000000, 2.309291984482540100E-015, -0.0000000000000000000 ) ) ;
#2423 = CARTESIAN_POINT ( 'NONE',  ( -2.465037192951671700, -11.19027666788419000, 1.482090336758639100 ) ) ;
#2424 = ORIENTED_EDGE ( 'NONE', *, *, #5663, .F. ) ;
#2425 = VERTEX_POINT ( 'NONE', #222 ) ;
#2426 = LINE ( 'NONE', #2472, #5193 ) ;
#2427 = EDGE_LOOP ( 'NONE', ( #1865, #5520, #4758, #6722 ) ) ;
#2428 = ORIENTED_EDGE ( 'NONE', *, *, #4506, .F. ) ;
#2429 = ORIENTED_EDGE ( 'NONE', *, *, #1671, .F. ) ;
#2430 = VECTOR ( 'NONE', #464, 1000.000000000000000 ) ;
#2431 = ORIENTED_EDGE ( 'NONE', *, *, #5054, .T. ) ;
#2432 = CARTESIAN_POINT ( 'NONE',  ( -8.750235960524808100, -1.071555336558258200, 10.96095955101660200 ) ) ;
#2433 = DIRECTION ( 'NONE',  ( -1.000000000000000000, 0.0000000000000000000, 0.0000000000000000000 ) ) ;
#2434 = EDGE_CURVE ( 'NONE', #6825, #757, #1477, .T. ) ;
#2435 = CARTESIAN_POINT ( 'NONE',  ( -2.442933142663663600, 11.17249511008022000, 1.493117245697711500 ) ) ;
#2436 = CIRCLE ( 'NONE', #6448, 3.780000000000000200 ) ;
#2437 = ORIENTED_EDGE ( 'NONE', *, *, #2126, .T. ) ;
#2438 = EDGE_CURVE ( 'NONE', #1780, #2637, #5629, .T. ) ;
#2439 = DIRECTION ( 'NONE',  ( -0.0000000000000000000, -0.0000000000000000000, 1.000000000000000000 ) ) ;
#2440 = CARTESIAN_POINT ( 'NONE',  ( 14.15545311535570300, 4.018399013375997700, 1.399999999999999900 ) ) ;
#2441 = CARTESIAN_POINT ( 'NONE',  ( -1.273058886655809200, 9.663098918667701700, 10.00000000000000500 ) ) ;
#2442 = VECTOR ( 'NONE', #5362, 1000.000000000000100 ) ;
#2443 = EDGE_CURVE ( 'NONE', #944, #3752, #1101, .T. ) ;
#2444 = CARTESIAN_POINT ( 'NONE',  ( -3.852851318591306900, -7.062309396528019300, 4.172194580287064800 ) ) ;
#2445 = VERTEX_POINT ( 'NONE', #6482 ) ;
#2446 = DIRECTION ( 'NONE',  ( 0.0000000000000000000, 0.0000000000000000000, -1.000000000000000000 ) ) ;
#2447 = CARTESIAN_POINT ( 'NONE',  ( -6.442779071710148700, -6.701867489859400200, 9.999999999952818200 ) ) ;
#2448 = ADVANCED_FACE ( 'NONE', ( #2786 ), #6830, .T. ) ;
#2449 = CARTESIAN_POINT ( 'NONE',  ( -9.955822711659204000, 1.291039745458875100, 1.583721891830311100 ) ) ;
#2450 = EDGE_CURVE ( 'NONE', #944, #1, #2257, .T. ) ;
#2451 = CARTESIAN_POINT ( 'NONE',  ( -8.828588361935578300, 17.65717672387115700, 11.40000000000000200 ) ) ;
#2452 = CARTESIAN_POINT ( 'NONE',  ( 4.094958296356092700, 7.438526268011929500, 1.300721701513775300 ) ) ;
#2453 = AXIS2_PLACEMENT_3D ( 'NONE', #3560, #5766, #4099 ) ;
#2454 = CARTESIAN_POINT ( 'NONE',  ( 1.120672737086929400, -0.6071301088860833200, 9.528024968268800500 ) ) ;
#2455 = ORIENTED_EDGE ( 'NONE', *, *, #4936, .T. ) ;
#2456 = CARTESIAN_POINT ( 'NONE',  ( -2.408049452698170600, 11.14437940514033400, 1.239147146318279500E-005 ) ) ;
#2457 = DIRECTION ( 'NONE',  ( -1.000000000000000000, 0.0000000000000000000, 0.0000000000000000000 ) ) ;
#2458 = DIRECTION ( 'NONE',  ( -1.000000000000000000, 0.0000000000000000000, 0.0000000000000000000 ) ) ;
#2459 = DIRECTION ( 'NONE',  ( 0.0000000000000000000, 0.0000000000000000000, -1.000000000000000000 ) ) ;
#2460 = CARTESIAN_POINT ( 'NONE',  ( 8.329318910392645500, 4.650162915953886900, 1.583721891830324200 ) ) ;
#2461 = DIRECTION ( 'NONE',  ( -0.9464647115327917700, 1.159084979484556600E-016, 0.3228072951826669900 ) ) ;
#2462 = ADVANCED_FACE ( 'NONE', ( #1902 ), #3404, .T. ) ;
#2463 = DIRECTION ( 'NONE',  ( 0.0000000000000000000, 0.0000000000000000000, -1.000000000000000000 ) ) ;
#2464 = EDGE_LOOP ( 'NONE', ( #140, #1089, #653, #141 ) ) ;
#2465 = CARTESIAN_POINT ( 'NONE',  ( -9.471857732831329800, 1.133789991550759400, 1.583721891830310000 ) ) ;
#2466 = CARTESIAN_POINT ( 'NONE',  ( 2.406475241548370100, 12.46737528024190000, 1.500000000000000000 ) ) ;
#2467 = CARTESIAN_POINT ( 'NONE',  ( 2.506475241548372400, -11.22352804885811200, 1.409425431000189200 ) ) ;
#2468 = B_SPLINE_CURVE_WITH_KNOTS ( 'NONE', 3,
 ( #6401, #5180, #3184, #2570 ),
 .UNSPECIFIED., .F., .F.,
 ( 4, 4 ),
 ( 0.0000000000000000000, 1.000000000000000000 ),
 .UNSPECIFIED. ) ;
#2469 = DIRECTION ( 'NONE',  ( -1.000000000000000000, 0.0000000000000000000, 0.0000000000000000000 ) ) ;
#2470 =( NAMED_UNIT ( * ) SI_UNIT ( $, .STERADIAN. ) SOLID_ANGLE_UNIT ( ) );
#2471 = DIRECTION ( 'NONE',  ( 0.7155392468444199400, 0.6979162611806767300, 0.03027339764389882000 ) ) ;
#2472 = CARTESIAN_POINT ( 'NONE',  ( 7.081089974732288200, 3.749857226653827700, 9.818678063566080600 ) ) ;
#2473 = ORIENTED_EDGE ( 'NONE', *, *, #357, .F. ) ;
#2474 = CARTESIAN_POINT ( 'NONE',  ( 10.76034831308177600, -3.997187852341971500, 1.462340326768346800 ) ) ;
#2475 = DIRECTION ( 'NONE',  ( 0.9891082965063531200, 0.1440426992445287800, -0.03027339717723377000 ) ) ;
#2476 = DIRECTION ( 'NONE',  ( -1.000000000000000000, 0.0000000000000000000, 0.0000000000000000000 ) ) ;
#2477 = CARTESIAN_POINT ( 'NONE',  ( -2.419806540862553800, -11.15386738644909800, 1.499802504198611800 ) ) ;
#2478 = DIRECTION ( 'NONE',  ( 0.0000000000000000000, 0.0000000000000000000, -1.000000000000000000 ) ) ;
#2479 = EDGE_CURVE ( 'NONE', #3275, #1607, #3322, .T. ) ;
#2480 = VERTEX_POINT ( 'NONE', #3882 ) ;
#2481 = CARTESIAN_POINT ( 'NONE',  ( 6.817219947559130400, 6.560484908470661100, 4.355618949381399900 ) ) ;
#2482 = CARTESIAN_POINT ( 'NONE',  ( -6.441910186581992500, -7.041231389941383900, 1.446550831950623500 ) ) ;
#2483 = EDGE_CURVE ( 'NONE', #6520, #739, #6012, .T. ) ;
#2484 = LINE ( 'NONE', #2465, #2391 ) ;
#2485 = CARTESIAN_POINT ( 'NONE',  ( 1.241519600274282100, 9.985803343643009800, 1.499997503279777200 ) ) ;
#2486 = CARTESIAN_POINT ( 'NONE',  ( 0.0000000000000000000, 0.0000000000000000000, 1.500000000000000000 ) ) ;
#2487 = PLANE ( 'NONE',  #474 ) ;
#2488 = EDGE_CURVE ( 'NONE', #2188, #1910, #4439, .T. ) ;
#2489 = CARTESIAN_POINT ( 'NONE',  ( -2.406475241548380800, 11.14310894283164900, 1.500000000000000000 ) ) ;
#2490 = AXIS2_PLACEMENT_3D ( 'NONE', #5605, #3942, #4525 ) ;
#2491 = B_SPLINE_CURVE_WITH_KNOTS ( 'NONE', 3,
 ( #6901, #791, #5753, #2447 ),
 .UNSPECIFIED., .F., .F.,
 ( 4, 4 ),
 ( 0.0000000000000000000, 1.000000000000000000 ),
 .UNSPECIFIED. ) ;
#2492 = B_SPLINE_CURVE_WITH_KNOTS ( 'NONE', 3,
 ( #5121, #3498, #6315, #5195 ),
 .UNSPECIFIED., .F., .F.,
 ( 4, 4 ),
 ( 0.0000000000000000000, 1.000000000000000000 ),
 .UNSPECIFIED. ) ;
#2493 = FACE_OUTER_BOUND ( 'NONE', #6375, .T. ) ;
#2494 = CARTESIAN_POINT ( 'NONE',  ( 5.068714907447160000, -6.887092560519650200, 9.909339031783243700 ) ) ;
#2495 = CARTESIAN_POINT ( 'NONE',  ( -8.358088548144127800, -4.254397241527105000, 7.217198224271215600 ) ) ;
#2496 = CARTESIAN_POINT ( 'NONE',  ( 0.007577507369849770400, 0.002462081392814190100, 1.091359466005290100 ) ) ;
#2497 = CIRCLE ( 'NONE', #6173, 9.296474063777681700 ) ;
#2498 = CARTESIAN_POINT ( 'NONE',  ( -6.442779071707526000, 6.701867489861268000, 10.00000000000019700 ) ) ;
#2499 = AXIS2_PLACEMENT_3D ( 'NONE', #4469, #3433, #103 ) ;
#2500 = CARTESIAN_POINT ( 'NONE',  ( 1.463380817595286900, -9.263695625938140700, 7.217198224271572600 ) ) ;
#2501 = CARTESIAN_POINT ( 'NONE',  ( -7.301953108523393100, -6.895644224241548800, 1.500000407994914700 ) ) ;
#2502 = DIRECTION ( 'NONE',  ( 0.5877852522924740300, 0.8090169943749467900, 0.0000000000000000000 ) ) ;
#2503 = CARTESIAN_POINT ( 'NONE',  ( 0.0000000000000000000, 0.0000000000000000000, 10.00000000000039800 ) ) ;
#2504 = ADVANCED_FACE ( 'NONE', ( #1704 ), #5101, .T. ) ;
#2505 = CARTESIAN_POINT ( 'NONE',  ( 0.0000000000000000000, 0.0000000000000000000, 10.00000000000039800 ) ) ;
#2506 = ORIENTED_EDGE ( 'NONE', *, *, #4813, .T. ) ;
#2507 = DIRECTION ( 'NONE',  ( 0.0000000000000000000, 0.0000000000000000000, -1.000000000000000000 ) ) ;
#2508 = AXIS2_PLACEMENT_3D ( 'NONE', #3243, #2658, #5953 ) ;
#2509 = DIRECTION ( 'NONE',  ( 0.1456715363930026200, -0.9874414242754269200, 0.06114930179338448600 ) ) ;
#2510 = DIRECTION ( 'NONE',  ( 0.3082968075122660700, 0.9488400090441877500, -0.06823280526821748300 ) ) ;
#2511 = DIRECTION ( 'NONE',  ( 0.0000000000000000000, 0.0000000000000000000, -1.000000000000000000 ) ) ;
#2512 = ORIENTED_EDGE ( 'NONE', *, *, #5222, .T. ) ;
#2513 = VERTEX_POINT ( 'NONE', #2621 ) ;
#2514 = AXIS2_PLACEMENT_3D ( 'NONE', #7040, #1562, #5419 ) ;
#2515 = CARTESIAN_POINT ( 'NONE',  ( -2.172906784102219800, 5.078662586539289600, -37.10965223203719900 ) ) ;
#2516 = ORIENTED_EDGE ( 'NONE', *, *, #1441, .F. ) ;
#2517 = B_SPLINE_CURVE_WITH_KNOTS ( 'NONE', 3,
 ( #5302, #3132, #5833, #369, #2039, #1507, #5412, #5988, #2671, #2655, #2086, #5966, #6488, #6517, #4258, #3209, #7049, #3749, #3774 ),
 .UNSPECIFIED., .F., .F.,
 ( 4, 3, 3, 3, 3, 3, 4 ),
 ( -2.063910598852520000E-006, 0.0000000000000000000, 4.607712237521974600E-005, 8.233794638544384300E-005, 0.0001132794572816677700, 0.0001423312277144780100, 0.0001715231681448985100 ),
 .UNSPECIFIED. ) ;
#2518 = COLOUR_RGB ( '',0.2509803921568627400, 0.2509803921568627400, 0.2509803921568627400 ) ;
#2519 = CARTESIAN_POINT ( 'NONE',  ( -14.15545311535570100, 0.2383990133759980000, 1.399999999999999900 ) ) ;
#2520 = CARTESIAN_POINT ( 'NONE',  ( -7.907246507818890700, 1.481953933797149900, 4.171429039665429900 ) ) ;
#2521 = FACE_OUTER_BOUND ( 'NONE', #67, .T. ) ;
#2522 = CARTESIAN_POINT ( 'NONE',  ( -8.814592906677075800, 4.809799344008540700, 1.555816067380029400 ) ) ;
#2523 = ORIENTED_EDGE ( 'NONE', *, *, #2733, .F. ) ;
#2524 = ORIENTED_EDGE ( 'NONE', *, *, #3061, .F. ) ;
#2525 = EDGE_LOOP ( 'NONE', ( #1863, #441, #587, #4382 ) ) ;
#2526 = VECTOR ( 'NONE', #3403, 1000.000000000000000 ) ;
#2527 = CIRCLE ( 'NONE', #5401, 9.746597336550346200 ) ;
#2528 = DIRECTION ( 'NONE',  ( -0.0000000000000000000, 1.000000000000000000, -0.0000000000000000000 ) ) ;
#2529 = CARTESIAN_POINT ( 'NONE',  ( 5.915975933698697500, -6.050998876583369300, 4.165935625339906200 ) ) ;
#2530 = ADVANCED_FACE ( 'NONE', ( #7009 ), #3742, .T. ) ;
#2531 = PLANE ( 'NONE',  #2738 ) ;
#2532 = VECTOR ( 'NONE', #6327, 1000.000000000000000 ) ;
#2533 = ORIENTED_EDGE ( 'NONE', *, *, #2599, .T. ) ;
#2534 = ORIENTED_EDGE ( 'NONE', *, *, #1969, .F. ) ;
#2535 = DIRECTION ( 'NONE',  ( 0.0000000000000000000, 0.0000000000000000000, -1.000000000000000000 ) ) ;
#2536 = DIRECTION ( 'NONE',  ( 0.0000000000000000000, 0.0000000000000000000, -1.000000000000000000 ) ) ;
#2537 = LINE ( 'NONE', #5411, #5813 ) ;
#2538 = EDGE_LOOP ( 'NONE', ( #2932, #3745, #3917, #4943, #2407 ) ) ;
#2539 = CARTESIAN_POINT ( 'NONE',  ( 1.065654476331712400, 9.480576113802664300, 1.555817281656205900 ) ) ;
#2540 = CARTESIAN_POINT ( 'NONE',  ( -8.796756363386874600, -4.196812733975960400, 10.00000000000000500 ) ) ;
#2541 = CIRCLE ( 'NONE', #1042, 0.1000000000000000500 ) ;
#2542 = CARTESIAN_POINT ( 'NONE',  ( 1.825546255950891700, -6.792918986308782400, 11.40000000005519200 ) ) ;
#2543 = CARTESIAN_POINT ( 'NONE',  ( 1.281551300053713100, 0.9848765838104348600, 9.040507860752555300 ) ) ;
#2544 = DIRECTION ( 'NONE',  ( 0.0000000000000000000, 1.000000000000000000, 2.159029030665455300E-017 ) ) ;
#2545 = VERTEX_POINT ( 'NONE', #5407 ) ;
#2546 = VERTEX_POINT ( 'NONE', #2835 ) ;
#2547 = ORIENTED_EDGE ( 'NONE', *, *, #2290, .T. ) ;
#2548 = EDGE_CURVE ( 'NONE', #3618, #3684, #1627, .T. ) ;
#2549 = VECTOR ( 'NONE', #767, 1000.000000000000000 ) ;
#2550 = ORIENTED_EDGE ( 'NONE', *, *, #5948, .T. ) ;
#2551 = CARTESIAN_POINT ( 'NONE',  ( -2.465037192951679700, 11.19027666788418600, 0.01790966324136170400 ) ) ;
#2552 = PLANE ( 'NONE',  #2735 ) ;
#2553 = ORIENTED_EDGE ( 'NONE', *, *, #4006, .F. ) ;
#2554 = CIRCLE ( 'NONE', #7031, 11.50000000000000000 ) ;
#2555 = EDGE_LOOP ( 'NONE', ( #6095, #5910, #6, #935 ) ) ;
#2556 = STYLED_ITEM ( 'NONE', ( #1989 ), #1426 ) ;
#2557 = CARTESIAN_POINT ( 'NONE',  ( -8.328815712564100700, 4.656020010095030400, 1.499999999999970000 ) ) ;
#2558 = EDGE_CURVE ( 'NONE', #1245, #2942, #1093, .T. ) ;
#2559 = ADVANCED_FACE ( 'NONE', ( #531 ), #2944, .T. ) ;
#2560 = B_SPLINE_CURVE_WITH_KNOTS ( 'NONE', 3,
 ( #233, #732, #4628, #5751 ),
 .UNSPECIFIED., .F., .F.,
 ( 4, 4 ),
 ( 0.0000000000000000000, 1.000000000000000000 ),
 .UNSPECIFIED. ) ;
#2561 = EDGE_CURVE ( 'NONE', #6320, #4156, #6083, .T. ) ;
#2562 = AXIS2_PLACEMENT_3D ( 'NONE', #225, #1231, #3534 ) ;
#2563 = ORIENTED_EDGE ( 'NONE', *, *, #5767, .F. ) ;
#2564 = DIRECTION ( 'NONE',  ( 0.0000000000000000000, 0.0000000000000000000, -1.000000000000000000 ) ) ;
#2565 = CARTESIAN_POINT ( 'NONE',  ( 8.729576498235829300, -4.229315540736505100, 1.583720050540679700 ) ) ;
#2566 = AXIS2_PLACEMENT_3D ( 'NONE', #3151, #1930, #5344 ) ;
#2567 = CARTESIAN_POINT ( 'NONE',  ( 1.534997082687739000, 8.664317313847915300, 10.96095955101660000 ) ) ;
#2568 = CARTESIAN_POINT ( 'NONE',  ( 1.067500663416855800, 9.481179261948588200, 1.527909983233807700 ) ) ;
#2569 = CARTESIAN_POINT ( 'NONE',  ( 5.068714907447160000, -6.887092560519651100, 9.909339031783240200 ) ) ;
#2570 = CARTESIAN_POINT ( 'NONE',  ( -6.441910186581992500, -7.041231389941385600, 1.446550831950642600 ) ) ;
#2571 = CARTESIAN_POINT ( 'NONE',  ( 9.682354874905504600, 1.185746490576179900E-015, 0.1000000000000000100 ) ) ;
#2572 = AXIS2_PLACEMENT_3D ( 'NONE', #2395, #2966, #3550 ) ;
#2573 = B_SPLINE_CURVE_WITH_KNOTS ( 'NONE', 3,
 ( #1582, #6048, #5214, #4672 ),
 .UNSPECIFIED., .F., .F.,
 ( 4, 4 ),
 ( 0.0000000000000000000, 1.000000000000000000 ),
 .UNSPECIFIED. ) ;
#2574 = CARTESIAN_POINT ( 'NONE',  ( 0.0000000000000000000, 9.728040106252720400, 10.53140954703218800 ) ) ;
#2575 = CARTESIAN_POINT ( 'NONE',  ( -2.419806540862548900, 11.15386738644911100, 0.0001974958013880996600 ) ) ;
#2576 = CARTESIAN_POINT ( 'NONE',  ( -9.350346786168300300, -1.910016051523365100, 1.446550831950642800 ) ) ;
#2577 = CARTESIAN_POINT ( 'NONE',  ( -8.364782971740119400, 4.056456070781369900, 10.00000000000040000 ) ) ;
#2578 = DIRECTION ( 'NONE',  ( 1.000000000000000000, -7.697639948275110100E-016, 0.0000000000000000000 ) ) ;
#2579 = PLANE ( 'NONE',  #509 ) ;
#2580 = ORIENTED_EDGE ( 'NONE', *, *, #5557, .F. ) ;
#2581 = CARTESIAN_POINT ( 'NONE',  ( 0.0000000000000000000, 0.0000000000000000000, 10.53140954703218800 ) ) ;
#2582 = CARTESIAN_POINT ( 'NONE',  ( 1.881895312903020700, 8.600296039108196000, 10.96095955101660000 ) ) ;
#2583 = CARTESIAN_POINT ( 'NONE',  ( -4.301581747076962600, -9.075500432331432800, 1.499999327185927100 ) ) ;
#2584 = VECTOR ( 'NONE', #2796, 1000.000000000000200 ) ;
#2585 = CARTESIAN_POINT ( 'NONE',  ( 9.795435335101188900, 2.528123174726145900, 1.583721891830310200 ) ) ;
#2586 = CARTESIAN_POINT ( 'NONE',  ( 9.709844972184535900, 1.619182502516196800, 7.258252300644114600 ) ) ;
#2587 = CARTESIAN_POINT ( 'NONE',  ( 5.425218175002505900, 8.543104408943865000, 1.499998324696410600 ) ) ;
#2588 = CARTESIAN_POINT ( 'NONE',  ( 7.001883768800860600, 6.482385147186344700, 1.499999999999968900 ) ) ;
#2589 = VECTOR ( 'NONE', #5675, 1000.000000000000000 ) ;
#2590 = LINE ( 'NONE', #4776, #6558 ) ;
#2591 = EDGE_CURVE ( 'NONE', #1912, #3841, #260, .T. ) ;
#2592 = CARTESIAN_POINT ( 'NONE',  ( -2.506475241548372400, -11.22352804885812300, 0.09057456899981035400 ) ) ;
#2593 = CARTESIAN_POINT ( 'NONE',  ( -8.828588361935580100, 0.0000000000000000000, 11.40000000000000200 ) ) ;
#2594 = DIRECTION ( 'NONE',  ( 0.0000000000000000000, 0.0000000000000000000, -1.000000000000000000 ) ) ;
#2595 = CARTESIAN_POINT ( 'NONE',  ( 1.273058886655789900, 9.208895215475049400, 10.00000000000040000 ) ) ;
#2596 = EDGE_CURVE ( 'NONE', #6778, #1982, #1798, .T. ) ;
#2597 = DIRECTION ( 'NONE',  ( 0.0000000000000000000, 1.000000000000000000, 0.0000000000000000000 ) ) ;
#2598 = DIRECTION ( 'NONE',  ( -1.000000000000000000, 0.0000000000000000000, 0.0000000000000000000 ) ) ;
#2599 = EDGE_CURVE ( 'NONE', #3310, #2247, #5545, .T. ) ;
#2600 = FACE_OUTER_BOUND ( 'NONE', #4293, .T. ) ;
#2601 = CARTESIAN_POINT ( 'NONE',  ( 9.151576633374492800, 1.634954171215405200, 9.999999999952818200 ) ) ;
#2602 = VERTEX_POINT ( 'NONE', #5048 ) ;
#2603 = AXIS2_PLACEMENT_3D ( 'NONE', #825, #248, #3017 ) ;
#2604 = DIRECTION ( 'NONE',  ( -1.000000000000000000, 0.0000000000000000000, 0.0000000000000000000 ) ) ;
#2605 = CARTESIAN_POINT ( 'NONE',  ( 6.996468837931960400, -6.484673658387459100, 1.583721891830324200 ) ) ;
#2606 = VERTEX_POINT ( 'NONE', #6690 ) ;
#2607 = DIRECTION ( 'NONE',  ( 1.000000000000000000, 0.0000000000000000000, -3.566439811163627100E-016 ) ) ;
#2608 = EDGE_CURVE ( 'NONE', #5810, #1357, #2176, .T. ) ;
#2609 = ORIENTED_EDGE ( 'NONE', *, *, #4806, .T. ) ;
#2610 = AXIS2_PLACEMENT_3D ( 'NONE', #2581, #5417, #2607 ) ;
#2611 = CARTESIAN_POINT ( 'NONE',  ( 3.204349185472035600, 8.195056911214347700, 10.96095955101660000 ) ) ;
#2612 = DIRECTION ( 'NONE',  ( 0.0000000000000000000, 0.0000000000000000000, -1.000000000000000000 ) ) ;
#2613 = CARTESIAN_POINT ( 'NONE',  ( 13.97579960646100300, 0.0000000000000000000, 0.0000000000000000000 ) ) ;
#2614 = ORIENTED_EDGE ( 'NONE', *, *, #6912, .F. ) ;
#2615 = FACE_OUTER_BOUND ( 'NONE', #7006, .T. ) ;
#2616 = CARTESIAN_POINT ( 'NONE',  ( 1.595759246558249700, 9.411728509552526500, 1.482183610650190700 ) ) ;
#2617 = CARTESIAN_POINT ( 'NONE',  ( 6.719905596136829500, 6.995390236482564600, 1.583720050540679700 ) ) ;
#2618 = ORIENTED_EDGE ( 'NONE', *, *, #2127, .T. ) ;
#2619 = EDGE_LOOP ( 'NONE', ( #1805, #5809 ) ) ;
#2620 = ORIENTED_EDGE ( 'NONE', *, *, #5948, .F. ) ;
#2621 = CARTESIAN_POINT ( 'NONE',  ( -6.709753309980816200, 7.069326004652187300, 10.00000000000000400 ) ) ;
#2622 = CARTESIAN_POINT ( 'NONE',  ( 9.728040106252770200, 1.191341317809953200E-015, 10.53140954703218700 ) ) ;
#2623 = CARTESIAN_POINT ( 'NONE',  ( 1.207946910385649900, -7.937721998652151000, 7.007649993871850400 ) ) ;
#2624 = CIRCLE ( 'NONE', #751, 0.1000000000000000100 ) ;
#2625 = VERTEX_POINT ( 'NONE', #2317 ) ;
#2626 = VERTEX_POINT ( 'NONE', #6201 ) ;
#2627 = CARTESIAN_POINT ( 'NONE',  ( 0.2005304789952574700, -1.261826787639235300, 9.528024968268802300 ) ) ;
#2628 = CIRCLE ( 'NONE', #5899, 0.05000000000000143200 ) ;
#2629 = CARTESIAN_POINT ( 'NONE',  ( -1.324730612834802200, -9.609250989805866900, 1.583720050540679700 ) ) ;
#2630 = CARTESIAN_POINT ( 'NONE',  ( 6.908024371847268700, -7.016088162249461700, 7.197091453833538200 ) ) ;
#2631 = VECTOR ( 'NONE', #2851, 1000.000000000000000 ) ;
#2632 = EDGE_LOOP ( 'NONE', ( #4837, #686 ) ) ;
#2633 = EDGE_LOOP ( 'NONE', ( #584, #7081 ) ) ;
#2634 = CARTESIAN_POINT ( 'NONE',  ( 9.960575687348157500, -1.286563484886235700, 1.499999327185927300 ) ) ;
#2635 = ORIENTED_EDGE ( 'NONE', *, *, #6151, .F. ) ;
#2636 = FACE_OUTER_BOUND ( 'NONE', #265, .T. ) ;
#2637 = VERTEX_POINT ( 'NONE', #6164 ) ;
#2638 = CARTESIAN_POINT ( 'NONE',  ( -10.71540506786936800, -3.932679326836658000, 0.0002273043950563115600 ) ) ;
#2639 = CARTESIAN_POINT ( 'NONE',  ( -1.071555336559046400, 8.750235960525685600, 10.96095955101660000 ) ) ;
#2640 = FACE_OUTER_BOUND ( 'NONE', #4920, .T. ) ;
#2641 = CARTESIAN_POINT ( 'NONE',  ( 0.0000000000000000000, -9.175869535789198000E-017, 10.00000000000000900 ) ) ;
#2642 = ORIENTED_EDGE ( 'NONE', *, *, #4191, .T. ) ;
#2643 = CARTESIAN_POINT ( 'NONE',  ( 7.478690464155650200, 3.897598048284090400, 7.001760241560639900 ) ) ;
#2644 = DIRECTION ( 'NONE',  ( 0.0000000000000000000, 0.0000000000000000000, -1.000000000000000000 ) ) ;
#2645 = DIRECTION ( 'NONE',  ( 0.0000000000000000000, 1.000000000000000000, 0.0000000000000000000 ) ) ;
#2646 = CARTESIAN_POINT ( 'NONE',  ( 0.0000000000000000000, -12.46737528024190000, 0.0000000000000000000 ) ) ;
#2647 = EDGE_CURVE ( 'NONE', #6137, #4414, #5007, .T. ) ;
#2648 = ORIENTED_EDGE ( 'NONE', *, *, #5831, .T. ) ;
#2649 = EDGE_CURVE ( 'NONE', #914, #1249, #2197, .T. ) ;
#2650 = CARTESIAN_POINT ( 'NONE',  ( -2.506475241548374600, -11.22352804885812300, 0.1000000000000000500 ) ) ;
#2651 = EDGE_CURVE ( 'NONE', #6757, #3763, #1864, .T. ) ;
#2652 = CARTESIAN_POINT ( 'NONE',  ( 0.0000000000000000000, -9.175869535789198000E-017, 10.00000000000000900 ) ) ;
#2653 = AXIS2_PLACEMENT_3D ( 'NONE', #4879, #5743, #5264 ) ;
#2654 = CARTESIAN_POINT ( 'NONE',  ( -1.854392575220045000, 9.870640394675643100, 1.499999327185927500 ) ) ;
#2655 = CARTESIAN_POINT ( 'NONE',  ( -10.75111052558934000, -3.983908278252096500, 1.475554855670514000 ) ) ;
#2656 = EDGE_LOOP ( 'NONE', ( #2787, #257, #3623, #1643 ) ) ;
#2657 = MECHANICAL_DESIGN_GEOMETRIC_PRESENTATION_REPRESENTATION (  '', ( #7114 ), #2770 ) ;
#2658 = DIRECTION ( 'NONE',  ( -0.0000000000000000000, -0.0000000000000000000, 1.000000000000000000 ) ) ;
#2659 = PLANE ( 'NONE',  #4821 ) ;
#2660 = AXIS2_PLACEMENT_3D ( 'NONE', #6674, #5577, #3395 ) ;
#2661 = CARTESIAN_POINT ( 'NONE',  ( -9.410667171480577400, 3.712317817530465600, 1.583721891830310200 ) ) ;
#2662 = DIRECTION ( 'NONE',  ( -1.000000000000000000, 0.0000000000000000000, 0.0000000000000000000 ) ) ;
#2663 = ORIENTED_EDGE ( 'NONE', *, *, #4449, .T. ) ;
#2664 = CARTESIAN_POINT ( 'NONE',  ( 8.328815712564066900, -4.656020010094998400, 1.499999999999968900 ) ) ;
#2665 = CARTESIAN_POINT ( 'NONE',  ( 9.350346786168300300, 1.910016051523364600, 1.446550831950642800 ) ) ;
#2666 = AXIS2_PLACEMENT_3D ( 'NONE', #2390, #3502, #2365 ) ;
#2667 = CARTESIAN_POINT ( 'NONE',  ( 0.7757027690475306600, -1.024779728573298500, 9.528024968268802300 ) ) ;
#2668 = ORIENTED_EDGE ( 'NONE', *, *, #5672, .F. ) ;
#2669 = CARTESIAN_POINT ( 'NONE',  ( 10.75593189793138800, 3.990836622469778200, 0.03045231266407416200 ) ) ;
#2670 = DIRECTION ( 'NONE',  ( 0.4426440206389720700, -0.8961862487317665500, -0.03027339717721637400 ) ) ;
#2671 = CARTESIAN_POINT ( 'NONE',  ( -10.74546576924028300, -3.975796725723772100, 1.482587915801708600 ) ) ;
#2672 = ORIENTED_EDGE ( 'NONE', *, *, #2207, .T. ) ;
#2673 = CARTESIAN_POINT ( 'NONE',  ( -9.795435335101188900, -2.528123174726145900, 1.583721891830310200 ) ) ;
#2674 = FACE_BOUND ( 'NONE', #3650, .T. ) ;
#2675 = CARTESIAN_POINT ( 'NONE',  ( -7.175946107745651200, -3.601716774668260300, 7.007649993871850400 ) ) ;
#2676 = CARTESIAN_POINT ( 'NONE',  ( -7.295283646310646300, -6.897626796287551300, 1.583721891836908000 ) ) ;
#2677 = EDGE_CURVE ( 'NONE', #2330, #4219, #4402, .T. ) ;
#2678 = VECTOR ( 'NONE', #6055, 1000.000000000000000 ) ;
#2679 = DIRECTION ( 'NONE',  ( -1.000000000000000000, 2.710505431213777400E-016, 0.0000000000000000000 ) ) ;
#2680 = VECTOR ( 'NONE', #323, 1000.000000000000000 ) ;
#2681 = DIRECTION ( 'NONE',  ( 0.0000000000000000000, 0.0000000000000000000, -1.000000000000000000 ) ) ;
#2682 = CARTESIAN_POINT ( 'NONE',  ( -8.207406495289795600, 3.172576103059117500, 10.96095955101659800 ) ) ;
#2683 = EDGE_CURVE ( 'NONE', #3835, #1693, #4072, .T. ) ;
#2684 = ORIENTED_EDGE ( 'NONE', *, *, #2841, .T. ) ;
#2685 = ADVANCED_FACE ( 'NONE', ( #770 ), #3672, .T. ) ;
#2686 = EDGE_CURVE ( 'NONE', #4554, #182, #4932, .T. ) ;
#2687 = ORIENTED_EDGE ( 'NONE', *, *, #5495, .F. ) ;
#2688 = ORIENTED_EDGE ( 'NONE', *, *, #5826, .T. ) ;
#2689 = ORIENTED_EDGE ( 'NONE', *, *, #7111, .T. ) ;
#2690 = EDGE_LOOP ( 'NONE', ( #1787, #932, #4930, #1374 ) ) ;
#2691 = AXIS2_PLACEMENT_3D ( 'NONE', #1228, #1807, #2370 ) ;
#2692 = CYLINDRICAL_SURFACE ( 'NONE', #4015, 0.1000000000000002600 ) ;
#2693 = CARTESIAN_POINT ( 'NONE',  ( 8.328815712564066900, -4.656020010094998400, 1.499999999999968900 ) ) ;
#2694 = FACE_OUTER_BOUND ( 'NONE', #4654, .T. ) ;
#2695 = AXIS2_PLACEMENT_3D ( 'NONE', #924, #1474, #5938 ) ;
#2696 = VERTEX_POINT ( 'NONE', #3506 ) ;
#2697 = ORIENTED_EDGE ( 'NONE', *, *, #2728, .F. ) ;
#2698 = DIRECTION ( 'NONE',  ( -1.000000000000000000, 0.0000000000000000000, 0.0000000000000000000 ) ) ;
#2699 = ORIENTED_EDGE ( 'NONE', *, *, #4206, .F. ) ;
#2700 = CIRCLE ( 'NONE', #4378, 3.680000000000001000 ) ;
#2701 = CARTESIAN_POINT ( 'NONE',  ( -8.364782971739114000, 4.056456070784451000, 9.999999999952818200 ) ) ;
#2702 = CIRCLE ( 'NONE', #419, 1.960000000000000000 ) ;
#2703 = DIRECTION ( 'NONE',  ( 0.1686585251564632300, 0.9852095326961651800, -0.03027339717723379800 ) ) ;
#2704 = VECTOR ( 'NONE', #5213, 1000.000000000000200 ) ;
#2705 = ORIENTED_EDGE ( 'NONE', *, *, #2762, .F. ) ;
#2707 = VERTEX_POINT ( 'NONE', #5206 ) ;
#2706 = CARTESIAN_POINT ( 'NONE',  ( -7.904065471588471500, -3.906759880582941800, 10.00000000000000000 ) ) ;
#2708 = CARTESIAN_POINT ( 'NONE',  ( -3.376553614952608300, 8.125635463008990200, 10.96095955101660000 ) ) ;
#2709 = FACE_OUTER_BOUND ( 'NONE', #3383, .T. ) ;
#2710 = EDGE_LOOP ( 'NONE', ( #1425, #3548, #5379, #3849 ) ) ;
#2711 = FACE_OUTER_BOUND ( 'NONE', #5324, .T. ) ;
#2712 = ORIENTED_EDGE ( 'NONE', *, *, #1291, .F. ) ;
#2713 = FACE_OUTER_BOUND ( 'NONE', #2283, .T. ) ;
#2714 = ORIENTED_EDGE ( 'NONE', *, *, #202, .F. ) ;
#2715 = CARTESIAN_POINT ( 'NONE',  ( -5.403993294443080400, 5.980380534532599800, 1.314579482943359900 ) ) ;
#2716 = CIRCLE ( 'NONE', #4869, 11.50000000000000000 ) ;
#2717 = VERTEX_POINT ( 'NONE', #2449 ) ;
#2718 = CARTESIAN_POINT ( 'NONE',  ( 8.692438611855124000, -1.369414410186864400, 10.96095955101660000 ) ) ;
#2719 = ORIENTED_EDGE ( 'NONE', *, *, #2889, .T. ) ;
#2720 = CARTESIAN_POINT ( 'NONE',  ( 6.441910186581992500, 7.041231389941385600, 1.446550831950642600 ) ) ;
#2721 = EDGE_CURVE ( 'NONE', #1780, #5470, #6515, .T. ) ;
#2722 = B_SPLINE_SURFACE_WITH_KNOTS ( 'NONE', 3, 1, ( 
 ( #2557, #1333 ),
 ( #334, #2520 ),
 ( #6413, #3705 ),
 ( #2577, #827 ) ),
 .UNSPECIFIED., .F., .F., .F.,
 ( 4, 4 ),
 ( 2, 2 ),
 ( 0.0000000000000000000, 1.000000000000000000 ),
 ( 0.0000000000000000000, 1.000000000000000000 ),
 .UNSPECIFIED. ) ;
#2723 = DIRECTION ( 'NONE',  ( -0.0000000000000000000, 0.0000000000000000000, -1.000000000000000000 ) ) ;
#2724 = ADVANCED_FACE ( 'NONE', ( #3396 ), #6224, .T. ) ;
#2725 = B_SPLINE_CURVE_WITH_KNOTS ( 'NONE', 3,
 ( #6602, #4448, #1122, #3372, #4476, #1595, #4434, #5014, #5496, #2201, #4951, #6059, #5581, #2184, #3316, #7156, #7130, #6618 ),
 .UNSPECIFIED., .F., .F.,
 ( 4, 2, 2, 2, 2, 2, 2, 2, 4 ),
 ( 0.5000000000000000000, 0.5625000000000000000, 0.6250000000000000000, 0.6875000000000000000, 0.7500000000000000000, 0.8125000000000000000, 0.8750000000000001100, 0.9375000000000000000, 1.000000000000000000 ),
 .UNSPECIFIED. ) ;
#2726 = ORIENTED_EDGE ( 'NONE', *, *, #1434, .F. ) ;
#2727 = CARTESIAN_POINT ( 'NONE',  ( 4.382926523418326800, 8.198437967613587700, 10.00000000000019700 ) ) ;
#2728 = EDGE_CURVE ( 'NONE', #6045, #1368, #2335, .T. ) ;
#2729 = CARTESIAN_POINT ( 'NONE',  ( 0.0000000000000000000, -12.46737528024190000, 0.04999999999999991300 ) ) ;
#2730 = CARTESIAN_POINT ( 'NONE',  ( -5.251061879079452800, 7.063535376498836400, 10.96095955101660600 ) ) ;
#2731 = EDGE_CURVE ( 'NONE', #538, #2322, #4858, .T. ) ;
#2732 = B_SPLINE_SURFACE_WITH_KNOTS ( 'NONE', 3, 1, ( 
 ( #5086, #147 ),
 ( #6249, #4524 ),
 ( #4086, #1196 ),
 ( #1839, #5142 ) ),
 .UNSPECIFIED., .F., .F., .F.,
 ( 4, 4 ),
 ( 2, 2 ),
 ( 0.0000000000000000000, 1.000000000000000000 ),
 ( 0.0000000000000000000, 1.000000000000000000 ),
 .UNSPECIFIED. ) ;
#2733 = EDGE_CURVE ( 'NONE', #6645, #1606, #4256, .T. ) ;
#2734 = DIRECTION ( 'NONE',  ( 0.0000000000000000000, -1.000000000000000000, 0.0000000000000000000 ) ) ;
#2735 = AXIS2_PLACEMENT_3D ( 'NONE', #3529, #198, #800 ) ;
#2736 = CARTESIAN_POINT ( 'NONE',  ( 0.0000000000000000000, 0.0000000000000000000, 11.39999999998053700 ) ) ;
#2737 = EDGE_CURVE ( 'NONE', #2149, #2092, #3481, .T. ) ;
#2738 = AXIS2_PLACEMENT_3D ( 'NONE', #315, #3685, #6898 ) ;
#2739 = CARTESIAN_POINT ( 'NONE',  ( 4.425597066837799100, -8.902614534479345900, 4.452826264592280500 ) ) ;
#2740 = CARTESIAN_POINT ( 'NONE',  ( 0.0000000000000000000, 0.0000000000000000000, 1.500000000000000000 ) ) ;
#2741 = CARTESIAN_POINT ( 'NONE',  ( 4.301581747076967900, 9.075500432331436300, 1.499999327185927800 ) ) ;
#2742 = EDGE_LOOP ( 'NONE', ( #6200, #1996, #3813, #1986, #6013, #975, #580 ) ) ;
#2743 = B_SPLINE_CURVE_WITH_KNOTS ( 'NONE', 3,
 ( #4790, #3130, #6465, #952, #1440, #6968, #2083, #3702, #1484, #7025, #364, #4221, #906, #2037, #5920, #5354, #3166, #928, #2627, #4809, #5377, #5944, #6485, #3189, #2667, #6903, #5969, #2454, #5290, #4781, #327, #3634, #301, #6379 ),
 .UNSPECIFIED., .F., .F.,
 ( 4, 1, 1, 2, 2, 2, 1, 1, 2, 2, 2, 1, 1, 2, 2, 2, 1, 1, 2, 2, 4 ),
 ( 0.5000000000000000000, 0.5312499999999997800, 0.5468749999999995600, 0.5546874999999995600, 0.5624999999999995600, 0.6249999999999993300, 0.6562499999999992200, 0.6718749999999992200, 0.6796874999999992200, 0.6874999999999992200, 0.7499999999999993300, 0.7812499999999993300, 0.7968749999999993300, 0.8046874999999994400, 0.8124999999999994400, 0.8749999999999997800, 0.9062499999999997800, 0.9218749999999998900, 0.9296875000000000000, 0.9375000000000000000, 1.000000000000000000 ),
 .UNSPECIFIED. ) ;
#2744 = CIRCLE ( 'NONE', #3976, 2.350000000000000500 ) ;
#2745 = ADVANCED_FACE ( 'NONE', ( #6587 ), #6801, .T. ) ;
#2746 = CIRCLE ( 'NONE', #5681, 0.04999999999999991300 ) ;
#2747 = CIRCLE ( 'NONE', #5956, 2.350000000000000500 ) ;
#2748 = LINE ( 'NONE', #3283, #3871 ) ;
#2749 = DIRECTION ( 'NONE',  ( 0.0000000000000000000, 0.0000000000000000000, -1.000000000000000000 ) ) ;
#2750 = ORIENTED_EDGE ( 'NONE', *, *, #7136, .F. ) ;
#2751 = B_SPLINE_CURVE_WITH_KNOTS ( 'NONE', 3,
 ( #1707, #3265, #6711, #54, #2718, #3950, #614, #4896, #3975, #998, #3933, #4468, #102, #4882, #5598, #7093, #1553, #1132, #1573, #3914, #1156, #2284, #6693, #2146, #5444, #632, #3810, #6036, #6571, #588, #1806, #2356, #5744, #3449, #117, #4619, #5651, #2325, #4021, #1227, #221, #6744, #2401, #647, #1208, #5134, #1834, #4002, #6235, #5684, #6763, #5661, #6281, #1188, #1288, #2373, #5187, #6266, #5110, #5718, #136, #3558, #3489, #2976, #699, #2935, #3509, #672, #5074, #6813, #4567, #6790, #4517, #1748, #3532, #6210, #178, #1855, #4042, #199, #4535, #4079, #1774, #2890, #2910, #744, #720, #2432, #4599, #1256 ),
 .UNSPECIFIED., .F., .F.,
 ( 4, 1, 1, 1, 2, 2, 1, 1, 1, 2, 2, 1, 1, 2, 2, 2, 1, 1, 2, 2, 1, 1, 1, 2, 2, 1, 1, 1, 2, 2, 2, 1, 1, 1, 2, 2, 1, 1, 1, 2, 2, 1, 1, 2, 2, 2, 1, 1, 2, 2, 1, 1, 1, 2, 2, 1, 1, 1, 2, 2, 4 ),
 ( 0.0000000000000000000, 0.01562499999999965000, 0.02343749999999947300, 0.02734374999999938600, 0.02929687499999934400, 0.03124999999999929900, 0.04687499999999891800, 0.05468749999999872300, 0.05859374999999864700, 0.06054687499999862600, 0.06249999999999861200, 0.07812499999999875100, 0.08593749999999883400, 0.08984374999999887600, 0.09374999999999890400, 0.1249999999999992200, 0.1406249999999993900, 0.1484374999999994700, 0.1523437499999995000, 0.1562499999999995300, 0.1718749999999996400, 0.1796874999999997200, 0.1835937499999997500, 0.1855468749999997500, 0.1874999999999997500, 0.2031249999999998900, 0.2109374999999999400, 0.2148437499999999400, 0.2167968749999999700, 0.2187499999999999700, 0.2500000000000001700, 0.2656250000000002800, 0.2734375000000003300, 0.2773437500000003300, 0.2792968750000003300, 0.2812500000000003300, 0.2968750000000004400, 0.3046875000000005000, 0.3085937500000005000, 0.3105468750000005600, 0.3125000000000005600, 0.3281250000000005600, 0.3359375000000006100, 0.3398437500000006700, 0.3437500000000006700, 0.3750000000000005600, 0.3906250000000005000, 0.3984375000000004400, 0.4023437500000003900, 0.4062500000000003900, 0.4218750000000003300, 0.4296875000000002200, 0.4335937500000002200, 0.4355468750000002200, 0.4375000000000002200, 0.4531250000000001100, 0.4609375000000000600, 0.4648437500000000000, 0.4667968750000000000, 0.4687500000000000600, 0.5000000000000000000 ),
 .UNSPECIFIED. ) ;
#2752 = CARTESIAN_POINT ( 'NONE',  ( -8.814498047376721600, -4.813827769750981000, 1.499999327185927300 ) ) ;
#2753 = EDGE_CURVE ( 'NONE', #950, #2696, #680, .T. ) ;
#2754 = DIRECTION ( 'NONE',  ( -0.06823280526821752500, 0.0000000000000000000, -0.9976694263558594200 ) ) ;
#2755 = CARTESIAN_POINT ( 'NONE',  ( -5.809047173994700900, 6.193167801626506400, 1.300721701513781500 ) ) ;
#2756 = EDGE_CURVE ( 'NONE', #7101, #4757, #2952, .T. ) ;
#2757 = ORIENTED_EDGE ( 'NONE', *, *, #2889, .F. ) ;
#2758 = ORIENTED_EDGE ( 'NONE', *, *, #6605, .T. ) ;
#2759 = CARTESIAN_POINT ( 'NONE',  ( -8.664317313848021800, 1.534997082687178200, 10.96095955101660200 ) ) ;
#2760 = AXIS2_PLACEMENT_3D ( 'NONE', #6542, #1018, #4323 ) ;
#2761 = ORIENTED_EDGE ( 'NONE', *, *, #1676, .F. ) ;
#2762 = EDGE_CURVE ( 'NONE', #3014, #353, #6428, .T. ) ;
#2763 = TOROIDAL_SURFACE ( 'NONE', #5985, 2.010000000000000200, 0.05000000000000000300 ) ;
#2764 = ORIENTED_EDGE ( 'NONE', *, *, #3371, .F. ) ;
#2765 = ORIENTED_EDGE ( 'NONE', *, *, #409, .F. ) ;
#2766 = B_SPLINE_CURVE_WITH_KNOTS ( 'NONE', 3,
 ( #5219, #1332, #1918, #5795 ),
 .UNSPECIFIED., .F., .F.,
 ( 4, 4 ),
 ( 0.0000000000000000000, 1.000000000000000000 ),
 .UNSPECIFIED. ) ;
#2767 = CARTESIAN_POINT ( 'NONE',  ( -2.465037192951673000, -11.19027666788419000, 0.01790966324136107600 ) ) ;
#2768 = VERTEX_POINT ( 'NONE', #4738 ) ;
#2769 = PLANE ( 'NONE',  #713 ) ;
#2770 =( GEOMETRIC_REPRESENTATION_CONTEXT ( 3 ) GLOBAL_UNCERTAINTY_ASSIGNED_CONTEXT ( ( #3155 ) ) GLOBAL_UNIT_ASSIGNED_CONTEXT ( ( #958, #467, #1585 ) ) REPRESENTATION_CONTEXT ( 'NONE', 'WORKASPACE' ) );
#2771 = FACE_OUTER_BOUND ( 'NONE', #4584, .T. ) ;
#2772 = AXIS2_PLACEMENT_3D ( 'NONE', #2613, #4275, #4800 ) ;
#2773 = ORIENTED_EDGE ( 'NONE', *, *, #6248, .T. ) ;
#2774 = EDGE_LOOP ( 'NONE', ( #5011, #6567, #6808, #3602 ) ) ;
#2775 = CARTESIAN_POINT ( 'NONE',  ( 5.754503291475949700, -5.575747153425689700, 9.818678063566089500 ) ) ;
#2776 = CYLINDRICAL_SURFACE ( 'NONE', #1638, 2.450000000000000200 ) ;
#2777 = VERTEX_POINT ( 'NONE', #3120 ) ;
#2778 = CIRCLE ( 'NONE', #5595, 2.450000000000000200 ) ;
#2779 = B_SPLINE_CURVE_WITH_KNOTS ( 'NONE', 3,
 ( #3216, #1494, #404, #7003, #2638, #5431, #4268, #5389, #423, #936, #379, #2068, #6496, #3196, #1527, #2121, #1511, #7036, #967 ),
 .UNSPECIFIED., .F., .F.,
 ( 4, 3, 3, 3, 3, 3, 4 ),
 ( -2.063910598852665200E-006, 0.0000000000000000000, 4.607712237521965100E-005, 8.233794638544460200E-005, 0.0001132794572816688300, 0.0001423312277144782900, 0.0001715231681448985600 ),
 .UNSPECIFIED. ) ;
#2780 = CARTESIAN_POINT ( 'NONE',  ( -4.305666286085716400, 9.069710950954082300, 1.583721891836907800 ) ) ;
#2781 = AXIS2_PLACEMENT_3D ( 'NONE', #799, #4671, #1964 ) ;
#2782 = ADVANCED_FACE ( 'NONE', ( #3759 ), #1220, .T. ) ;
#2783 = CIRCLE ( 'NONE', #1557, 9.728040106252720400 ) ;
#2784 = EDGE_LOOP ( 'NONE', ( #7146, #940, #4929, #7144 ) ) ;
#2785 = ORIENTED_EDGE ( 'NONE', *, *, #3710, .T. ) ;
#2786 = FACE_OUTER_BOUND ( 'NONE', #247, .T. ) ;
#2787 = ORIENTED_EDGE ( 'NONE', *, *, #367, .F. ) ;
#2788 = CARTESIAN_POINT ( 'NONE',  ( 0.0000000000000000000, 0.0000000000000000000, 0.0000000000000000000 ) ) ;
#2789 = CARTESIAN_POINT ( 'NONE',  ( -5.915952656821310100, 6.051029824745920200, 4.165311908826380400 ) ) ;
#2790 = ORIENTED_EDGE ( 'NONE', *, *, #1761, .F. ) ;
#2791 = CARTESIAN_POINT ( 'NONE',  ( 0.0000000000000000000, 0.0000000000000000000, 1.583721891830338400 ) ) ;
#2792 = CIRCLE ( 'NONE', #4010, 2.009999999999999800 ) ;
#2794 = ORIENTED_EDGE ( 'NONE', *, *, #5669, .F. ) ;
#2793 = CARTESIAN_POINT ( 'NONE',  ( 10.76742563487569800, -4.007370204118897700, 0.05345077824234195600 ) ) ;
#2795 = ORIENTED_EDGE ( 'NONE', *, *, #5669, .T. ) ;
#2796 = DIRECTION ( 'NONE',  ( 0.9841275813553157500, -0.1665943171241397200, -0.06114930185764869100 ) ) ;
#2797 = CARTESIAN_POINT ( 'NONE',  ( 10.72429309969705200, 3.945414918550418400, 1.497145099891050300 ) ) ;
#2798 = CARTESIAN_POINT ( 'NONE',  ( 10.77508558524241000, -4.018399013376000400, 0.1000000000000000500 ) ) ;
#2799 = VERTEX_POINT ( 'NONE', #5904 ) ;
#2800 = DIRECTION ( 'NONE',  ( -1.000000000000000000, 0.0000000000000000000, 0.0000000000000000000 ) ) ;
#2801 = ORIENTED_EDGE ( 'NONE', *, *, #623, .T. ) ;
#2802 = DIRECTION ( 'NONE',  ( 0.4625527581640489500, 0.8844804739534760700, -0.06114930179376899800 ) ) ;
#2803 = DIRECTION ( 'NONE',  ( 0.0000000000000000000, -0.04901334529817547700, -0.9987981237380665300 ) ) ;
#2804 = CARTESIAN_POINT ( 'NONE',  ( -10.77508558524240800, 4.018399013376003900, 1.399999999999999900 ) ) ;
#2805 = CARTESIAN_POINT ( 'NONE',  ( -7.357605642763089400, -3.291463818695696400, 1.314579482943356400 ) ) ;
#2806 = EDGE_CURVE ( 'NONE', #3780, #362, #3741, .T. ) ;
#2807 = CARTESIAN_POINT ( 'NONE',  ( 2.454149153949880500, -11.18152366405608500, 1.488725876222408900 ) ) ;
#2808 = CARTESIAN_POINT ( 'NONE',  ( -9.274295224624095700, -18.54859044924818100, 10.76816110240663900 ) ) ;
#2809 = DIRECTION ( 'NONE',  ( 0.0000000000000000000, 0.0000000000000000000, -1.000000000000000000 ) ) ;
#2810 = EDGE_CURVE ( 'NONE', #2606, #608, #4576, .T. ) ;
#2811 = CARTESIAN_POINT ( 'NONE',  ( 2.486804306410368900, 11.20775513265490600, 0.03971530139667747700 ) ) ;
#2812 = EDGE_CURVE ( 'NONE', #4219, #5991, #1646, .T. ) ;
#2813 = ADVANCED_FACE ( 'NONE', ( #2103 ), #2006, .T. ) ;
#2814 = CARTESIAN_POINT ( 'NONE',  ( 10.70660836432594500, 3.920090729836518900, 1.499985689453128500 ) ) ;
#2815 = AXIS2_PLACEMENT_3D ( 'NONE', #2144, #4375, #1067 ) ;
#2816 = ORIENTED_EDGE ( 'NONE', *, *, #4893, .F. ) ;
#2817 = EDGE_CURVE ( 'NONE', #520, #2130, #590, .T. ) ;
#2818 = AXIS2_PLACEMENT_3D ( 'NONE', #238, #819, #2987 ) ;
#2819 = CARTESIAN_POINT ( 'NONE',  ( 7.233333532732910200, 0.0000000000000000000, 10.96095955101660000 ) ) ;
#2820 = B_SPLINE_SURFACE_WITH_KNOTS ( 'NONE', 3, 1, ( 
 ( #4621, #137 ),
 ( #179, #6267 ),
 ( #2993, #6815 ),
 ( #4023, #4537 ) ),
 .UNSPECIFIED., .F., .F., .F.,
 ( 4, 4 ),
 ( 2, 2 ),
 ( 0.0000000000000000000, 1.000000000000000000 ),
 ( 0.0000000000000000000, 1.000000000000000000 ),
 .UNSPECIFIED. ) ;
#2821 = CARTESIAN_POINT ( 'NONE',  ( 8.341339621126366000, -1.242678701236636500, 7.001146806019805900 ) ) ;
#2822 = EDGE_LOOP ( 'NONE', ( #4146, #5908, #431, #6807 ) ) ;
#2823 = DIRECTION ( 'NONE',  ( 0.0000000000000000000, 1.000000000000000000, 0.0000000000000000000 ) ) ;
#2824 = DIRECTION ( 'NONE',  ( -0.0000000000000000000, -0.0000000000000000000, 1.000000000000000000 ) ) ;
#2825 = CARTESIAN_POINT ( 'NONE',  ( 4.017754111820752700, 6.987542254695108900, 1.314579482943356600 ) ) ;
#2826 = TOROIDAL_SURFACE ( 'NONE', #119, 1.034999999999999900, 0.05000000000000000300 ) ;
#2827 = CARTESIAN_POINT ( 'NONE',  ( -8.799169842991780400, 17.59833968598356100, 10.96095955101655200 ) ) ;
#2828 = DIRECTION ( 'NONE',  ( 0.9984727763671189500, 0.0000000000000000000, 0.05524594875406883100 ) ) ;
#2829 = CARTESIAN_POINT ( 'NONE',  ( 8.335450537126829900, -1.069829293432930100, 9.806355243554639500 ) ) ;
#2830 = TOROIDAL_SURFACE ( 'NONE', #3625, 3.680000000000000200, 0.1000000000000000100 ) ;
#2831 = CARTESIAN_POINT ( 'NONE',  ( -6.628348828573329900, 5.968258408792871200, 1.500000000000000000 ) ) ;
#2832 = B_SPLINE_SURFACE_WITH_KNOTS ( 'NONE', 3, 1, ( 
 ( #506, #1046 ),
 ( #7094, #4379 ),
 ( #5526, #2214 ),
 ( #3811, #2775 ) ),
 .UNSPECIFIED., .F., .F., .F.,
 ( 4, 4 ),
 ( 2, 2 ),
 ( 0.0000000000000000000, 1.000000000000000000 ),
 ( 0.0000000000000000000, 1.000000000000000000 ),
 .UNSPECIFIED. ) ;
#2833 = FACE_OUTER_BOUND ( 'NONE', #2774, .T. ) ;
#2834 = ORIENTED_EDGE ( 'NONE', *, *, #6534, .F. ) ;
#2835 = CARTESIAN_POINT ( 'NONE',  ( 0.05647524154837292600, -14.81737528024190100, 0.0000000000000000000 ) ) ;
#2836 = CARTESIAN_POINT ( 'NONE',  ( 9.345869034582440400, 1.916161501795844900, 1.555817281656206100 ) ) ;
#2837 = ORIENTED_EDGE ( 'NONE', *, *, #4055, .F. ) ;
#2838 = ORIENTED_EDGE ( 'NONE', *, *, #4704, .T. ) ;
#2839 = DIRECTION ( 'NONE',  ( -0.1456715363930026200, 0.9874414242754269200, 0.06114930179338448600 ) ) ;
#2840 = CARTESIAN_POINT ( 'NONE',  ( -9.682354874905504600, 0.0000000000000000000, 0.1000000000000000100 ) ) ;
#2841 = EDGE_CURVE ( 'NONE', #5937, #5932, #3567, .T. ) ;
#2842 = ORIENTED_EDGE ( 'NONE', *, *, #3956, .T. ) ;
#2843 = ADVANCED_FACE ( 'NONE', ( #6243 ), #2776, .T. ) ;
#2844 = ORIENTED_EDGE ( 'NONE', *, *, #2327, .T. ) ;
#2845 = ORIENTED_EDGE ( 'NONE', *, *, #3858, .F. ) ;
#2846 = PLANE ( 'NONE',  #2389 ) ;
#2847 = CARTESIAN_POINT ( 'NONE',  ( -10.72429309969705200, 3.945414918550418400, 1.497145099891050300 ) ) ;
#2848 = DIRECTION ( 'NONE',  ( 7.697639948275110100E-016, 1.000000000000000000, -0.0000000000000000000 ) ) ;
#2849 = EDGE_CURVE ( 'NONE', #740, #2014, #4670, .T. ) ;
#2850 = DIRECTION ( 'NONE',  ( 0.0000000000000000000, 1.000000000000000000, 0.0000000000000000000 ) ) ;
#2851 = DIRECTION ( 'NONE',  ( -0.0000000000000000000, -0.0000000000000000000, 1.000000000000000000 ) ) ;
#2852 = EDGE_CURVE ( 'NONE', #1598, #5553, #4778, .T. ) ;
#2853 = CIRCLE ( 'NONE', #6040, 0.9849999999999999900 ) ;
#2854 = VERTEX_POINT ( 'NONE', #4277 ) ;
#2855 = ORIENTED_EDGE ( 'NONE', *, *, #5425, .T. ) ;
#2856 = CARTESIAN_POINT ( 'NONE',  ( 4.649900761691642800, -8.565896482404527400, 10.00000000000004800 ) ) ;
#2857 = ORIENTED_EDGE ( 'NONE', *, *, #104, .T. ) ;
#2858 = LINE ( 'NONE', #6378, #5464 ) ;
#2859 = VECTOR ( 'NONE', #2471, 1000.000000000000100 ) ;
#2860 = DIRECTION ( 'NONE',  ( -0.5877852522924734700, 0.8090169943749472300, 0.0000000000000000000 ) ) ;
#2861 = CARTESIAN_POINT ( 'NONE',  ( 8.807161190992463400, -4.397357515166131500, 7.258252300644228300 ) ) ;
#2862 = TOROIDAL_SURFACE ( 'NONE', #4617, 2.350000000000000500, 0.1000000000000000100 ) ;
#2863 = DIRECTION ( 'NONE',  ( 0.0000000000000000000, 0.0000000000000000000, -1.000000000000000000 ) ) ;
#2864 = ORIENTED_EDGE ( 'NONE', *, *, #4545, .T. ) ;
#2865 = ORIENTED_EDGE ( 'NONE', *, *, #1858, .F. ) ;
#2866 = DIRECTION ( 'NONE',  ( 0.0000000000000000000, 0.0000000000000000000, -1.000000000000000000 ) ) ;
#2867 = FACE_OUTER_BOUND ( 'NONE', #3149, .T. ) ;
#2868 = ORIENTED_EDGE ( 'NONE', *, *, #2348, .F. ) ;
#2869 = AXIS2_PLACEMENT_3D ( 'NONE', #4229, #3194, #4836 ) ;
#2870 = ORIENTED_EDGE ( 'NONE', *, *, #3615, .T. ) ;
#2871 = FACE_OUTER_BOUND ( 'NONE', #7149, .T. ) ;
#2872 = ORIENTED_EDGE ( 'NONE', *, *, #4096, .F. ) ;
#2873 = FACE_OUTER_BOUND ( 'NONE', #2321, .T. ) ;
#2874 = ORIENTED_EDGE ( 'NONE', *, *, #2731, .F. ) ;
#2875 = DIRECTION ( 'NONE',  ( -1.000000000000000000, 0.0000000000000000000, 0.0000000000000000000 ) ) ;
#2876 = DIRECTION ( 'NONE',  ( 0.9510565162951538600, -0.3090169943749462900, 0.0000000000000000000 ) ) ;
#2877 = CARTESIAN_POINT ( 'NONE',  ( -5.068714907447160000, 6.887092560519650200, 9.909339031783243700 ) ) ;
#2878 = CARTESIAN_POINT ( 'NONE',  ( 4.001413558168919400, -8.662354359223652300, 1.499999999999969400 ) ) ;
#2879 = DIRECTION ( 'NONE',  ( 0.0000000000000000000, -1.000000000000000000, 0.0000000000000000000 ) ) ;
#2880 = ORIENTED_EDGE ( 'NONE', *, *, #5217, .T. ) ;
#2881 = CARTESIAN_POINT ( 'NONE',  ( -7.372351021457740600, -4.033944817469141200, 9.806355243554774500 ) ) ;
#2882 = CARTESIAN_POINT ( 'NONE',  ( -6.709753309980829500, -7.069326004652203300, 10.00000000000002300 ) ) ;
#2883 = CARTESIAN_POINT ( 'NONE',  ( -1.149079610566452900, 0.5486660004249424000, 9.528024968268802300 ) ) ;
#2884 = CARTESIAN_POINT ( 'NONE',  ( 2.474541885154900800, 11.19791029615861300, 0.02674065228145670200 ) ) ;
#2885 = ORIENTED_EDGE ( 'NONE', *, *, #1815, .T. ) ;
#2886 = ADVANCED_FACE ( 'NONE', ( #365 ), #5709, .F. ) ;
#2887 = CARTESIAN_POINT ( 'NONE',  ( 9.710146074784122000, 1.189149930973760800E-015, 11.04382756442191400 ) ) ;
#2888 = CARTESIAN_POINT ( 'NONE',  ( 5.809047173994708000, -6.193167801626507300, 1.300721701513781300 ) ) ;
#2889 = EDGE_CURVE ( 'NONE', #6576, #3258, #953, .T. ) ;
#2890 = CARTESIAN_POINT ( 'NONE',  ( -8.603967794138331000, -1.845687814383690100, 10.96095955101660400 ) ) ;
#2891 = CARTESIAN_POINT ( 'NONE',  ( 6.438680135314866600, 7.802907041983655900, 1.583721891830310200 ) ) ;
#2892 = EDGE_CURVE ( 'NONE', #279, #6992, #1891, .T. ) ;
#2893 = CARTESIAN_POINT ( 'NONE',  ( -5.068714907447160000, 6.887092560519651100, 9.909339031783240200 ) ) ;
#2894 = CARTESIAN_POINT ( 'NONE',  ( 2.442933142663652900, -11.17249511008022400, 0.006882754302288220100 ) ) ;
#2895 = DIRECTION ( 'NONE',  ( 1.000000000000000000, 2.565879982758370200E-016, 0.0000000000000000000 ) ) ;
#2896 = EDGE_CURVE ( 'NONE', #3835, #3566, #2628, .T. ) ;
#2897 = ORIENTED_EDGE ( 'NONE', *, *, #1396, .T. ) ;
#2898 = DIRECTION ( 'NONE',  ( -1.000000000000000000, 7.697639948275110100E-016, -0.0000000000000000000 ) ) ;
#2899 = CARTESIAN_POINT ( 'NONE',  ( 9.583550025020260300, -1.775310834413032200, 10.00000000000000400 ) ) ;
#2900 = CARTESIAN_POINT ( 'NONE',  ( -0.05254506151973004100, 8.551090793966114500, 9.909339031783243700 ) ) ;
#2901 = EDGE_CURVE ( 'NONE', #5487, #1117, #2412, .T. ) ;
#2902 = ORIENTED_EDGE ( 'NONE', *, *, #4413, .F. ) ;
#2903 = CARTESIAN_POINT ( 'NONE',  ( -0.6322663387679601200, -10.10038929588846600, 1.499998728424691200 ) ) ;
#2904 = B_SPLINE_CURVE_WITH_KNOTS ( 'NONE', 3,
 ( #4814, #3706, #5924, #3644 ),
 .UNSPECIFIED., .F., .F.,
 ( 4, 4 ),
 ( 0.0000000000000000000, 1.000000000000000000 ),
 .UNSPECIFIED. ) ;
#2905 = CIRCLE ( 'NONE', #1647, 1.959999999999998200 ) ;
#2906 = AXIS2_PLACEMENT_3D ( 'NONE', #3617, #5887, #2598 ) ;
#2907 = VECTOR ( 'NONE', #3028, 1000.000000000000100 ) ;
#2908 = B_SPLINE_SURFACE_WITH_KNOTS ( 'NONE', 3, 1, ( 
 ( #6456, #3627 ),
 ( #5279, #3089 ),
 ( #3690, #1927 ),
 ( #6397, #4769 ) ),
 .UNSPECIFIED., .F., .F., .F.,
 ( 4, 4 ),
 ( 2, 2 ),
 ( 0.0000000000000000000, 1.000000000000000000 ),
 ( 0.0000000000000000000, 1.000000000000000000 ),
 .UNSPECIFIED. ) ;
#2909 = TOROIDAL_SURFACE ( 'NONE', #3432, 1.034999999999999900, 0.05000000000000000300 ) ;
#2910 = CARTESIAN_POINT ( 'NONE',  ( -8.625292734195023000, -1.741049694898758400, 10.96095955101659800 ) ) ;
#2911 = CARTESIAN_POINT ( 'NONE',  ( -1.273058886655809900, -9.663098918667730100, 10.00000000000000000 ) ) ;
#2912 = ADVANCED_FACE ( 'NONE', ( #3148 ), #4978, .T. ) ;
#2913 = ORIENTED_EDGE ( 'NONE', *, *, #29, .F. ) ;
#2914 = CARTESIAN_POINT ( 'NONE',  ( -10.70621433777345300, 3.919526854806266100, 1.499995229985134200 ) ) ;
#2915 = DIRECTION ( 'NONE',  ( -1.743304394832040000E-015, -1.000000000000000000, 0.0000000000000000000 ) ) ;
#2916 = CARTESIAN_POINT ( 'NONE',  ( 6.114691259157037700, -5.764964976403904400, 9.806355243554747900 ) ) ;
#2917 = VERTEX_POINT ( 'NONE', #3125 ) ;
#2918 = CARTESIAN_POINT ( 'NONE',  ( -1.167080331220496000, 0.5090877524971322300, 9.528024968268802300 ) ) ;
#2919 = CARTESIAN_POINT ( 'NONE',  ( 1.207901142964730600, -7.937733947411985900, 7.006894107161980600 ) ) ;
#2920 = CARTESIAN_POINT ( 'NONE',  ( 1.069347079257563200, 9.481782023034586600, 1.500000000000000200 ) ) ;
#2921 = ADVANCED_FACE ( 'NONE', ( #450 ), #1091, .T. ) ;
#2922 = EDGE_LOOP ( 'NONE', ( #2119, #6087, #5774, #4139 ) ) ;
#2923 = DIRECTION ( 'NONE',  ( -0.0000000000000000000, -0.0000000000000000000, 1.000000000000000000 ) ) ;
#2924 = CARTESIAN_POINT ( 'NONE',  ( -1.063808518962293700, -9.479972579039957400, 1.583721891830319100 ) ) ;
#2925 = ORIENTED_EDGE ( 'NONE', *, *, #3846, .F. ) ;
#2926 = CARTESIAN_POINT ( 'NONE',  ( 2.442933142663652000, 11.17249511008022400, 1.493117245697712000 ) ) ;
#2927 = EDGE_CURVE ( 'NONE', #3653, #393, #6654, .T. ) ;
#2928 = VERTEX_POINT ( 'NONE', #1879 ) ;
#2929 = VECTOR ( 'NONE', #6957, 1000.000000000000000 ) ;
#2930 = EDGE_LOOP ( 'NONE', ( #4997, #342, #1085, #6831 ) ) ;
#2931 = ORIENTED_EDGE ( 'NONE', *, *, #3103, .T. ) ;
#2932 = ORIENTED_EDGE ( 'NONE', *, *, #6628, .F. ) ;
#2933 = VERTEX_POINT ( 'NONE', #6863 ) ;
#2934 = LINE ( 'NONE', #4365, #3317 ) ;
#2935 = CARTESIAN_POINT ( 'NONE',  ( -5.323708185434511200, -7.032233649140212400, 10.96095955101660200 ) ) ;
#2936 = CARTESIAN_POINT ( 'NONE',  ( -14.15545311535570100, 0.2383990133759980000, 1.500000000000000000 ) ) ;
#2937 = DIRECTION ( 'NONE',  ( 0.0000000000000000000, 0.0000000000000000000, -1.000000000000000000 ) ) ;
#2938 = EDGE_CURVE ( 'NONE', #3554, #6520, #603, .T. ) ;
#2939 = CYLINDRICAL_SURFACE ( 'NONE', #1111, 1.960000000000000000 ) ;
#2940 = DIRECTION ( 'NONE',  ( 0.0000000000000000000, -1.000000000000000000, 0.0000000000000000000 ) ) ;
#2941 = VERTEX_POINT ( 'NONE', #823 ) ;
#2942 = VERTEX_POINT ( 'NONE', #5262 ) ;
#2943 = CARTESIAN_POINT ( 'NONE',  ( 2.506475241548372400, -11.22352804885811200, 0.09057456899981070100 ) ) ;
#2944 = TOROIDAL_SURFACE ( 'NONE', #5129, 11.40000000000000000, 0.1000000000000000100 ) ;
#2945 = ORIENTED_EDGE ( 'NONE', *, *, #2341, .T. ) ;
#2946 = EDGE_CURVE ( 'NONE', #1485, #7139, #3235, .T. ) ;
#2947 = LINE ( 'NONE', #2440, #7 ) ;
#2948 = CARTESIAN_POINT ( 'NONE',  ( 1.854392572402110000, 9.870744215363810500, 1.500000000000099900 ) ) ;
#2949 = CARTESIAN_POINT ( 'NONE',  ( 9.585200466144565100, 1.173848507004966100E-015, -1.040834085586084300E-014 ) ) ;
#2950 = DIRECTION ( 'NONE',  ( -1.000000000000000000, -0.0000000000000000000, -0.0000000000000000000 ) ) ;
#2951 = EDGE_CURVE ( 'NONE', #6692, #3368, #6823, .T. ) ;
#2952 = B_SPLINE_CURVE_WITH_KNOTS ( 'NONE', 3,
 ( #6257, #5149, #4630, #4066 ),
 .UNSPECIFIED., .F., .F.,
 ( 4, 4 ),
 ( 0.0000000000000000000, 1.000000000000000000 ),
 .UNSPECIFIED. ) ;
#2953 = DIRECTION ( 'NONE',  ( -1.000000000000000000, 0.0000000000000000000, 0.0000000000000000000 ) ) ;
#2954 = ORIENTED_EDGE ( 'NONE', *, *, #4847, .F. ) ;
#2955 = EDGE_LOOP ( 'NONE', ( #1943, #4933, #4749, #5922, #1281, #1609, #2750 ) ) ;
#2956 = AXIS2_PLACEMENT_3D ( 'NONE', #5855, #6809, #4095 ) ;
#2957 = ORIENTED_EDGE ( 'NONE', *, *, #7133, .T. ) ;
#2958 = DIRECTION ( 'NONE',  ( 0.4426440206070571500, -0.8961862487317657800, 0.03027339764388437000 ) ) ;
#2959 = FACE_OUTER_BOUND ( 'NONE', #2656, .T. ) ;
#2960 = ORIENTED_EDGE ( 'NONE', *, *, #106, .T. ) ;
#2961 = CARTESIAN_POINT ( 'NONE',  ( -4.286122374984269200, 5.577232510289476900, 11.40000000005519200 ) ) ;
#2962 = CARTESIAN_POINT ( 'NONE',  ( 10.77405805346785400, -4.016918977437661900, 0.08037552362140842900 ) ) ;
#2963 = ADVANCED_FACE ( 'NONE', ( #5396 ), #212, .T. ) ;
#2964 = DIRECTION ( 'NONE',  ( 0.0000000000000000000, 0.0000000000000000000, -1.000000000000000000 ) ) ;
#2965 = EDGE_CURVE ( 'NONE', #5991, #4219, #6786, .T. ) ;
#2966 = DIRECTION ( 'NONE',  ( 0.0000000000000000000, 0.0000000000000000000, -1.000000000000000000 ) ) ;
#2967 = CARTESIAN_POINT ( 'NONE',  ( -2.406999988442830100, -11.14353243821287600, 1.500000000000000000 ) ) ;
#2968 = ORIENTED_EDGE ( 'NONE', *, *, #4000, .F. ) ;
#2969 = VERTEX_POINT ( 'NONE', #3006 ) ;
#2970 = AXIS2_PLACEMENT_3D ( 'NONE', #4184, #4653, #1980 ) ;
#2971 = LINE ( 'NONE', #3298, #4682 ) ;
#2972 = ORIENTED_EDGE ( 'NONE', *, *, #26, .T. ) ;
#2973 = EDGE_LOOP ( 'NONE', ( #6400, #2714, #1542, #4563 ) ) ;
#2974 = ORIENTED_EDGE ( 'NONE', *, *, #6300, .F. ) ;
#2975 = VERTEX_POINT ( 'NONE', #4089 ) ;
#2976 = CARTESIAN_POINT ( 'NONE',  ( -4.690193001343275500, -7.445352316863507600, 10.96095955101660000 ) ) ;
#2977 = CARTESIAN_POINT ( 'NONE',  ( -8.814574976180669100, 4.813698833088731800, 1.500000407994915000 ) ) ;
#2978 = CARTESIAN_POINT ( 'NONE',  ( 6.438371598596202000, 7.042376350824225600, 1.500000000000000000 ) ) ;
#2979 = ADVANCED_FACE ( 'NONE', ( #168 ), #2288, .T. ) ;
#2980 = CARTESIAN_POINT ( 'NONE',  ( -8.796756363386888800, 4.196812733975963100, 10.00000000000002500 ) ) ;
#2981 = DIRECTION ( 'NONE',  ( 0.0000000000000000000, 1.000000000000000000, 0.0000000000000000000 ) ) ;
#2982 = DIRECTION ( 'NONE',  ( 0.9984727763671189500, 0.0000000000000000000, -0.05524594875406883100 ) ) ;
#2983 = DIRECTION ( 'NONE',  ( 0.0000000000000000000, 0.0000000000000000000, -1.000000000000000000 ) ) ;
#2984 = CARTESIAN_POINT ( 'NONE',  ( -6.974445124604784500, 8.541231897676112200E-016, 11.40000000002759600 ) ) ;
#2985 = CARTESIAN_POINT ( 'NONE',  ( 10.73914575995844500, -3.966721526847547500, 0.01185746494543354400 ) ) ;
#2986 = CARTESIAN_POINT ( 'NONE',  ( 8.690859133221859900, -1.485257981020019900, 10.00000000000000000 ) ) ;
#2987 = DIRECTION ( 'NONE',  ( 0.9892927566347861100, 0.1459446527624292400, 0.0000000000000000000 ) ) ;
#2988 = CARTESIAN_POINT ( 'NONE',  ( 10.70542615555186600, -3.918399013376002000, 1.500000000000000000 ) ) ;
#2989 = EDGE_CURVE ( 'NONE', #4591, #550, #4971, .T. ) ;
#2990 = EDGE_CURVE ( 'NONE', #4667, #5707, #2426, .T. ) ;
#2991 = PLANE ( 'NONE',  #3273 ) ;
#2992 = CARTESIAN_POINT ( 'NONE',  ( -1.238628512884179900, 9.981880819471943100, 1.583721891830310200 ) ) ;
#2993 = CARTESIAN_POINT ( 'NONE',  ( -7.105542068895469600, -6.958165126051870400, 4.362828412148360300 ) ) ;
#2994 = EDGE_LOOP ( 'NONE', ( #2620, #5697, #1882, #678 ) ) ;
#2995 = ADVANCED_FACE ( 'NONE', ( #5475 ), #1302, .F. ) ;
#2996 = EDGE_CURVE ( 'NONE', #1694, #5818, #4759, .T. ) ;
#2997 = CARTESIAN_POINT ( 'NONE',  ( -17.83545311535569800, 0.2383990133759980000, 0.0000000000000000000 ) ) ;
#2998 = AXIS2_PLACEMENT_3D ( 'NONE', #7060, #4892, #2734 ) ;
#2999 = DIRECTION ( 'NONE',  ( 0.0000000000000000000, 0.0000000000000000000, -1.000000000000000000 ) ) ;
#3000 = DIRECTION ( 'NONE',  ( 0.0000000000000000000, 1.000000000000000000, -0.0000000000000000000 ) ) ;
#3001 =( BOUNDED_CURVE ( )  B_SPLINE_CURVE ( 3, ( #1092, #5653, #5037, #3398 ),
 .UNSPECIFIED., .F., .F. ) 
 B_SPLINE_CURVE_WITH_KNOTS ( ( 4, 4 ),
 ( 1.938942765613321100, 1.990108701732574500 ),
 .UNSPECIFIED. ) 
 CURVE ( )  GEOMETRIC_REPRESENTATION_ITEM ( )  RATIONAL_B_SPLINE_CURVE ( ( 1.000000000000000000, 0.9997818491469070400, 0.9997818491469070400, 1.000000000000000000 ) ) 
 REPRESENTATION_ITEM ( '' )  );
#3002 = EDGE_LOOP ( 'NONE', ( #2699, #1437, #5179, #2344 ) ) ;
#3003 = AXIS2_PLACEMENT_3D ( 'NONE', #3115, #3605, #5312 ) ;
#3004 = CARTESIAN_POINT ( 'NONE',  ( 0.05647524154837250300, 12.46737528024190000, 1.500000000000000000 ) ) ;
#3005 = FACE_OUTER_BOUND ( 'NONE', #4878, .T. ) ;
#3006 = CARTESIAN_POINT ( 'NONE',  ( -14.15545311535570100, -3.918399013375997600, 0.0000000000000000000 ) ) ;
#3007 = ADVANCED_FACE ( 'NONE', ( #3901 ), #5303, .T. ) ;
#3008 = CARTESIAN_POINT ( 'NONE',  ( -6.974445124399153400, 8.541231897424287100E-016, 11.39999999998053700 ) ) ;
#3009 = PLANE ( 'NONE',  #2818 ) ;
#3010 = DIRECTION ( 'NONE',  ( 0.0000000000000000000, 1.079514515332727700E-017, -1.000000000000000000 ) ) ;
#3011 = CARTESIAN_POINT ( 'NONE',  ( 2.406475241548370100, 11.14310894283165300, 0.0000000000000000000 ) ) ;
#3012 = CIRCLE ( 'NONE', #1206, 0.04999999999999969700 ) ;
#3013 = CYLINDRICAL_SURFACE ( 'NONE', #4170, 10.04342387723020000 ) ;
#3014 = VERTEX_POINT ( 'NONE', #4611 ) ;
#3015 = DIRECTION ( 'NONE',  ( 1.000000000000000000, -0.0000000000000000000, 0.0000000000000000000 ) ) ;
#3016 = CARTESIAN_POINT ( 'NONE',  ( -4.649900761691616100, -8.565896482404506100, 10.00000000000000400 ) ) ;
#3017 = DIRECTION ( 'NONE',  ( 0.0000000000000000000, 0.0000000000000000000, -1.000000000000000000 ) ) ;
#3018 = DIRECTION ( 'NONE',  ( -1.000000000000000000, 0.0000000000000000000, 0.0000000000000000000 ) ) ;
#3019 = VERTEX_POINT ( 'NONE', #3504 ) ;
#3020 = CARTESIAN_POINT ( 'NONE',  ( -9.347013165741023100, -1.914592056565433500, 1.527909983233807700 ) ) ;
#3021 = EDGE_LOOP ( 'NONE', ( #2408, #508, #4047, #960 ) ) ;
#3022 = B_SPLINE_CURVE_WITH_KNOTS ( 'NONE', 3,
 ( #3793, #5418, #475, #2101 ),
 .UNSPECIFIED., .F., .F.,
 ( 4, 4 ),
 ( 0.0000000000000000000, 1.000000000000000000 ),
 .UNSPECIFIED. ) ;
#3023 = ORIENTED_EDGE ( 'NONE', *, *, #6345, .T. ) ;
#3024 = CARTESIAN_POINT ( 'NONE',  ( -10.77214837553961100, 4.014169387606645300, 0.07122439540648825600 ) ) ;
#3025 = CARTESIAN_POINT ( 'NONE',  ( -8.329318910392645500, -4.650162915953881500, 1.583721891830324200 ) ) ;
#3026 = ORIENTED_EDGE ( 'NONE', *, *, #2294, .T. ) ;
#3027 = ORIENTED_EDGE ( 'NONE', *, *, #6111, .F. ) ;
#3028 = DIRECTION ( 'NONE',  ( -0.9510565162951534200, 0.3090169943749477800, -0.0000000000000000000 ) ) ;
#3029 = ORIENTED_EDGE ( 'NONE', *, *, #5428, .F. ) ;
#3030 = DIRECTION ( 'NONE',  ( 0.0000000000000000000, 0.0000000000000000000, -1.000000000000000000 ) ) ;
#3031 = DIRECTION ( 'NONE',  ( 0.0000000000000000000, 1.000000000000000000, 0.0000000000000000000 ) ) ;
#3032 = DIRECTION ( 'NONE',  ( -1.000000000000000000, 0.0000000000000000000, -0.0000000000000000000 ) ) ;
#3033 = CARTESIAN_POINT ( 'NONE',  ( -5.577232510289478600, -4.286122374984268300, 11.40000000005519200 ) ) ;
#3034 = CIRCLE ( 'NONE', #548, 0.09999999999999999200 ) ;
#3035 = DIRECTION ( 'NONE',  ( -1.000000000000000000, 0.0000000000000000000, 0.0000000000000000000 ) ) ;
#3036 = CARTESIAN_POINT ( 'NONE',  ( 2.506475241548368000, -12.46737528024190100, 1.399999999999999900 ) ) ;
#3037 = CARTESIAN_POINT ( 'NONE',  ( -0.05647524154837250300, 12.46737528024190000, 1.500000000000000000 ) ) ;
#3038 = ORIENTED_EDGE ( 'NONE', *, *, #954, .T. ) ;
#3039 = ORIENTED_EDGE ( 'NONE', *, *, #3875, .T. ) ;
#3040 = ORIENTED_EDGE ( 'NONE', *, *, #252, .T. ) ;
#3041 = CARTESIAN_POINT ( 'NONE',  ( 11.59212955762400000, -8.127497727460230700, 1.583721891830310000 ) ) ;
#3042 = FACE_OUTER_BOUND ( 'NONE', #681, .T. ) ;
#3043 = EDGE_CURVE ( 'NONE', #3841, #3780, #3203, .T. ) ;
#3044 = VECTOR ( 'NONE', #835, 1000.000000000000000 ) ;
#3045 = CARTESIAN_POINT ( 'NONE',  ( 6.442779071707530400, 6.701867489861309800, 10.00000000000040000 ) ) ;
#3046 = PLANE ( 'NONE',  #5647 ) ;
#3047 = FACE_OUTER_BOUND ( 'NONE', #1874, .T. ) ;
#3048 = ORIENTED_EDGE ( 'NONE', *, *, #2938, .T. ) ;
#3049 = ORIENTED_EDGE ( 'NONE', *, *, #4051, .T. ) ;
#3050 = B_SPLINE_CURVE_WITH_KNOTS ( 'NONE', 3,
 ( #1417, #979, #2059, #3237 ),
 .UNSPECIFIED., .F., .F.,
 ( 4, 4 ),
 ( 0.0000000000000000000, 1.000000000000000000 ),
 .UNSPECIFIED. ) ;
#3051 = FACE_OUTER_BOUND ( 'NONE', #4996, .T. ) ;
#3052 = VERTEX_POINT ( 'NONE', #3629 ) ;
#3053 = CARTESIAN_POINT ( 'NONE',  ( -12.01579960646100200, 2.400307726328812400E-016, 0.04999999999999991300 ) ) ;
#3054 = CARTESIAN_POINT ( 'NONE',  ( 14.15545311535570100, -4.018399013376000400, 1.500000000000000000 ) ) ;
#3055 = EDGE_CURVE ( 'NONE', #7073, #373, #3314, .T. ) ;
#3056 = ADVANCED_FACE ( 'NONE', ( #2711 ), #3181, .T. ) ;
#3057 = DIRECTION ( 'NONE',  ( 1.000000000000000000, 2.565879982758370200E-016, -0.0000000000000000000 ) ) ;
#3058 = ORIENTED_EDGE ( 'NONE', *, *, #3476, .F. ) ;
#3059 = FACE_OUTER_BOUND ( 'NONE', #867, .T. ) ;
#3060 = ORIENTED_EDGE ( 'NONE', *, *, #3376, .T. ) ;
#3061 = EDGE_CURVE ( 'NONE', #6797, #1181, #5742, .T. ) ;
#3062 = CARTESIAN_POINT ( 'NONE',  ( 5.501560270472790400, 0.4971641083854970200, -37.10965223203719900 ) ) ;
#3063 = CARTESIAN_POINT ( 'NONE',  ( 5.809047173994708000, -6.193167801626507300, 1.300721701513781300 ) ) ;
#3064 = TOROIDAL_SURFACE ( 'NONE', #5993, 2.350000000000000500, 0.1000000000000000100 ) ;
#3065 = EDGE_LOOP ( 'NONE', ( #5334, #4070, #3245, #6329 ) ) ;
#3066 = CARTESIAN_POINT ( 'NONE',  ( 7.001883768800860600, 6.482385147186344700, 1.499999999999968900 ) ) ;
#3067 = AXIS2_PLACEMENT_3D ( 'NONE', #6985, #4247, #1479 ) ;
#3068 = FILL_AREA_STYLE_COLOUR ( '', #3463 ) ;
#3069 = ORIENTED_EDGE ( 'NONE', *, *, #4647, .T. ) ;
#3070 = CARTESIAN_POINT ( 'NONE',  ( -7.298250014851566500, -6.896866285552151000, 1.555816067380029600 ) ) ;
#3071 = CARTESIAN_POINT ( 'NONE',  ( 6.974445124604784500, -8.541231897702740200E-016, 11.40000000002759600 ) ) ;
#3072 = DIRECTION ( 'NONE',  ( 0.0000000000000000000, 0.0000000000000000000, -1.000000000000000000 ) ) ;
#3073 = DIRECTION ( 'NONE',  ( 0.0000000000000000000, 1.000000000000000000, 0.0000000000000000000 ) ) ;
#3074 = AXIS2_PLACEMENT_3D ( 'NONE', #1663, #4961, #2202 ) ;
#3075 = DIRECTION ( 'NONE',  ( -1.000000000000000000, 0.0000000000000000000, 0.0000000000000000000 ) ) ;
#3076 = ORIENTED_EDGE ( 'NONE', *, *, #504, .F. ) ;
#3077 = DIRECTION ( 'NONE',  ( -0.0000000000000000000, -0.0000000000000000000, 1.000000000000000000 ) ) ;
#3078 = CARTESIAN_POINT ( 'NONE',  ( -13.97579960646100300, 0.0000000000000000000, 1.450000000000000200 ) ) ;
#3079 = DIRECTION ( 'NONE',  ( -2.710505431213777400E-016, 1.000000000000000000, 0.0000000000000000000 ) ) ;
#3080 = CARTESIAN_POINT ( 'NONE',  ( 9.958926235052901500, -1.288034091965783600, 1.527902837829666000 ) ) ;
#3081 = DIRECTION ( 'NONE',  ( -1.000000000000000000, 0.0000000000000000000, -0.0000000000000000000 ) ) ;
#3082 = ADVANCED_FACE ( 'NONE', ( #6910 ), #1408, .F. ) ;
#3083 = B_SPLINE_CURVE_WITH_KNOTS ( 'NONE', 3,
 ( #6199, #94, #6131, #6704, #5046, #1722, #1148, #2811, #1670, #2884, #3902, #5609, #2314, #45, #6729, #2276, #6113, #1082, #1112 ),
 .UNSPECIFIED., .F., .F.,
 ( 4, 3, 3, 3, 3, 3, 4 ),
 ( 5.014435047745458000E-019, 2.827629300056921300E-005, 5.638432597394212200E-005, 8.661744524342649300E-005, 0.0001318679613768461100, 0.0001771799553365772800, 0.0001792029157342339900 ),
 .UNSPECIFIED. ) ;
#3084 = CARTESIAN_POINT ( 'NONE',  ( -10.77508558524240800, 4.018399013376002100, 0.09025575751356990100 ) ) ;
#3085 = DIRECTION ( 'NONE',  ( -1.000000000000000000, 0.0000000000000000000, 0.0000000000000000000 ) ) ;
#3086 = CARTESIAN_POINT ( 'NONE',  ( 8.771905018769203400, -4.517463809872992900, 1.583720051449377200 ) ) ;
#3087 = CARTESIAN_POINT ( 'NONE',  ( -8.814498047376721600, -4.813827769750981000, 1.499999327185927300 ) ) ;
#3088 = CARTESIAN_POINT ( 'NONE',  ( 7.194964022682961900, 5.066010789641361500, 10.96095955101660000 ) ) ;
#3089 = CARTESIAN_POINT ( 'NONE',  ( 7.268167470400220200, 3.448836966214409800, 4.171429039665429900 ) ) ;
#3090 = CARTESIAN_POINT ( 'NONE',  ( 7.478713723269173400, 3.897568225812727800, 7.001146806019640700 ) ) ;
#3091 = VERTEX_POINT ( 'NONE', #919 ) ;
#3092 = ADVANCED_FACE ( 'NONE', ( #5619 ), #1998, .T. ) ;
#3093 = DIRECTION ( 'NONE',  ( -0.0000000000000000000, -1.000000000000000000, -0.0000000000000000000 ) ) ;
#3094 = CARTESIAN_POINT ( 'NONE',  ( 0.9848765838104355200, 1.281551300053713500, 9.040507860752557100 ) ) ;
#3095 = CARTESIAN_POINT ( 'NONE',  ( -2.506475241548374600, -11.22352804885812300, 1.399999999999999900 ) ) ;
#3096 =( BOUNDED_CURVE ( )  B_SPLINE_CURVE ( 3, ( #3815, #983, #2661, #1529 ),
 .UNSPECIFIED., .F., .F. ) 
 B_SPLINE_CURVE_WITH_KNOTS ( ( 4, 4 ),
 ( 6.098062368607421600, 6.468196532739837000 ),
 .UNSPECIFIED. ) 
 CURVE ( )  GEOMETRIC_REPRESENTATION_ITEM ( )  RATIONAL_B_SPLINE_CURVE ( ( 1.000000000000000000, 0.9886159392700610800, 0.9886159392700610800, 1.000000000000000000 ) ) 
 REPRESENTATION_ITEM ( '' )  );
#3097 = CARTESIAN_POINT ( 'NONE',  ( 6.628348828573339600, -5.968258408792871200, 1.500000000000000000 ) ) ;
#3098 = EDGE_CURVE ( 'NONE', #5837, #7020, #6068, .T. ) ;
#3099 = VERTEX_POINT ( 'NONE', #2025 ) ;
#3100 = CARTESIAN_POINT ( 'NONE',  ( -2.442933142663659100, 11.17249511008022200, 0.006882754302288102100 ) ) ;
#3101 = CARTESIAN_POINT ( 'NONE',  ( -5.501560270472790400, -0.4971641083854970200, -37.10965223203719900 ) ) ;
#3102 = CARTESIAN_POINT ( 'NONE',  ( -8.687267378389877900, 3.949520723157242200, 1.464368314612603000 ) ) ;
#3103 = EDGE_CURVE ( 'NONE', #5818, #1694, #5536, .T. ) ;
#3104 = TOROIDAL_SURFACE ( 'NONE', #2666, 2.010000000000000200, 0.05000000000000000300 ) ;
#3105 = CARTESIAN_POINT ( 'NONE',  ( 4.382926523415738600, -8.198437967615522100, 9.999999999952820000 ) ) ;
#3106 = CARTESIAN_POINT ( 'NONE',  ( 4.576446438632645600, -8.552704471451894700, 1.583720050540679700 ) ) ;
#3107 = EDGE_CURVE ( 'NONE', #5707, #6502, #400, .T. ) ;
#3108 = DIRECTION ( 'NONE',  ( 6.002403643491457100E-018, 0.04901334529817547000, -0.9987981237380663100 ) ) ;
#3109 = VECTOR ( 'NONE', #3761, 1000.000000000000000 ) ;
#3110 = CARTESIAN_POINT ( 'NONE',  ( -10.77508558524239900, -4.018399013375990600, 1.399999999999999900 ) ) ;
#3111 = CARTESIAN_POINT ( 'NONE',  ( 10.70542615555186600, 3.918399013376000300, 1.500000000000000000 ) ) ;
#3112 = CARTESIAN_POINT ( 'NONE',  ( -14.15545311535570100, -0.2383990133759980000, 1.399999999999999900 ) ) ;
#3113 = CYLINDRICAL_SURFACE ( 'NONE', #6041, 0.09999999999999982500 ) ;
#3114 = VERTEX_POINT ( 'NONE', #3735 ) ;
#3115 = CARTESIAN_POINT ( 'NONE',  ( 14.15545311535570100, -0.2383990133759960100, 1.500000000000000000 ) ) ;
#3116 = EDGE_CURVE ( 'NONE', #6245, #6646, #1788, .T. ) ;
#3117 = AXIS2_PLACEMENT_3D ( 'NONE', #5346, #6476, #5979 ) ;
#3118 = CARTESIAN_POINT ( 'NONE',  ( -0.02888602821236449900, 0.08890205348357410600, 1.366780907576699900 ) ) ;
#3119 = FACE_BOUND ( 'NONE', #4596, .T. ) ;
#3120 = CARTESIAN_POINT ( 'NONE',  ( -1.072882848195534100, -9.482935660054460300, 1.446550831950642400 ) ) ;
#3121 = CARTESIAN_POINT ( 'NONE',  ( -0.4194788675755999900, 1.560894967531437400, 9.040507860752555300 ) ) ;
#3122 = ORIENTED_EDGE ( 'NONE', *, *, #5423, .T. ) ;
#3123 = DIRECTION ( 'NONE',  ( -1.000000000000000000, 0.0000000000000000000, 0.0000000000000000000 ) ) ;
#3124 = DIRECTION ( 'NONE',  ( -1.000000000000000000, 0.0000000000000000000, -0.0000000000000000000 ) ) ;
#3125 = CARTESIAN_POINT ( 'NONE',  ( -3.524611352227017900, -7.195858480146379900, 9.818678063566084200 ) ) ;
#3126 = CARTESIAN_POINT ( 'NONE',  ( -5.915975933698697500, 6.050998876583362200, 4.165935625340008400 ) ) ;
#3127 = VERTEX_POINT ( 'NONE', #346 ) ;
#3128 = CARTESIAN_POINT ( 'NONE',  ( 5.403993294443081300, -5.980380534532600700, 1.314579482943366800 ) ) ;
#3129 = ORIENTED_EDGE ( 'NONE', *, *, #2282, .T. ) ;
#3130 = CARTESIAN_POINT ( 'NONE',  ( -1.273025089166299300, -0.08111697077312392300, 9.528024968268802300 ) ) ;
#3131 = ORIENTED_EDGE ( 'NONE', *, *, #577, .F. ) ;
#3132 = CARTESIAN_POINT ( 'NONE',  ( -10.70582023461626700, -3.918962932418552600, 1.500000000000000000 ) ) ;
#3133 = FACE_OUTER_BOUND ( 'NONE', #4804, .T. ) ;
#3134 = DIRECTION ( 'NONE',  ( -1.000000000000000000, 0.0000000000000000000, 0.0000000000000000000 ) ) ;
#3135 = ORIENTED_EDGE ( 'NONE', *, *, #6532, .T. ) ;
#3136 = ORIENTED_EDGE ( 'NONE', *, *, #3723, .F. ) ;
#3137 = VERTEX_POINT ( 'NONE', #1928 ) ;
#3138 = TOROIDAL_SURFACE ( 'NONE', #316, 2.010000000000000200, 0.05000000000000000300 ) ;
#3139 = ORIENTED_EDGE ( 'NONE', *, *, #4820, .F. ) ;
#3140 = CARTESIAN_POINT ( 'NONE',  ( 1.273058886655809500, -9.663098918667703400, 10.00000000000000500 ) ) ;
#3141 = FACE_OUTER_BOUND ( 'NONE', #1487, .T. ) ;
#3142 = DIRECTION ( 'NONE',  ( -0.0000000000000000000, -0.0000000000000000000, 1.000000000000000000 ) ) ;
#3143 = CARTESIAN_POINT ( 'NONE',  ( 0.0000000000000000000, 0.0000000000000000000, 1.583721891830338400 ) ) ;
#3144 = DIRECTION ( 'NONE',  ( -0.0000000000000000000, -0.0000000000000000000, 1.000000000000000000 ) ) ;
#3145 = ORIENTED_EDGE ( 'NONE', *, *, #989, .T. ) ;
#3146 = ORIENTED_EDGE ( 'NONE', *, *, #1230, .T. ) ;
#3147 = CARTESIAN_POINT ( 'NONE',  ( 8.639093634219294800, 1.671174263167181800, 10.96095955101659800 ) ) ;
#3148 = FACE_OUTER_BOUND ( 'NONE', #3065, .T. ) ;
#3149 = EDGE_LOOP ( 'NONE', ( #4760, #1285, #3777, #7005 ) ) ;
#3150 = CYLINDRICAL_SURFACE ( 'NONE', #1001, 0.1000000000000002600 ) ;
#3151 = CARTESIAN_POINT ( 'NONE',  ( 14.15545311535570100, -0.2383990133759960100, 0.1000000000000000500 ) ) ;
#3152 = CARTESIAN_POINT ( 'NONE',  ( 0.4194788675756001600, 1.560894967531437000, 9.040507860752555300 ) ) ;
#3153 = DIRECTION ( 'NONE',  ( 0.0000000000000000000, 0.0000000000000000000, -1.000000000000000000 ) ) ;
#3154 = FACE_BOUND ( 'NONE', #2619, .T. ) ;
#3155 = UNCERTAINTY_MEASURE_WITH_UNIT (LENGTH_MEASURE( 1.000000000000000100E-005 ), #958, 'distance_accuracy_value', 'NONE');
#3156 = DIRECTION ( 'NONE',  ( -0.9510565162951534200, 0.3090169943749478400, 0.0000000000000000000 ) ) ;
#3157 = ORIENTED_EDGE ( 'NONE', *, *, #2686, .T. ) ;
#3158 = EDGE_CURVE ( 'NONE', #5487, #3907, #7085, .T. ) ;
#3159 = FACE_OUTER_BOUND ( 'NONE', #6133, .T. ) ;
#3160 = ORIENTED_EDGE ( 'NONE', *, *, #1969, .T. ) ;
#3161 = CARTESIAN_POINT ( 'NONE',  ( 9.728040106252768400, 19.45608021250553700, 10.53140954703218800 ) ) ;
#3162 = EDGE_CURVE ( 'NONE', #2768, #5286, #1032, .T. ) ;
#3163 = CARTESIAN_POINT ( 'NONE',  ( 1.034051604040980000, -7.978187267637380800, 4.171429039665429900 ) ) ;
#3164 = VERTEX_POINT ( 'NONE', #1383 ) ;
#3165 = ORIENTED_EDGE ( 'NONE', *, *, #5060, .T. ) ;
#3166 = CARTESIAN_POINT ( 'NONE',  ( -0.1622339415461895300, -1.273126481634798700, 9.528024968268800500 ) ) ;
#3167 = AXIS2_PLACEMENT_3D ( 'NONE', #4035, #2221, #1126 ) ;
#3168 = UNCERTAINTY_MEASURE_WITH_UNIT (LENGTH_MEASURE( 1.000000000000000100E-005 ), #3678, 'distance_accuracy_value', 'NONE');
#3169 = CARTESIAN_POINT ( 'NONE',  ( 0.0000000000000000000, 0.0000000000000000000, 0.0000000000000000000 ) ) ;
#3170 = DIRECTION ( 'NONE',  ( 0.0000000000000000000, 1.000000000000000000, 0.0000000000000000000 ) ) ;
#3171 = ORIENTED_EDGE ( 'NONE', *, *, #1103, .F. ) ;
#3172 = EDGE_CURVE ( 'NONE', #4419, #3464, #3500, .T. ) ;
#3173 = ORIENTED_EDGE ( 'NONE', *, *, #991, .T. ) ;
#3174 = CARTESIAN_POINT ( 'NONE',  ( -4.743081485268650300, 2.831521778904960000, -37.10965223203719900 ) ) ;
#3175 = CARTESIAN_POINT ( 'NONE',  ( 4.601006510872280400, -13.38896657989420000, 1.583721891830310000 ) ) ;
#3176 = ORIENTED_EDGE ( 'NONE', *, *, #7102, .F. ) ;
#3177 = CARTESIAN_POINT ( 'NONE',  ( 6.432827244698070300, 7.044167963942690000, 1.583721891830319300 ) ) ;
#3178 = AXIS2_PLACEMENT_3D ( 'NONE', #6457, #5902, #5280 ) ;
#3179 = CARTESIAN_POINT ( 'NONE',  ( 0.6713748129516629000, 8.780779078422956000, 10.96095955101660400 ) ) ;
#3180 = CARTESIAN_POINT ( 'NONE',  ( -9.583550025020263900, 1.775310834413034400, 10.00000000000000400 ) ) ;
#3181 = PLANE ( 'NONE',  #3178 ) ;
#3182 = DIRECTION ( 'NONE',  ( -1.000000000000000000, 0.0000000000000000000, 0.0000000000000000000 ) ) ;
#3183 = CARTESIAN_POINT ( 'NONE',  ( 17.83545311535569800, -0.2383990133759972000, 1.500000000000000000 ) ) ;
#3184 = CARTESIAN_POINT ( 'NONE',  ( -6.636200571007226000, -6.862781011166664100, 1.464367221300407100 ) ) ;
#3185 = AXIS2_PLACEMENT_3D ( 'NONE', #4489, #4802, #3874 ) ;
#3186 = CARTESIAN_POINT ( 'NONE',  ( 0.0000000000000000000, 0.0000000000000000000, 10.00000000000039800 ) ) ;
#3187 = DIRECTION ( 'NONE',  ( -1.000000000000000000, 0.0000000000000000000, 0.0000000000000000000 ) ) ;
#3188 = CARTESIAN_POINT ( 'NONE',  ( 10.70582023461626300, 3.918962932418564200, -3.023808392939082300E-019 ) ) ;
#3189 = CARTESIAN_POINT ( 'NONE',  ( 0.6323385755806874000, -1.118778287542236100, 9.528024968268804100 ) ) ;
#3190 = DIRECTION ( 'NONE',  ( 0.0000000000000000000, 0.0000000000000000000, -1.000000000000000000 ) ) ;
#3191 = CARTESIAN_POINT ( 'NONE',  ( 6.709753309980821500, -7.069326004652181100, 10.00000000000000400 ) ) ;
#3192 = DIRECTION ( 'NONE',  ( -1.000000000000000000, -1.224646799147321200E-016, 0.0000000000000000000 ) ) ;
#3193 = DIRECTION ( 'NONE',  ( -1.000000000000000000, 0.0000000000000000000, 0.0000000000000000000 ) ) ;
#3194 = DIRECTION ( 'NONE',  ( 0.0000000000000000000, 0.0000000000000000000, -1.000000000000000000 ) ) ;
#3195 = VERTEX_POINT ( 'NONE', #6581 ) ;
#3196 = CARTESIAN_POINT ( 'NONE',  ( -10.76742563487570200, -4.007370204118887000, 0.05345077824234224800 ) ) ;
#3197 = CARTESIAN_POINT ( 'NONE',  ( 8.168228828859080100, 3.272115302485278500, 10.96095955101659800 ) ) ;
#3198 = CARTESIAN_POINT ( 'NONE',  ( -9.474893350793907500, -1.128755730590303500, 1.499999999999969600 ) ) ;
#3199 = EDGE_CURVE ( 'NONE', #5783, #2933, #860, .T. ) ;
#3200 = CARTESIAN_POINT ( 'NONE',  ( 8.577591355098665100, -4.190685835373848500, 1.464367221300407100 ) ) ;
#3201 = CARTESIAN_POINT ( 'NONE',  ( -7.295575644212215500, 6.896358858841475500, 1.583721891830310000 ) ) ;
#3202 = EDGE_LOOP ( 'NONE', ( #4391, #7134, #6418, #3961 ) ) ;
#3203 =( BOUNDED_CURVE ( )  B_SPLINE_CURVE ( 3, ( #5869, #875, #2585, #1428 ),
 .UNSPECIFIED., .F., .F. ) 
 B_SPLINE_CURVE_WITH_KNOTS ( ( 4, 4 ),
 ( 6.098062368607421600, 6.468196532739837900 ),
 .UNSPECIFIED. ) 
 CURVE ( )  GEOMETRIC_REPRESENTATION_ITEM ( )  RATIONAL_B_SPLINE_CURVE ( ( 1.000000000000000000, 0.9886159392700610800, 0.9886159392700610800, 1.000000000000000000 ) ) 
 REPRESENTATION_ITEM ( '' )  );
#3204 = FACE_OUTER_BOUND ( 'NONE', #1703, .T. ) ;
#3205 = EDGE_CURVE ( 'NONE', #3659, #593, #1255, .T. ) ;
#3206 = DIRECTION ( 'NONE',  ( 0.0000000000000000000, 0.0000000000000000000, -1.000000000000000000 ) ) ;
#3207 = EDGE_CURVE ( 'NONE', #4001, #3673, #6280, .T. ) ;
#3208 = CIRCLE ( 'NONE', #2610, 9.728040106252720400 ) ;
#3209 = CARTESIAN_POINT ( 'NONE',  ( -10.77214837553961700, -4.014169387606634700, 1.428775604593511800 ) ) ;
#3210 = EDGE_CURVE ( 'NONE', #966, #1633, #7087, .T. ) ;
#3211 = LINE ( 'NONE', #1498, #6052 ) ;
#3212 = ORIENTED_EDGE ( 'NONE', *, *, #2035, .T. ) ;
#3213 = EDGE_LOOP ( 'NONE', ( #5790, #6223, #2795, #4838, #3323 ) ) ;
#3214 = PLANE ( 'NONE',  #1833 ) ;
#3215 = ORIENTED_EDGE ( 'NONE', *, *, #3927, .F. ) ;
#3216 = CARTESIAN_POINT ( 'NONE',  ( -10.70542615555186900, -3.918399013375990100, 0.0000000000000000000 ) ) ;
#3217 = EDGE_CURVE ( 'NONE', #5932, #5714, #76, .T. ) ;
#3218 = VERTEX_POINT ( 'NONE', #1022 ) ;
#3219 = AXIS2_PLACEMENT_3D ( 'NONE', #4143, #3170, #3598 ) ;
#3220 = CARTESIAN_POINT ( 'NONE',  ( -1.602606525749113100, 1.962626952051311900E-016, 9.040507860756537900 ) ) ;
#3221 = DIRECTION ( 'NONE',  ( -1.000000000000000000, 0.0000000000000000000, -0.0000000000000000000 ) ) ;
#3222 = CARTESIAN_POINT ( 'NONE',  ( -1.072882848195534100, -9.482935660054460300, 1.446550831950642400 ) ) ;
#3223 = ORIENTED_EDGE ( 'NONE', *, *, #5539, .T. ) ;
#3224 = CARTESIAN_POINT ( 'NONE',  ( 1.602606525749112900, -1.962626952053152200E-016, 9.040507860756537900 ) ) ;
#3225 = CARTESIAN_POINT ( 'NONE',  ( 7.301953108523394900, 6.895644224241547900, 1.500000407994915200 ) ) ;
#3226 = ORIENTED_EDGE ( 'NONE', *, *, #6871, .F. ) ;
#3227 = ORIENTED_EDGE ( 'NONE', *, *, #2810, .F. ) ;
#3228 = VERTEX_POINT ( 'NONE', #2701 ) ;
#3229 = ORIENTED_EDGE ( 'NONE', *, *, #104, .F. ) ;
#3230 = DIRECTION ( 'NONE',  ( 0.0000000000000000000, 0.0000000000000000000, -1.000000000000000000 ) ) ;
#3231 = VECTOR ( 'NONE', #1341, 1000.000000000000000 ) ;
#3232 = ORIENTED_EDGE ( 'NONE', *, *, #3676, .T. ) ;
#3233 = ORIENTED_EDGE ( 'NONE', *, *, #4200, .T. ) ;
#3234 = ORIENTED_EDGE ( 'NONE', *, *, #1921, .T. ) ;
#3235 = CIRCLE ( 'NONE', #2691, 0.9000000000000014700 ) ;
#3236 = DIRECTION ( 'NONE',  ( -1.000000000000000000, 0.0000000000000000000, 0.0000000000000000000 ) ) ;
#3237 = CARTESIAN_POINT ( 'NONE',  ( 7.357605642763090300, 3.291463818695699500, 1.314579482943356600 ) ) ;
#3238 = FACE_OUTER_BOUND ( 'NONE', #2254, .T. ) ;
#3239 = APPLICATION_CONTEXT ( 'automotive_design' ) ;
#3240 = CONICAL_SURFACE ( 'NONE', #6841, 10.04342375286479500, 0.03490658503988655600 ) ;
#3241 = ORIENTED_EDGE ( 'NONE', *, *, #6380, .F. ) ;
#3242 = ORIENTED_EDGE ( 'NONE', *, *, #3732, .F. ) ;
#3243 = CARTESIAN_POINT ( 'NONE',  ( 14.15545311535570100, -0.2383990133759960100, 0.1000000000000000500 ) ) ;
#3244 = CIRCLE ( 'NONE', #3855, 11.50000000000000000 ) ;
#3245 = ORIENTED_EDGE ( 'NONE', *, *, #5112, .T. ) ;
#3246 = PLANE ( 'NONE',  #6454 ) ;
#3247 = ADVANCED_FACE ( 'NONE', ( #4163 ), #4923, .T. ) ;
#3248 = CARTESIAN_POINT ( 'NONE',  ( -9.474893350793951900, -1.128755730590300000, 1.499999999999970000 ) ) ;
#3249 = LINE ( 'NONE', #496, #4594 ) ;
#3250 = CARTESIAN_POINT ( 'NONE',  ( 0.05647524154837292600, -14.81737528024190100, 1.500000000000000000 ) ) ;
#3251 = ORIENTED_EDGE ( 'NONE', *, *, #2372, .F. ) ;
#3252 = CARTESIAN_POINT ( 'NONE',  ( -1.595759246558250000, -9.411728509552526500, 1.482183610650190700 ) ) ;
#3253 = FACE_OUTER_BOUND ( 'NONE', #3021, .T. ) ;
#3254 = VERTEX_POINT ( 'NONE', #4367 ) ;
#3255 = CARTESIAN_POINT ( 'NONE',  ( 0.0000000000000000000, 0.0000000000000000000, 0.1000000000000000500 ) ) ;
#3256 = EDGE_CURVE ( 'NONE', #1634, #4787, #5293, .T. ) ;
#3257 = CARTESIAN_POINT ( 'NONE',  ( -8.335450537126829900, 1.069829293432932100, 9.806355243554739000 ) ) ;
#3258 = VERTEX_POINT ( 'NONE', #1532 ) ;
#3259 = CARTESIAN_POINT ( 'NONE',  ( -6.007045176754300700, 6.436833851303313200, 10.96095955101660200 ) ) ;
#3260 = EDGE_CURVE ( 'NONE', #61, #2777, #3796, .T. ) ;
#3261 = EDGE_CURVE ( 'NONE', #3891, #2707, #670, .T. ) ;
#3262 = AXIS2_PLACEMENT_3D ( 'NONE', #2515, #6410, #5242 ) ;
#3263 = DIRECTION ( 'NONE',  ( -0.9984727763649643400, 0.0000000000000000000, -0.05524594879300957800 ) ) ;
#3264 = EDGE_LOOP ( 'NONE', ( #2226, #1533, #822, #517, #4264 ) ) ;
#3265 = CARTESIAN_POINT ( 'NONE',  ( 8.799169842991782200, -0.2691890897430252400, 10.96095955101660200 ) ) ;
#3266 = CARTESIAN_POINT ( 'NONE',  ( 0.0000000000000000000, 0.0000000000000000000, 10.53140954703218800 ) ) ;
#3267 = AXIS2_PLACEMENT_3D ( 'NONE', #2175, #5491, #5473 ) ;
#3268 = CARTESIAN_POINT ( 'NONE',  ( -9.151576633373499800, -1.634954171218490100, 10.00000000000040000 ) ) ;
#3269 = CARTESIAN_POINT ( 'NONE',  ( 6.114691259157030600, -5.764964976403909700, 9.806355243554639500 ) ) ;
#3270 = B_SPLINE_CURVE_WITH_KNOTS ( 'NONE', 3,
 ( #5143, #786, #1236, #6349 ),
 .UNSPECIFIED., .F., .F.,
 ( 4, 4 ),
 ( 0.0000000000000000000, 1.000000000000000000 ),
 .UNSPECIFIED. ) ;
#3271 = B_SPLINE_CURVE_WITH_KNOTS ( 'NONE', 3,
 ( #6348, #6872, #293, #4153 ),
 .UNSPECIFIED., .F., .F.,
 ( 4, 4 ),
 ( 0.0000000000000000000, 1.000000000000000000 ),
 .UNSPECIFIED. ) ;
#3272 = CARTESIAN_POINT ( 'NONE',  ( 3.524611352227017900, 7.195858480146379000, 9.818678063566080600 ) ) ;
#3273 = AXIS2_PLACEMENT_3D ( 'NONE', #1309, #5218, #1331 ) ;
#3274 = CARTESIAN_POINT ( 'NONE',  ( 8.796756363386895900, -4.196812733975962200, 10.00000000000002300 ) ) ;
#3275 = VERTEX_POINT ( 'NONE', #1513 ) ;
#3276 = DIRECTION ( 'NONE',  ( -1.000000000000000000, 0.0000000000000000000, 0.0000000000000000000 ) ) ;
#3277 = ADVANCED_FACE ( 'NONE', ( #1182 ), #7110, .T. ) ;
#3278 = DIRECTION ( 'NONE',  ( 0.0000000000000000000, 0.0000000000000000000, -1.000000000000000000 ) ) ;
#3279 = ORIENTED_EDGE ( 'NONE', *, *, #6861, .F. ) ;
#3280 = B_SPLINE_CURVE_WITH_KNOTS ( 'NONE', 3,
 ( #4693, #1278, #4716, #5816 ),
 .UNSPECIFIED., .F., .F.,
 ( 4, 4 ),
 ( 0.0000000000000000000, 1.000000000000000000 ),
 .UNSPECIFIED. ) ;
#3281 = DIRECTION ( 'NONE',  ( 0.0000000000000000000, 0.0000000000000000000, -1.000000000000000000 ) ) ;
#3282 = CYLINDRICAL_SURFACE ( 'NONE', #3697, 10.04342387723020000 ) ;
#3283 = CARTESIAN_POINT ( 'NONE',  ( -0.05647524154837222500, -14.91737528024190100, 1.399999999999999900 ) ) ;
#3284 = CARTESIAN_POINT ( 'NONE',  ( -8.687254784475133100, 3.941214657181233400, 1.583721891830319300 ) ) ;
#3285 = EDGE_CURVE ( 'NONE', #4243, #5487, #5911, .T. ) ;
#3286 = FACE_OUTER_BOUND ( 'NONE', #4173, .T. ) ;
#3287 = CARTESIAN_POINT ( 'NONE',  ( -9.471857732831326300, 1.133789991550757000, 1.583721891830324200 ) ) ;
#3288 = CARTESIAN_POINT ( 'NONE',  ( -1.854392572402094900, -9.359963765724684100, 1.499999999999969100 ) ) ;
#3289 = LINE ( 'NONE', #6399, #1004 ) ;
#3290 = DIRECTION ( 'NONE',  ( 0.9500978300568703200, 0.0000000000000000000, 0.3119521010046678000 ) ) ;
#3291 = EDGE_CURVE ( 'NONE', #373, #3218, #2700, .T. ) ;
#3292 = VERTEX_POINT ( 'NONE', #56 ) ;
#3293 = B_SPLINE_CURVE_WITH_KNOTS ( 'NONE', 3,
 ( #2878, #6748, #5626, #2238 ),
 .UNSPECIFIED., .F., .F.,
 ( 4, 4 ),
 ( 0.0000000000000000000, 1.000000000000000000 ),
 .UNSPECIFIED. ) ;
#3294 = CARTESIAN_POINT ( 'NONE',  ( -4.941419269840411100, 7.281058389693587400, 10.96095955101660200 ) ) ;
#3295 = AXIS2_PLACEMENT_3D ( 'NONE', #5695, #2950, #6290 ) ;
#3296 = EDGE_CURVE ( 'NONE', #5865, #1449, #6762, .T. ) ;
#3297 = VECTOR ( 'NONE', #487, 1000.000000000000100 ) ;
#3298 = CARTESIAN_POINT ( 'NONE',  ( 6.158039997401958000, -6.309957775935372700, 9.999999999999998200 ) ) ;
#3299 = ORIENTED_EDGE ( 'NONE', *, *, #3583, .F. ) ;
#3300 = DIRECTION ( 'NONE',  ( 0.0000000000000000000, 0.0000000000000000000, -1.000000000000000000 ) ) ;
#3301 = AXIS2_PLACEMENT_3D ( 'NONE', #4432, #6058, #5562 ) ;
#3302 = ORIENTED_EDGE ( 'NONE', *, *, #6066, .F. ) ;
#3303 = ORIENTED_EDGE ( 'NONE', *, *, #6061, .F. ) ;
#3304 = PLANE ( 'NONE',  #1591 ) ;
#3305 = EDGE_LOOP ( 'NONE', ( #6497, #5426, #7016, #6862 ) ) ;
#3306 = CONICAL_SURFACE ( 'NONE', #1860, 6.974445124399153400, 1.253549353903464800 ) ;
#3307 = AXIS2_PLACEMENT_3D ( 'NONE', #5585, #1758, #5633 ) ;
#3308 = VERTEX_POINT ( 'NONE', #7054 ) ;
#3309 = ADVANCED_FACE ( 'NONE', ( #5093 ), #3872, .T. ) ;
#3310 = VERTEX_POINT ( 'NONE', #540 ) ;
#3311 = B_SPLINE_CURVE_WITH_KNOTS ( 'NONE', 3,
 ( #1118, #5472, #6189, #6676 ),
 .UNSPECIFIED., .F., .F.,
 ( 4, 4 ),
 ( 0.0000000000000000000, 1.000000000000000000 ),
 .UNSPECIFIED. ) ;
#3312 = ORIENTED_EDGE ( 'NONE', *, *, #2841, .F. ) ;
#3313 = CARTESIAN_POINT ( 'NONE',  ( -8.813341399473023000, -4.607558328598296200, 4.363140449427831400 ) ) ;
#3314 = LINE ( 'NONE', #1985, #521 ) ;
#3315 = ORIENTED_EDGE ( 'NONE', *, *, #4601, .T. ) ;
#3316 = CARTESIAN_POINT ( 'NONE',  ( 1.400335768088595700, -0.8071030644342759300, 9.040507860752557100 ) ) ;
#3317 = VECTOR ( 'NONE', #1593, 999.9999999999998900 ) ;
#3318 = CARTESIAN_POINT ( 'NONE',  ( -17.83545311535569800, -0.2383990133759980000, 0.0000000000000000000 ) ) ;
#3319 = TOROIDAL_SURFACE ( 'NONE', #3431, 3.680000000000000200, 0.1000000000000000100 ) ;
#3320 = ORIENTED_EDGE ( 'NONE', *, *, #654, .F. ) ;
#3321 = EDGE_LOOP ( 'NONE', ( #1043, #239, #3932, #1219, #4331 ) ) ;
#3322 = CIRCLE ( 'NONE', #4895, 11.40000000000000000 ) ;
#3323 = ORIENTED_EDGE ( 'NONE', *, *, #4373, .T. ) ;
#3324 = FACE_OUTER_BOUND ( 'NONE', #4577, .T. ) ;
#3325 = B_SPLINE_CURVE_WITH_KNOTS ( 'NONE', 3,
 ( #6034, #5523, #2210, #11 ),
 .UNSPECIFIED., .F., .F.,
 ( 4, 4 ),
 ( 0.0000000000000000000, 1.000000000000000000 ),
 .UNSPECIFIED. ) ;
#3326 = CARTESIAN_POINT ( 'NONE',  ( -2.502527545159201500, -11.22036427452671200, 0.07217995379132410800 ) ) ;
#3327 = FACE_OUTER_BOUND ( 'NONE', #2351, .T. ) ;
#3328 = ORIENTED_EDGE ( 'NONE', *, *, #1224, .T. ) ;
#3329 = CARTESIAN_POINT ( 'NONE',  ( -8.814399537076962300, 4.806743149136326400, 1.583721891836908300 ) ) ;
#3330 = CIRCLE ( 'NONE', #1992, 0.1000000000000000100 ) ;
#3331 = ORIENTED_EDGE ( 'NONE', *, *, #2084, .F. ) ;
#3332 = ORIENTED_EDGE ( 'NONE', *, *, #3615, .F. ) ;
#3333 = ORIENTED_EDGE ( 'NONE', *, *, #3457, .F. ) ;
#3334 = CIRCLE ( 'NONE', #1626, 1.034999999999999900 ) ;
#3335 = CARTESIAN_POINT ( 'NONE',  ( -9.838397804029385800, 1.452759107619094000, 4.363140449427830500 ) ) ;
#3336 = EDGE_CURVE ( 'NONE', #6839, #3228, #3991, .T. ) ;
#3337 = ORIENTED_EDGE ( 'NONE', *, *, #6811, .F. ) ;
#3338 = CARTESIAN_POINT ( 'NONE',  ( 8.346312680555380200, -4.452964956637051900, 4.402724244647665800 ) ) ;
#3339 = EDGE_LOOP ( 'NONE', ( #5446, #7010 ) ) ;
#3340 = DIRECTION ( 'NONE',  ( 0.0000000000000000000, -1.000000000000000000, 0.0000000000000000000 ) ) ;
#3341 = ORIENTED_EDGE ( 'NONE', *, *, #4191, .F. ) ;
#3342 = DIRECTION ( 'NONE',  ( 0.5877852522924734700, 0.8090169943749472300, -0.0000000000000000000 ) ) ;
#3343 = EDGE_CURVE ( 'NONE', #2969, #5528, #4564, .T. ) ;
#3344 = CARTESIAN_POINT ( 'NONE',  ( -9.282280378750751700, 1.136751495462539000E-015, 10.49159636633811800 ) ) ;
#3345 = CARTESIAN_POINT ( 'NONE',  ( -8.658767807362449900, 1.566027364625999200, 10.96095955101660000 ) ) ;
#3346 = EDGE_CURVE ( 'NONE', #3554, #101, #3973, .T. ) ;
#3347 = EDGE_CURVE ( 'NONE', #1366, #5611, #2725, .T. ) ;
#3348 = ORIENTED_EDGE ( 'NONE', *, *, #1716, .T. ) ;
#3349 = ADVANCED_FACE ( 'NONE', ( #6999 ), #3138, .T. ) ;
#3350 = AXIS2_PLACEMENT_3D ( 'NONE', #6950, #4679, #5857 ) ;
#3351 = DIRECTION ( 'NONE',  ( -0.6982542552415301800, 0.7132333124071920100, -0.06114930179291475800 ) ) ;
#3352 = EDGE_CURVE ( 'NONE', #3254, #2602, #1399, .T. ) ;
#3353 = DIRECTION ( 'NONE',  ( -0.4625527581531243500, -0.8844804739592157000, 0.06114930179338436100 ) ) ;
#3354 = DIRECTION ( 'NONE',  ( 0.0000000000000000000, 0.0000000000000000000, -1.000000000000000000 ) ) ;
#3355 = CARTESIAN_POINT ( 'NONE',  ( 3.627878617941370000, 8.148227620830200000, 1.500000000000000000 ) ) ;
#3356 = EDGE_LOOP ( 'NONE', ( #1372, #5617, #1565, #2277 ) ) ;
#3357 = CARTESIAN_POINT ( 'NONE',  ( 8.339870583656130900, -1.595905741786219900, 1.300721701513740000 ) ) ;
#3358 = DIRECTION ( 'NONE',  ( -0.0000000000000000000, 0.0000000000000000000, 1.000000000000000000 ) ) ;
#3359 = CARTESIAN_POINT ( 'NONE',  ( -1.847456748005219100, -9.868473426794917500, 1.583730864882143500 ) ) ;
#3360 = CARTESIAN_POINT ( 'NONE',  ( -4.705949272254816400, 8.302480821155148400, 1.446550831950642600 ) ) ;
#3361 = EDGE_LOOP ( 'NONE', ( #166, #6536, #1558, #4848, #5099, #2761, #1073 ) ) ;
#3362 = DIRECTION ( 'NONE',  ( -0.0000000000000000000, -1.000000000000000000, -0.0000000000000000000 ) ) ;
#3363 = CARTESIAN_POINT ( 'NONE',  ( -1.273058886655809900, 8.724468168020109700, 10.00000000000000000 ) ) ;
#3364 = FACE_OUTER_BOUND ( 'NONE', #1712, .T. ) ;
#3365 = CARTESIAN_POINT ( 'NONE',  ( -4.705949272254816400, 8.302480821155148400, 1.446550831950642600 ) ) ;
#3366 = LINE ( 'NONE', #6791, #2397 ) ;
#3367 = CARTESIAN_POINT ( 'NONE',  ( 1.462090984936127400, 9.263324237528962600, 7.236057577981147100 ) ) ;
#3368 = VERTEX_POINT ( 'NONE', #1649 ) ;
#3369 = ADVANCED_FACE ( 'NONE', ( #153 ), #6923, .T. ) ;
#3370 = ORIENTED_EDGE ( 'NONE', *, *, #5539, .F. ) ;
#3371 = EDGE_CURVE ( 'NONE', #246, #1357, #2541, .T. ) ;
#3372 = CARTESIAN_POINT ( 'NONE',  ( -1.400335768088596200, -0.8071030644342744900, 9.040507860752557100 ) ) ;
#3373 = EDGE_CURVE ( 'NONE', #2768, #3884, #3662, .T. ) ;
#3374 = PLANE ( 'NONE',  #4559 ) ;
#3375 = CARTESIAN_POINT ( 'NONE',  ( 0.05647524154837235700, 14.81737528024190100, 1.500000000000000000 ) ) ;
#3376 = EDGE_CURVE ( 'NONE', #3137, #3684, #116, .T. ) ;
#3377 = ORIENTED_EDGE ( 'NONE', *, *, #490, .T. ) ;
#3378 = EDGE_LOOP ( 'NONE', ( #1017, #2018, #4471, #5708 ) ) ;
#3379 = CARTESIAN_POINT ( 'NONE',  ( 2.406475241548370100, -11.14310894283165100, 1.500000000000000000 ) ) ;
#3380 = CARTESIAN_POINT ( 'NONE',  ( -8.116333304052899300, -2.692405698936160000, 9.909339031783240200 ) ) ;
#3381 = AXIS2_PLACEMENT_3D ( 'NONE', #6324, #837, #3032 ) ;
#3382 = VERTEX_POINT ( 'NONE', #1713 ) ;
#3383 = EDGE_LOOP ( 'NONE', ( #5486, #6641, #1550, #6408 ) ) ;
#3384 = EDGE_LOOP ( 'NONE', ( #4651, #1260, #2099, #1031 ) ) ;
#3385 = EDGE_LOOP ( 'NONE', ( #5627, #5990, #1110, #6927 ) ) ;
#3386 = ORIENTED_EDGE ( 'NONE', *, *, #2241, .T. ) ;
#3387 = DIRECTION ( 'NONE',  ( -1.000000000000000000, 1.224646799147353200E-016, 0.0000000000000000000 ) ) ;
#3388 = AXIS2_PLACEMENT_3D ( 'NONE', #4231, #5973, #915 ) ;
#3389 = FACE_OUTER_BOUND ( 'NONE', #1899, .T. ) ;
#3390 = LINE ( 'NONE', #1402, #4661 ) ;
#3391 = AXIS2_PLACEMENT_3D ( 'NONE', #4301, #6522, #403 ) ;
#3392 = ORIENTED_EDGE ( 'NONE', *, *, #1065, .F. ) ;
#3393 = ORIENTED_EDGE ( 'NONE', *, *, #4296, .T. ) ;
#3394 = ORIENTED_EDGE ( 'NONE', *, *, #3667, .F. ) ;
#3395 = DIRECTION ( 'NONE',  ( -1.000000000000000000, 0.0000000000000000000, 0.0000000000000000000 ) ) ;
#3396 = FACE_OUTER_BOUND ( 'NONE', #3485, .T. ) ;
#3397 = LINE ( 'NONE', #1312, #6161 ) ;
#3398 = CARTESIAN_POINT ( 'NONE',  ( -6.709753309980816200, 7.069326004652187300, 10.00000000000000400 ) ) ;
#3399 = AXIS2_PLACEMENT_3D ( 'NONE', #1002, #2612, #3221 ) ;
#3400 = LINE ( 'NONE', #5828, #4488 ) ;
#3401 = ORIENTED_EDGE ( 'NONE', *, *, #1967, .F. ) ;
#3402 = VERTEX_POINT ( 'NONE', #5140 ) ;
#3403 = DIRECTION ( 'NONE',  ( 0.0000000000000000000, 0.0000000000000000000, -1.000000000000000000 ) ) ;
#3404 = TOROIDAL_SURFACE ( 'NONE', #4018, 2.350000000000000500, 0.1000000000000000100 ) ;
#3405 = ORIENTED_EDGE ( 'NONE', *, *, #1581, .F. ) ;
#3406 = CARTESIAN_POINT ( 'NONE',  ( -7.175971614602396200, -3.601676939634203700, 7.006894107161806500 ) ) ;
#3407 = CARTESIAN_POINT ( 'NONE',  ( 1.034999999999999900, 12.46737528024190000, -4.404571325722361800E-017 ) ) ;
#3408 = CARTESIAN_POINT ( 'NONE',  ( -10.77508558524241000, 4.018399013376000400, 1.399999999999999900 ) ) ;
#3409 = LINE ( 'NONE', #1347, #4789 ) ;
#3410 = EDGE_LOOP ( 'NONE', ( #5403, #1623, #6330, #2153 ) ) ;
#3411 = ADVANCED_FACE ( 'NONE', ( #1170 ), #2167, .T. ) ;
#3412 = CARTESIAN_POINT ( 'NONE',  ( -1.034999999999999900, -12.46737528024190000, 1.450000000000000200 ) ) ;
#3413 = CARTESIAN_POINT ( 'NONE',  ( -9.728040106252764800, -19.45608021250554000, 10.53140954703218800 ) ) ;
#3414 = DIRECTION ( 'NONE',  ( 0.0000000000000000000, 0.0000000000000000000, -1.000000000000000000 ) ) ;
#3415 = EDGE_LOOP ( 'NONE', ( #5462, #6495, #1916, #3337 ) ) ;
#3416 = EDGE_CURVE ( 'NONE', #2513, #4591, #354, .T. ) ;
#3417 = VERTEX_POINT ( 'NONE', #1779 ) ;
#3418 = CARTESIAN_POINT ( 'NONE',  ( 8.339870583656129100, -1.595905741786221200, 1.300721701513774200 ) ) ;
#3419 = CARTESIAN_POINT ( 'NONE',  ( 4.261988919887263800, -8.353582251021443000, 7.236057577982498900 ) ) ;
#3420 = CARTESIAN_POINT ( 'NONE',  ( 0.05647524154837292600, -14.81737528024190100, 1.399999999999999900 ) ) ;
#3421 = CARTESIAN_POINT ( 'NONE',  ( -10.77214837553961100, 4.014169387606645300, 1.428775604593511800 ) ) ;
#3422 = CARTESIAN_POINT ( 'NONE',  ( -1.848666648172068600, 9.867503286763067600, 1.583721891830309800 ) ) ;
#3423 = EDGE_CURVE ( 'NONE', #4867, #3258, #6049, .T. ) ;
#3424 = CARTESIAN_POINT ( 'NONE',  ( -2.406475241548370100, -12.46737528024190000, 1.399999999999999900 ) ) ;
#3425 = CARTESIAN_POINT ( 'NONE',  ( -9.151576633373469600, 1.634954171218459000, 10.00000000000019700 ) ) ;
#3426 = EDGE_CURVE ( 'NONE', #3137, #4854, #6419, .T. ) ;
#3427 = CARTESIAN_POINT ( 'NONE',  ( 0.05647524154837250300, 12.46737528024190000, 1.500000000000000000 ) ) ;
#3428 = CARTESIAN_POINT ( 'NONE',  ( -6.441910186581992500, -7.041231389941385600, 1.446550831950642600 ) ) ;
#3429 = CARTESIAN_POINT ( 'NONE',  ( 0.6324170786031486600, -10.10037988529068700, 1.499998324696410400 ) ) ;
#3430 = ORIENTED_EDGE ( 'NONE', *, *, #146, .T. ) ;
#3431 = AXIS2_PLACEMENT_3D ( 'NONE', #304, #2511, #359 ) ;
#3432 = AXIS2_PLACEMENT_3D ( 'NONE', #5449, #6006, #3845 ) ;
#3433 = DIRECTION ( 'NONE',  ( -1.000000000000000000, -2.565879982758370200E-016, 0.0000000000000000000 ) ) ;
#3434 = ORIENTED_EDGE ( 'NONE', *, *, #6284, .F. ) ;
#3435 = ADVANCED_FACE ( 'NONE', ( #3042 ), #2308, .T. ) ;
#3436 = DIRECTION ( 'NONE',  ( 1.000000000000000000, 0.0000000000000000000, 0.0000000000000000000 ) ) ;
#3437 = CARTESIAN_POINT ( 'NONE',  ( -4.305666286085716400, 9.069710950954082300, 1.583721891836907800 ) ) ;
#3438 = CIRCLE ( 'NONE', #36, 9.746597336550346200 ) ;
#3439 = CARTESIAN_POINT ( 'NONE',  ( 1.395758022308838200, -8.317094238533087500, 7.001146806019925800 ) ) ;
#3440 = CARTESIAN_POINT ( 'NONE',  ( 14.15545311535570100, 3.918399013375997600, 0.0000000000000000000 ) ) ;
#3441 = FACE_OUTER_BOUND ( 'NONE', #2405, .T. ) ;
#3442 = DIRECTION ( 'NONE',  ( -0.05520149903585511900, 0.04010623665919572200, 0.9976694263558602000 ) ) ;
#3443 = FACE_OUTER_BOUND ( 'NONE', #892, .T. ) ;
#3444 = CARTESIAN_POINT ( 'NONE',  ( 10.77508558524241000, 4.018399013376003000, 1.399999999999999900 ) ) ;
#3445 = DIRECTION ( 'NONE',  ( -1.000000000000000000, 0.0000000000000000000, 0.0000000000000000000 ) ) ;
#3446 = EDGE_CURVE ( 'NONE', #4983, #3891, #4511, .T. ) ;
#3447 = CYLINDRICAL_SURFACE ( 'NONE', #2499, 0.1000000000000002600 ) ;
#3448 = ORIENTED_EDGE ( 'NONE', *, *, #5432, .F. ) ;
#3449 = CARTESIAN_POINT ( 'NONE',  ( 3.376553614952893400, -8.125635463008871200, 10.96095955101659800 ) ) ;
#3450 = CARTESIAN_POINT ( 'NONE',  ( 1.655868880184897300, 9.313856908836013900, 4.402724244647667500 ) ) ;
#3451 = EDGE_CURVE ( 'NONE', #6600, #2062, #5823, .T. ) ;
#3452 = ORIENTED_EDGE ( 'NONE', *, *, #4701, .F. ) ;
#3453 = VERTEX_POINT ( 'NONE', #85 ) ;
#3454 = ORIENTED_EDGE ( 'NONE', *, *, #909, .T. ) ;
#3455 = CARTESIAN_POINT ( 'NONE',  ( -7.295575644212215500, 6.896358858841475500, 1.583721891830310000 ) ) ;
#3456 = CARTESIAN_POINT ( 'NONE',  ( 2.502527545159200600, -11.22036427452671200, 0.07217995379132412200 ) ) ;
#3457 = EDGE_CURVE ( 'NONE', #2322, #2696, #3468, .T. ) ;
#3458 = ORIENTED_EDGE ( 'NONE', *, *, #4453, .F. ) ;
#3459 = CARTESIAN_POINT ( 'NONE',  ( -1.207901142964726200, 7.937733947411989500, 7.006894107161887300 ) ) ;
#3460 = CARTESIAN_POINT ( 'NONE',  ( 10.77508558524241000, 3.918399013376000300, 1.500000000000000000 ) ) ;
#3461 = DIRECTION ( 'NONE',  ( 6.776263578034443400E-017, -1.000000000000000000, 0.0000000000000000000 ) ) ;
#3462 = EDGE_CURVE ( 'NONE', #914, #4001, #895, .T. ) ;
#3463 = COLOUR_RGB ( '',0.2509803921568627400, 0.2509803921568627400, 0.2509803921568627400 ) ;
#3464 = VERTEX_POINT ( 'NONE', #1262 ) ;
#3465 = ORIENTED_EDGE ( 'NONE', *, *, #5940, .T. ) ;
#3466 = CARTESIAN_POINT ( 'NONE',  ( -0.08111697077318276400, 1.273025089166282700, 9.528024968268802300 ) ) ;
#3467 = ORIENTED_EDGE ( 'NONE', *, *, #6642, .T. ) ;
#3468 = LINE ( 'NONE', #5082, #6074 ) ;
#3469 = ORIENTED_EDGE ( 'NONE', *, *, #7145, .F. ) ;
#3470 = B_SPLINE_CURVE_WITH_KNOTS ( 'NONE', 3,
 ( #1975, #810, #6954, #6392 ),
 .UNSPECIFIED., .F., .F.,
 ( 4, 4 ),
 ( 0.0000000000000000000, 1.000000000000000000 ),
 .UNSPECIFIED. ) ;
#3471 = CIRCLE ( 'NONE', #655, 0.09999999999999939500 ) ;
#3472 = CARTESIAN_POINT ( 'NONE',  ( 17.93545311535569900, -0.2383990133759966700, 1.399999999999999900 ) ) ;
#3473 = ADVANCED_FACE ( 'NONE', ( #1451 ), #7155, .T. ) ;
#3474 = CARTESIAN_POINT ( 'NONE',  ( 10.70542615555186600, 3.918399013376000300, 1.500000000000000000 ) ) ;
#3475 = FACE_OUTER_BOUND ( 'NONE', #6412, .T. ) ;
#3476 = EDGE_CURVE ( 'NONE', #2975, #1478, #1543, .T. ) ;
#3477 = ORIENTED_EDGE ( 'NONE', *, *, #1538, .T. ) ;
#3478 = VERTEX_POINT ( 'NONE', #734 ) ;
#3479 = CARTESIAN_POINT ( 'NONE',  ( -0.05647524154837205200, -14.91737528024190100, 0.1000000000000000500 ) ) ;
#3480 = AXIS2_PLACEMENT_3D ( 'NONE', #4014, #1740, #2953 ) ;
#3481 = CIRCLE ( 'NONE', #1246, 2.350000000000000500 ) ;
#3482 = ORIENTED_EDGE ( 'NONE', *, *, #6710, .F. ) ;
#3483 = LINE ( 'NONE', #206, #1629 ) ;
#3484 = AXIS2_PLACEMENT_3D ( 'NONE', #3424, #1666, #6152 ) ;
#3485 = EDGE_LOOP ( 'NONE', ( #3565, #6595, #4261, #5642 ) ) ;
#3486 = ORIENTED_EDGE ( 'NONE', *, *, #462, .F. ) ;
#3487 = VECTOR ( 'NONE', #1013, 1000.000000000000000 ) ;
#3488 = ORIENTED_EDGE ( 'NONE', *, *, #4601, .F. ) ;
#3489 = CARTESIAN_POINT ( 'NONE',  ( -4.564086426395289400, -7.523349966827268500, 10.96095955101659700 ) ) ;
#3490 = DIRECTION ( 'NONE',  ( -1.000000000000000000, 0.0000000000000000000, 0.0000000000000000000 ) ) ;
#3491 = CARTESIAN_POINT ( 'NONE',  ( -14.15545311535570100, -3.918399013375997600, 1.399999999999999900 ) ) ;
#3492 = CARTESIAN_POINT ( 'NONE',  ( 6.158039997401950000, -6.309957775935370000, 10.00000000000000000 ) ) ;
#3493 = ORIENTED_EDGE ( 'NONE', *, *, #7112, .T. ) ;
#3494 = ORIENTED_EDGE ( 'NONE', *, *, #852, .F. ) ;
#3495 = CARTESIAN_POINT ( 'NONE',  ( 6.442779071707533100, -6.701867489861264500, 10.00000000000019700 ) ) ;
#3496 = CYLINDRICAL_SURFACE ( 'NONE', #6775, 0.1000000000000000100 ) ;
#3497 = CARTESIAN_POINT ( 'NONE',  ( 1.273058886655809900, 9.663098918667730100, 10.00000000000000000 ) ) ;
#3498 = CARTESIAN_POINT ( 'NONE',  ( 1.070525575734059900, 9.482166726427331900, 1.482184704260320900 ) ) ;
#3499 = CARTESIAN_POINT ( 'NONE',  ( 1.854392575220044300, -9.870640394675644900, 1.499999327185927500 ) ) ;
#3500 = B_SPLINE_CURVE_WITH_KNOTS ( 'NONE', 3,
 ( #7041, #4354, #2136, #3287 ),
 .UNSPECIFIED., .F., .F.,
 ( 4, 4 ),
 ( 0.0000000000000000000, 1.000000000000000000 ),
 .UNSPECIFIED. ) ;
#3501 = CARTESIAN_POINT ( 'NONE',  ( 0.5090877524971212400, 1.167080331220499100, 9.528024968268800500 ) ) ;
#3502 = DIRECTION ( 'NONE',  ( 0.0000000000000000000, 0.0000000000000000000, -1.000000000000000000 ) ) ;
#3503 = ORIENTED_EDGE ( 'NONE', *, *, #146, .F. ) ;
#3504 = CARTESIAN_POINT ( 'NONE',  ( 4.094958296356095300, 7.438526268011929500, 1.300721701513770900 ) ) ;
#3505 = CARTESIAN_POINT ( 'NONE',  ( -11.59212955762400000, 8.127497727460220000, 1.583721891830310000 ) ) ;
#3506 = CARTESIAN_POINT ( 'NONE',  ( -15.93579960646100000, 0.0000000000000000000, 0.04999999999999991300 ) ) ;
#3507 = ORIENTED_EDGE ( 'NONE', *, *, #2990, .T. ) ;
#3508 = EDGE_CURVE ( 'NONE', #3835, #757, #1020, .T. ) ;
#3509 = CARTESIAN_POINT ( 'NONE',  ( -5.792190291768363000, -6.651767640866844500, 10.96095955101660000 ) ) ;
#3510 = CARTESIAN_POINT ( 'NONE',  ( 6.436523522725382300, 7.042974002862873600, 1.527909983233807700 ) ) ;
#3511 = ADVANCED_FACE ( 'NONE', ( #5701 ), #6580, .T. ) ;
#3512 = EDGE_CURVE ( 'NONE', #3752, #593, #3837, .T. ) ;
#3513 = CARTESIAN_POINT ( 'NONE',  ( -2.407524733388453500, 11.14395595615931900, 1.499995869742101400 ) ) ;
#3514 = AXIS2_PLACEMENT_3D ( 'NONE', #5364, #2047, #2535 ) ;
#3515 = DIRECTION ( 'NONE',  ( 0.0000000000000000000, -1.000000000000000000, -0.0000000000000000000 ) ) ;
#3516 = EDGE_CURVE ( 'NONE', #608, #5859, #6726, .T. ) ;
#3517 = DIRECTION ( 'NONE',  ( -1.000000000000000000, -2.309291984482540100E-015, 0.0000000000000000000 ) ) ;
#3518 = CARTESIAN_POINT ( 'NONE',  ( 0.7372235179478530100, 1.044549484812714100, 9.528024968268802300 ) ) ;
#3519 = CARTESIAN_POINT ( 'NONE',  ( 1.655250071434039000, -9.313608018670221300, 4.411772188215008900 ) ) ;
#3520 = CARTESIAN_POINT ( 'NONE',  ( 5.577232510289477800, 4.286122374984269200, 11.40000000005519200 ) ) ;
#3521 = CARTESIAN_POINT ( 'NONE',  ( -4.649900761691616100, -8.565896482404506100, 10.00000000000000400 ) ) ;
#3522 = ORIENTED_EDGE ( 'NONE', *, *, #3261, .F. ) ;
#3523 = ADVANCED_FACE ( 'NONE', ( #1359 ), #3941, .F. ) ;
#3524 = DIRECTION ( 'NONE',  ( -0.0000000000000000000, -0.0000000000000000000, 1.000000000000000000 ) ) ;
#3525 = AXIS2_PLACEMENT_3D ( 'NONE', #1497, #5398, #4801 ) ;
#3526 = CARTESIAN_POINT ( 'NONE',  ( -2.408049452698162600, -11.14437940514033800, 1.499987608528536600 ) ) ;
#3527 = AXIS2_PLACEMENT_3D ( 'NONE', #3186, #3714, #6462 ) ;
#3528 = ORIENTED_EDGE ( 'NONE', *, *, #1828, .T. ) ;
#3529 = CARTESIAN_POINT ( 'NONE',  ( 8.116333304052899300, 2.692405698936160000, 9.909339031783240200 ) ) ;
#3530 = FACE_BOUND ( 'NONE', #883, .T. ) ;
#3531 = FACE_OUTER_BOUND ( 'NONE', #6461, .T. ) ;
#3532 = CARTESIAN_POINT ( 'NONE',  ( -7.751817317923691800, -4.182168046128490200, 10.96095955101660200 ) ) ;
#3533 = CARTESIAN_POINT ( 'NONE',  ( 9.751280670393467600E-019, 10.03931544941504200, 1.583721891830310000 ) ) ;
#3534 = DIRECTION ( 'NONE',  ( -1.000000000000000000, 0.0000000000000000000, 0.0000000000000000000 ) ) ;
#3535 = CARTESIAN_POINT ( 'NONE',  ( 1.229437167381394900, -8.372684330844956300, 4.165935625339592700 ) ) ;
#3536 = CARTESIAN_POINT ( 'NONE',  ( 14.15545311535571000, -3.918399013375932800, 0.1000000000000000100 ) ) ;
#3537 = CARTESIAN_POINT ( 'NONE',  ( 2.506475241548370200, -11.22352804885810000, 1.399999999999999900 ) ) ;
#3538 = CYLINDRICAL_SURFACE ( 'NONE', #6570, 11.50000000000000000 ) ;
#3539 = B_SPLINE_CURVE_WITH_KNOTS ( 'NONE', 3,
 ( #5817, #1875, #5737, #5284 ),
 .UNSPECIFIED., .F., .F.,
 ( 4, 4 ),
 ( 0.0000000000000000000, 1.000000000000000000 ),
 .UNSPECIFIED. ) ;
#3540 = ORIENTED_EDGE ( 'NONE', *, *, #3423, .F. ) ;
#3541 = ORIENTED_EDGE ( 'NONE', *, *, #3343, .T. ) ;
#3542 = CARTESIAN_POINT ( 'NONE',  ( -7.001883768800859700, -6.482385147186344700, 1.499999999999968900 ) ) ;
#3543 = DIRECTION ( 'NONE',  ( 0.0000000000000000000, -1.000000000000000000, 0.0000000000000000000 ) ) ;
#3544 = CARTESIAN_POINT ( 'NONE',  ( -6.432827244698067700, -7.044167963942691700, 1.583721891830319300 ) ) ;
#3545 = CARTESIAN_POINT ( 'NONE',  ( 4.286122374984270100, 5.577232510289476000, 11.40000000005519000 ) ) ;
#3546 = PLANE ( 'NONE',  #7061 ) ;
#3547 = ADVANCED_FACE ( 'NONE', ( #4244 ), #5021, .T. ) ;
#3548 = ORIENTED_EDGE ( 'NONE', *, *, #1579, .F. ) ;
#3549 = CARTESIAN_POINT ( 'NONE',  ( -8.416249496778521100, -2.210109774643000100, 1.407289741471665000 ) ) ;
#3550 = DIRECTION ( 'NONE',  ( -1.000000000000000000, 0.0000000000000000000, 0.0000000000000000000 ) ) ;
#3551 = VERTEX_POINT ( 'NONE', #5584 ) ;
#3552 = CARTESIAN_POINT ( 'NONE',  ( -6.996468837931957700, 6.484673658387461800, 1.583721891830324200 ) ) ;
#3553 = ORIENTED_EDGE ( 'NONE', *, *, #1538, .F. ) ;
#3554 = VERTEX_POINT ( 'NONE', #2292 ) ;
#3555 = ORIENTED_EDGE ( 'NONE', *, *, #112, .F. ) ;
#3556 = ORIENTED_EDGE ( 'NONE', *, *, #459, .T. ) ;
#3557 = VERTEX_POINT ( 'NONE', #5063 ) ;
#3558 = CARTESIAN_POINT ( 'NONE',  ( -4.373618547459557200, -7.637857435907819500, 10.96095955101660400 ) ) ;
#3559 = DIRECTION ( 'NONE',  ( -1.000000000000000000, 8.881784197001252300E-016, 0.0000000000000000000 ) ) ;
#3560 = CARTESIAN_POINT ( 'NONE',  ( 0.05647524154837292600, -14.81737528024190100, 0.1000000000000000100 ) ) ;
#3561 = EDGE_CURVE ( 'NONE', #3684, #169, #4935, .T. ) ;
#3562 = ADVANCED_FACE ( 'NONE', ( #370 ), #3374, .F. ) ;
#3563 = VECTOR ( 'NONE', #6833, 1000.000000000000000 ) ;
#3564 = CARTESIAN_POINT ( 'NONE',  ( -6.719905596136832100, -6.995390236482563800, 1.583720050540679700 ) ) ;
#3565 = ORIENTED_EDGE ( 'NONE', *, *, #4552, .F. ) ;
#3566 = VERTEX_POINT ( 'NONE', #1687 ) ;
#3567 = CIRCLE ( 'NONE', #1151, 9.282280378750750000 ) ;
#3568 = EDGE_CURVE ( 'NONE', #4784, #6908, #2183, .T. ) ;
#3569 =( BOUNDED_CURVE ( )  B_SPLINE_CURVE ( 3, ( #4446, #4433, #83, #1097 ),
 .UNSPECIFIED., .F., .F. ) 
 B_SPLINE_CURVE_WITH_KNOTS ( ( 4, 4 ),
 ( 6.098062368607421600, 6.468172056916973400 ),
 .UNSPECIFIED. ) 
 CURVE ( )  GEOMETRIC_REPRESENTATION_ITEM ( )  RATIONAL_B_SPLINE_CURVE ( ( 1.000000000000000000, 0.9886174405065355500, 0.9886174405065355500, 1.000000000000000000 ) ) 
 REPRESENTATION_ITEM ( '' )  );
#3570 = FACE_OUTER_BOUND ( 'NONE', #4058, .T. ) ;
#3571 = CARTESIAN_POINT ( 'NONE',  ( 9.282280378750750000, 1.155128309682805700E-015, 10.49159636633811800 ) ) ;
#3572 = DIRECTION ( 'NONE',  ( 1.000000000000000000, -7.697639948275110100E-016, 0.0000000000000000000 ) ) ;
#3573 = EDGE_CURVE ( 'NONE', #101, #4243, #2778, .T. ) ;
#3574 = DIRECTION ( 'NONE',  ( -1.218945191799521100E-016, -1.000000000000000000, 8.336634130253490600E-018 ) ) ;
#3575 = FACE_OUTER_BOUND ( 'NONE', #6016, .T. ) ;
#3576 = ORIENTED_EDGE ( 'NONE', *, *, #4150, .F. ) ;
#3577 = AXIS2_PLACEMENT_3D ( 'NONE', #583, #1699, #1178 ) ;
#3578 = ORIENTED_EDGE ( 'NONE', *, *, #4969, .T. ) ;
#3579 = DIRECTION ( 'NONE',  ( -1.000000000000000000, 0.0000000000000000000, 0.0000000000000000000 ) ) ;
#3580 = LINE ( 'NONE', #1657, #270 ) ;
#3581 = VERTEX_POINT ( 'NONE', #3407 ) ;
#3582 = CARTESIAN_POINT ( 'NONE',  ( 6.974445124626528000, 0.9129527319329940900, 11.40000000005519200 ) ) ;
#3583 = EDGE_CURVE ( 'NONE', #7047, #3989, #2338, .T. ) ;
#3584 = CARTESIAN_POINT ( 'NONE',  ( 0.05647524154837235000, 14.91737528024190100, 0.1000000000000000500 ) ) ;
#3585 = DIRECTION ( 'NONE',  ( -1.000000000000000000, 0.0000000000000000000, -0.0000000000000000000 ) ) ;
#3586 = DIRECTION ( 'NONE',  ( 0.0000000000000000000, 0.03489949670250094100, -0.9993908270190956500 ) ) ;
#3587 = AXIS2_PLACEMENT_3D ( 'NONE', #185, #2309, #683 ) ;
#3588 = CIRCLE ( 'NONE', #2248, 0.9849999999999999900 ) ;
#3589 = CARTESIAN_POINT ( 'NONE',  ( -2.506475241548373800, 12.46737528024190500, 1.399999999999999900 ) ) ;
#3590 = ORIENTED_EDGE ( 'NONE', *, *, #1235, .T. ) ;
#3591 = CIRCLE ( 'NONE', #718, 2.450000000000000200 ) ;
#3592 = DIRECTION ( 'NONE',  ( 1.427627595091682300E-011, -1.000000000000000000, -2.087412939292902300E-010 ) ) ;
#3593 = CARTESIAN_POINT ( 'NONE',  ( -5.809047173994700900, 6.193167801626506400, 1.300721701513781500 ) ) ;
#3594 = CARTESIAN_POINT ( 'NONE',  ( 7.295575644212217300, -6.896358858841474600, 1.583721891830310600 ) ) ;
#3595 =( BOUNDED_SURFACE ( )  B_SPLINE_SURFACE ( 3, 3, ( 
 ( #4451, #5017, #2827, #3894 ),
 ( #3939, #4435, #57, #559 ),
 ( #620, #4478, #1140, #6183 ),
 ( #5041, #1717, #5603, #88 ) ),
 .UNSPECIFIED., .F., .F., .F. ) 
 B_SPLINE_SURFACE_WITH_KNOTS ( ( 4, 4 ),
 ( 4, 4 ),
 ( 0.0000000000000000000, 1.000000000000000000 ),
 ( 0.0000000000000000000, 1.000000000000000000 ),
 .UNSPECIFIED. ) 
 GEOMETRIC_REPRESENTATION_ITEM ( )  RATIONAL_B_SPLINE_SURFACE ( (
 ( 1.000000000000000000, 0.3333333333333334300, 0.3333333333333334300, 1.000000000000000000),
 ( 0.8114919804638294200, 0.2704973268212765300, 0.2704973268212765300, 0.8114919804638294200),
 ( 0.8114919804638294200, 0.2704973268212765300, 0.2704973268212765300, 0.8114919804638294200),
 ( 1.000000000000000000, 0.3333333333333334300, 0.3333333333333334300, 1.000000000000000000) ) ) 
 REPRESENTATION_ITEM ( '' )  SURFACE ( )  );
#3596 = VERTEX_POINT ( 'NONE', #6700 ) ;
#3597 = DIRECTION ( 'NONE',  ( -1.000000000000000000, 0.0000000000000000000, 0.0000000000000000000 ) ) ;
#3598 = DIRECTION ( 'NONE',  ( 0.0000000000000000000, 0.0000000000000000000, 1.000000000000000000 ) ) ;
#3599 = ADVANCED_FACE ( 'NONE', ( #4578 ), #1467, .T. ) ;
#3600 = DIRECTION ( 'NONE',  ( -0.9841275813590585300, 0.1665943171256184000, 0.06114930179338437500 ) ) ;
#3601 = CARTESIAN_POINT ( 'NONE',  ( -1.273058886671681700, -8.551090793966109200, 9.999999999767927900 ) ) ;
#3602 = ORIENTED_EDGE ( 'NONE', *, *, #6193, .F. ) ;
#3603 = DIRECTION ( 'NONE',  ( -0.0000000000000000000, 0.0000000000000000000, -1.000000000000000000 ) ) ;
#3604 = CARTESIAN_POINT ( 'NONE',  ( -4.301581747076962600, -9.075500432331432800, 1.499999327185927100 ) ) ;
#3605 = DIRECTION ( 'NONE',  ( -0.0000000000000000000, -0.0000000000000000000, 1.000000000000000000 ) ) ;
#3606 = DIRECTION ( 'NONE',  ( -1.000000000000000000, 0.0000000000000000000, 0.0000000000000000000 ) ) ;
#3607 = CARTESIAN_POINT ( 'NONE',  ( 0.9129527319329940900, 6.974445124626527100, 11.40000000005519200 ) ) ;
#3608 = CARTESIAN_POINT ( 'NONE',  ( -7.300136510086964800, -6.896288597242300300, 1.527910242916552500 ) ) ;
#3609 = ADVANCED_FACE ( 'NONE', ( #3324 ), #5567, .T. ) ;
#3610 = CARTESIAN_POINT ( 'NONE',  ( 10.76400018508270600, -4.002441908387538700, 1.454192174694520300 ) ) ;
#3611 = CARTESIAN_POINT ( 'NONE',  ( 8.828588361935578300, 17.65717672387115700, 11.40000000000000200 ) ) ;
#3612 = CARTESIAN_POINT ( 'NONE',  ( 8.796756363386865700, 4.196812733975959600, 10.00000000000000400 ) ) ;
#3613 = DIRECTION ( 'NONE',  ( 4.273955692857137200E-018, -0.03489949670250091400, -0.9993908270190956500 ) ) ;
#3614 = EDGE_CURVE ( 'NONE', #2625, #3763, #4073, .T. ) ;
#3615 = EDGE_CURVE ( 'NONE', #5932, #5937, #6430, .T. ) ;
#3616 = DIRECTION ( 'NONE',  ( -1.000000000000000000, 0.0000000000000000000, 0.0000000000000000000 ) ) ;
#3617 = CARTESIAN_POINT ( 'NONE',  ( 13.97579960646100300, 0.0000000000000000000, 1.450000000000000200 ) ) ;
#3618 = VERTEX_POINT ( 'NONE', #754 ) ;
#3619 = EDGE_CURVE ( 'NONE', #1181, #3963, #2492, .T. ) ;
#3620 = AXIS2_PLACEMENT_3D ( 'NONE', #5576, #3414, #6136 ) ;
#3621 = DIRECTION ( 'NONE',  ( 0.4445098872403296900, -0.8957739447793674500, 0.0000000000000000000 ) ) ;
#3622 = CARTESIAN_POINT ( 'NONE',  ( 0.0000000000000000000, 0.0000000000000000000, 0.1000000000000000100 ) ) ;
#3623 = ORIENTED_EDGE ( 'NONE', *, *, #742, .F. ) ;
#3624 = DIRECTION ( 'NONE',  ( -1.000000000000000000, 0.0000000000000000000, 0.0000000000000000000 ) ) ;
#3625 = AXIS2_PLACEMENT_3D ( 'NONE', #4526, #1199, #3624 ) ;
#3626 = CARTESIAN_POINT ( 'NONE',  ( -9.728040106252747100, 0.0000000000000000000, 10.53140954703219000 ) ) ;
#3627 = CARTESIAN_POINT ( 'NONE',  ( 7.357605642763091100, 3.291463818695699900, 1.314579482943359900 ) ) ;
#3628 = VECTOR ( 'NONE', #2839, 1000.000000000000100 ) ;
#3629 = CARTESIAN_POINT ( 'NONE',  ( 9.151576633373469600, -1.634954171218458100, 10.00000000000019700 ) ) ;
#3630 = DIRECTION ( 'NONE',  ( 0.9510565162951534200, -0.3090169943749478400, 0.0000000000000000000 ) ) ;
#3631 = PLANE ( 'NONE',  #2572 ) ;
#3632 = CARTESIAN_POINT ( 'NONE',  ( 1.852397764905596000, 9.870127253634148400, 1.527910242916552500 ) ) ;
#3633 = AXIS2_PLACEMENT_3D ( 'NONE', #4631, #3010, #6359 ) ;
#3634 = CARTESIAN_POINT ( 'NONE',  ( 1.243264344229251300, -0.3179087381419188300, 9.528024968268802300 ) ) ;
#3635 = FACE_OUTER_BOUND ( 'NONE', #6477, .T. ) ;
#3636 = FACE_OUTER_BOUND ( 'NONE', #2994, .T. ) ;
#3637 = CARTESIAN_POINT ( 'NONE',  ( -2.506475241548382200, 11.22352804885811000, 0.09057456899981054800 ) ) ;
#3638 = AXIS2_PLACEMENT_3D ( 'NONE', #7033, #5361, #7001 ) ;
#3639 = CARTESIAN_POINT ( 'NONE',  ( -7.372351021457750300, -4.033944817469140400, 9.806355243554639500 ) ) ;
#3640 = CARTESIAN_POINT ( 'NONE',  ( -1.395758022308839700, 8.317094238533091000, 7.001146806019935600 ) ) ;
#3641 = DIRECTION ( 'NONE',  ( 1.000000000000000000, 0.0000000000000000000, 0.0000000000000000000 ) ) ;
#3642 = DIRECTION ( 'NONE',  ( 2.565879982758370200E-016, -1.000000000000000000, 0.0000000000000000000 ) ) ;
#3643 = ADVANCED_FACE ( 'NONE', ( #1265 ), #170, .T. ) ;
#3644 = CARTESIAN_POINT ( 'NONE',  ( 8.814498047376723400, 4.813827769750987300, 1.499999327185928000 ) ) ;
#3645 = ORIENTED_EDGE ( 'NONE', *, *, #3667, .T. ) ;
#3646 = CARTESIAN_POINT ( 'NONE',  ( -10.76034831308177600, 3.997187852341970600, 0.03765967323165327100 ) ) ;
#3647 = CARTESIAN_POINT ( 'NONE',  ( 1.854392572402110000, -8.724468168020109700, 1.500000000000000000 ) ) ;
#3648 = DIRECTION ( 'NONE',  ( -1.000000000000000000, 0.0000000000000000000, -2.710505431213760100E-016 ) ) ;
#3649 = ORIENTED_EDGE ( 'NONE', *, *, #3663, .T. ) ;
#3650 = EDGE_LOOP ( 'NONE', ( #2524, #4872, #896, #5480, #6195, #4241, #1540 ) ) ;
#3651 = CARTESIAN_POINT ( 'NONE',  ( 7.063535376498223600, 5.251061879080066500, 10.96095955101660400 ) ) ;
#3652 = CIRCLE ( 'NONE', #1147, 0.04999999999999991300 ) ;
#3653 = VERTEX_POINT ( 'NONE', #5694 ) ;
#3654 = CARTESIAN_POINT ( 'NONE',  ( 6.094175216222374100, -3.512462942317206700, 11.40000000005519200 ) ) ;
#3655 = VECTOR ( 'NONE', #3822, 1000.000000000000000 ) ;
#3656 = CARTESIAN_POINT ( 'NONE',  ( -1.854392575220045000, 9.870640394675643100, 1.499999327185927500 ) ) ;
#3657 = CARTESIAN_POINT ( 'NONE',  ( 1.850532001531402400, 9.869485759216381400, 1.555816067380029400 ) ) ;
#3658 = CARTESIAN_POINT ( 'NONE',  ( -4.094958296356095300, -7.438526268011929500, 1.300721701513770900 ) ) ;
#3659 = VERTEX_POINT ( 'NONE', #5165 ) ;
#3660 = ORIENTED_EDGE ( 'NONE', *, *, #108, .F. ) ;
#3661 = ORIENTED_EDGE ( 'NONE', *, *, #6279, .T. ) ;
#3662 = CIRCLE ( 'NONE', #468, 9.539474233726782200 ) ;
#3663 = EDGE_CURVE ( 'NONE', #2445, #6797, #7013, .T. ) ;
#3664 = TOROIDAL_SURFACE ( 'NONE', #4976, 2.350000000000000500, 0.1000000000000000100 ) ;
#3665 = DIRECTION ( 'NONE',  ( -1.000000000000000000, -1.224646799147321200E-016, 0.0000000000000000000 ) ) ;
#3666 = CARTESIAN_POINT ( 'NONE',  ( -10.77508558524239900, -4.018399013375990600, 0.1000000000000000500 ) ) ;
#3667 = EDGE_CURVE ( 'NONE', #5707, #362, #5103, .T. ) ;
#3668 = CARTESIAN_POINT ( 'NONE',  ( 0.0000000000000000000, 12.46737528024190000, 1.450000000000000200 ) ) ;
#3669 = VECTOR ( 'NONE', #2052, 1000.000000000000000 ) ;
#3670 = ORIENTED_EDGE ( 'NONE', *, *, #6710, .T. ) ;
#3671 = ORIENTED_EDGE ( 'NONE', *, *, #1669, .T. ) ;
#3672 = CYLINDRICAL_SURFACE ( 'NONE', #6733, 3.780000000000000200 ) ;
#3673 = VERTEX_POINT ( 'NONE', #707 ) ;
#3674 = DIRECTION ( 'NONE',  ( -1.000000000000000000, 0.0000000000000000000, 0.0000000000000000000 ) ) ;
#3675 = CIRCLE ( 'NONE', #5851, 7.233333532667529700 ) ;
#3676 = EDGE_CURVE ( 'NONE', #5937, #3292, #876, .T. ) ;
#3677 = ADVANCED_FACE ( 'NONE', ( #5923 ), #3150, .T. ) ;
#3678 =( LENGTH_UNIT ( ) NAMED_UNIT ( * ) SI_UNIT ( .MILLI., .METRE. ) );
#3679 = ORIENTED_EDGE ( 'NONE', *, *, #4506, .T. ) ;
#3680 = ORIENTED_EDGE ( 'NONE', *, *, #6107, .T. ) ;
#3681 = CARTESIAN_POINT ( 'NONE',  ( -10.77405805346785600, 4.016918977437660100, 0.08037552362140845700 ) ) ;
#3682 = DIRECTION ( 'NONE',  ( -1.000000000000000000, 0.0000000000000000000, 0.0000000000000000000 ) ) ;
#3683 = VECTOR ( 'NONE', #785, 1000.000000000000000 ) ;
#3684 = VERTEX_POINT ( 'NONE', #6850 ) ;
#3685 = DIRECTION ( 'NONE',  ( 0.0000000000000000000, 1.000000000000000000, 0.0000000000000000000 ) ) ;
#3686 = ORIENTED_EDGE ( 'NONE', *, *, #1819, .F. ) ;
#3687 = ORIENTED_EDGE ( 'NONE', *, *, #1576, .T. ) ;
#3688 = CARTESIAN_POINT ( 'NONE',  ( 6.436833851302850500, 6.007045176754767900, 10.96095955101660200 ) ) ;
#3689 = FACE_OUTER_BOUND ( 'NONE', #6531, .T. ) ;
#3690 = CARTESIAN_POINT ( 'NONE',  ( 9.263572982159690400, 1.469305808891490300, 7.190472975004699800 ) ) ;
#3691 = CARTESIAN_POINT ( 'NONE',  ( 15.93579960646100000, 2.400307726328812400E-016, 1.500000000000000000 ) ) ;
#3692 = ADVANCED_FACE ( 'NONE', ( #5548 ), #2732, .T. ) ;
#3693 = CARTESIAN_POINT ( 'NONE',  ( 6.792918986308782400, -1.825546255950894400, 11.40000000005519200 ) ) ;
#3694 = AXIS2_PLACEMENT_3D ( 'NONE', #1358, #2478, #3124 ) ;
#3695 = CARTESIAN_POINT ( 'NONE',  ( 0.8071030644342748200, 1.400335768088596200, 9.040507860752555300 ) ) ;
#3696 = CARTESIAN_POINT ( 'NONE',  ( 9.348156999473090400, 1.913022274167459400, 1.500000000000000400 ) ) ;
#3697 = AXIS2_PLACEMENT_3D ( 'NONE', #5538, #4505, #1651 ) ;
#3698 = ORIENTED_EDGE ( 'NONE', *, *, #2372, .T. ) ;
#3699 = CARTESIAN_POINT ( 'NONE',  ( -2.454149153949887200, 11.18152366405608300, 0.01127412377759081900 ) ) ;
#3700 = CARTESIAN_POINT ( 'NONE',  ( 0.0000000000000000000, 0.0000000000000000000, 1.583721891830338400 ) ) ;
#3701 = DIRECTION ( 'NONE',  ( -1.000000000000000000, 0.0000000000000000000, 0.0000000000000000000 ) ) ;
#3702 = CARTESIAN_POINT ( 'NONE',  ( -1.118778287542277600, -0.6323385755806096900, 9.528024968268804100 ) ) ;
#3703 = B_SPLINE_CURVE_WITH_KNOTS ( 'NONE', 3,
 ( #2501, #5901, #5812, #2583 ),
 .UNSPECIFIED., .F., .F.,
 ( 4, 4 ),
 ( 0.0000000000000000000, 1.000000000000000000 ),
 .UNSPECIFIED. ) ;
#3704 = DIRECTION ( 'NONE',  ( 0.6982542552304179500, -0.7132333124180304500, 0.06114930179338445200 ) ) ;
#3705 = CARTESIAN_POINT ( 'NONE',  ( -7.922498354969399700, 1.304065213746520100, 7.007649993871850400 ) ) ;
#3706 = CARTESIAN_POINT ( 'NONE',  ( 9.801422100623071300, 2.519870920712990800, 1.499998728424691400 ) ) ;
#3707 = DIRECTION ( 'NONE',  ( 0.0000000000000000000, 0.0000000000000000000, -1.000000000000000000 ) ) ;
#3708 = DIRECTION ( 'NONE',  ( -0.7145705379848786800, -0.6995633968726502300, 0.0000000000000000000 ) ) ;
#3709 = CARTESIAN_POINT ( 'NONE',  ( 1.137309281862700600, 8.727229288802536900, 10.96095955101660000 ) ) ;
#3710 = EDGE_CURVE ( 'NONE', #7034, #6063, #3483, .T. ) ;
#3711 = PRODUCT_DEFINITION_SHAPE ( 'NONE', 'NONE',  #2256 ) ;
#3712 = CARTESIAN_POINT ( 'NONE',  ( 10.71540506786936600, -3.932679326836667800, 1.499772695604944000 ) ) ;
#3713 = DIRECTION ( 'NONE',  ( -0.0000000000000000000, -0.0000000000000000000, 1.000000000000000000 ) ) ;
#3714 = DIRECTION ( 'NONE',  ( -0.0000000000000000000, -0.0000000000000000000, 1.000000000000000000 ) ) ;
#3715 = EDGE_CURVE ( 'NONE', #950, #748, #682, .T. ) ;
#3716 = VERTEX_POINT ( 'NONE', #6771 ) ;
#3717 = DIRECTION ( 'NONE',  ( -1.000000000000000000, 0.0000000000000000000, 0.0000000000000000000 ) ) ;
#3718 = CARTESIAN_POINT ( 'NONE',  ( -9.710146074784122000, 0.0000000000000000000, 11.04382756442191400 ) ) ;
#3719 = CARTESIAN_POINT ( 'NONE',  ( 10.76034831308177600, 3.997187852341970600, 0.03765967323165296500 ) ) ;
#3720 = DIRECTION ( 'NONE',  ( 0.0000000000000000000, 1.000000000000000000, 0.0000000000000000000 ) ) ;
#3721 = EDGE_CURVE ( 'NONE', #6757, #2414, #2947, .T. ) ;
#3722 = CARTESIAN_POINT ( 'NONE',  ( -14.15545311535570100, -0.2383990133759960100, 1.583721891830310000 ) ) ;
#3723 = EDGE_CURVE ( 'NONE', #5310, #4780, #3675, .T. ) ;
#3724 = CARTESIAN_POINT ( 'NONE',  ( 0.0000000000000000000, 0.0000000000000000000, 0.0000000000000000000 ) ) ;
#3725 = AXIS2_PLACEMENT_3D ( 'NONE', #368, #4723, #4751 ) ;
#3726 = CARTESIAN_POINT ( 'NONE',  ( 0.0000000000000000000, 0.0000000000000000000, 10.53140954703218800 ) ) ;
#3727 = CIRCLE ( 'NONE', #4347, 2.450000000000000200 ) ;
#3728 = CARTESIAN_POINT ( 'NONE',  ( 6.442779071710148700, 6.701867489859400200, 9.999999999952818200 ) ) ;
#3729 = CARTESIAN_POINT ( 'NONE',  ( 9.955822711659205700, -1.291039745458869800, 1.583721891830311100 ) ) ;
#3730 = FACE_OUTER_BOUND ( 'NONE', #10, .T. ) ;
#3731 = DIRECTION ( 'NONE',  ( -0.0000000000000000000, -0.0000000000000000000, 1.000000000000000000 ) ) ;
#3732 = EDGE_CURVE ( 'NONE', #6544, #914, #4744, .T. ) ;
#3733 = AXIS2_PLACEMENT_3D ( 'NONE', #4608, #2415, #2982 ) ;
#3734 = CARTESIAN_POINT ( 'NONE',  ( 4.751401981569682900, 7.406444662522219800, 10.96095955101659800 ) ) ;
#3735 = CARTESIAN_POINT ( 'NONE',  ( -15.98579960646100100, 0.0000000000000000000, 1.500000000000000000 ) ) ;
#3736 = VECTOR ( 'NONE', #615, 1000.000000000000000 ) ;
#3737 = CARTESIAN_POINT ( 'NONE',  ( 0.0000000000000000000, -12.46737528024190000, 1.500000000000000000 ) ) ;
#3738 = CARTESIAN_POINT ( 'NONE',  ( -1.281551300053713300, 0.9848765838104350800, 9.040507860752557100 ) ) ;
#3739 = ORIENTED_EDGE ( 'NONE', *, *, #7057, .T. ) ;
#3740 = DIRECTION ( 'NONE',  ( -1.000000000000000000, 0.0000000000000000000, 0.0000000000000000000 ) ) ;
#3741 = B_SPLINE_CURVE_WITH_KNOTS ( 'NONE', 3,
 ( #348, #322, #2586, #4715 ),
 .UNSPECIFIED., .F., .F.,
 ( 4, 4 ),
 ( 0.0000000000000000000, 1.000000000000000000 ),
 .UNSPECIFIED. ) ;
#3742 = PLANE ( 'NONE',  #5429 ) ;
#3743 = ORIENTED_EDGE ( 'NONE', *, *, #4813, .F. ) ;
#3744 = CARTESIAN_POINT ( 'NONE',  ( 5.754503291475948900, -5.575747153425694200, 9.818678063566094800 ) ) ;
#3745 = ORIENTED_EDGE ( 'NONE', *, *, #462, .T. ) ;
#3746 = CARTESIAN_POINT ( 'NONE',  ( -1.034051604040980000, 7.978187267637380800, 4.171429039665429900 ) ) ;
#3747 = CARTESIAN_POINT ( 'NONE',  ( 8.687264158721488300, -3.947041289985650200, 1.500000000000000000 ) ) ;
#3748 = ORIENTED_EDGE ( 'NONE', *, *, #2168, .T. ) ;
#3749 = CARTESIAN_POINT ( 'NONE',  ( -10.77508558524240600, -4.018399013375992400, 1.409744242486429900 ) ) ;
#3750 = ORIENTED_EDGE ( 'NONE', *, *, #7029, .F. ) ;
#3751 = ORIENTED_EDGE ( 'NONE', *, *, #1106, .F. ) ;
#3752 = VERTEX_POINT ( 'NONE', #5805 ) ;
#3753 = PLANE ( 'NONE',  #4982 ) ;
#3754 = LINE ( 'NONE', #2191, #4558 ) ;
#3755 = ORIENTED_EDGE ( 'NONE', *, *, #5840, .T. ) ;
#3756 = EDGE_LOOP ( 'NONE', ( #4561, #3493, #1639, #366 ) ) ;
#3757 = CARTESIAN_POINT ( 'NONE',  ( 4.373618547465157200, 7.637857435905733200, 10.96095955101660000 ) ) ;
#3758 = CARTESIAN_POINT ( 'NONE',  ( 2.406475241548370100, -11.22352804885810000, 1.399999999999999900 ) ) ;
#3759 = FACE_OUTER_BOUND ( 'NONE', #3321, .T. ) ;
#3760 = CARTESIAN_POINT ( 'NONE',  ( -0.8071030644342746000, 1.400335768088595900, 9.040507860752557100 ) ) ;
#3761 = DIRECTION ( 'NONE',  ( -0.5877852522924744700, 0.8090169943749464500, 0.0000000000000000000 ) ) ;
#3762 = CIRCLE ( 'NONE', #2050, 0.4833118613719513700 ) ;
#3763 = VERTEX_POINT ( 'NONE', #3111 ) ;
#3765 = EDGE_CURVE ( 'NONE', #1633, #5687, #5505, .T. ) ;
#3764 = EDGE_LOOP ( 'NONE', ( #1640, #596, #2553, #218 ) ) ;
#3766 = LINE ( 'NONE', #2038, #1367 ) ;
#3767 = EDGE_LOOP ( 'NONE', ( #980, #6147, #6737, #1201 ) ) ;
#3768 = EDGE_CURVE ( 'NONE', #6544, #73, #3470, .T. ) ;
#3769 = DIRECTION ( 'NONE',  ( 0.0000000000000000000, 0.0000000000000000000, -1.000000000000000000 ) ) ;
#3770 = EDGE_CURVE ( 'NONE', #4938, #3091, #1155, .T. ) ;
#3771 = FACE_OUTER_BOUND ( 'NONE', #5115, .T. ) ;
#3772 = ORIENTED_EDGE ( 'NONE', *, *, #2737, .T. ) ;
#3773 = AXIS2_PLACEMENT_3D ( 'NONE', #3380, #44, #3923 ) ;
#3774 = CARTESIAN_POINT ( 'NONE',  ( -10.77508558524239900, -4.018399013375990600, 1.399999999999999900 ) ) ;
#3775 = CIRCLE ( 'NONE', #3633, 9.746597336550346200 ) ;
#3776 = PLANE ( 'NONE',  #5079 ) ;
#3777 = ORIENTED_EDGE ( 'NONE', *, *, #3561, .T. ) ;
#3778 = DIRECTION ( 'NONE',  ( 0.0000000000000000000, 0.9978912729128437400, -0.06490768401648822100 ) ) ;
#3779 = CARTESIAN_POINT ( 'NONE',  ( -7.685146892136347500, -3.610938068575289000, 1.300721701513770900 ) ) ;
#3780 = VERTEX_POINT ( 'NONE', #4763 ) ;
#3781 = B_SPLINE_CURVE_WITH_KNOTS ( 'NONE', 3,
 ( #5850, #3632, #3657, #4112 ),
 .UNSPECIFIED., .F., .F.,
 ( 4, 4 ),
 ( 0.0000000000000000000, 1.000000000000000000 ),
 .UNSPECIFIED. ) ;
#3782 = CARTESIAN_POINT ( 'NONE',  ( -8.339870583656130900, 1.595905741786219900, 1.300721701513740000 ) ) ;
#3783 = DIRECTION ( 'NONE',  ( 0.0000000000000000000, -0.0000000000000000000, 1.000000000000000000 ) ) ;
#3784 = AXIS2_PLACEMENT_3D ( 'NONE', #1661, #2200, #3862 ) ;
#3785 = CARTESIAN_POINT ( 'NONE',  ( 8.328815712564066900, -4.656020010094998400, 1.499999999999968900 ) ) ;
#3786 = ADVANCED_FACE ( 'NONE', ( #2010 ), #6974, .T. ) ;
#3787 = ORIENTED_EDGE ( 'NONE', *, *, #5768, .F. ) ;
#3788 = DIRECTION ( 'NONE',  ( 0.0000000000000000000, 0.0000000000000000000, -1.000000000000000000 ) ) ;
#3789 = CARTESIAN_POINT ( 'NONE',  ( 0.05647524154837250300, 12.46737528024190000, 0.1000000000000000500 ) ) ;
#3790 = DIRECTION ( 'NONE',  ( -0.1456715364084728000, 0.9874414242731710500, 0.06114930179295945800 ) ) ;
#3791 = ORIENTED_EDGE ( 'NONE', *, *, #4249, .T. ) ;
#3792 = DIRECTION ( 'NONE',  ( -0.6982542552215830200, 0.7132333124266470000, -0.06114930179376899800 ) ) ;
#3793 = CARTESIAN_POINT ( 'NONE',  ( 7.932832904285970000, -1.128462034461067000, 9.818678063566091300 ) ) ;
#3794 =( BOUNDED_CURVE ( )  B_SPLINE_CURVE ( 3, ( #3604, #4686, #4612, #3521 ),
 .UNSPECIFIED., .F., .F. ) 
 B_SPLINE_CURVE_WITH_KNOTS ( ( 4, 4 ),
 ( 1.938942765613320000, 1.990108701732573400 ),
 .UNSPECIFIED. ) 
 CURVE ( )  GEOMETRIC_REPRESENTATION_ITEM ( )  RATIONAL_B_SPLINE_CURVE ( ( 1.000000000000000000, 0.9997818491469070400, 0.9997818491469070400, 1.000000000000000000 ) ) 
 REPRESENTATION_ITEM ( '' )  );
#3795 = EDGE_CURVE ( 'NONE', #1693, #3835, #6246, .T. ) ;
#3796 = B_SPLINE_CURVE_WITH_KNOTS ( 'NONE', 3,
 ( #5435, #3252, #4903, #3222 ),
 .UNSPECIFIED., .F., .F.,
 ( 4, 4 ),
 ( 0.0000000000000000000, 1.000000000000000000 ),
 .UNSPECIFIED. ) ;
#3797 = DIRECTION ( 'NONE',  ( -1.000000000000000000, 0.0000000000000000000, 0.0000000000000000000 ) ) ;
#3798 = VERTEX_POINT ( 'NONE', #4649 ) ;
#3799 = CARTESIAN_POINT ( 'NONE',  ( -5.669994422599514500, 6.740858865717429500, 10.96095955101660000 ) ) ;
#3800 = LINE ( 'NONE', #4953, #4302 ) ;
#3801 = EDGE_CURVE ( 'NONE', #6732, #4419, #1801, .T. ) ;
#3802 = CARTESIAN_POINT ( 'NONE',  ( -10.70542615555186600, 3.918399013376000300, 1.500000000000000000 ) ) ;
#3803 = EDGE_CURVE ( 'NONE', #2416, #2021, #6528, .T. ) ;
#3804 = VECTOR ( 'NONE', #4965, 1000.000000000000100 ) ;
#3805 = CARTESIAN_POINT ( 'NONE',  ( -2.406475241548372800, 12.46737528024190000, 0.1000000000000000500 ) ) ;
#3806 = AXIS2_PLACEMENT_3D ( 'NONE', #4445, #6214, #2823 ) ;
#3807 = FACE_BOUND ( 'NONE', #2632, .T. ) ;
#3808 = AXIS2_PLACEMENT_3D ( 'NONE', #2278, #1174, #3995 ) ;
#3809 = B_SPLINE_CURVE_WITH_KNOTS ( 'NONE', 3,
 ( #4349, #6712, #3419, #6179 ),
 .UNSPECIFIED., .F., .F.,
 ( 4, 4 ),
 ( 0.0000000000000000000, 1.000000000000000000 ),
 .UNSPECIFIED. ) ;
#3810 = CARTESIAN_POINT ( 'NONE',  ( 5.066010789641362400, -7.194964022682959200, 10.96095955101660200 ) ) ;
#3811 = CARTESIAN_POINT ( 'NONE',  ( 4.382926523418371200, -8.198437967613610800, 10.00000000000040000 ) ) ;
#3812 = CARTESIAN_POINT ( 'NONE',  ( 0.0000000000000000000, 0.0000000000000000000, 1.583721891830338400 ) ) ;
#3813 = ORIENTED_EDGE ( 'NONE', *, *, #5527, .F. ) ;
#3814 = ADVANCED_FACE ( 'NONE', ( #533 ), #2579, .T. ) ;
#3815 = CARTESIAN_POINT ( 'NONE',  ( -9.955822711659204000, 1.291039745458875100, 1.583721891830311100 ) ) ;
#3816 = CARTESIAN_POINT ( 'NONE',  ( 5.915952656821310100, -6.051029824745920200, 4.165311908826380400 ) ) ;
#3817 = CARTESIAN_POINT ( 'NONE',  ( 8.687268720036661000, -3.950760499518704400, 1.446550831950642400 ) ) ;
#3818 = CARTESIAN_POINT ( 'NONE',  ( 4.005263367321210100, 8.657911642788459300, 1.583721891830324200 ) ) ;
#3819 = EDGE_LOOP ( 'NONE', ( #4994, #5184, #6438, #3333 ) ) ;
#3820 = EDGE_LOOP ( 'NONE', ( #6169, #1489, #1696, #6899 ) ) ;
#3821 = CARTESIAN_POINT ( 'NONE',  ( 14.15545311535570100, 4.018399013375997700, 0.1000000000000000500 ) ) ;
#3822 = DIRECTION ( 'NONE',  ( 1.000000000000000000, 0.0000000000000000000, 0.0000000000000000000 ) ) ;
#3823 = CARTESIAN_POINT ( 'NONE',  ( -0.05647524154837250300, 12.46737528024190000, 1.500000000000000000 ) ) ;
#3824 = LINE ( 'NONE', #5166, #1351 ) ;
#3825 = ORIENTED_EDGE ( 'NONE', *, *, #3158, .T. ) ;
#3826 = ORIENTED_EDGE ( 'NONE', *, *, #2647, .T. ) ;
#3827 = ORIENTED_EDGE ( 'NONE', *, *, #135, .F. ) ;
#3828 = CIRCLE ( 'NONE', #7147, 11.40000000000000000 ) ;
#3829 = LINE ( 'NONE', #5201, #1892 ) ;
#3830 = LINE ( 'NONE', #392, #3669 ) ;
#3831 = ORIENTED_EDGE ( 'NONE', *, *, #5450, .F. ) ;
#3832 = VERTEX_POINT ( 'NONE', #5271 ) ;
#3833 = ORIENTED_EDGE ( 'NONE', *, *, #705, .T. ) ;
#3834 = VECTOR ( 'NONE', #2394, 1000.000000000000100 ) ;
#3835 = VERTEX_POINT ( 'NONE', #5308 ) ;
#3836 = EDGE_CURVE ( 'NONE', #3861, #4557, #2346, .T. ) ;
#3837 = LINE ( 'NONE', #42, #4325 ) ;
#3838 = DIRECTION ( 'NONE',  ( -1.224646799147353200E-016, 1.000000000000000000, 0.0000000000000000000 ) ) ;
#3839 = B_SPLINE_CURVE_WITH_KNOTS ( 'NONE', 3,
 ( #1822, #191, #2444, #4016 ),
 .UNSPECIFIED., .F., .F.,
 ( 4, 4 ),
 ( 0.0000000000000000000, 1.000000000000000000 ),
 .UNSPECIFIED. ) ;
#3840 = VECTOR ( 'NONE', #3613, 1000.000000000000100 ) ;
#3841 = VERTEX_POINT ( 'NONE', #1894 ) ;
#3842 = CARTESIAN_POINT ( 'NONE',  ( 2.699753648801634000, -9.711926499491486500, 1.500003561359264400 ) ) ;
#3843 = FACE_OUTER_BOUND ( 'NONE', #6001, .T. ) ;
#3844 = ORIENTED_EDGE ( 'NONE', *, *, #3426, .T. ) ;
#3845 = DIRECTION ( 'NONE',  ( -1.000000000000000000, 0.0000000000000000000, 0.0000000000000000000 ) ) ;
#3846 = EDGE_CURVE ( 'NONE', #73, #4412, #3271, .T. ) ;
#3847 = ORIENTED_EDGE ( 'NONE', *, *, #2319, .F. ) ;
#3848 = ORIENTED_EDGE ( 'NONE', *, *, #4292, .T. ) ;
#3849 = ORIENTED_EDGE ( 'NONE', *, *, #3870, .F. ) ;
#3850 = DIRECTION ( 'NONE',  ( 0.0000000000000000000, 0.0000000000000000000, -1.000000000000000000 ) ) ;
#3851 = EDGE_CURVE ( 'NONE', #1912, #2928, #6176, .T. ) ;
#3852 = EDGE_CURVE ( 'NONE', #4071, #2149, #5027, .T. ) ;
#3853 = ADVANCED_FACE ( 'NONE', ( #1040 ), #5388, .F. ) ;
#3854 = B_SPLINE_CURVE_WITH_KNOTS ( 'NONE', 3,
 ( #4832, #2036, #3102, #2081 ),
 .UNSPECIFIED., .F., .F.,
 ( 4, 4 ),
 ( 0.0000000000000000000, 1.000000000000000000 ),
 .UNSPECIFIED. ) ;
#3855 = AXIS2_PLACEMENT_3D ( 'NONE', #5685, #6236, #3559 ) ;
#3856 = CARTESIAN_POINT ( 'NONE',  ( 9.402640508102166500, 1.651445639814581100, 1.464367221300407300 ) ) ;
#3857 = ORIENTED_EDGE ( 'NONE', *, *, #5217, .F. ) ;
#3858 = EDGE_CURVE ( 'NONE', #2236, #2425, #5309, .T. ) ;
#3859 = DIRECTION ( 'NONE',  ( -1.000000000000000000, -1.224646799147363800E-016, 0.0000000000000000000 ) ) ;
#3860 = AXIS2_PLACEMENT_3D ( 'NONE', #6217, #1215, #4580 ) ;
#3861 = VERTEX_POINT ( 'NONE', #1375 ) ;
#3862 = DIRECTION ( 'NONE',  ( -1.000000000000000000, 0.0000000000000000000, 0.0000000000000000000 ) ) ;
#3863 = CARTESIAN_POINT ( 'NONE',  ( -8.195056911214210900, 3.204349185472517900, 10.96095955101660000 ) ) ;
#3864 = CARTESIAN_POINT ( 'NONE',  ( 6.996468837931960400, -6.484673658387460900, 1.583721891830310000 ) ) ;
#3865 = ORIENTED_EDGE ( 'NONE', *, *, #3768, .F. ) ;
#3866 = CARTESIAN_POINT ( 'NONE',  ( 4.649900761691635700, -8.565896482404516700, 10.00000000000002300 ) ) ;
#3867 = LINE ( 'NONE', #5049, #5510 ) ;
#3868 = DIRECTION ( 'NONE',  ( -1.000000000000000000, 0.0000000000000000000, 0.0000000000000000000 ) ) ;
#3869 = ADVANCED_FACE ( 'NONE', ( #1186 ), #5416, .T. ) ;
#3870 = EDGE_CURVE ( 'NONE', #1555, #3659, #4874, .T. ) ;
#3871 = VECTOR ( 'NONE', #4917, 1000.000000000000000 ) ;
#3872 = PLANE ( 'NONE',  #3885 ) ;
#3873 = FACE_BOUND ( 'NONE', #2955, .T. ) ;
#3874 = DIRECTION ( 'NONE',  ( 0.0000000000000000000, 0.0000000000000000000, -1.000000000000000000 ) ) ;
#3875 = EDGE_CURVE ( 'NONE', #542, #6992, #95, .T. ) ;
#3876 = DIRECTION ( 'NONE',  ( 0.0000000000000000000, 0.0000000000000000000, -1.000000000000000000 ) ) ;
#3877 = CARTESIAN_POINT ( 'NONE',  ( -8.270335187503882000, 3.006056505900652100, 10.96095955101660000 ) ) ;
#3878 = PRESENTATION_LAYER_ASSIGNMENT (  '', '', ( #2556 ) ) ;
#3879 = EDGE_CURVE ( 'NONE', #3218, #192, #973, .T. ) ;
#3880 = FACE_OUTER_BOUND ( 'NONE', #2525, .T. ) ;
#3881 = ORIENTED_EDGE ( 'NONE', *, *, #5768, .T. ) ;
#3882 = CARTESIAN_POINT ( 'NONE',  ( -0.9849999999999999900, 12.46737528024190000, 1.450000000000000200 ) ) ;
#3883 = ORIENTED_EDGE ( 'NONE', *, *, #5026, .T. ) ;
#3884 = VERTEX_POINT ( 'NONE', #3177 ) ;
#3885 = AXIS2_PLACEMENT_3D ( 'NONE', #6633, #3916, #2754 ) ;
#3886 =( BOUNDED_CURVE ( )  B_SPLINE_CURVE ( 3, ( #2752, #3313, #6088, #6617 ),
 .UNSPECIFIED., .F., .F. ) 
 B_SPLINE_CURVE_WITH_KNOTS ( ( 4, 4 ),
 ( 1.938942765613319800, 1.990108701732573100 ),
 .UNSPECIFIED. ) 
 CURVE ( )  GEOMETRIC_REPRESENTATION_ITEM ( )  RATIONAL_B_SPLINE_CURVE ( ( 1.000000000000000000, 0.9997818491469070400, 0.9997818491469070400, 1.000000000000000000 ) ) 
 REPRESENTATION_ITEM ( '' )  );
#3887 = ORIENTED_EDGE ( 'NONE', *, *, #2348, .T. ) ;
#3888 = VERTEX_POINT ( 'NONE', #4319 ) ;
#3889 = EDGE_LOOP ( 'NONE', ( #2885, #759, #6896, #2968 ) ) ;
#3890 = AXIS2_PLACEMENT_3D ( 'NONE', #2044, #5337, #6450 ) ;
#3891 = VERTEX_POINT ( 'NONE', #2605 ) ;
#3892 = DIRECTION ( 'NONE',  ( 0.0000000000000000000, 1.000000000000000000, 0.0000000000000000000 ) ) ;
#3893 = DIRECTION ( 'NONE',  ( -1.000000000000000000, 0.0000000000000000000, 0.0000000000000000000 ) ) ;
#3894 = CARTESIAN_POINT ( 'NONE',  ( -8.799169842991782200, 1.077587518337380300E-015, 10.96095955101655100 ) ) ;
#3895 = CARTESIAN_POINT ( 'NONE',  ( 2.406475241548370100, -11.14310894283165100, 1.500000000000000000 ) ) ;
#3896 = VECTOR ( 'NONE', #3921, 1000.000000000000000 ) ;
#3897 = ORIENTED_EDGE ( 'NONE', *, *, #1235, .F. ) ;
#3898 = ORIENTED_EDGE ( 'NONE', *, *, #371, .T. ) ;
#3899 = CARTESIAN_POINT ( 'NONE',  ( -8.796756363386901300, 4.196812733975966700, 10.00000000000004800 ) ) ;
#3900 = DIRECTION ( 'NONE',  ( 1.000000000000000000, 2.309291984482540100E-015, 0.0000000000000000000 ) ) ;
#3901 = FACE_OUTER_BOUND ( 'NONE', #5733, .T. ) ;
#3902 = CARTESIAN_POINT ( 'NONE',  ( 2.465037192951671200, 11.19027666788419000, 0.01790966324136107600 ) ) ;
#3903 = ADVANCED_FACE ( 'NONE', ( #1377 ), #3214, .T. ) ;
#3904 = DIRECTION ( 'NONE',  ( 0.0000000000000000000, 0.0000000000000000000, -1.000000000000000000 ) ) ;
#3905 = LINE ( 'NONE', #842, #6015 ) ;
#3906 = ORIENTED_EDGE ( 'NONE', *, *, #5498, .T. ) ;
#3907 = VERTEX_POINT ( 'NONE', #7051 ) ;
#3908 = CARTESIAN_POINT ( 'NONE',  ( 4.301581747076967900, 9.075500432331436300, 1.499999327185927800 ) ) ;
#3909 = ORIENTED_EDGE ( 'NONE', *, *, #208, .T. ) ;
#3910 = LINE ( 'NONE', #6336, #5209 ) ;
#3911 = ORIENTED_EDGE ( 'NONE', *, *, #1434, .T. ) ;
#3912 = EDGE_CURVE ( 'NONE', #6827, #7020, #7104, .T. ) ;
#3913 = CIRCLE ( 'NONE', #6784, 0.09999999999999999200 ) ;
#3914 = CARTESIAN_POINT ( 'NONE',  ( 7.445352316863566200, -4.690193001343187600, 10.96095955101660200 ) ) ;
#3915 = PLANE ( 'NONE',  #32 ) ;
#3916 = DIRECTION ( 'NONE',  ( 0.9976694263558594200, -1.221792669593880800E-016, -0.06823280526821752500 ) ) ;
#3917 = ORIENTED_EDGE ( 'NONE', *, *, #1501, .T. ) ;
#3918 = CARTESIAN_POINT ( 'NONE',  ( -2.506475241548380000, 11.22352804885810000, 1.399999999999999900 ) ) ;
#3919 = EDGE_CURVE ( 'NONE', #7115, #2480, #6350, .T. ) ;
#3920 = DIRECTION ( 'NONE',  ( -0.4625527581640489500, -0.8844804739534760700, -0.06114930179376899800 ) ) ;
#3921 = DIRECTION ( 'NONE',  ( 1.000000000000000000, -0.0000000000000000000, 0.0000000000000000000 ) ) ;
#3922 = CARTESIAN_POINT ( 'NONE',  ( -4.301719770855267000, 9.075441337996913700, 1.500000407994915000 ) ) ;
#3923 = DIRECTION ( 'NONE',  ( 0.0000000000000000000, 0.9978912729212212600, 0.06490768388769380100 ) ) ;
#3924 = EDGE_CURVE ( 'NONE', #5793, #1485, #6932, .T. ) ;
#3925 = CARTESIAN_POINT ( 'NONE',  ( -4.241078867099004900, 8.552212062007477300, 1.482183610650191300 ) ) ;
#3926 = EDGE_LOOP ( 'NONE', ( #3686, #845, #5461, #6062 ) ) ;
#3927 = EDGE_CURVE ( 'NONE', #538, #4908, #884, .T. ) ;
#3928 = CARTESIAN_POINT ( 'NONE',  ( 10.70582023461626300, 3.918962932418562400, 1.500000000000000000 ) ) ;
#3929 = DIRECTION ( 'NONE',  ( -1.000000000000000000, 0.0000000000000000000, 0.0000000000000000000 ) ) ;
#3930 = EDGE_CURVE ( 'NONE', #5968, #5682, #2716, .T. ) ;
#3931 = CARTESIAN_POINT ( 'NONE',  ( 7.892673750255851500, -6.270238206620614800, 1.500003561359264400 ) ) ;
#3932 = ORIENTED_EDGE ( 'NONE', *, *, #2206, .T. ) ;
#3933 = CARTESIAN_POINT ( 'NONE',  ( 8.353506267072711800, -2.771477982851553900, 10.96095955101659800 ) ) ;
#3934 = CARTESIAN_POINT ( 'NONE',  ( 0.05647524154837250300, 12.46737528024190000, 1.399999999999999900 ) ) ;
#3935 = ADVANCED_FACE ( 'NONE', ( #1911 ), #6594, .T. ) ;
#3936 = CARTESIAN_POINT ( 'NONE',  ( 0.09347715089518821000, 0.0000000000000000000, 1.366780907576699900 ) ) ;
#3937 = CARTESIAN_POINT ( 'NONE',  ( -10.76742563487569600, 4.007370204118896800, 1.446549221757658300 ) ) ;
#3938 = CARTESIAN_POINT ( 'NONE',  ( -8.358133916989086000, 4.253055772441711300, 7.236057577981069000 ) ) ;
#3939 = CARTESIAN_POINT ( 'NONE',  ( 9.075849831287063900, 0.0000000000000000000, 10.96095955101655100 ) ) ;
#3940 = ORIENTED_EDGE ( 'NONE', *, *, #6919, .F. ) ;
#3941 = PLANE ( 'NONE',  #2259 ) ;
#3942 = DIRECTION ( 'NONE',  ( -0.02108509640175210800, -0.06489325407542562200, 0.9976694263558602000 ) ) ;
#3943 = CARTESIAN_POINT ( 'NONE',  ( 9.282280378750751700, -2.273502990925077700E-015, 10.49159636633811800 ) ) ;
#3944 = CARTESIAN_POINT ( 'NONE',  ( -4.476193846054739500, 8.432117757622224400, 1.464367221300407500 ) ) ;
#3945 = ORIENTED_EDGE ( 'NONE', *, *, #2849, .F. ) ;
#3946 = CARTESIAN_POINT ( 'NONE',  ( -9.728040106252770200, -2.382682635619906400E-015, 10.53140954703218700 ) ) ;
#3947 = CYLINDRICAL_SURFACE ( 'NONE', #2100, 0.09999999999999982500 ) ;
#3948 = TOROIDAL_SURFACE ( 'NONE', #1462, 2.350000000000000500, 0.1000000000000000100 ) ;
#3949 = CIRCLE ( 'NONE', #3074, 9.746597336550346200 ) ;
#3950 = CARTESIAN_POINT ( 'NONE',  ( 8.675797720978973600, -1.468773165251046500, 10.96095955101660000 ) ) ;
#3951 = DIRECTION ( 'NONE',  ( 0.0000000000000000000, 0.0000000000000000000, -1.000000000000000000 ) ) ;
#3952 = EDGE_CURVE ( 'NONE', #3382, #6732, #1947, .T. ) ;
#3953 = DIRECTION ( 'NONE',  ( 0.9976694263558600900, 0.0000000000000000000, -0.06823280526820602000 ) ) ;
#3954 = CARTESIAN_POINT ( 'NONE',  ( -10.70660836432594500, 3.920090729836518900, 1.499985689453128500 ) ) ;
#3955 = CARTESIAN_POINT ( 'NONE',  ( -1.850575493958193100, 9.868515015208100000, 1.555811606257847100 ) ) ;
#3956 = EDGE_CURVE ( 'NONE', #6585, #914, #644, .T. ) ;
#3957 = CARTESIAN_POINT ( 'NONE',  ( 0.004683157104569979700, -0.006445812769456240500, 1.091359466005290100 ) ) ;
#3958 = DIRECTION ( 'NONE',  ( -0.0000000000000000000, -0.0000000000000000000, 1.000000000000000000 ) ) ;
#3959 = CARTESIAN_POINT ( 'NONE',  ( 2.408049452698162600, -11.14437940514033800, 1.499987608528536600 ) ) ;
#3960 = EDGE_CURVE ( 'NONE', #6002, #470, #6566, .T. ) ;
#3961 = ORIENTED_EDGE ( 'NONE', *, *, #6202, .T. ) ;
#3962 = DIRECTION ( 'NONE',  ( -1.000000000000000000, 0.0000000000000000000, 0.0000000000000000000 ) ) ;
#3963 = VERTEX_POINT ( 'NONE', #1588 ) ;
#3964 = ADVANCED_FACE ( 'NONE', ( #2873 ), #2264, .T. ) ;
#3965 = VERTEX_POINT ( 'NONE', #6612 ) ;
#3966 = ORIENTED_EDGE ( 'NONE', *, *, #1291, .T. ) ;
#3967 = CARTESIAN_POINT ( 'NONE',  ( -8.828588361935578300, -17.65717672387116400, 11.40000000000000200 ) ) ;
#3968 = AXIS2_PLACEMENT_3D ( 'NONE', #2740, #1644, #4363 ) ;
#3969 = VECTOR ( 'NONE', #2311, 1000.000000000000000 ) ;
#3970 = VERTEX_POINT ( 'NONE', #7117 ) ;
#3971 = ORIENTED_EDGE ( 'NONE', *, *, #2168, .F. ) ;
#3972 = ORIENTED_EDGE ( 'NONE', *, *, #357, .T. ) ;
#3973 = LINE ( 'NONE', #6681, #2526 ) ;
#3974 = CIRCLE ( 'NONE', #1114, 1.959999999999998200 ) ;
#3975 = CARTESIAN_POINT ( 'NONE',  ( 8.600296039108137300, -1.881895312903290900, 10.96095955101660200 ) ) ;
#3976 = AXIS2_PLACEMENT_3D ( 'NONE', #3427, #5549, #1741 ) ;
#3977 = VECTOR ( 'NONE', #3073, 1000.000000000000000 ) ;
#3978 = ORIENTED_EDGE ( 'NONE', *, *, #3347, .F. ) ;
#3979 = CARTESIAN_POINT ( 'NONE',  ( 1.273058886662290500, 9.208895215474559100, 10.00000000091395500 ) ) ;
#3980 = ORIENTED_EDGE ( 'NONE', *, *, #6284, .T. ) ;
#3981 = FACE_OUTER_BOUND ( 'NONE', #55, .T. ) ;
#3982 = ORIENTED_EDGE ( 'NONE', *, *, #5269, .T. ) ;
#3983 = VECTOR ( 'NONE', #4308, 1000.000000000000000 ) ;
#3984 = CARTESIAN_POINT ( 'NONE',  ( -8.814399537076962300, 4.806743149136326400, 1.583721891836908300 ) ) ;
#3985 = DIRECTION ( 'NONE',  ( 0.6982542552416095600, -0.7132333124071104100, 0.06114930179295958300 ) ) ;
#3986 = CARTESIAN_POINT ( 'NONE',  ( 0.0000000000000000000, 12.46737528024190000, 0.04999999999999991300 ) ) ;
#3987 = EDGE_LOOP ( 'NONE', ( #3791, #4962 ) ) ;
#3988 = CARTESIAN_POINT ( 'NONE',  ( -6.903697999494418100, -7.017249838226435400, 7.258252300643802900 ) ) ;
#3989 = VERTEX_POINT ( 'NONE', #6119 ) ;
#3990 = ORIENTED_EDGE ( 'NONE', *, *, #4851, .T. ) ;
#3991 = B_SPLINE_CURVE_WITH_KNOTS ( 'NONE', 3,
 ( #558, #24, #3938, #1617 ),
 .UNSPECIFIED., .F., .F.,
 ( 4, 4 ),
 ( 0.0000000000000000000, 1.000000000000000000 ),
 .UNSPECIFIED. ) ;
#3992 = CARTESIAN_POINT ( 'NONE',  ( -17.93545311535570300, 0.2383990133759980000, 0.1000000000000000500 ) ) ;
#3993 = VECTOR ( 'NONE', #1957, 1000.000000000000000 ) ;
#3994 = ORIENTED_EDGE ( 'NONE', *, *, #3568, .F. ) ;
#3995 = DIRECTION ( 'NONE',  ( -1.000000000000000000, 0.0000000000000000000, 0.0000000000000000000 ) ) ;
#3996 = CARTESIAN_POINT ( 'NONE',  ( -9.956331755326141700, -1.292237160460798100, 1.583721891836908000 ) ) ;
#3997 = ORIENTED_EDGE ( 'NONE', *, *, #252, .F. ) ;
#3998 = PLANE ( 'NONE',  #1583 ) ;
#3999 = ORIENTED_EDGE ( 'NONE', *, *, #2596, .T. ) ;
#4000 = EDGE_CURVE ( 'NONE', #6137, #353, #6742, .T. ) ;
#4001 = VERTEX_POINT ( 'NONE', #1090 ) ;
#4002 = CARTESIAN_POINT ( 'NONE',  ( -1.137309281862994600, -8.727229288802538700, 10.96095955101660000 ) ) ;
#4003 = CARTESIAN_POINT ( 'NONE',  ( 4.304370173601465200, 9.069596843242475600, 1.583721891830309800 ) ) ;
#4004 = CARTESIAN_POINT ( 'NONE',  ( -4.147544640573130400, -13.53630527304500000, 1.583721891830310000 ) ) ;
#4005 = ADVANCED_FACE ( 'NONE', ( #2117 ), #3304, .T. ) ;
#4006 = EDGE_CURVE ( 'NONE', #3368, #3310, #3330, .T. ) ;
#4007 = DIRECTION ( 'NONE',  ( 0.0000000000000000000, 0.0000000000000000000, -1.000000000000000000 ) ) ;
#4008 = CARTESIAN_POINT ( 'NONE',  ( -0.05647524154837205200, -14.91737528024190100, 1.500000000000000000 ) ) ;
#4009 = DIRECTION ( 'NONE',  ( 0.0000000000000000000, 0.0000000000000000000, -1.000000000000000000 ) ) ;
#4010 = AXIS2_PLACEMENT_3D ( 'NONE', #5732, #2983, #6828 ) ;
#4011 = CARTESIAN_POINT ( 'NONE',  ( 8.813341399473007000, 4.607558328598295300, 4.363140449427814500 ) ) ;
#4012 = EDGE_CURVE ( 'NONE', #314, #336, #6333, .T. ) ;
#4013 = CARTESIAN_POINT ( 'NONE',  ( 2.499976862686788900, -11.21831981095981600, 1.436626606967676500 ) ) ;
#4014 = CARTESIAN_POINT ( 'NONE',  ( 0.0000000000000000000, 12.46737528024190000, 1.500000000000000000 ) ) ;
#4015 = AXIS2_PLACEMENT_3D ( 'NONE', #1397, #2578, #4201 ) ;
#4016 = CARTESIAN_POINT ( 'NONE',  ( -4.017754111820752700, -6.987542254695108900, 1.314579482943356600 ) ) ;
#4017 = CARTESIAN_POINT ( 'NONE',  ( -9.834474268989303900, -1.457933743389303100, 4.452826264592774300 ) ) ;
#4018 = AXIS2_PLACEMENT_3D ( 'NONE', #6609, #5504, #3717 ) ;
#4019 = B_SPLINE_CURVE_WITH_KNOTS ( 'NONE', 3,
 ( #4227, #4816, #1490, #2155 ),
 .UNSPECIFIED., .F., .F.,
 ( 4, 4 ),
 ( 0.0000000000000000000, 1.000000000000000000 ),
 .UNSPECIFIED. ) ;
#4020 = CARTESIAN_POINT ( 'NONE',  ( 2.407524733388445100, 11.14395595615931900, 1.499995869742101400 ) ) ;
#4021 = CARTESIAN_POINT ( 'NONE',  ( 2.088618229730502500, -8.549844470529846400, 10.96095955101660000 ) ) ;
#4022 = CARTESIAN_POINT ( 'NONE',  ( 2.406999988442830100, 11.14353243821287600, 1.500000000000000000 ) ) ;
#4023 = CARTESIAN_POINT ( 'NONE',  ( -7.302112984258070800, -6.895615211338871100, 1.500000000000099900 ) ) ;
#4024 = VERTEX_POINT ( 'NONE', #6106 ) ;
#4025 = CARTESIAN_POINT ( 'NONE',  ( 8.828588361935580100, 1.081190247843398300E-015, 10.50000000000000000 ) ) ;
#4026 = FACE_OUTER_BOUND ( 'NONE', #3410, .T. ) ;
#4027 = CARTESIAN_POINT ( 'NONE',  ( 14.15545311535570100, -3.918399013376000300, 1.399999999999999900 ) ) ;
#4028 = CARTESIAN_POINT ( 'NONE',  ( 10.77508558524241000, -4.018399013376000400, 1.500000000000000000 ) ) ;
#4029 = B_SPLINE_CURVE_WITH_KNOTS ( 'NONE', 3,
 ( #5270, #3084, #3681, #3024, #6421, #4103, #6930, #3646, #862, #4727, #1400, #5307, #5861, #1893, #1861, #338, #262, #1295, #5194 ),
 .UNSPECIFIED., .F., .F.,
 ( 4, 3, 3, 3, 3, 3, 4 ),
 ( 2.710505431213761100E-019, 2.923272745929033000E-005, 5.832508907521069600E-005, 8.930983150313749800E-005, 0.0001256213191984034600, 0.0001717628206074547900, 0.0001738267312063060100 ),
 .UNSPECIFIED. ) ;
#4030 = CARTESIAN_POINT ( 'NONE',  ( -0.7757027690474530600, 1.024779728573322200, 9.528024968268802300 ) ) ;
#4031 = VECTOR ( 'NONE', #3358, 1000.000000000000000 ) ;
#4032 = CARTESIAN_POINT ( 'NONE',  ( -7.295283646310646300, -6.897626796287551300, 1.583721891836908000 ) ) ;
#4033 = LINE ( 'NONE', #1052, #5773 ) ;
#4034 = CARTESIAN_POINT ( 'NONE',  ( -6.996468837931957700, 6.484673658387461800, 1.583721891830324200 ) ) ;
#4035 = CARTESIAN_POINT ( 'NONE',  ( 0.0000000000000000000, 0.0000000000000000000, 10.00000000000039800 ) ) ;
#4036 = ADVANCED_FACE ( 'NONE', ( #5824 ), #2832, .T. ) ;
#4037 = CARTESIAN_POINT ( 'NONE',  ( -9.710146074784122000, -2.378299861947521700E-015, 11.04382756442191400 ) ) ;
#4038 = CARTESIAN_POINT ( 'NONE',  ( 2.431675449003775300, 11.16343300303895200, 1.497524934941123700 ) ) ;
#4039 = CIRCLE ( 'NONE', #4710, 3.780000000000000200 ) ;
#4040 = EDGE_LOOP ( 'NONE', ( #1026, #2032, #7152, #1476 ) ) ;
#4041 = B_SPLINE_CURVE_WITH_KNOTS ( 'NONE', 3,
 ( #6967, #948, #5353, #1519, #1503, #6988, #4852, #3719, #2669, #4295, #4808, #1480, #4250, #5408, #5424, #6512, #6484, #3188, #5327 ),
 .UNSPECIFIED., .F., .F.,
 ( 4, 3, 3, 3, 3, 3, 4 ),
 ( 2.710505431213761100E-019, 2.923272745929035700E-005, 5.832508907521003200E-005, 8.930983150313843300E-005, 0.0001256213191984035700, 0.0001717628206074525100, 0.0001738267312063061400 ),
 .UNSPECIFIED. ) ;
#4042 = CARTESIAN_POINT ( 'NONE',  ( -8.153813335714215100, -3.307900583030390300, 10.96095955101659800 ) ) ;
#4043 = CARTESIAN_POINT ( 'NONE',  ( 17.83545311535569800, 0.2383990133759980000, 0.1000000000000000500 ) ) ;
#4044 = PLANE ( 'NONE',  #1935 ) ;
#4045 = EDGE_CURVE ( 'NONE', #4415, #6577, #4344, .T. ) ;
#4046 = ADVANCED_FACE ( 'NONE', ( #2185 ), #564, .T. ) ;
#4047 = ORIENTED_EDGE ( 'NONE', *, *, #1033, .F. ) ;
#4048 = CARTESIAN_POINT ( 'NONE',  ( -6.432827244698067700, -7.044167963942691700, 1.583721891830319300 ) ) ;
#4049 = VERTEX_POINT ( 'NONE', #6627 ) ;
#4050 = CARTESIAN_POINT ( 'NONE',  ( 6.813526876737758400, -6.561935585205997500, 4.411772188215078200 ) ) ;
#4051 = EDGE_CURVE ( 'NONE', #3888, #2236, #5212, .T. ) ;
#4052 = ORIENTED_EDGE ( 'NONE', *, *, #3715, .T. ) ;
#4053 = CARTESIAN_POINT ( 'NONE',  ( 0.0000000000000000000, 0.0000000000000000000, 1.399999999999999900 ) ) ;
#4054 = DIRECTION ( 'NONE',  ( 0.8861387670742829600, -0.4634199882267378000, 0.0000000000000000000 ) ) ;
#4055 = EDGE_CURVE ( 'NONE', #5687, #6544, #197, .T. ) ;
#4056 = B_SPLINE_CURVE_WITH_KNOTS ( 'NONE', 3,
 ( #2107, #1499, #5400, #1433 ),
 .UNSPECIFIED., .F., .F.,
 ( 4, 4 ),
 ( 0.0000000000000000000, 1.000000000000000000 ),
 .UNSPECIFIED. ) ;
#4057 = FACE_OUTER_BOUND ( 'NONE', #2110, .T. ) ;
#4058 = EDGE_LOOP ( 'NONE', ( #4317, #2614, #381, #2757 ) ) ;
#4059 = ORIENTED_EDGE ( 'NONE', *, *, #5259, .T. ) ;
#4060 = CARTESIAN_POINT ( 'NONE',  ( -1.273058886655809500, 8.724468168020109700, 10.00000000000000200 ) ) ;
#4061 = EDGE_LOOP ( 'NONE', ( #2253, #6897, #6009, #943 ) ) ;
#4062 = AXIS2_PLACEMENT_3D ( 'NONE', #1545, #6535, #3263 ) ;
#4063 = CARTESIAN_POINT ( 'NONE',  ( -4.304370173601465200, -9.069596843242475600, 1.583721891830310000 ) ) ;
#4064 = CARTESIAN_POINT ( 'NONE',  ( -13.97579960646100300, 0.0000000000000000000, 1.450000000000000200 ) ) ;
#4065 = DIRECTION ( 'NONE',  ( -0.0000000000000000000, -0.0000000000000000000, 1.000000000000000000 ) ) ;
#4066 = CARTESIAN_POINT ( 'NONE',  ( -1.854246174328446600, -9.870673723679635400, 1.500000151121955600 ) ) ;
#4067 = FACE_OUTER_BOUND ( 'NONE', #3264, .T. ) ;
#4068 = EDGE_CURVE ( 'NONE', #2109, #5636, #1804, .T. ) ;
#4069 = DIRECTION ( 'NONE',  ( 0.0000000000000000000, 0.0000000000000000000, 1.000000000000000000 ) ) ;
#4070 = ORIENTED_EDGE ( 'NONE', *, *, #3296, .T. ) ;
#4071 = VERTEX_POINT ( 'NONE', #5006 ) ;
#4072 = CIRCLE ( 'NONE', #6976, 1.960000000000000000 ) ;
#4073 = LINE ( 'NONE', #3460, #4259 ) ;
#4074 = CIRCLE ( 'NONE', #7118, 9.746597336550346200 ) ;
#4075 = VERTEX_POINT ( 'NONE', #3365 ) ;
#4076 = ORIENTED_EDGE ( 'NONE', *, *, #6064, .T. ) ;
#4077 = CYLINDRICAL_SURFACE ( 'NONE', #4939, 0.09999999999999999200 ) ;
#4078 = ORIENTED_EDGE ( 'NONE', *, *, #1194, .F. ) ;
#4079 = CARTESIAN_POINT ( 'NONE',  ( -8.424137302742416000, -2.569578273279631700, 10.96095955101660000 ) ) ;
#4080 = CARTESIAN_POINT ( 'NONE',  ( 7.295283646310641000, 6.897626796287552200, 1.583721891836908300 ) ) ;
#4081 = CARTESIAN_POINT ( 'NONE',  ( 14.15545311535571000, -3.918399013375932800, 0.0000000000000000000 ) ) ;
#4082 = ADVANCED_FACE ( 'NONE', ( #6437, #3843 ), #1071, .F. ) ;
#4083 = CARTESIAN_POINT ( 'NONE',  ( -2.474541885154911900, 11.19791029615860900, 1.473259347718542700 ) ) ;
#4084 = ORIENTED_EDGE ( 'NONE', *, *, #3207, .T. ) ;
#4085 = CARTESIAN_POINT ( 'NONE',  ( -1.558327750901140200, 8.258079982341330400, 9.806355243554639500 ) ) ;
#4086 = CARTESIAN_POINT ( 'NONE',  ( -6.630751685625719800, -6.633684951775520300, 7.190472975004699800 ) ) ;
#4087 = CARTESIAN_POINT ( 'NONE',  ( -1.273058886640288500, 1.559047490650122600E-016, 9.528024968288347600 ) ) ;
#4088 = ORIENTED_EDGE ( 'NONE', *, *, #1335, .T. ) ;
#4089 = CARTESIAN_POINT ( 'NONE',  ( -17.83545311535570100, 0.2383990133759980000, 0.0000000000000000000 ) ) ;
#4090 = ADVANCED_FACE ( 'NONE', ( #688 ), #4687, .T. ) ;
#4091 = CARTESIAN_POINT ( 'NONE',  ( -4.305666286085716400, 9.069710950954082300, 1.583721891836907800 ) ) ;
#4092 = CARTESIAN_POINT ( 'NONE',  ( -17.93545311535570300, -0.2383990133759980000, 0.1000000000000000500 ) ) ;
#4093 = DIRECTION ( 'NONE',  ( -0.0000000000000000000, -0.0000000000000000000, 1.000000000000000000 ) ) ;
#4094 = ORIENTED_EDGE ( 'NONE', *, *, #2731, .T. ) ;
#4095 = DIRECTION ( 'NONE',  ( -1.000000000000000000, 0.0000000000000000000, 0.0000000000000000000 ) ) ;
#4096 = EDGE_CURVE ( 'NONE', #2941, #5713, #3539, .T. ) ;
#4097 = EDGE_CURVE ( 'NONE', #169, #2109, #465, .T. ) ;
#4098 = CARTESIAN_POINT ( 'NONE',  ( 0.6198596920114889400, 10.04342396968136000, 1.499998114380771000 ) ) ;
#4099 = DIRECTION ( 'NONE',  ( 2.032879073410333100E-016, -1.000000000000000000, 0.0000000000000000000 ) ) ;
#4100 = EDGE_CURVE ( 'NONE', #3907, #4952, #6670, .T. ) ;
#4101 = CARTESIAN_POINT ( 'NONE',  ( -17.83545311535569800, -0.2383990133759980000, 1.399999999999999900 ) ) ;
#4102 = ORIENTED_EDGE ( 'NONE', *, *, #5729, .F. ) ;
#4103 = CARTESIAN_POINT ( 'NONE',  ( -10.76742563487569600, 4.007370204118896800, 0.05345077824234167200 ) ) ;
#4104 = DIRECTION ( 'NONE',  ( 0.0000000000000000000, 0.0000000000000000000, -1.000000000000000000 ) ) ;
#4105 = CARTESIAN_POINT ( 'NONE',  ( 2.480929350730537200, -11.20304034527303600, 1.467324632812861100 ) ) ;
#4106 = DIRECTION ( 'NONE',  ( -1.000000000000000000, -0.0000000000000000000, -0.0000000000000000000 ) ) ;
#4107 = AXIS2_PLACEMENT_3D ( 'NONE', #3812, #1610, #6039 ) ;
#4108 = DIRECTION ( 'NONE',  ( -0.8848715954672306000, 0.4648502780020986000, -0.03027339717721635000 ) ) ;
#4109 = CARTESIAN_POINT ( 'NONE',  ( 3.593263992586810400, 7.596889116839490100, 9.806355243554639500 ) ) ;
#4110 = DIRECTION ( 'NONE',  ( 0.0000000000000000000, 0.0000000000000000000, 1.000000000000000000 ) ) ;
#4111 = ORIENTED_EDGE ( 'NONE', *, *, #3462, .T. ) ;
#4112 = CARTESIAN_POINT ( 'NONE',  ( 1.847685141975744100, 9.868357437644506900, 1.583721891836908000 ) ) ;
#4113 = AXIS2_PLACEMENT_3D ( 'NONE', #2410, #2999, #5747 ) ;
#4114 = CARTESIAN_POINT ( 'NONE',  ( 8.799169842991782200, 0.0000000000000000000, 10.47764768964460000 ) ) ;
#4115 = ORIENTED_EDGE ( 'NONE', *, *, #654, .T. ) ;
#4116 = DIRECTION ( 'NONE',  ( 0.0000000000000000000, 0.0000000000000000000, -1.000000000000000000 ) ) ;
#4117 = AXIS2_PLACEMENT_3D ( 'NONE', #5995, #3142, #2604 ) ;
#4118 = VECTOR ( 'NONE', #2016, 1000.000000000000100 ) ;
#4119 = DIRECTION ( 'NONE',  ( -0.0000000000000000000, -1.000000000000000000, -0.0000000000000000000 ) ) ;
#4120 = ADVANCED_FACE ( 'NONE', ( #3253 ), #4783, .T. ) ;
#4121 = CARTESIAN_POINT ( 'NONE',  ( -2.506475241548382200, 11.22352804885811000, 1.409425431000189200 ) ) ;
#4122 = LINE ( 'NONE', #2179, #2678 ) ;
#4123 = DIRECTION ( 'NONE',  ( -0.0000000000000000000, -0.0000000000000000000, 1.000000000000000000 ) ) ;
#4124 = DIRECTION ( 'NONE',  ( -1.000000000000000000, 0.0000000000000000000, 0.0000000000000000000 ) ) ;
#4125 = CIRCLE ( 'NONE', #4304, 0.1000000000000000100 ) ;
#4126 = CARTESIAN_POINT ( 'NONE',  ( -1.034999999999999900, 12.46737528024190000, 1.450000000000000200 ) ) ;
#4127 = CARTESIAN_POINT ( 'NONE',  ( -4.303420563980160400, -9.071537340150181100, 1.555811606257870200 ) ) ;
#4128 = CARTESIAN_POINT ( 'NONE',  ( 4.094958296356099800, 7.438526268011930400, 1.300721701513740000 ) ) ;
#4129 = DIRECTION ( 'NONE',  ( -0.0000000000000000000, -0.0000000000000000000, 1.000000000000000000 ) ) ;
#4130 = CARTESIAN_POINT ( 'NONE',  ( 10.76742563487569600, -4.007370204118897700, 1.446549221757658300 ) ) ;
#4131 = CARTESIAN_POINT ( 'NONE',  ( 8.358024256773880700, -4.256298213121430000, 7.190472975004699800 ) ) ;
#4132 = ORIENTED_EDGE ( 'NONE', *, *, #1021, .T. ) ;
#4133 = EDGE_CURVE ( 'NONE', #3195, #6908, #3781, .T. ) ;
#4134 = ORIENTED_EDGE ( 'NONE', *, *, #6867, .T. ) ;
#4135 = DIRECTION ( 'NONE',  ( -1.000000000000000000, 0.0000000000000000000, 0.0000000000000000000 ) ) ;
#4136 = CARTESIAN_POINT ( 'NONE',  ( -14.15545311535570100, -0.2383990133759980000, 0.1000000000000000500 ) ) ;
#4137 = EDGE_LOOP ( 'NONE', ( #2355, #5000, #5608, #3755, #1799 ) ) ;
#4138 = ORIENTED_EDGE ( 'NONE', *, *, #4662, .F. ) ;
#4139 = ORIENTED_EDGE ( 'NONE', *, *, #2341, .F. ) ;
#4140 = FACE_OUTER_BOUND ( 'NONE', #41, .T. ) ;
#4141 = DIRECTION ( 'NONE',  ( 0.0000000000000000000, 0.0000000000000000000, -1.000000000000000000 ) ) ;
#4142 = DIRECTION ( 'NONE',  ( -0.0000000000000000000, -0.0000000000000000000, 1.000000000000000000 ) ) ;
#4143 = CARTESIAN_POINT ( 'NONE',  ( 2.406475241548372800, -12.46737528024190000, 1.399999999999999900 ) ) ;
#4144 = EDGE_CURVE ( 'NONE', #6063, #5865, #377, .T. ) ;
#4145 = CIRCLE ( 'NONE', #5378, 9.296474063777681700 ) ;
#4146 = ORIENTED_EDGE ( 'NONE', *, *, #4743, .F. ) ;
#4147 = VERTEX_POINT ( 'NONE', #6882 ) ;
#4148 = ORIENTED_EDGE ( 'NONE', *, *, #6761, .F. ) ;
#4149 = VECTOR ( 'NONE', #2502, 1000.000000000000000 ) ;
#4150 = EDGE_CURVE ( 'NONE', #657, #778, #3775, .T. ) ;
#4151 = FACE_OUTER_BOUND ( 'NONE', #6340, .T. ) ;
#4152 = CARTESIAN_POINT ( 'NONE',  ( 0.0000000000000000000, 0.0000000000000000000, 11.40000000000000000 ) ) ;
#4153 = CARTESIAN_POINT ( 'NONE',  ( 9.960562136989354400, 1.286713014453638900, 1.500000407994915400 ) ) ;
#4154 = CARTESIAN_POINT ( 'NONE',  ( -2.406475241548430500, 0.2383990133760788600, 0.0000000000000000000 ) ) ;
#4155 = VECTOR ( 'NONE', #1751, 999.9999999999998900 ) ;
#4156 = VERTEX_POINT ( 'NONE', #4092 ) ;
#4157 = AXIS2_PLACEMENT_3D ( 'NONE', #2419, #6296, #6832 ) ;
#4158 = ORIENTED_EDGE ( 'NONE', *, *, #4051, .F. ) ;
#4159 = CARTESIAN_POINT ( 'NONE',  ( -8.813283889220517900, -4.807412669862005200, 1.583721891830309500 ) ) ;
#4160 = LINE ( 'NONE', #5986, #2430 ) ;
#4161 = ORIENTED_EDGE ( 'NONE', *, *, #2733, .T. ) ;
#4162 = PLANE ( 'NONE',  #1505 ) ;
#4163 = FACE_OUTER_BOUND ( 'NONE', #6631, .T. ) ;
#4164 = ADVANCED_FACE ( 'NONE', ( #787 ), #4694, .T. ) ;
#4165 = CARTESIAN_POINT ( 'NONE',  ( -1.825546255950893900, -6.792918986308782400, 11.40000000005519000 ) ) ;
#4166 = CARTESIAN_POINT ( 'NONE',  ( 1.602606525749112900, -1.962626952053152200E-016, 9.040507860756537900 ) ) ;
#4167 = CARTESIAN_POINT ( 'NONE',  ( -0.05647524154837239900, 14.81737528024190100, 0.1000000000000000500 ) ) ;
#4168 = DIRECTION ( 'NONE',  ( -1.000000000000000000, 7.697639948275110100E-016, -0.0000000000000000000 ) ) ;
#4169 = ORIENTED_EDGE ( 'NONE', *, *, #4260, .T. ) ;
#4170 = AXIS2_PLACEMENT_3D ( 'NONE', #4859, #6993, #1522 ) ;
#4171 = EDGE_LOOP ( 'NONE', ( #417, #2974, #1287, #5650 ) ) ;
#4172 = DIRECTION ( 'NONE',  ( 4.881252305529689900E-015, 1.000000000000000000, 0.0000000000000000000 ) ) ;
#4173 = EDGE_LOOP ( 'NONE', ( #2173, #2845, #4158, #5928 ) ) ;
#4174 = VECTOR ( 'NONE', #840, 1000.000000000000200 ) ;
#4175 = ORIENTED_EDGE ( 'NONE', *, *, #3858, .T. ) ;
#4176 = CARTESIAN_POINT ( 'NONE',  ( -2.496219100977799400, 11.21530727966802500, 0.05504381179042369000 ) ) ;
#4177 = ORIENTED_EDGE ( 'NONE', *, *, #6640, .T. ) ;
#4178 = CARTESIAN_POINT ( 'NONE',  ( -1.229437167381396400, 8.372684330844958100, 4.165935625339602500 ) ) ;
#4179 = CARTESIAN_POINT ( 'NONE',  ( 0.0000000000000000000, -12.46737528024190000, 1.450000000000000200 ) ) ;
#4180 = DIRECTION ( 'NONE',  ( -0.0000000000000000000, -0.0000000000000000000, 1.000000000000000000 ) ) ;
#4181 = DIRECTION ( 'NONE',  ( -0.0000000000000000000, 1.000000000000000000, -0.0000000000000000000 ) ) ;
#4182 = ORIENTED_EDGE ( 'NONE', *, *, #2927, .F. ) ;
#4183 = ADVANCED_FACE ( 'NONE', ( #6091 ), #3064, .T. ) ;
#4184 = CARTESIAN_POINT ( 'NONE',  ( 0.0000000000000000000, 12.46737528024190000, 0.0000000000000000000 ) ) ;
#4185 = CARTESIAN_POINT ( 'NONE',  ( 2.297199453139773300, 8.502451639628569400, 10.96095955101660000 ) ) ;
#4186 = DIRECTION ( 'NONE',  ( -1.000000000000000000, 0.0000000000000000000, 0.0000000000000000000 ) ) ;
#4187 = DIRECTION ( 'NONE',  ( 0.0000000000000000000, -1.000000000000000000, -0.0000000000000000000 ) ) ;
#4188 = ADVANCED_FACE ( 'NONE', ( #5413 ), #613, .T. ) ;
#4189 = CARTESIAN_POINT ( 'NONE',  ( 10.70660836432594300, -3.920090729836519700, 1.499985689453128500 ) ) ;
#4190 = CARTESIAN_POINT ( 'NONE',  ( -2.506475241548372400, -11.22352804885812300, 1.409425431000189700 ) ) ;
#4191 = EDGE_CURVE ( 'NONE', #3019, #1449, #6018, .T. ) ;
#4192 = CARTESIAN_POINT ( 'NONE',  ( -2.406999988442837700, 11.14353243821287400, -5.987698008721241500E-019 ) ) ;
#4193 = CARTESIAN_POINT ( 'NONE',  ( 1.072882848195535900, 9.482935660054460300, 1.446550831950623300 ) ) ;
#4194 = CARTESIAN_POINT ( 'NONE',  ( -4.001413558168919400, 8.662354359223652300, 1.499999999999969400 ) ) ;
#4195 = B_SPLINE_CURVE_WITH_KNOTS ( 'NONE', 3,
 ( #1859, #6819, #3020, #6311 ),
 .UNSPECIFIED., .F., .F.,
 ( 4, 4 ),
 ( 0.0000000000000000000, 1.000000000000000000 ),
 .UNSPECIFIED. ) ;
#4196 = EDGE_CURVE ( 'NONE', #1, #4467, #3913, .T. ) ;
#4197 = CARTESIAN_POINT ( 'NONE',  ( -9.682354874905504600, 0.0000000000000000000, 0.0000000000000000000 ) ) ;
#4198 = DIRECTION ( 'NONE',  ( 6.002403643491457800E-018, 0.04901334529817547700, -0.9987981237380665300 ) ) ;
#4199 = ADVANCED_FACE ( 'NONE', ( #6254 ), #282, .T. ) ;
#4200 = EDGE_CURVE ( 'NONE', #4470, #2942, #2468, .T. ) ;
#4201 = DIRECTION ( 'NONE',  ( 0.0000000000000000000, 1.000000000000000000, 0.0000000000000000000 ) ) ;
#4202 = CARTESIAN_POINT ( 'NONE',  ( -1.655868880184898400, -9.313856908836015700, 4.402724244647659500 ) ) ;
#4203 = CARTESIAN_POINT ( 'NONE',  ( -7.932832904285968200, 1.128462034461067000, 9.818678063566094800 ) ) ;
#4204 = EDGE_LOOP ( 'NONE', ( #6928, #4175, #990, #3671 ) ) ;
#4205 = CARTESIAN_POINT ( 'NONE',  ( 14.15545311535570100, 4.018399013375997700, 1.500000000000000000 ) ) ;
#4206 = EDGE_CURVE ( 'NONE', #4952, #355, #2858, .T. ) ;
#4207 = AXIS2_PLACEMENT_3D ( 'NONE', #6096, #4955, #1107 ) ;
#4208 = CARTESIAN_POINT ( 'NONE',  ( -1.741049694900256300, 8.625292734194495400, 10.96095955101659700 ) ) ;
#4209 = VECTOR ( 'NONE', #68, 1000.000000000000000 ) ;
#4210 = CARTESIAN_POINT ( 'NONE',  ( -8.796756363386888800, 4.196812733975963100, 10.00000000000002500 ) ) ;
#4211 = CARTESIAN_POINT ( 'NONE',  ( 10.73259192906139600, -3.957319850291865400, 1.492114974101826300 ) ) ;
#4212 = DIRECTION ( 'NONE',  ( -0.9510565162995670000, 0.3090169943613646500, -2.087380093768515000E-010 ) ) ;
#4213 = AXIS2_PLACEMENT_3D ( 'NONE', #2270, #1361, #4720 ) ;
#4214 = CARTESIAN_POINT ( 'NONE',  ( -2.406475241548370100, -12.46737528024190000, 1.500000000000000000 ) ) ;
#4215 = CYLINDRICAL_SURFACE ( 'NONE', #2213, 0.1000000000000000500 ) ;
#4216 = VECTOR ( 'NONE', #2703, 1000.000000000000000 ) ;
#4217 = CARTESIAN_POINT ( 'NONE',  ( 3.524611352227020200, 7.195858480146380700, 9.818678063566089500 ) ) ;
#4218 = CARTESIAN_POINT ( 'NONE',  ( 7.099304861171772200, 6.960052114436320100, 4.452826264591662300 ) ) ;
#4219 = VERTEX_POINT ( 'NONE', #820 ) ;
#4220 = CARTESIAN_POINT ( 'NONE',  ( -1.465208616143379900, -9.264221913740000100, 7.190472975004699800 ) ) ;
#4221 = CARTESIAN_POINT ( 'NONE',  ( -0.6071301088861312800, -1.120672737086906300, 9.528024968268802300 ) ) ;
#4222 = DIRECTION ( 'NONE',  ( -0.0000000000000000000, -0.0000000000000000000, 1.000000000000000000 ) ) ;
#4223 = DIRECTION ( 'NONE',  ( -1.000000000000000000, -0.0000000000000000000, -0.0000000000000000000 ) ) ;
#4224 = CIRCLE ( 'NONE', #4864, 0.04999999999999991300 ) ;
#4225 = DIRECTION ( 'NONE',  ( -1.224646799147353200E-016, 1.000000000000000000, 0.0000000000000000000 ) ) ;
#4226 = VERTEX_POINT ( 'NONE', #7015 ) ;
#4227 = CARTESIAN_POINT ( 'NONE',  ( 4.711548903495390100, -8.294749881360960600, 1.583721891830319300 ) ) ;
#4228 = CARTESIAN_POINT ( 'NONE',  ( -9.410252179441011200, -3.713369491549020700, 1.583721891830310200 ) ) ;
#4229 = CARTESIAN_POINT ( 'NONE',  ( 0.0000000000000000000, -12.46737528024190000, 0.04999999999999991300 ) ) ;
#4230 = ORIENTED_EDGE ( 'NONE', *, *, #6030, .T. ) ;
#4231 = CARTESIAN_POINT ( 'NONE',  ( 0.0000000000000000000, 0.0000000000000000000, 1.399999999999999900 ) ) ;
#4232 = EDGE_LOOP ( 'NONE', ( #1524, #4386, #6010, #522, #6100, #2232, #3401 ) ) ;
#4233 = CARTESIAN_POINT ( 'NONE',  ( 7.527659499396802900, 4.565954101409392500, 10.96095955101659700 ) ) ;
#4234 = CARTESIAN_POINT ( 'NONE',  ( 4.649900761691640100, -8.565896482404529200, 10.00000000000000000 ) ) ;
#4235 = CARTESIAN_POINT ( 'NONE',  ( 1.063808518962296100, 9.479972579039957400, 1.583721891830319300 ) ) ;
#4236 = VERTEX_POINT ( 'NONE', #901 ) ;
#4237 = CARTESIAN_POINT ( 'NONE',  ( 10.70582023461626200, -3.918962932418563300, 1.500000000000000000 ) ) ;
#4238 = CIRCLE ( 'NONE', #2760, 2.009999999999999800 ) ;
#4239 = DIRECTION ( 'NONE',  ( 1.000000000000000000, -1.626303258728259400E-015, 0.0000000000000000000 ) ) ;
#4240 = B_SPLINE_CURVE_WITH_KNOTS ( 'NONE', 3,
 ( #2977, #6846, #745, #721 ),
 .UNSPECIFIED., .F., .F.,
 ( 4, 4 ),
 ( 0.0000000000000000000, 1.000000000000000000 ),
 .UNSPECIFIED. ) ;
#4241 = ORIENTED_EDGE ( 'NONE', *, *, #5432, .T. ) ;
#4242 = EDGE_LOOP ( 'NONE', ( #3748, #3393, #5999, #7078 ) ) ;
#4243 = VERTEX_POINT ( 'NONE', #2076 ) ;
#4244 = FACE_OUTER_BOUND ( 'NONE', #4362, .T. ) ;
#4245 = EDGE_CURVE ( 'NONE', #3763, #2416, #3828, .T. ) ;
#4246 = VECTOR ( 'NONE', #5342, 1000.000000000000100 ) ;
#4247 = DIRECTION ( 'NONE',  ( 0.0000000000000000000, 0.0000000000000000000, -1.000000000000000000 ) ) ;
#4248 = CARTESIAN_POINT ( 'NONE',  ( -8.828588361935581800, 17.65717672387115700, 11.40000000000000200 ) ) ;
#4249 = EDGE_CURVE ( 'NONE', #4414, #816, #4499, .T. ) ;
#4250 = CARTESIAN_POINT ( 'NONE',  ( 10.73259192906139600, 3.957319850291862700, 0.007885025898173190700 ) ) ;
#4251 = CYLINDRICAL_SURFACE ( 'NONE', #1029, 0.09999999999999982500 ) ;
#4252 = ORIENTED_EDGE ( 'NONE', *, *, #5767, .T. ) ;
#4253 = VERTEX_POINT ( 'NONE', #3696 ) ;
#4254 = CARTESIAN_POINT ( 'NONE',  ( 4.743081485268650300, -2.831521778904960000, -37.10965223203719900 ) ) ;
#4255 =( GEOMETRIC_REPRESENTATION_CONTEXT ( 3 ) GLOBAL_UNCERTAINTY_ASSIGNED_CONTEXT ( ( #1472 ) ) GLOBAL_UNIT_ASSIGNED_CONTEXT ( ( #813, #5811, #2470 ) ) REPRESENTATION_CONTEXT ( 'NONE', 'WORKASPACE' ) );
#4256 = CIRCLE ( 'NONE', #812, 2.350000000000000500 ) ;
#4257 = ORIENTED_EDGE ( 'NONE', *, *, #3103, .F. ) ;
#4258 = CARTESIAN_POINT ( 'NONE',  ( -10.77024387075979400, -4.011427246171018100, 1.437901943212357000 ) ) ;
#4259 = VECTOR ( 'NONE', #2898, 1000.000000000000000 ) ;
#4260 = EDGE_CURVE ( 'NONE', #3014, #3832, #4774, .T. ) ;
#4261 = ORIENTED_EDGE ( 'NONE', *, *, #5458, .T. ) ;
#4262 = ORIENTED_EDGE ( 'NONE', *, *, #3285, .F. ) ;
#4263 = DIRECTION ( 'NONE',  ( 1.000000000000000000, 0.0000000000000000000, -3.566439811163627100E-016 ) ) ;
#4264 = ORIENTED_EDGE ( 'NONE', *, *, #6811, .T. ) ;
#4265 = CARTESIAN_POINT ( 'NONE',  ( 4.305666286085720000, -9.069710950954078800, 1.583721891836908000 ) ) ;
#4266 = LINE ( 'NONE', #7048, #1273 ) ;
#4267 = ORIENTED_EDGE ( 'NONE', *, *, #2084, .T. ) ;
#4268 = CARTESIAN_POINT ( 'NONE',  ( -10.73259192906139800, -3.957319850291852500, 0.007885025898173201100 ) ) ;
#4269 = AXIS2_PLACEMENT_3D ( 'NONE', #1827, #6856, #237 ) ;
#4270 = ORIENTED_EDGE ( 'NONE', *, *, #5834, .T. ) ;
#4271 = CARTESIAN_POINT ( 'NONE',  ( 2.771477982851197700, 8.353506267072795300, 10.96095955101660200 ) ) ;
#4272 = LINE ( 'NONE', #5330, #6097 ) ;
#4273 = DIRECTION ( 'NONE',  ( 0.0000000000000000000, 0.0000000000000000000, -1.000000000000000000 ) ) ;
#4274 = ORIENTED_EDGE ( 'NONE', *, *, #4642, .T. ) ;
#4275 = DIRECTION ( 'NONE',  ( -0.0000000000000000000, -0.0000000000000000000, 1.000000000000000000 ) ) ;
#4276 = VERTEX_POINT ( 'NONE', #3201 ) ;
#4277 = CARTESIAN_POINT ( 'NONE',  ( 9.471857732831324500, -1.133789991550751900, 1.583721891830324200 ) ) ;
#4278 = AXIS2_PLACEMENT_3D ( 'NONE', #6837, #1323, #5757 ) ;
#4279 = DIRECTION ( 'NONE',  ( 0.0000000000000000000, 0.0000000000000000000, -1.000000000000000000 ) ) ;
#4280 = AXIS2_PLACEMENT_3D ( 'NONE', #1655, #3442, #5571 ) ;
#4281 = ORIENTED_EDGE ( 'NONE', *, *, #4336, .T. ) ;
#4282 = CARTESIAN_POINT ( 'NONE',  ( -2.506475241548370200, -12.46737528024190000, 1.500000000000000000 ) ) ;
#4283 = CARTESIAN_POINT ( 'NONE',  ( -0.8567429313974680400, 8.014617047227060800, 1.314579482943359900 ) ) ;
#4284 = PLANE ( 'NONE',  #4062 ) ;
#4285 = VERTEX_POINT ( 'NONE', #5422 ) ;
#4286 = PLANE ( 'NONE',  #5484 ) ;
#4287 = CARTESIAN_POINT ( 'NONE',  ( 0.0000000000000000000, 0.0000000000000000000, 10.00000000000039800 ) ) ;
#4288 = CARTESIAN_POINT ( 'NONE',  ( 7.281058389693368900, 4.941419269840632300, 10.96095955101660200 ) ) ;
#4289 = CARTESIAN_POINT ( 'NONE',  ( 0.0000000000000000000, 0.0000000000000000000, 1.399999999999999900 ) ) ;
#4290 = CARTESIAN_POINT ( 'NONE',  ( 7.583001253996339800, 3.756534275047379800, 4.165311908826380400 ) ) ;
#4291 = B_SPLINE_CURVE_WITH_KNOTS ( 'NONE', 3,
 ( #2028, #4803, #2617, #4843 ),
 .UNSPECIFIED., .F., .F.,
 ( 4, 4 ),
 ( 0.0000000000000000000, 1.000000000000000000 ),
 .UNSPECIFIED. ) ;
#4292 = EDGE_CURVE ( 'NONE', #4341, #594, #2249, .T. ) ;
#4293 = EDGE_LOOP ( 'NONE', ( #3279, #529, #3751, #6441 ) ) ;
#4294 = CARTESIAN_POINT ( 'NONE',  ( -2.474541885154902600, -11.19791029615861300, 0.02674065228145670200 ) ) ;
#4295 = CARTESIAN_POINT ( 'NONE',  ( 10.75111052558933800, 3.983908278252105800, 0.02444514432948523300 ) ) ;
#4296 = EDGE_CURVE ( 'NONE', #607, #2224, #4056, .T. ) ;
#4297 = EDGE_CURVE ( 'NONE', #6892, #3884, #4291, .T. ) ;
#4298 = APPLICATION_PROTOCOL_DEFINITION ( 'draft international standard', 'automotive_design', 1998, #3239 ) ;
#4299 = ORIENTED_EDGE ( 'NONE', *, *, #6480, .T. ) ;
#4300 = CARTESIAN_POINT ( 'NONE',  ( 0.0000000000000000000, 0.0000000000000000000, 0.0000000000000000000 ) ) ;
#4301 = CARTESIAN_POINT ( 'NONE',  ( 0.0000000000000000000, 0.0000000000000000000, 1.583721891830338400 ) ) ;
#4302 = VECTOR ( 'NONE', #570, 1000.000000000000000 ) ;
#4303 = EDGE_CURVE ( 'NONE', #4024, #6940, #6414, .T. ) ;
#4304 = AXIS2_PLACEMENT_3D ( 'NONE', #5849, #2645, #390 ) ;
#4305 = CARTESIAN_POINT ( 'NONE',  ( -9.261755840324434900, -1.471993455161878300, 7.236057577980865600 ) ) ;
#4306 = B_SPLINE_CURVE_WITH_KNOTS ( 'NONE', 3,
 ( #1844, #2275, #5735, #213, #763, #1825, #574, #2985, #194, #5703, #1303, #1870, #4993, #2793, #6777, #2393, #2962, #1692, #6799 ),
 .UNSPECIFIED., .F., .F.,
 ( 4, 3, 3, 3, 3, 3, 4 ),
 ( -2.063910598852237100E-006, 0.0000000000000000000, 4.607712237522158900E-005, 8.233794638544453400E-005, 0.0001132794572816682900, 0.0001423312277144779100, 0.0001715231681448984000 ),
 .UNSPECIFIED. ) ;
#4307 = VECTOR ( 'NONE', #4106, 1000.000000000000000 ) ;
#4308 = DIRECTION ( 'NONE',  ( -0.1456715363932517000, 0.9874414242714104600, -0.06114930185764855300 ) ) ;
#4309 = FACE_OUTER_BOUND ( 'NONE', #3820, .T. ) ;
#4310 = ORIENTED_EDGE ( 'NONE', *, *, #3343, .F. ) ;
#4311 = CARTESIAN_POINT ( 'NONE',  ( -9.958926235052905100, 1.288034091965783600, 1.527902837829648600 ) ) ;
#4312 = ORIENTED_EDGE ( 'NONE', *, *, #6064, .F. ) ;
#4313 = CARTESIAN_POINT ( 'NONE',  ( -2.406475241548374100, 12.46737528024190000, 1.500000000000000000 ) ) ;
#4314 = ORIENTED_EDGE ( 'NONE', *, *, #5550, .T. ) ;
#4315 = ORIENTED_EDGE ( 'NONE', *, *, #6162, .F. ) ;
#4316 = ORIENTED_EDGE ( 'NONE', *, *, #5877, .T. ) ;
#4317 = ORIENTED_EDGE ( 'NONE', *, *, #1443, .F. ) ;
#4318 =( BOUNDED_CURVE ( )  B_SPLINE_CURVE ( 3, ( #5164, #4011, #1195, #312 ),
 .UNSPECIFIED., .F., .F. ) 
 B_SPLINE_CURVE_WITH_KNOTS ( ( 4, 4 ),
 ( 1.938942765613321100, 1.990108701732574500 ),
 .UNSPECIFIED. ) 
 CURVE ( )  GEOMETRIC_REPRESENTATION_ITEM ( )  RATIONAL_B_SPLINE_CURVE ( ( 1.000000000000000000, 0.9997818491469070400, 0.9997818491469070400, 1.000000000000000000 ) ) 
 REPRESENTATION_ITEM ( '' )  );
#4319 = CARTESIAN_POINT ( 'NONE',  ( 4.705949272254816400, -8.302480821155148400, 1.446550831950642600 ) ) ;
#4320 = CIRCLE ( 'NONE', #144, 3.780000000000000200 ) ;
#4321 = ORIENTED_EDGE ( 'NONE', *, *, #1716, .F. ) ;
#4322 = ORIENTED_EDGE ( 'NONE', *, *, #6773, .F. ) ;
#4323 = DIRECTION ( 'NONE',  ( -1.000000000000000000, 0.0000000000000000000, 0.0000000000000000000 ) ) ;
#4324 = ORIENTED_EDGE ( 'NONE', *, *, #4133, .T. ) ;
#4325 = VECTOR ( 'NONE', #5604, 1000.000000000000000 ) ;
#4326 = CARTESIAN_POINT ( 'NONE',  ( 4.301719770855270600, -9.075441337996911900, 1.500000407994915200 ) ) ;
#4327 = EDGE_CURVE ( 'NONE', #6094, #187, #6623, .T. ) ;
#4328 = FACE_OUTER_BOUND ( 'NONE', #5507, .T. ) ;
#4329 = ORIENTED_EDGE ( 'NONE', *, *, #6380, .T. ) ;
#4331 = ORIENTED_EDGE ( 'NONE', *, *, #1852, .T. ) ;
#4330 = DIRECTION ( 'NONE',  ( -1.000000000000000000, 0.0000000000000000000, 0.0000000000000000000 ) ) ;
#4332 = CARTESIAN_POINT ( 'NONE',  ( -1.558327750901149700, 8.258079982341330400, 9.806355243554776300 ) ) ;
#4333 = CYLINDRICAL_SURFACE ( 'NONE', #961, 1.960000000000000000 ) ;
#4334 = ORIENTED_EDGE ( 'NONE', *, *, #1756, .T. ) ;
#4335 = EDGE_CURVE ( 'NONE', #3164, #3618, #3591, .T. ) ;
#4336 = EDGE_CURVE ( 'NONE', #550, #4276, #4493, .T. ) ;
#4337 = CARTESIAN_POINT ( 'NONE',  ( 8.814028013591727300, 4.811668499898077700, 1.527902837829676400 ) ) ;
#4338 = ORIENTED_EDGE ( 'NONE', *, *, #6534, .T. ) ;
#4339 = ADVANCED_FACE ( 'NONE', ( #1146 ), #6130, .T. ) ;
#4340 = ORIENTED_EDGE ( 'NONE', *, *, #865, .T. ) ;
#4341 = VERTEX_POINT ( 'NONE', #1144 ) ;
#4342 = AXIS2_PLACEMENT_3D ( 'NONE', #2936, #6814, #2357 ) ;
#4343 = CARTESIAN_POINT ( 'NONE',  ( 9.471857732831324500, -1.133789991550751900, 1.583721891830324200 ) ) ;
#4344 = LINE ( 'NONE', #485, #3487 ) ;
#4345 = ORIENTED_EDGE ( 'NONE', *, *, #6162, .T. ) ;
#4346 = DIRECTION ( 'NONE',  ( 1.000000000000000000, 0.0000000000000000000, 0.0000000000000000000 ) ) ;
#4347 = AXIS2_PLACEMENT_3D ( 'NONE', #3934, #1134, #2305 ) ;
#4348 = ORIENTED_EDGE ( 'NONE', *, *, #3336, .F. ) ;
#4349 = CARTESIAN_POINT ( 'NONE',  ( 4.001413558168919400, -8.662354359223652300, 1.499999999999969400 ) ) ;
#4350 = AXIS2_PLACEMENT_3D ( 'NONE', #4167, #6301, #5784 ) ;
#4351 =( BOUNDED_SURFACE ( )  B_SPLINE_SURFACE ( 3, 3, ( 
 ( #5613, #6782, #3413, #3946 ),
 ( #2887, #5593, #2279, #4037 ),
 ( #6166, #2300, #98, #1204 ),
 ( #5098, #1743, #3967, #4553 ) ),
 .UNSPECIFIED., .F., .F., .F. ) 
 B_SPLINE_SURFACE_WITH_KNOTS ( ( 4, 4 ),
 ( 4, 4 ),
 ( 0.0000000000000000000, 1.000000000000000000 ),
 ( 0.0000000000000000000, 1.000000000000000000 ),
 .UNSPECIFIED. ) 
 GEOMETRIC_REPRESENTATION_ITEM ( )  RATIONAL_B_SPLINE_SURFACE ( (
 ( 1.000000000000000000, 0.3333333333333334300, 0.3333333333333334300, 1.000000000000000000),
 ( 0.8128932002257507300, 0.2709644000752503000, 0.2709644000752503000, 0.8128932002257507300),
 ( 0.8128932002257507300, 0.2709644000752503000, 0.2709644000752503000, 0.8128932002257507300),
 ( 1.000000000000000000, 0.3333333333333334300, 0.3333333333333334300, 1.000000000000000000) ) ) 
 REPRESENTATION_ITEM ( '' )  SURFACE ( )  );
#4352 = DIRECTION ( 'NONE',  ( 0.0000000000000000000, 0.0000000000000000000, -1.000000000000000000 ) ) ;
#4353 = CARTESIAN_POINT ( 'NONE',  ( 7.302051962268437900, -6.895531216981429300, 1.499999327185927100 ) ) ;
#4354 = CARTESIAN_POINT ( 'NONE',  ( -9.262507631902627400, 1.470881516736430400, 7.217198224271699700 ) ) ;
#4355 = EDGE_LOOP ( 'NONE', ( #5724, #3971, #145, #14 ) ) ;
#4356 = DIRECTION ( 'NONE',  ( 0.5877852522809237100, 0.8090169943833385200, -2.087380093768538700E-010 ) ) ;
#4357 = AXIS2_PLACEMENT_3D ( 'NONE', #3758, #939, #2662 ) ;
#4358 = CARTESIAN_POINT ( 'NONE',  ( -8.232826497698020800, 3.106041428247404900, 10.96095955101660200 ) ) ;
#4359 = B_SPLINE_CURVE_WITH_KNOTS ( 'NONE', 3,
 ( #211, #2500, #3519, #6798 ),
 .UNSPECIFIED., .F., .F.,
 ( 4, 4 ),
 ( 0.0000000000000000000, 1.000000000000000000 ),
 .UNSPECIFIED. ) ;
#4360 = CARTESIAN_POINT ( 'NONE',  ( 0.0000000000000000000, -12.46737528024190000, 0.0000000000000000000 ) ) ;
#4361 = DIRECTION ( 'NONE',  ( 0.0000000000000000000, 0.0000000000000000000, 1.000000000000000000 ) ) ;
#4362 = EDGE_LOOP ( 'NONE', ( #3540, #6027, #5740, #1689, #75, #4644, #2719 ) ) ;
#4363 = DIRECTION ( 'NONE',  ( -1.000000000000000000, 0.0000000000000000000, 0.0000000000000000000 ) ) ;
#4364 = ADVANCED_FACE ( 'NONE', ( #2493 ), #4826, .F. ) ;
#4365 = CARTESIAN_POINT ( 'NONE',  ( 7.685146892136345700, 3.610938068575291600, 1.300721701513775300 ) ) ;
#4366 = EDGE_CURVE ( 'NONE', #470, #1898, #1003, .T. ) ;
#4367 = CARTESIAN_POINT ( 'NONE',  ( -7.302051962268437000, 6.895531216981432000, 1.499999327185927300 ) ) ;
#4368 = CARTESIAN_POINT ( 'NONE',  ( -0.05647524154837250300, 12.46737528024190000, 0.1000000000000000500 ) ) ;
#4369 = ORIENTED_EDGE ( 'NONE', *, *, #5107, .T. ) ;
#4370 = EDGE_CURVE ( 'NONE', #4415, #3798, #1421, .T. ) ;
#4371 = AXIS2_PLACEMENT_3D ( 'NONE', #5983, #3206, #5943 ) ;
#4372 = CONICAL_SURFACE ( 'NONE', #6842, 7.233333532440156000, 1.242102248517381200 ) ;
#4373 = EDGE_CURVE ( 'NONE', #393, #3551, #126, .T. ) ;
#4374 = CIRCLE ( 'NONE', #2970, 1.034999999999999900 ) ;
#4375 = DIRECTION ( 'NONE',  ( 0.0000000000000000000, -1.000000000000000000, 0.0000000000000000000 ) ) ;
#4376 = LINE ( 'NONE', #5977, #6789 ) ;
#4377 = VERTEX_POINT ( 'NONE', #3379 ) ;
#4378 = AXIS2_PLACEMENT_3D ( 'NONE', #39, #2240, #6108 ) ;
#4379 = CARTESIAN_POINT ( 'NONE',  ( 5.526026136674659900, -5.846688800859800100, 4.171429039665429900 ) ) ;
#4380 = FACE_OUTER_BOUND ( 'NONE', #5406, .T. ) ;
#4381 = DIRECTION ( 'NONE',  ( -1.000000000000000000, 0.0000000000000000000, 0.0000000000000000000 ) ) ;
#4382 = ORIENTED_EDGE ( 'NONE', *, *, #571, .T. ) ;
#4383 = CARTESIAN_POINT ( 'NONE',  ( -8.687258347945972400, 3.943156769464590800, 1.555817281656206100 ) ) ;
#4384 = CARTESIAN_POINT ( 'NONE',  ( -13.97579960646100300, 0.0000000000000000000, 1.450000000000000200 ) ) ;
#4385 = CARTESIAN_POINT ( 'NONE',  ( -8.807392130443249200, 4.401808689503220700, 7.197398076836040400 ) ) ;
#4386 = ORIENTED_EDGE ( 'NONE', *, *, #1230, .F. ) ;
#4387 = ORIENTED_EDGE ( 'NONE', *, *, #6607, .F. ) ;
#4388 = CARTESIAN_POINT ( 'NONE',  ( -8.071831321962223500, 3.515557325894716400, 10.96095955101660200 ) ) ;
#4389 = EDGE_LOOP ( 'NONE', ( #7125, #4791, #6524, #1572 ) ) ;
#4390 = CYLINDRICAL_SURFACE ( 'NONE', #2158, 3.780000000000000200 ) ;
#4391 = ORIENTED_EDGE ( 'NONE', *, *, #585, .T. ) ;
#4392 = ADVANCED_FACE ( 'NONE', ( #52 ), #1719, .F. ) ;
#4393 = ORIENTED_EDGE ( 'NONE', *, *, #26, .F. ) ;
#4394 = ORIENTED_EDGE ( 'NONE', *, *, #5026, .F. ) ;
#4395 = VECTOR ( 'NONE', #2915, 1000.000000000000000 ) ;
#4396 = ORIENTED_EDGE ( 'NONE', *, *, #4698, .F. ) ;
#4397 = CARTESIAN_POINT ( 'NONE',  ( 10.77508558524241000, -4.018399013376000400, 1.399999999999999900 ) ) ;
#4398 = CIRCLE ( 'NONE', #2562, 11.40000000000000000 ) ;
#4399 = FACE_OUTER_BOUND ( 'NONE', #1252, .T. ) ;
#4400 = ORIENTED_EDGE ( 'NONE', *, *, #1335, .F. ) ;
#4401 = ORIENTED_EDGE ( 'NONE', *, *, #1065, .T. ) ;
#4402 = LINE ( 'NONE', #3008, #1465 ) ;
#4403 = B_SPLINE_CURVE_WITH_KNOTS ( 'NONE', 3,
 ( #4645, #2406, #3564, #4048 ),
 .UNSPECIFIED., .F., .F.,
 ( 4, 4 ),
 ( 0.0000000000000000000, 1.000000000000000000 ),
 .UNSPECIFIED. ) ;
#4404 = ORIENTED_EDGE ( 'NONE', *, *, #4799, .T. ) ;
#4405 = VECTOR ( 'NONE', #6452, 1000.000000000000100 ) ;
#4406 = CARTESIAN_POINT ( 'NONE',  ( 8.687268720036661000, -3.950760499518704400, 1.446550831950642400 ) ) ;
#4407 = LINE ( 'NONE', #3589, #1802 ) ;
#4408 = ORIENTED_EDGE ( 'NONE', *, *, #903, .F. ) ;
#4409 = ORIENTED_EDGE ( 'NONE', *, *, #2241, .F. ) ;
#4410 = CARTESIAN_POINT ( 'NONE',  ( 3.688470398726729100, 7.131748138345108700, 7.006894107161303800 ) ) ;
#4411 = FACE_OUTER_BOUND ( 'NONE', #3385, .T. ) ;
#4412 = VERTEX_POINT ( 'NONE', #4454 ) ;
#4413 = EDGE_CURVE ( 'NONE', #1628, #4867, #6115, .T. ) ;
#4414 = VERTEX_POINT ( 'NONE', #6960 ) ;
#4415 = VERTEX_POINT ( 'NONE', #1667 ) ;
#4416 = CARTESIAN_POINT ( 'NONE',  ( 0.0000000000000000000, 0.0000000000000000000, 10.00000000000039800 ) ) ;
#4417 = LINE ( 'NONE', #1308, #5559 ) ;
#4419 = VERTEX_POINT ( 'NONE', #3425 ) ;
#4418 = DIRECTION ( 'NONE',  ( 0.8940976206678401500, 0.4436780449902166200, 0.06114930179295893800 ) ) ;
#4420 = EDGE_CURVE ( 'NONE', #586, #1249, #6703, .T. ) ;
#4421 = ORIENTED_EDGE ( 'NONE', *, *, #6389, .T. ) ;
#4422 = EDGE_CURVE ( 'NONE', #3861, #5243, #426, .T. ) ;
#4423 = ORIENTED_EDGE ( 'NONE', *, *, #2753, .F. ) ;
#4424 = CARTESIAN_POINT ( 'NONE',  ( 0.05647524154837235000, 14.81737528024190100, 1.399999999999999900 ) ) ;
#4425 = CARTESIAN_POINT ( 'NONE',  ( -7.887101893987949800, 1.661841923304949100, 1.314579482943361700 ) ) ;
#4426 = ORIENTED_EDGE ( 'NONE', *, *, #6033, .T. ) ;
#4427 = EDGE_CURVE ( 'NONE', #1555, #2637, #1960, .T. ) ;
#4428 = AXIS2_PLACEMENT_3D ( 'NONE', #6552, #2723, #1047 ) ;
#4429 = CARTESIAN_POINT ( 'NONE',  ( -3.627878617941370000, -8.148227620830200000, 1.500000000000000000 ) ) ;
#4430 = DIRECTION ( 'NONE',  ( -0.8861387670742829600, 0.4634199882267378000, 0.0000000000000000000 ) ) ;
#4431 = ADVANCED_FACE ( 'NONE', ( #5769 ), #226, .T. ) ;
#4432 = CARTESIAN_POINT ( 'NONE',  ( -0.007577507369849770400, 0.002462081392814200100, 1.091359466005290100 ) ) ;
#4433 = CARTESIAN_POINT ( 'NONE',  ( 0.6237783442360127500, -10.09716057201139200, 1.583721891830310000 ) ) ;
#4434 = CARTESIAN_POINT ( 'NONE',  ( -0.8071030644342757100, -1.400335768088595500, 9.040507860752555300 ) ) ;
#4435 = CARTESIAN_POINT ( 'NONE',  ( 9.075849831287063900, 18.15169966257412400, 10.96095955101655200 ) ) ;
#4436 = CARTESIAN_POINT ( 'NONE',  ( 1.273058886640288500, 0.0000000000000000000, 9.528024968288347600 ) ) ;
#4437 = CARTESIAN_POINT ( 'NONE',  ( -2.506475241548370200, -12.46737528024190000, 1.500000000000000000 ) ) ;
#4438 = DIRECTION ( 'NONE',  ( -1.000000000000000000, 0.0000000000000000000, 0.0000000000000000000 ) ) ;
#4439 = B_SPLINE_CURVE_WITH_KNOTS ( 'NONE', 3,
 ( #412, #562, #551, #2079, #4973, #5351, #7022, #6103, #2767, #4294, #5964, #6624, #2033, #5914, #6071, #3326, #394, #2592, #2650 ),
 .UNSPECIFIED., .F., .F.,
 ( 4, 3, 3, 3, 3, 3, 4 ),
 ( -2.022960397657350700E-006, 0.0000000000000000000, 4.532732702578301500E-005, 9.059315542185434600E-005, 0.0001208365052368125000, 0.0001489540496505026200, 0.0001772399110286779700 ),
 .UNSPECIFIED. ) ;
#4440 = CARTESIAN_POINT ( 'NONE',  ( 8.814399537076960600, -4.806743149136327300, 1.583721891836907600 ) ) ;
#4441 = CARTESIAN_POINT ( 'NONE',  ( 4.649900761691616100, 8.565896482404506100, 10.00000000000000400 ) ) ;
#4442 = ORIENTED_EDGE ( 'NONE', *, *, #2558, .F. ) ;
#4443 = CARTESIAN_POINT ( 'NONE',  ( 9.583550025020260300, -1.775310834413032200, 10.00000000000000400 ) ) ;
#4444 = CLOSED_SHELL ( 'NONE', ( #5721, #6268, #21, #5574, #1334, #6222, #6387, #702, #3964, #6191, #1016, #5077, #1987, #6590, #4460, #2886, #6163, #5174, #6278, #2164, #5847, #4364, #5205, #6869, #3786, #5745, #1592, #5281, #736, #473, #4036, #5796, #2782, #2724, #5273, #6678, #289, #4164, #6553, #1074, #5643, #1857, #2912, #1944, #3309, #2199, #138, #2328, #6376, #1173, #2225, #5047, #274, #2745, #5160, #6032, #3903, #1210, #1385, #160, #4046, #3056, #3692, #4082, #47, #2963, #6431, #1660, #535, #1929, #4613, #2377, #6000, #3869, #4885, #2530, #2843, #4972, #2266, #6298, #5137, #1292, #2685, #3435, #851, #224, #7082, #4623, #6792, #592, #690, #6057, #6834, #5665, #4909, #5478, #4503, #6101, #6357, #4736, #2995, #1054, #4660, #1766, #3082, #5704, #321, #1968, #6309, #3247, #3814, #3523, #4569, #3092, #3609, #6902, #3562, #6746, #5304, #3853, #805, #3643, #1695, #1136, #7119, #5253, #110, #4392, #203, #1826, #235, #79, #4005, #2420, #2133, #723, #5008, #1733, #5532, #3547, #5779, #2979, #3277, #781, #6706, #2404, #497, #5870, #1258, #6123, #4949, #2559, #2813, #5440, #2367, #2462, #4090, #4188, #7140, #6951, #3511, #1846, #6779, #1570, #764, #3677, #4120, #648, #5599, #1418, #4431, #4199, #6614, #1906, #4643, #3369, #3473, #3007, #3411, #4339, #627, #195, #1113, #4589, #4703, #1242, #3599, #2921, #4183, #1631, #1304, #2448, #561, #6816, #6644, #4528, #5503, #5755, #993, #1809, #817, #3349, #5221, #5126, #2298, #2504, #3935 ) ) ;
#4445 = CARTESIAN_POINT ( 'NONE',  ( 0.0000000000000000000, -9.175869535789198000E-017, 10.00000000000000900 ) ) ;
#4446 = CARTESIAN_POINT ( 'NONE',  ( 1.848666648172068600, -9.867503286763067600, 1.583721891830310600 ) ) ;
#4447 = EDGE_CURVE ( 'NONE', #7020, #3228, #2303, .T. ) ;
#4448 = CARTESIAN_POINT ( 'NONE',  ( -1.602606525750616400, -0.2097807036622164100, 9.040507860752558900 ) ) ;
#4449 = EDGE_CURVE ( 'NONE', #393, #3453, #6556, .T. ) ;
#4450 = VECTOR ( 'NONE', #402, 1000.000000000000000 ) ;
#4451 = CARTESIAN_POINT ( 'NONE',  ( 8.799169842991782200, 0.0000000000000000000, 10.96095955101655100 ) ) ;
#4452 = CARTESIAN_POINT ( 'NONE',  ( 8.807392130443249200, -4.401808689503220700, 7.197398076836040400 ) ) ;
#4453 = EDGE_CURVE ( 'NONE', #3099, #2330, #5029, .T. ) ;
#4454 = CARTESIAN_POINT ( 'NONE',  ( 9.960562136989354400, 1.286713014453638900, 1.500000407994915400 ) ) ;
#4455 = AXIS2_PLACEMENT_3D ( 'NONE', #5447, #4352, #2698 ) ;
#4456 = VECTOR ( 'NONE', #5807, 1000.000000000000200 ) ;
#4457 = DIRECTION ( 'NONE',  ( -0.1456715363807889700, 0.9874414242772050500, -0.06114930179376898400 ) ) ;
#4458 = CIRCLE ( 'NONE', #7120, 11.40000000000000000 ) ;
#4459 = ORIENTED_EDGE ( 'NONE', *, *, #3879, .F. ) ;
#4460 = ADVANCED_FACE ( 'NONE', ( #3635 ), #1594, .F. ) ;
#4461 = DIRECTION ( 'NONE',  ( 1.743304394832040000E-015, 1.000000000000000000, -0.0000000000000000000 ) ) ;
#4462 = CARTESIAN_POINT ( 'NONE',  ( 4.001413558168919400, -8.662354359223652300, 1.499999999999969400 ) ) ;
#4463 = AXIS2_PLACEMENT_3D ( 'NONE', #341, #5749, #1896 ) ;
#4464 = EDGE_LOOP ( 'NONE', ( #6643, #1184 ) ) ;
#4465 = ORIENTED_EDGE ( 'NONE', *, *, #6972, .F. ) ;
#4466 = CARTESIAN_POINT ( 'NONE',  ( 4.705949272254814600, -8.302480821155148400, 1.446550831950623700 ) ) ;
#4467 = VERTEX_POINT ( 'NONE', #3440 ) ;
#4468 = CARTESIAN_POINT ( 'NONE',  ( 8.270335187504139500, -3.006056505899254500, 10.96095955101659700 ) ) ;
#4469 = CARTESIAN_POINT ( 'NONE',  ( 14.15545311535570300, -3.918399013376000300, 0.1000000000000000100 ) ) ;
#4470 = VERTEX_POINT ( 'NONE', #3542 ) ;
#4471 = ORIENTED_EDGE ( 'NONE', *, *, #5888, .T. ) ;
#4472 = AXIS2_PLACEMENT_3D ( 'NONE', #6141, #5622, #4501 ) ;
#4473 = ORIENTED_EDGE ( 'NONE', *, *, #4704, .F. ) ;
#4474 = CARTESIAN_POINT ( 'NONE',  ( -10.76034831308177600, 3.997187852341970600, 1.462340326768346800 ) ) ;
#4475 = EDGE_LOOP ( 'NONE', ( #2855, #5821, #2506, #4494 ) ) ;
#4476 = CARTESIAN_POINT ( 'NONE',  ( -1.281551300053713300, -0.9848765838104350800, 9.040507860752555300 ) ) ;
#4477 = PRESENTATION_STYLE_ASSIGNMENT (( #1548 ) ) ;
#4478 = CARTESIAN_POINT ( 'NONE',  ( 9.274295224624092200, 18.54859044924818100, 10.76816110240663900 ) ) ;
#4479 = DIRECTION ( 'NONE',  ( -0.05520149903585511900, -0.04010623665919572200, 0.9976694263558602000 ) ) ;
#4480 = CARTESIAN_POINT ( 'NONE',  ( -14.15545311535570100, 3.918399013375997600, 0.1000000000000000100 ) ) ;
#4481 = ORIENTED_EDGE ( 'NONE', *, *, #3098, .F. ) ;
#4482 = ORIENTED_EDGE ( 'NONE', *, *, #3803, .T. ) ;
#4483 = ORIENTED_EDGE ( 'NONE', *, *, #7011, .F. ) ;
#4484 = VECTOR ( 'NONE', #66, 1000.000000000000000 ) ;
#4485 = CYLINDRICAL_SURFACE ( 'NONE', #7077, 1.959999999999998200 ) ;
#4486 = DIRECTION ( 'NONE',  ( 0.0000000000000000000, 0.0000000000000000000, -1.000000000000000000 ) ) ;
#4487 = B_SPLINE_SURFACE_WITH_KNOTS ( 'NONE', 3, 1, ( 
 ( #415, #4283 ),
 ( #2056, #3746 ),
 ( #5884, #6990 ),
 ( #2595, #397 ) ),
 .UNSPECIFIED., .F., .F., .F.,
 ( 4, 4 ),
 ( 2, 2 ),
 ( 0.0000000000000000000, 1.000000000000000000 ),
 ( 0.0000000000000000000, 1.000000000000000000 ),
 .UNSPECIFIED. ) ;
#4488 = VECTOR ( 'NONE', #6382, 1000.000000000000000 ) ;
#4489 = CARTESIAN_POINT ( 'NONE',  ( 11.96579960646100300, 0.0000000000000000000, 1.450000000000000200 ) ) ;
#4490 = EDGE_LOOP ( 'NONE', ( #6651, #2758, #6675, #4697 ) ) ;
#4491 = ORIENTED_EDGE ( 'NONE', *, *, #1800, .F. ) ;
#4492 = DIRECTION ( 'NONE',  ( 0.0000000000000000000, 0.0000000000000000000, -1.000000000000000000 ) ) ;
#4493 = LINE ( 'NONE', #7044, #3109 ) ;
#4494 = ORIENTED_EDGE ( 'NONE', *, *, #208, .F. ) ;
#4495 = ORIENTED_EDGE ( 'NONE', *, *, #1294, .F. ) ;
#4496 = FACE_OUTER_BOUND ( 'NONE', #6989, .T. ) ;
#4497 = ORIENTED_EDGE ( 'NONE', *, *, #1141, .F. ) ;
#4498 = EDGE_CURVE ( 'NONE', #3780, #2928, #1133, .T. ) ;
#4499 = CIRCLE ( 'NONE', #3117, 1.034999999999999900 ) ;
#4500 = ORIENTED_EDGE ( 'NONE', *, *, #904, .T. ) ;
#4501 = DIRECTION ( 'NONE',  ( -0.9989127055984398100, 0.0000000000000000000, -0.04661980903011750400 ) ) ;
#4502 = DIRECTION ( 'NONE',  ( -1.000000000000000000, 0.0000000000000000000, 0.0000000000000000000 ) ) ;
#4503 = ADVANCED_FACE ( 'NONE', ( #3286 ), #5731, .F. ) ;
#4504 = ORIENTED_EDGE ( 'NONE', *, *, #804, .T. ) ;
#4505 = DIRECTION ( 'NONE',  ( 0.02880932153178618700, 0.03965262929739137700, -0.9987981237380665300 ) ) ;
#4506 = EDGE_CURVE ( 'NONE', #6657, #778, #1681, .T. ) ;
#4507 = DIRECTION ( 'NONE',  ( -0.0000000000000000000, 0.0000000000000000000, 1.000000000000000000 ) ) ;
#4508 = DIRECTION ( 'NONE',  ( -1.000000000000000000, 0.0000000000000000000, 0.0000000000000000000 ) ) ;
#4509 = EDGE_CURVE ( 'NONE', #3596, #3581, #4374, .T. ) ;
#4510 = B_SPLINE_CURVE_WITH_KNOTS ( 'NONE', 3,
 ( #3895, #6185, #90, #3959, #638, #1165, #6129, #2807, #1895, #2386, #4105, #728, #5748, #6316, #4013, #1297, #4607, #2467, #3537 ),
 .UNSPECIFIED., .F., .F.,
 ( 4, 3, 3, 3, 3, 3, 4 ),
 ( -2.022960397656415600E-006, 0.0000000000000000000, 4.532732702578393600E-005, 9.059315542185516000E-005, 0.0001208365052368133000, 0.0001489540496505033500, 0.0001772399110286787500 ),
 .UNSPECIFIED. ) ;
#4511 = B_SPLINE_CURVE_WITH_KNOTS ( 'NONE', 3,
 ( #3495, #6794, #4050, #1233 ),
 .UNSPECIFIED., .F., .F.,
 ( 4, 4 ),
 ( 0.0000000000000000000, 1.000000000000000000 ),
 .UNSPECIFIED. ) ;
#4512 = PLANE ( 'NONE',  #4280 ) ;
#4513 = ORIENTED_EDGE ( 'NONE', *, *, #4960, .T. ) ;
#4514 = AXIS2_PLACEMENT_3D ( 'NONE', #6527, #1050, #2679 ) ;
#4515 = AXIS2_PLACEMENT_3D ( 'NONE', #4254, #5081, #1736 ) ;
#4516 = AXIS2_PLACEMENT_3D ( 'NONE', #3054, #3642, #288 ) ;
#4517 = CARTESIAN_POINT ( 'NONE',  ( -7.324167201444077500, -4.877250924369591600, 10.96095955101660000 ) ) ;
#4518 = PLANE ( 'NONE',  #5066 ) ;
#4519 = CARTESIAN_POINT ( 'NONE',  ( 6.442779071707533100, -6.701867489861264500, 10.00000000000019700 ) ) ;
#4520 = CARTESIAN_POINT ( 'NONE',  ( 2.419806540862542700, -11.15386738644911300, 0.0001974958013881492300 ) ) ;
#4521 = B_SPLINE_CURVE_WITH_KNOTS ( 'NONE', 3,
 ( #6857, #299, #1829, #878 ),
 .UNSPECIFIED., .F., .F.,
 ( 4, 4 ),
 ( 0.0000000000000000000, 1.000000000000000000 ),
 .UNSPECIFIED. ) ;
#4522 = CARTESIAN_POINT ( 'NONE',  ( -0.05647524154837205200, -14.91737528024190100, 1.399999999999999900 ) ) ;
#4523 = ORIENTED_EDGE ( 'NONE', *, *, #4068, .F. ) ;
#4524 = CARTESIAN_POINT ( 'NONE',  ( -3.852895495215010500, -7.062289366789130400, 4.171429039665429900 ) ) ;
#4525 = DIRECTION ( 'NONE',  ( 0.0000000000000000000, -0.9978912729106387300, -0.06490768405038994900 ) ) ;
#4526 = CARTESIAN_POINT ( 'NONE',  ( 14.15545311535570100, -0.2383990133759960100, 1.399999999999999900 ) ) ;
#4527 = ORIENTED_EDGE ( 'NONE', *, *, #5672, .T. ) ;
#4528 = ADVANCED_FACE ( 'NONE', ( #6390 ), #2830, .T. ) ;
#4529 = CARTESIAN_POINT ( 'NONE',  ( 10.74546576924028200, 3.975796725723781400, 1.482587915801709200 ) ) ;
#4530 = DIRECTION ( 'NONE',  ( -1.000000000000000000, 0.0000000000000000000, 0.0000000000000000000 ) ) ;
#4531 =( BOUNDED_CURVE ( )  B_SPLINE_CURVE ( 3, ( #374, #5893, #6468, #3140 ),
 .UNSPECIFIED., .F., .F. ) 
 B_SPLINE_CURVE_WITH_KNOTS ( ( 4, 4 ),
 ( 1.938942765613320200, 1.990108701732573800 ),
 .UNSPECIFIED. ) 
 CURVE ( )  GEOMETRIC_REPRESENTATION_ITEM ( )  RATIONAL_B_SPLINE_CURVE ( ( 1.000000000000000000, 0.9997818491469070400, 0.9997818491469070400, 1.000000000000000000 ) ) 
 REPRESENTATION_ITEM ( '' )  );
#4532 = FACE_OUTER_BOUND ( 'NONE', #4475, .T. ) ;
#4533 = EDGE_CURVE ( 'NONE', #3716, #5470, #6050, .T. ) ;
#4534 = VECTOR ( 'NONE', #3731, 1000.000000000000000 ) ;
#4535 = CARTESIAN_POINT ( 'NONE',  ( -8.286455980802999800, -2.973428389793209000, 10.96095955101660000 ) ) ;
#4536 = DIRECTION ( 'NONE',  ( 0.0000000000000000000, 1.000000000000000000, 0.0000000000000000000 ) ) ;
#4537 = CARTESIAN_POINT ( 'NONE',  ( -4.094958296356099800, -7.438526268011930400, 1.300721701513740000 ) ) ;
#4538 = EDGE_CURVE ( 'NONE', #855, #3551, #4633, .T. ) ;
#4539 = ORIENTED_EDGE ( 'NONE', *, *, #571, .F. ) ;
#4540 = DIRECTION ( 'NONE',  ( 0.0000000000000000000, 0.0000000000000000000, -1.000000000000000000 ) ) ;
#4541 = DIRECTION ( 'NONE',  ( -1.000000000000000000, 0.0000000000000000000, 0.0000000000000000000 ) ) ;
#4542 = CARTESIAN_POINT ( 'NONE',  ( 2.480929350730537700, -11.20304034527303600, 0.03267536718713900900 ) ) ;
#4543 = EDGE_CURVE ( 'NONE', #3382, #1697, #438, .T. ) ;
#4544 = DIRECTION ( 'NONE',  ( 0.0000000000000000000, 1.079514515332727700E-017, -1.000000000000000000 ) ) ;
#4545 = EDGE_CURVE ( 'NONE', #739, #5225, #5514, .T. ) ;
#4546 = CIRCLE ( 'NONE', #4779, 0.05000000000000000300 ) ;
#4547 = ORIENTED_EDGE ( 'NONE', *, *, #4296, .F. ) ;
#4548 =( BOUNDED_CURVE ( )  B_SPLINE_CURVE ( 3, ( #375, #4762, #34, #4443 ),
 .UNSPECIFIED., .F., .F. ) 
 B_SPLINE_CURVE_WITH_KNOTS ( ( 4, 4 ),
 ( 1.938942765613320500, 1.990108701732573600 ),
 .UNSPECIFIED. ) 
 CURVE ( )  GEOMETRIC_REPRESENTATION_ITEM ( )  RATIONAL_B_SPLINE_CURVE ( ( 1.000000000000000000, 0.9997818491469070400, 0.9997818491469070400, 1.000000000000000000 ) ) 
 REPRESENTATION_ITEM ( '' )  );
#4549 = CARTESIAN_POINT ( 'NONE',  ( -0.4309694385048030200, 1.198091148290783200, 9.528024968268804100 ) ) ;
#4550 = CARTESIAN_POINT ( 'NONE',  ( 4.304370173601465200, 9.069596843242475600, 1.583721891830309800 ) ) ;
#4551 = ORIENTED_EDGE ( 'NONE', *, *, #5163, .F. ) ;
#4552 = EDGE_CURVE ( 'NONE', #768, #3052, #5067, .T. ) ;
#4553 = CARTESIAN_POINT ( 'NONE',  ( -8.828588361935580100, -2.162380495686796700E-015, 11.40000000000000200 ) ) ;
#4554 = VERTEX_POINT ( 'NONE', #788 ) ;
#4555 = CARTESIAN_POINT ( 'NONE',  ( 2.506475241548372400, 11.22352804885812300, 1.409425431000189700 ) ) ;
#4556 = AXIS2_PLACEMENT_3D ( 'NONE', #794, #4717, #3585 ) ;
#4557 = VERTEX_POINT ( 'NONE', #5227 ) ;
#4558 = VECTOR ( 'NONE', #7079, 1000.000000000000000 ) ;
#4559 = AXIS2_PLACEMENT_3D ( 'NONE', #1164, #4479, #2828 ) ;
#4560 = VERTEX_POINT ( 'NONE', #811 ) ;
#4561 = ORIENTED_EDGE ( 'NONE', *, *, #2378, .T. ) ;
#4562 =( BOUNDED_CURVE ( )  B_SPLINE_CURVE ( 3, ( #482, #2162, #4337, #6533 ),
 .UNSPECIFIED., .F., .F. ) 
 B_SPLINE_CURVE_WITH_KNOTS ( ( 4, 4 ),
 ( 4.900864036833334000, 4.901444126251045800 ),
 .UNSPECIFIED. ) 
 CURVE ( )  GEOMETRIC_REPRESENTATION_ITEM ( )  RATIONAL_B_SPLINE_CURVE ( ( 1.000000000000000000, 0.9999999719580224800, 0.9999999719580224800, 1.000000000000000000 ) ) 
 REPRESENTATION_ITEM ( '' )  );
#4563 = ORIENTED_EDGE ( 'NONE', *, *, #6439, .F. ) ;
#4564 = CIRCLE ( 'NONE', #69, 3.680000000000001000 ) ;
#4565 = EDGE_LOOP ( 'NONE', ( #2874, #658, #4400, #1187 ) ) ;
#4566 = LINE ( 'NONE', #5250, #3044 ) ;
#4567 = CARTESIAN_POINT ( 'NONE',  ( -7.194964022683349100, -5.066010789640764700, 10.96095955101659700 ) ) ;
#4568 = CARTESIAN_POINT ( 'NONE',  ( 0.05647524154837239900, -14.91737528024190100, 1.500000000000000000 ) ) ;
#4569 = ADVANCED_FACE ( 'NONE', ( #3441 ), #833, .F. ) ;
#4570 = VECTOR ( 'NONE', #1938, 1000.000000000000200 ) ;
#4571 = CARTESIAN_POINT ( 'NONE',  ( 6.709753309980828600, 7.069326004652203300, 10.00000000000002500 ) ) ;
#4572 = PLANE ( 'NONE',  #6121 ) ;
#4573 = EDGE_LOOP ( 'NONE', ( #6310, #3135 ) ) ;
#4574 = EDGE_LOOP ( 'NONE', ( #1724, #1193, #6155, #3434 ) ) ;
#4575 = DIRECTION ( 'NONE',  ( -1.000000000000000000, 7.697639948275110100E-016, 0.0000000000000000000 ) ) ;
#4576 = LINE ( 'NONE', #1988, #4770 ) ;
#4577 = EDGE_LOOP ( 'NONE', ( #6713, #3990, #2872, #4862 ) ) ;
#4578 = FACE_OUTER_BOUND ( 'NONE', #5451, .T. ) ;
#4579 = CARTESIAN_POINT ( 'NONE',  ( -1.849211365072032100, -9.868771005591010900, 1.555813398447945200 ) ) ;
#4580 = DIRECTION ( 'NONE',  ( -1.000000000000000000, 0.0000000000000000000, 0.0000000000000000000 ) ) ;
#4581 = CARTESIAN_POINT ( 'NONE',  ( -7.301953108523393100, -6.895644224241548800, 1.500000407994914700 ) ) ;
#4582 = CARTESIAN_POINT ( 'NONE',  ( -1.176218210723525900, 0.4874647051417451100, 9.528024968268802300 ) ) ;
#4583 = FACE_BOUND ( 'NONE', #2186, .T. ) ;
#4584 = EDGE_LOOP ( 'NONE', ( #3227, #3251, #5700, #1650 ) ) ;
#4585 = CARTESIAN_POINT ( 'NONE',  ( 1.059365186118819100, -8.424850259276933400, 1.300721701513796200 ) ) ;
#4586 = LINE ( 'NONE', #6226, #5202 ) ;
#4587 = ORIENTED_EDGE ( 'NONE', *, *, #804, .F. ) ;
#4588 = CARTESIAN_POINT ( 'NONE',  ( -14.15545311535569600, -4.018399013375997700, 1.399999999999999900 ) ) ;
#4589 = ADVANCED_FACE ( 'NONE', ( #2143 ), #3948, .T. ) ;
#4590 = DIRECTION ( 'NONE',  ( -1.000000000000000000, 0.0000000000000000000, 0.0000000000000000000 ) ) ;
#4591 = VERTEX_POINT ( 'NONE', #2498 ) ;
#4592 = ORIENTED_EDGE ( 'NONE', *, *, #4420, .F. ) ;
#4593 = CARTESIAN_POINT ( 'NONE',  ( 2.506475241548376000, 11.22352804885812300, 1.399999999999999900 ) ) ;
#4594 = VECTOR ( 'NONE', #6563, 1000.000000000000200 ) ;
#4595 = VERTEX_POINT ( 'NONE', #3087 ) ;
#4596 = EDGE_LOOP ( 'NONE', ( #2931, #1466 ) ) ;
#4597 = EDGE_CURVE ( 'NONE', #538, #6175, #5674, .T. ) ;
#4598 = ORIENTED_EDGE ( 'NONE', *, *, #5425, .F. ) ;
#4599 = CARTESIAN_POINT ( 'NONE',  ( -8.799202302674020300, -0.5385535286081596400, 10.96095955101659700 ) ) ;
#4600 = CARTESIAN_POINT ( 'NONE',  ( 2.406475241548370100, 11.14310894283165100, 1.500000000000000000 ) ) ;
#4601 = EDGE_CURVE ( 'NONE', #2777, #6513, #645, .T. ) ;
#4602 = CARTESIAN_POINT ( 'NONE',  ( -2.465037192951682800, 11.19027666788418600, 1.482090336758638200 ) ) ;
#4603 = DIRECTION ( 'NONE',  ( 0.0000000000000000000, 0.0000000000000000000, -1.000000000000000000 ) ) ;
#4604 = CARTESIAN_POINT ( 'NONE',  ( 1.558327750901147700, -8.258079982341330400, 9.806355243554747900 ) ) ;
#4605 = EDGE_CURVE ( 'NONE', #314, #6063, #1488, .T. ) ;
#4606 = CARTESIAN_POINT ( 'NONE',  ( 0.0000000000000000000, 0.0000000000000000000, 10.49159636633811800 ) ) ;
#4607 = CARTESIAN_POINT ( 'NONE',  ( 2.505086847574671700, -11.22241564728741300, 1.418983723982650600 ) ) ;
#4608 = CARTESIAN_POINT ( 'NONE',  ( 0.07562460365995860000, 0.05494449072250980100, 1.366780907576699900 ) ) ;
#4609 = AXIS2_PLACEMENT_3D ( 'NONE', #5038, #3436, #5624 ) ;
#4610 = CARTESIAN_POINT ( 'NONE',  ( 1.059365186118820000, -8.424850259276931700, 1.300721701513781300 ) ) ;
#4611 = CARTESIAN_POINT ( 'NONE',  ( -1.034999999999999900, -12.46737528024190000, -4.404571325722361800E-017 ) ) ;
#4612 = CARTESIAN_POINT ( 'NONE',  ( -4.537999437151515100, -8.738012069739058400, 7.197091453833548900 ) ) ;
#4613 = ADVANCED_FACE ( 'NONE', ( #1066 ), #2531, .T. ) ;
#4614 = CARTESIAN_POINT ( 'NONE',  ( -8.690859133221859900, 1.485257981020019900, 10.00000000000000000 ) ) ;
#4615 = CARTESIAN_POINT ( 'NONE',  ( 7.932832904285970000, -1.128462034461060100, 9.818678063566089500 ) ) ;
#4616 = CARTESIAN_POINT ( 'NONE',  ( -2.431675449003775300, -11.16343300303895200, 1.497524934941123700 ) ) ;
#4617 = AXIS2_PLACEMENT_3D ( 'NONE', #737, #278, #5237 ) ;
#4618 = AXIS2_PLACEMENT_3D ( 'NONE', #1172, #4457, #5068 ) ;
#4619 = CARTESIAN_POINT ( 'NONE',  ( 3.272115302485129300, -8.168228828859124500, 10.96095955101660200 ) ) ;
#4620 = CARTESIAN_POINT ( 'NONE',  ( -8.116333304052894000, -2.692405698936160000, 9.909339031783243700 ) ) ;
#4621 = CARTESIAN_POINT ( 'NONE',  ( -6.709753309980840200, -7.069326004652210400, 10.00000000000000000 ) ) ;
#4622 = EDGE_LOOP ( 'NONE', ( #626, #351, #856, #1081, #4500 ) ) ;
#4623 = ADVANCED_FACE ( 'NONE', ( #4726 ), #7129, .F. ) ;
#4624 = PLANE ( 'NONE',  #5433 ) ;
#4625 = DIRECTION ( 'NONE',  ( -0.5877852522809237100, -0.8090169943833385200, -2.087418286400253800E-010 ) ) ;
#4626 = CARTESIAN_POINT ( 'NONE',  ( 8.814498047376723400, 4.813827769750987300, 1.499999327185928000 ) ) ;
#4627 = ORIENTED_EDGE ( 'NONE', *, *, #3291, .F. ) ;
#4628 = CARTESIAN_POINT ( 'NONE',  ( -4.706676909101177300, 8.301477032409314600, 1.464368314612603200 ) ) ;
#4629 = FACE_OUTER_BOUND ( 'NONE', #7042, .T. ) ;
#4630 = CARTESIAN_POINT ( 'NONE',  ( -2.699608562045209000, -9.711966830023405000, 1.500003561359264400 ) ) ;
#4631 = CARTESIAN_POINT ( 'NONE',  ( 0.0000000000000000000, -9.175869535789198000E-017, 10.00000000000000900 ) ) ;
#4632 = CARTESIAN_POINT ( 'NONE',  ( 8.335450537126829900, -1.069829293432929400, 9.806355243554740800 ) ) ;
#4633 = LINE ( 'NONE', #4060, #6208 ) ;
#4634 = VECTOR ( 'NONE', #2958, 1000.000000000000100 ) ;
#4635 = ORIENTED_EDGE ( 'NONE', *, *, #7011, .T. ) ;
#4636 = DIRECTION ( 'NONE',  ( -1.000000000000000000, 0.0000000000000000000, 0.0000000000000000000 ) ) ;
#4637 = ORIENTED_EDGE ( 'NONE', *, *, #4144, .F. ) ;
#4638 = DIRECTION ( 'NONE',  ( 0.0000000000000000000, 0.0000000000000000000, -1.000000000000000000 ) ) ;
#4639 = CARTESIAN_POINT ( 'NONE',  ( 2.655621881314826000E-009, 10.04344618490034300, 1.499998910456626000 ) ) ;
#4640 = DIRECTION ( 'NONE',  ( -1.000000000000000000, 0.0000000000000000000, 0.0000000000000000000 ) ) ;
#4641 = CARTESIAN_POINT ( 'NONE',  ( 8.339870583656129100, -1.595905741786221200, 1.300721701513774200 ) ) ;
#4642 = EDGE_CURVE ( 'NONE', #2480, #4024, #2746, .T. ) ;
#4643 = ADVANCED_FACE ( 'NONE', ( #1762 ), #4215, .T. ) ;
#4644 = ORIENTED_EDGE ( 'NONE', *, *, #716, .F. ) ;
#4645 = CARTESIAN_POINT ( 'NONE',  ( -7.295283646310646300, -6.897626796287551300, 1.583721891836908000 ) ) ;
#4646 = ORIENTED_EDGE ( 'NONE', *, *, #311, .T. ) ;
#4647 = EDGE_CURVE ( 'NONE', #2637, #3716, #1225, .T. ) ;
#4648 = ORIENTED_EDGE ( 'NONE', *, *, #7021, .T. ) ;
#4649 = CARTESIAN_POINT ( 'NONE',  ( -1.063808518962293700, -9.479972579039957400, 1.583721891830319100 ) ) ;
#4650 = EDGE_CURVE ( 'NONE', #152, #2799, #3208, .T. ) ;
#4651 = ORIENTED_EDGE ( 'NONE', *, *, #3919, .F. ) ;
#4652 = ORIENTED_EDGE ( 'NONE', *, *, #4206, .T. ) ;
#4653 = DIRECTION ( 'NONE',  ( -0.0000000000000000000, -0.0000000000000000000, 1.000000000000000000 ) ) ;
#4654 = EDGE_LOOP ( 'NONE', ( #3486, #513, #5634, #389, #1785 ) ) ;
#4655 = ORIENTED_EDGE ( 'NONE', *, *, #413, .T. ) ;
#4656 = CARTESIAN_POINT ( 'NONE',  ( 8.828588361935581800, -17.65717672387115700, 11.40000000000000200 ) ) ;
#4657 = FACE_OUTER_BOUND ( 'NONE', #91, .T. ) ;
#4658 = CARTESIAN_POINT ( 'NONE',  ( 1.825546255950889700, 6.792918986308783300, 11.40000000005519000 ) ) ;
#4659 = DIRECTION ( 'NONE',  ( -1.000000000000000000, 0.0000000000000000000, 0.0000000000000000000 ) ) ;
#4660 = ADVANCED_FACE ( 'NONE', ( #1325 ), #3246, .T. ) ;
#4661 = VECTOR ( 'NONE', #6955, 1000.000000000000000 ) ;
#4662 = EDGE_CURVE ( 'NONE', #1, #2414, #328, .T. ) ;
#4663 = CARTESIAN_POINT ( 'NONE',  ( -4.441321628018866500, 8.810701398203914200, 1.583720051449377000 ) ) ;
#4664 = CARTESIAN_POINT ( 'NONE',  ( 0.05647524154837239900, -14.81737528024190100, 0.1000000000000000500 ) ) ;
#4665 = DIRECTION ( 'NONE',  ( -1.000000000000000000, -2.565879982758370200E-016, 0.0000000000000000000 ) ) ;
#4666 = EDGE_LOOP ( 'NONE', ( #436, #698, #3909, #5088 ) ) ;
#4667 = VERTEX_POINT ( 'NONE', #897 ) ;
#4668 = ORIENTED_EDGE ( 'NONE', *, *, #2434, .T. ) ;
#4669 = CARTESIAN_POINT ( 'NONE',  ( 4.301581747076967900, 9.075500432331436300, 1.499999327185927800 ) ) ;
#4670 = CIRCLE ( 'NONE', #3525, 0.1000000000000000500 ) ;
#4671 = DIRECTION ( 'NONE',  ( -1.224646799147353200E-016, 1.000000000000000000, 0.0000000000000000000 ) ) ;
#4672 = CARTESIAN_POINT ( 'NONE',  ( -7.685146892136347500, -3.610938068575289000, 1.300721701513770900 ) ) ;
#4673 = LINE ( 'NONE', #886, #4570 ) ;
#4674 = ORIENTED_EDGE ( 'NONE', *, *, #1063, .T. ) ;
#4675 = ORIENTED_EDGE ( 'NONE', *, *, #6287, .F. ) ;
#4676 = VECTOR ( 'NONE', #2280, 1000.000000000000100 ) ;
#4677 = ORIENTED_EDGE ( 'NONE', *, *, #5557, .T. ) ;
#4678 = DIRECTION ( 'NONE',  ( 0.0000000000000000000, 1.079514515332727700E-017, -1.000000000000000000 ) ) ;
#4679 = DIRECTION ( 'NONE',  ( 0.0000000000000000000, 0.0000000000000000000, -1.000000000000000000 ) ) ;
#4680 = DIRECTION ( 'NONE',  ( 0.0000000000000000000, 0.0000000000000000000, 1.000000000000000000 ) ) ;
#4681 = CARTESIAN_POINT ( 'NONE',  ( -14.15545311535570100, -4.018399013375997700, 0.1000000000000000500 ) ) ;
#4682 = VECTOR ( 'NONE', #6548, 1000.000000000000100 ) ;
#4683 = ORIENTED_EDGE ( 'NONE', *, *, #3676, .F. ) ;
#4684 = CARTESIAN_POINT ( 'NONE',  ( -1.034099116865464500, 7.978177505668619500, 4.172194580287642100 ) ) ;
#4685 = DIRECTION ( 'NONE',  ( -0.8940976206802310200, -0.4436780449651350200, -0.06114930179376898400 ) ) ;
#4686 = CARTESIAN_POINT ( 'NONE',  ( -4.421888134774517800, -8.907945088438799200, 4.363140449427787900 ) ) ;
#4687 = TOROIDAL_SURFACE ( 'NONE', #631, 3.680000000000000200, 0.1000000000000000100 ) ;
#4688 = ORIENTED_EDGE ( 'NONE', *, *, #108, .T. ) ;
#4689 = CARTESIAN_POINT ( 'NONE',  ( -17.83545311535570100, -0.2383990133759980000, 0.1000000000000000100 ) ) ;
#4690 = CARTESIAN_POINT ( 'NONE',  ( 9.955822711659205700, -1.291039745458869800, 1.583721891830311100 ) ) ;
#4691 = ORIENTED_EDGE ( 'NONE', *, *, #2150, .T. ) ;
#4692 = CARTESIAN_POINT ( 'NONE',  ( 10.77024387075979000, -4.011427246171029600, 1.437901943212357000 ) ) ;
#4693 = CARTESIAN_POINT ( 'NONE',  ( 9.960562136989354400, 1.286713014453638900, 1.500000407994915400 ) ) ;
#4694 = PLANE ( 'NONE',  #4556 ) ;
#4695 = CARTESIAN_POINT ( 'NONE',  ( 8.107958803276025300, -3.158930966699990100, 1.407289741471665000 ) ) ;
#4696 = CARTESIAN_POINT ( 'NONE',  ( 1.229964675142637000E-015, -10.04342375286479500, 1.500003561359241300 ) ) ;
#4697 = ORIENTED_EDGE ( 'NONE', *, *, #1194, .T. ) ;
#4698 = EDGE_CURVE ( 'NONE', #3228, #4419, #5975, .T. ) ;
#4699 = CARTESIAN_POINT ( 'NONE',  ( -2.505086847574677900, 11.22241564728741100, 0.08101627601734949500 ) ) ;
#4700 = DIRECTION ( 'NONE',  ( 0.0000000000000000000, 0.0000000000000000000, -1.000000000000000000 ) ) ;
#4701 = EDGE_CURVE ( 'NONE', #6908, #3653, #5573, .T. ) ;
#4702 = DIRECTION ( 'NONE',  ( -1.000000000000000000, 0.0000000000000000000, 0.0000000000000000000 ) ) ;
#4703 = ADVANCED_FACE ( 'NONE', ( #6973 ), #1520, .T. ) ;
#4704 = EDGE_CURVE ( 'NONE', #3127, #677, #2779, .T. ) ;
#4705 = CARTESIAN_POINT ( 'NONE',  ( -8.328815712564065200, 4.656020010094999300, 1.499999999999968900 ) ) ;
#4706 = AXIS2_PLACEMENT_3D ( 'NONE', #5135, #6282, #2374 ) ;
#4707 = DIRECTION ( 'NONE',  ( -1.000000000000000000, 0.0000000000000000000, -0.0000000000000000000 ) ) ;
#4708 = CARTESIAN_POINT ( 'NONE',  ( 13.97579960646100300, 0.0000000000000000000, 1.450000000000000200 ) ) ;
#4709 = DIRECTION ( 'NONE',  ( 0.0000000000000000000, 0.0000000000000000000, -1.000000000000000000 ) ) ;
#4710 = AXIS2_PLACEMENT_3D ( 'NONE', #746, #201, #2433 ) ;
#4711 = CARTESIAN_POINT ( 'NONE',  ( 8.646150156774345100, 1.634210880190280200, 10.96095955101660000 ) ) ;
#4712 = DIRECTION ( 'NONE',  ( -1.000000000000000000, 2.664535259100375700E-015, 0.0000000000000000000 ) ) ;
#4713 = CARTESIAN_POINT ( 'NONE',  ( 0.0000000000000000000, -9.175869535789198000E-017, 10.00000000000000900 ) ) ;
#4714 = ORIENTED_EDGE ( 'NONE', *, *, #4453, .T. ) ;
#4715 = CARTESIAN_POINT ( 'NONE',  ( 9.583550025020278100, 1.775310834413051300, 10.00000000000002500 ) ) ;
#4716 = CARTESIAN_POINT ( 'NONE',  ( 9.958284580892851100, 1.289878306670239500, 1.555816067380029600 ) ) ;
#4717 = DIRECTION ( 'NONE',  ( 0.0000000000000000000, 0.0000000000000000000, -1.000000000000000000 ) ) ;
#4718 = CARTESIAN_POINT ( 'NONE',  ( -3.926704809843204500, -7.496288947797412800, 4.165935625339340500 ) ) ;
#4719 = ORIENTED_EDGE ( 'NONE', *, *, #3836, .T. ) ;
#4720 = DIRECTION ( 'NONE',  ( -1.000000000000000000, 0.0000000000000000000, 0.0000000000000000000 ) ) ;
#4721 = CARTESIAN_POINT ( 'NONE',  ( 7.295283646310641000, 6.897626796287552200, 1.583721891836908300 ) ) ;
#4722 = CIRCLE ( 'NONE', #2400, 3.780000000000000200 ) ;
#4723 = DIRECTION ( 'NONE',  ( 1.000000000000000000, -0.0000000000000000000, 0.0000000000000000000 ) ) ;
#4724 = CARTESIAN_POINT ( 'NONE',  ( 9.757327758135130400E-019, 0.007967462753284099800, 1.091359466005290100 ) ) ;
#4725 = DIRECTION ( 'NONE',  ( 0.0000000000000000000, 0.0000000000000000000, -1.000000000000000000 ) ) ;
#4726 = FACE_OUTER_BOUND ( 'NONE', #5469, .T. ) ;
#4727 = CARTESIAN_POINT ( 'NONE',  ( -10.75111052558934000, 3.983908278252105800, 0.02444514432948528500 ) ) ;
#4728 = CARTESIAN_POINT ( 'NONE',  ( -4.135276001276787700, -8.507798746895980800, 4.411772188214994700 ) ) ;
#4729 = FACE_OUTER_BOUND ( 'NONE', #4767, .T. ) ;
#4730 = CARTESIAN_POINT ( 'NONE',  ( 8.687254784475134900, -3.941214657181229900, 1.583721891830319300 ) ) ;
#4731 = ORIENTED_EDGE ( 'NONE', *, *, #2677, .F. ) ;
#4732 = CARTESIAN_POINT ( 'NONE',  ( 0.05647524154837250300, 12.46737528024190000, 1.399999999999999900 ) ) ;
#4733 = CARTESIAN_POINT ( 'NONE',  ( 3.106041428246437700, 8.232826497698202000, 10.96095955101659800 ) ) ;
#4734 = DIRECTION ( 'NONE',  ( -0.0000000000000000000, -0.0000000000000000000, 1.000000000000000000 ) ) ;
#4735 = DIRECTION ( 'NONE',  ( 0.1456715364083650000, -0.9874414242731897100, -0.06114930179291460500 ) ) ;
#4736 = ADVANCED_FACE ( 'NONE', ( #500 ), #2659, .F. ) ;
#4737 = VECTOR ( 'NONE', #803, 1000.000000000000000 ) ;
#4738 = CARTESIAN_POINT ( 'NONE',  ( 4.005263367321210100, 8.657911642788459300, 1.583721891830324200 ) ) ;
#4739 = CARTESIAN_POINT ( 'NONE',  ( -0.9848765838104348600, 1.281551300053713100, 9.040507860752555300 ) ) ;
#4740 = ORIENTED_EDGE ( 'NONE', *, *, #4335, .F. ) ;
#4741 = DIRECTION ( 'NONE',  ( -0.0000000000000000000, -0.0000000000000000000, 1.000000000000000000 ) ) ;
#4742 = CARTESIAN_POINT ( 'NONE',  ( 17.83545311535569800, 0.2383990133759982500, 1.500000000000000000 ) ) ;
#4743 = EDGE_CURVE ( 'NONE', #748, #6175, #3012, .T. ) ;
#4744 = B_SPLINE_CURVE_WITH_KNOTS ( 'NONE', 3,
 ( #1817, #263, #1340, #1401 ),
 .UNSPECIFIED., .F., .F.,
 ( 4, 4 ),
 ( 0.0000000000000000000, 1.000000000000000000 ),
 .UNSPECIFIED. ) ;
#4745 = CARTESIAN_POINT ( 'NONE',  ( 3.852895495215010500, 7.062289366789130400, 4.171429039665429900 ) ) ;
#4746 = EDGE_CURVE ( 'NONE', #1536, #1356, #5366, .T. ) ;
#4747 = ORIENTED_EDGE ( 'NONE', *, *, #3451, .T. ) ;
#4748 = CARTESIAN_POINT ( 'NONE',  ( 14.15545311535570100, -0.2383990133759960100, 0.0000000000000000000 ) ) ;
#4749 = ORIENTED_EDGE ( 'NONE', *, *, #6936, .F. ) ;
#4750 = AXIS2_PLACEMENT_3D ( 'NONE', #5246, #1950, #863 ) ;
#4751 = DIRECTION ( 'NONE',  ( 0.0000000000000000000, 0.0000000000000000000, -1.000000000000000000 ) ) ;
#4752 = ORIENTED_EDGE ( 'NONE', *, *, #1544, .F. ) ;
#4753 = CARTESIAN_POINT ( 'NONE',  ( -14.15545311535570100, -3.918399013375997600, 0.1000000000000000100 ) ) ;
#4754 = EDGE_CURVE ( 'NONE', #2425, #2291, #7062, .T. ) ;
#4755 = DIRECTION ( 'NONE',  ( 0.02108509640175210800, -0.06489325407542562200, 0.9976694263558602000 ) ) ;
#4756 = EDGE_LOOP ( 'NONE', ( #4856, #7153, #3999, #1168 ) ) ;
#4757 = VERTEX_POINT ( 'NONE', #554 ) ;
#4758 = ORIENTED_EDGE ( 'NONE', *, *, #2443, .F. ) ;
#4759 = CIRCLE ( 'NONE', #164, 2.009999999999999800 ) ;
#4760 = ORIENTED_EDGE ( 'NONE', *, *, #743, .F. ) ;
#4761 = LINE ( 'NONE', #2877, #861 ) ;
#4762 = CARTESIAN_POINT ( 'NONE',  ( 9.838397804029380500, -1.452759107619091300, 4.363140449427814500 ) ) ;
#4763 = CARTESIAN_POINT ( 'NONE',  ( 9.956331755326141700, 1.292237160460798700, 1.583721891836908300 ) ) ;
#4764 = LINE ( 'NONE', #2482, #2704 ) ;
#4765 = AXIS2_PLACEMENT_3D ( 'NONE', #3737, #5367, #6913 ) ;
#4766 = ORIENTED_EDGE ( 'NONE', *, *, #4936, .F. ) ;
#4767 = EDGE_LOOP ( 'NONE', ( #3060, #889, #2082, #5410 ) ) ;
#4768 = CARTESIAN_POINT ( 'NONE',  ( 8.424137302742915200, 2.569578273278585900, 10.96095955101660000 ) ) ;
#4769 = CARTESIAN_POINT ( 'NONE',  ( 7.081089974732290000, 3.749857226653829900, 9.818678063566089500 ) ) ;
#4770 = VECTOR ( 'NONE', #298, 1000.000000000000200 ) ;
#4771 = ORIENTED_EDGE ( 'NONE', *, *, #3836, .F. ) ;
#4772 = B_SPLINE_SURFACE_WITH_KNOTS ( 'NONE', 3, 1, ( 
 ( #6464, #414 ),
 ( #360, #3163 ),
 ( #4220, #2623 ),
 ( #905, #4786 ) ),
 .UNSPECIFIED., .F., .F., .F.,
 ( 4, 4 ),
 ( 2, 2 ),
 ( 0.0000000000000000000, 1.000000000000000000 ),
 ( 0.0000000000000000000, 1.000000000000000000 ),
 .UNSPECIFIED. ) ;
#4773 = CARTESIAN_POINT ( 'NONE',  ( 7.582979013495377200, 3.756565976181444300, 4.165935625339312100 ) ) ;
#4774 = CIRCLE ( 'NONE', #4945, 1.034999999999999900 ) ;
#4775 = AXIS2_PLACEMENT_3D ( 'NONE', #3174, #7000, #401 ) ;
#4776 = CARTESIAN_POINT ( 'NONE',  ( 1.558327750901149900, -8.258079982341330400, 9.806355243554776300 ) ) ;
#4777 = CARTESIAN_POINT ( 'NONE',  ( 0.0000000000000000000, 0.0000000000000000000, 1.500000000000000000 ) ) ;
#4778 = B_SPLINE_CURVE_WITH_KNOTS ( 'NONE', 3,
 ( #1469, #4827, #5936, #2073 ),
 .UNSPECIFIED., .F., .F.,
 ( 4, 4 ),
 ( 0.0000000000000000000, 1.000000000000000000 ),
 .UNSPECIFIED. ) ;
#4779 = AXIS2_PLACEMENT_3D ( 'NONE', #5158, #780, #2937 ) ;
#4780 = VERTEX_POINT ( 'NONE', #4958 ) ;
#4781 = CARTESIAN_POINT ( 'NONE',  ( 1.167080331220477800, -0.5090877524971380000, 9.528024968268804100 ) ) ;
#4782 = ORIENTED_EDGE ( 'NONE', *, *, #1828, .F. ) ;
#4783 = CYLINDRICAL_SURFACE ( 'NONE', #4350, 0.09999999999999999200 ) ;
#4784 = VERTEX_POINT ( 'NONE', #5493 ) ;
#4785 = DIRECTION ( 'NONE',  ( 0.4625527581392803200, 0.8844804739664851000, 0.06114930179295888900 ) ) ;
#4786 = CARTESIAN_POINT ( 'NONE',  ( 1.378149009695250000, -7.893286372457178700, 9.818678063566089500 ) ) ;
#4787 = VERTEX_POINT ( 'NONE', #4406 ) ;
#4788 = EDGE_LOOP ( 'NONE', ( #4088, #3040 ) ) ;
#4789 = VECTOR ( 'NONE', #834, 1000.000000000000000 ) ;
#4790 = CARTESIAN_POINT ( 'NONE',  ( -1.273058886640288500, 1.559047490650122600E-016, 9.528024968288347600 ) ) ;
#4791 = ORIENTED_EDGE ( 'NONE', *, *, #3870, .T. ) ;
#4792 = CARTESIAN_POINT ( 'NONE',  ( 9.261755840324404700, 1.471993455161925100, 7.236057577981593900 ) ) ;
#4793 = CARTESIAN_POINT ( 'NONE',  ( -9.350346786168300300, -1.910016051523365100, 1.446550831950642800 ) ) ;
#4794 = ORIENTED_EDGE ( 'NONE', *, *, #6817, .T. ) ;
#4795 = CARTESIAN_POINT ( 'NONE',  ( -8.148807938013039400, 2.592459052621220100, 9.909339031783240200 ) ) ;
#4796 = CARTESIAN_POINT ( 'NONE',  ( 2.172906784102219800, -5.078662586539289600, -37.10965223203719900 ) ) ;
#4797 = CARTESIAN_POINT ( 'NONE',  ( 0.2692767643064006800, 8.799153613150222600, 10.96095955101660200 ) ) ;
#4798 = DIRECTION ( 'NONE',  ( -1.000000000000000000, 0.0000000000000000000, 0.0000000000000000000 ) ) ;
#4799 = EDGE_CURVE ( 'NONE', #3368, #2188, #4122, .T. ) ;
#4800 = DIRECTION ( 'NONE',  ( -1.000000000000000000, 0.0000000000000000000, 0.0000000000000000000 ) ) ;
#4801 = DIRECTION ( 'NONE',  ( 0.0000000000000000000, 0.0000000000000000000, 1.000000000000000000 ) ) ;
#4802 = DIRECTION ( 'NONE',  ( -0.0000000000000000000, -1.000000000000000000, -0.0000000000000000000 ) ) ;
#4803 = CARTESIAN_POINT ( 'NONE',  ( 7.007031117349813900, 6.946604339698064100, 1.583720051449376800 ) ) ;
#4804 = EDGE_LOOP ( 'NONE', ( #1580, #3139, #6572, #5268 ) ) ;
#4805 = CARTESIAN_POINT ( 'NONE',  ( 1.378149009695250700, -7.893286372457178700, 9.818678063566094800 ) ) ;
#4806 = EDGE_CURVE ( 'NONE', #4377, #520, #6219, .T. ) ;
#4807 = DIRECTION ( 'NONE',  ( 1.000000000000000000, 0.0000000000000000000, -6.776263578034400200E-017 ) ) ;
#4808 = CARTESIAN_POINT ( 'NONE',  ( 10.74546576924028000, 3.975796725723781400, 0.01741208419829101300 ) ) ;
#4809 = CARTESIAN_POINT ( 'NONE',  ( 0.3358878296971908900, -1.229253793261840800, 9.528024968268804100 ) ) ;
#4810 = EDGE_CURVE ( 'NONE', #1634, #5783, #2233, .T. ) ;
#4811 = DIRECTION ( 'NONE',  ( 0.0000000000000000000, 0.0000000000000000000, -1.000000000000000000 ) ) ;
#4812 = DIRECTION ( 'NONE',  ( 0.0000000000000000000, 0.0000000000000000000, -1.000000000000000000 ) ) ;
#4813 = EDGE_CURVE ( 'NONE', #4780, #5310, #6625, .T. ) ;
#4814 = CARTESIAN_POINT ( 'NONE',  ( 9.960562136989354400, 1.286713014453638900, 1.500000407994915400 ) ) ;
#4815 = AXIS2_PLACEMENT_3D ( 'NONE', #5645, #6760, #3387 ) ;
#4816 = CARTESIAN_POINT ( 'NONE',  ( 4.710410241445402800, -8.296323177758791800, 1.555817281656205900 ) ) ;
#4817 = CARTESIAN_POINT ( 'NONE',  ( 0.05254506151973360000, -8.551090793966109200, 9.909339031783240200 ) ) ;
#4818 = DIRECTION ( 'NONE',  ( 2.309291984482540100E-015, -1.000000000000000000, 0.0000000000000000000 ) ) ;
#4819 = ORIENTED_EDGE ( 'NONE', *, *, #1962, .F. ) ;
#4820 = EDGE_CURVE ( 'NONE', #5636, #5810, #2748, .T. ) ;
#4821 = AXIS2_PLACEMENT_3D ( 'NONE', #5954, #4868, #3778 ) ;
#4822 = CARTESIAN_POINT ( 'NONE',  ( 6.740858865716612400, 5.669994422600330700, 10.96095955101660200 ) ) ;
#4823 = CARTESIAN_POINT ( 'NONE',  ( 6.017878470813820400, -5.908233265127250000, 7.001760241560639900 ) ) ;
#4824 = CYLINDRICAL_SURFACE ( 'NONE', #4876, 11.50000000000000000 ) ;
#4825 = CARTESIAN_POINT ( 'NONE',  ( 7.372351021457740600, 4.033944817469141200, 9.806355243554735400 ) ) ;
#4826 =( BOUNDED_SURFACE ( )  B_SPLINE_SURFACE ( 3, 3, ( 
 ( #6460, #5043, #5022, #5569 ),
 ( #6186, #6620, #6157, #43 ),
 ( #1691, #2808, #6687, #2220 ),
 ( #3344, #2274, #6638, #3943 ) ),
 .UNSPECIFIED., .F., .F., .F. ) 
 B_SPLINE_SURFACE_WITH_KNOTS ( ( 4, 4 ),
 ( 4, 4 ),
 ( 0.0000000000000000000, 1.000000000000000000 ),
 ( 0.0000000000000000000, 1.000000000000000000 ),
 .UNSPECIFIED. ) 
 GEOMETRIC_REPRESENTATION_ITEM ( )  RATIONAL_B_SPLINE_SURFACE ( (
 ( 1.000000000000000000, 0.3333333333333334300, 0.3333333333333334300, 1.000000000000000000),
 ( 0.8114919804638294200, 0.2704973268212765300, 0.2704973268212765300, 0.8114919804638294200),
 ( 0.8114919804638294200, 0.2704973268212765300, 0.2704973268212765300, 0.8114919804638294200),
 ( 1.000000000000000000, 0.3333333333333334300, 0.3333333333333334300, 1.000000000000000000) ) ) 
 REPRESENTATION_ITEM ( '' )  SURFACE ( )  );
#4827 = CARTESIAN_POINT ( 'NONE',  ( -4.134921668449989000, 8.508363829927569500, 4.402724244648005000 ) ) ;
#4828 = DIRECTION ( 'NONE',  ( -0.8940976206678401500, -0.4436780449902165700, 0.06114930179295893100 ) ) ;
#4829 = DIRECTION ( 'NONE',  ( -0.0000000000000000000, -0.0000000000000000000, 1.000000000000000000 ) ) ;
#4830 = ORIENTED_EDGE ( 'NONE', *, *, #7029, .T. ) ;
#4831 = CIRCLE ( 'NONE', #1362, 0.9849999999999999900 ) ;
#4832 = CARTESIAN_POINT ( 'NONE',  ( -8.687264158721488300, 3.947041289985650200, 1.500000000000000000 ) ) ;
#4833 = CIRCLE ( 'NONE', #1346, 0.1000000000000000500 ) ;
#4834 = ORIENTED_EDGE ( 'NONE', *, *, #3508, .T. ) ;
#4835 = ORIENTED_EDGE ( 'NONE', *, *, #3710, .F. ) ;
#4836 = DIRECTION ( 'NONE',  ( -1.000000000000000000, 0.0000000000000000000, 0.0000000000000000000 ) ) ;
#4837 = ORIENTED_EDGE ( 'NONE', *, *, #5159, .T. ) ;
#4838 = ORIENTED_EDGE ( 'NONE', *, *, #2927, .T. ) ;
#4839 = CARTESIAN_POINT ( 'NONE',  ( -9.371403069053620500, -1.300482435483810000, 4.355618949381399900 ) ) ;
#4840 = CARTESIAN_POINT ( 'NONE',  ( 2.655621881314826000E-009, 10.04344618490034300, 1.499998910456626000 ) ) ;
#4841 = ORIENTED_EDGE ( 'NONE', *, *, #4942, .F. ) ;
#4842 = CARTESIAN_POINT ( 'NONE',  ( -9.474893350793907500, -1.128755730590303500, 1.499999999999969600 ) ) ;
#4843 = CARTESIAN_POINT ( 'NONE',  ( 6.432827244698070300, 7.044167963942690000, 1.583721891830319300 ) ) ;
#4844 = EDGE_LOOP ( 'NONE', ( #4674, #1776, #3173, #4863, #1537 ) ) ;
#4845 = ORIENTED_EDGE ( 'NONE', *, *, #3346, .F. ) ;
#4846 = ORIENTED_EDGE ( 'NONE', *, *, #451, .F. ) ;
#4847 = EDGE_CURVE ( 'NONE', #3091, #1356, #427, .T. ) ;
#4848 = ORIENTED_EDGE ( 'NONE', *, *, #651, .T. ) ;
#4849 = LINE ( 'NONE', #5382, #251 ) ;
#4850 = EDGE_CURVE ( 'NONE', #1690, #816, #4224, .T. ) ;
#4851 = EDGE_CURVE ( 'NONE', #5689, #5713, #5155, .T. ) ;
#4852 = CARTESIAN_POINT ( 'NONE',  ( 10.76400018508270800, 4.002441908387537800, 0.04580782530547991600 ) ) ;
#4853 = LINE ( 'NONE', #28, #7004 ) ;
#4854 = VERTEX_POINT ( 'NONE', #5445 ) ;
#4855 = ORIENTED_EDGE ( 'NONE', *, *, #3930, .T. ) ;
#4856 = ORIENTED_EDGE ( 'NONE', *, *, #2035, .F. ) ;
#4857 = AXIS2_PLACEMENT_3D ( 'NONE', #1007, #6621, #6560 ) ;
#4858 = CIRCLE ( 'NONE', #6498, 1.959999999999998200 ) ;
#4859 = CARTESIAN_POINT ( 'NONE',  ( -0.004683157104569979700, -0.006445812769456240500, 1.091359466005290100 ) ) ;
#4860 = VECTOR ( 'NONE', #5494, 1000.000000000000100 ) ;
#4861 = CIRCLE ( 'NONE', #3527, 9.296474063777681700 ) ;
#4862 = ORIENTED_EDGE ( 'NONE', *, *, #1443, .T. ) ;
#4863 = ORIENTED_EDGE ( 'NONE', *, *, #4422, .T. ) ;
#4864 = AXIS2_PLACEMENT_3D ( 'NONE', #5511, #3838, #4381 ) ;
#4865 = B_SPLINE_CURVE_WITH_KNOTS ( 'NONE', 3,
 ( #40, #6109, #6093, #6150 ),
 .UNSPECIFIED., .F., .F.,
 ( 4, 4 ),
 ( 0.0000000000000000000, 1.000000000000000000 ),
 .UNSPECIFIED. ) ;
#4866 = FACE_OUTER_BOUND ( 'NONE', #2427, .T. ) ;
#4867 = VERTEX_POINT ( 'NONE', #2780 ) ;
#4868 = DIRECTION ( 'NONE',  ( -0.02108509617084559900, -0.06489325404184750900, -0.9976694263629243300 ) ) ;
#4869 = AXIS2_PLACEMENT_3D ( 'NONE', #7002, #6469, #964 ) ;
#4870 = CARTESIAN_POINT ( 'NONE',  ( -7.268167470400220200, -3.448836966214409800, 4.171429039665429900 ) ) ;
#4871 = CIRCLE ( 'NONE', #5500, 0.9849999999999999900 ) ;
#4872 = ORIENTED_EDGE ( 'NONE', *, *, #3663, .F. ) ;
#4873 = CARTESIAN_POINT ( 'NONE',  ( 9.757327758135130400E-019, 0.007967462753284099800, 1.091359466005290100 ) ) ;
#4874 = CIRCLE ( 'NONE', #2508, 3.780000000000000200 ) ;
#4875 = CARTESIAN_POINT ( 'NONE',  ( -8.813341538124150900, 4.607580812815260000, 4.362828412148360300 ) ) ;
#4876 = AXIS2_PLACEMENT_3D ( 'NONE', #6669, #4486, #4438 ) ;
#4877 = DIRECTION ( 'NONE',  ( 0.9510565162951537500, 0.3090169943749469000, -0.0000000000000000000 ) ) ;
#4878 = EDGE_LOOP ( 'NONE', ( #2075, #3556, #1153, #3465, #1432 ) ) ;
#4879 = CARTESIAN_POINT ( 'NONE',  ( -13.97579960646100300, 0.0000000000000000000, 0.0000000000000000000 ) ) ;
#4880 = DIRECTION ( 'NONE',  ( -0.0000000000000000000, -1.000000000000000000, -0.0000000000000000000 ) ) ;
#4881 = ORIENTED_EDGE ( 'NONE', *, *, #2244, .T. ) ;
#4882 = CARTESIAN_POINT ( 'NONE',  ( 8.207406495289872000, -3.172576103058679700, 10.96095955101660200 ) ) ;
#4883 = CARTESIAN_POINT ( 'NONE',  ( -8.335450537126829900, 1.069829293432929700, 9.806355243554774500 ) ) ;
#4884 = CARTESIAN_POINT ( 'NONE',  ( 4.702703426306005200, -7.321367446878150000, 1.407289741471665000 ) ) ;
#4885 = ADVANCED_FACE ( 'NONE', ( #4907 ), #3538, .T. ) ;
#4886 = CARTESIAN_POINT ( 'NONE',  ( -9.369695929422887200, -1.303315179376614200, 4.402724244647386000 ) ) ;
#4887 = EDGE_CURVE ( 'NONE', #5989, #778, #1429, .T. ) ;
#4888 = CARTESIAN_POINT ( 'NONE',  ( 3.524521668586752200, -9.443936314027382700, 1.500003561359264400 ) ) ;
#4889 = CARTESIAN_POINT ( 'NONE',  ( -4.182168046128417400, 7.751817317923463500, 10.96095955101660000 ) ) ;
#4890 = EDGE_CURVE ( 'NONE', #4276, #3254, #957, .T. ) ;
#4891 = ORIENTED_EDGE ( 'NONE', *, *, #848, .T. ) ;
#4892 = DIRECTION ( 'NONE',  ( -1.000000000000000000, 7.697639948275110100E-016, 0.0000000000000000000 ) ) ;
#4893 = EDGE_CURVE ( 'NONE', #4560, #4156, #2072, .T. ) ;
#4894 = ORIENTED_EDGE ( 'NONE', *, *, #2990, .F. ) ;
#4895 = AXIS2_PLACEMENT_3D ( 'NONE', #2208, #976, #2192 ) ;
#4896 = CARTESIAN_POINT ( 'NONE',  ( 8.658767807362407300, -1.566027364626227300, 10.96095955101659800 ) ) ;
#4897 = CARTESIAN_POINT ( 'NONE',  ( -2.406475241548372800, -12.46737528024190000, 0.1000000000000000100 ) ) ;
#4898 = CIRCLE ( 'NONE', #821, 0.9849999999999999900 ) ;
#4899 = CARTESIAN_POINT ( 'NONE',  ( -17.93545311535570300, -0.2383990133759980000, 1.500000000000000000 ) ) ;
#4900 = AXIS2_PLACEMENT_3D ( 'NONE', #2571, #880, #6435 ) ;
#4901 = CARTESIAN_POINT ( 'NONE',  ( -9.344724606715519900, -1.917730609082454900, 1.583721891830318900 ) ) ;
#4902 = CARTESIAN_POINT ( 'NONE',  ( 2.506475241548370200, 12.46737528024190000, 0.1000000000000000500 ) ) ;
#4903 = CARTESIAN_POINT ( 'NONE',  ( -1.334957571948978600, -9.452767293600453900, 1.464367221300407100 ) ) ;
#4904 = VECTOR ( 'NONE', #955, 1000.000000000000000 ) ;
#4905 = CARTESIAN_POINT ( 'NONE',  ( -8.796756363386899500, 4.196812733975970200, 10.00000000000000000 ) ) ;
#4906 = CARTESIAN_POINT ( 'NONE',  ( 0.0000000000000000000, 0.0000000000000000000, 1.583721891830338400 ) ) ;
#4907 = FACE_OUTER_BOUND ( 'NONE', #1167, .T. ) ;
#4908 = VERTEX_POINT ( 'NONE', #6212 ) ;
#4909 = ADVANCED_FACE ( 'NONE', ( #2217 ), #2326, .T. ) ;
#4910 = CARTESIAN_POINT ( 'NONE',  ( 17.93545311535569900, 0.2383990133759980000, 1.500000000000000000 ) ) ;
#4911 = ORIENTED_EDGE ( 'NONE', *, *, #4498, .F. ) ;
#4912 = ORIENTED_EDGE ( 'NONE', *, *, #6642, .F. ) ;
#4913 = SHAPE_DEFINITION_REPRESENTATION ( #3711, #857 ) ;
#4914 = DIRECTION ( 'NONE',  ( 0.0000000000000000000, 0.0000000000000000000, -1.000000000000000000 ) ) ;
#4915 = EDGE_CURVE ( 'NONE', #2854, #6585, #5519, .T. ) ;
#4916 = VERTEX_POINT ( 'NONE', #5476 ) ;
#4917 = DIRECTION ( 'NONE',  ( -1.000000000000000000, 0.0000000000000000000, 0.0000000000000000000 ) ) ;
#4918 = CYLINDRICAL_SURFACE ( 'NONE', #5885, 0.1000000000000000100 ) ;
#4919 = ORIENTED_EDGE ( 'NONE', *, *, #5177, .F. ) ;
#4920 = EDGE_LOOP ( 'NONE', ( #4497, #3825, #4677, #4855 ) ) ;
#4921 = ORIENTED_EDGE ( 'NONE', *, *, #6559, .F. ) ;
#4922 = CARTESIAN_POINT ( 'NONE',  ( 7.297714611952147700, -6.896055372945208500, 1.555811606257854000 ) ) ;
#4923 = CYLINDRICAL_SURFACE ( 'NONE', #6875, 10.04342387723020200 ) ;
#4924 = CYLINDRICAL_SURFACE ( 'NONE', #4357, 0.09999999999999982500 ) ;
#4925 = CARTESIAN_POINT ( 'NONE',  ( -8.335450537126829900, 1.069829293432940100, 9.806355243554639500 ) ) ;
#4926 = EDGE_CURVE ( 'NONE', #3254, #2513, #3001, .T. ) ;
#4927 = B_SPLINE_SURFACE_WITH_KNOTS ( 'NONE', 3, 1, ( 
 ( #2911, #5719 ),
 ( #1835, #1189 ),
 ( #1257, #5652 ),
 ( #2402, #700 ) ),
 .UNSPECIFIED., .F., .F., .F.,
 ( 4, 4 ),
 ( 2, 2 ),
 ( 0.0000000000000000000, 1.000000000000000000 ),
 ( 0.0000000000000000000, 1.000000000000000000 ),
 .UNSPECIFIED. ) ;
#4928 = VECTOR ( 'NONE', #5761, 1000.000000000000000 ) ;
#4929 = ORIENTED_EDGE ( 'NONE', *, *, #1747, .F. ) ;
#4930 = ORIENTED_EDGE ( 'NONE', *, *, #5498, .F. ) ;
#4931 = CARTESIAN_POINT ( 'NONE',  ( -8.799169842991780400, 1.077587518337380300E-015, 10.96095955101657500 ) ) ;
#4932 = LINE ( 'NONE', #3549, #3834 ) ;
#4933 = ORIENTED_EDGE ( 'NONE', *, *, #3851, .F. ) ;
#4934 = EDGE_CURVE ( 'NONE', #1368, #393, #6840, .T. ) ;
#4935 = LINE ( 'NONE', #6663, #5711 ) ;
#4936 = EDGE_CURVE ( 'NONE', #2291, #1898, #3809, .T. ) ;
#4937 = ORIENTED_EDGE ( 'NONE', *, *, #5840, .F. ) ;
#4938 = VERTEX_POINT ( 'NONE', #1659 ) ;
#4939 = AXIS2_PLACEMENT_3D ( 'NONE', #4043, #4536, #673 ) ;
#4940 = DIRECTION ( 'NONE',  ( 0.5877852522924744700, -0.8090169943749464500, 0.0000000000000000000 ) ) ;
#4941 = ORIENTED_EDGE ( 'NONE', *, *, #1800, .T. ) ;
#4942 = EDGE_CURVE ( 'NONE', #2414, #2625, #7138, .T. ) ;
#4943 = ORIENTED_EDGE ( 'NONE', *, *, #2946, .F. ) ;
#4944 = EDGE_LOOP ( 'NONE', ( #3847, #2189, #4182, #2712 ) ) ;
#4945 = AXIS2_PLACEMENT_3D ( 'NONE', #2646, #4829, #6505 ) ;
#4946 = CIRCLE ( 'NONE', #2653, 2.009999999999999800 ) ;
#4947 = B_SPLINE_CURVE_WITH_KNOTS ( 'NONE', 3,
 ( #3284, #4383, #2306, #81 ),
 .UNSPECIFIED., .F., .F.,
 ( 4, 4 ),
 ( 0.0000000000000000000, 1.000000000000000000 ),
 .UNSPECIFIED. ) ;
#4948 = AXIS2_PLACEMENT_3D ( 'NONE', #6128, #3920, #4054 ) ;
#4949 = ADVANCED_FACE ( 'NONE', ( #2600 ), #3447, .T. ) ;
#4950 = CARTESIAN_POINT ( 'NONE',  ( 1.852484235983484800, -9.869526114901555400, 1.527902837829686800 ) ) ;
#4951 = CARTESIAN_POINT ( 'NONE',  ( 0.4194788675756004300, -1.560894967531437200, 9.040507860752555300 ) ) ;
#4952 = VERTEX_POINT ( 'NONE', #4981 ) ;
#4953 = CARTESIAN_POINT ( 'NONE',  ( 9.583550025020288700, 1.775310834413053300, 10.00000000000004800 ) ) ;
#4954 = B_SPLINE_SURFACE_WITH_KNOTS ( 'NONE', 3, 1, ( 
 ( #284, #3639 ),
 ( #1329, #5829 ),
 ( #6888, #6843 ),
 ( #5185, #6383 ) ),
 .UNSPECIFIED., .F., .F., .F.,
 ( 4, 4 ),
 ( 2, 2 ),
 ( 0.0000000000000000000, 1.000000000000000000 ),
 ( 0.0000000000000000000, 1.000000000000000000 ),
 .UNSPECIFIED. ) ;
#4955 = DIRECTION ( 'NONE',  ( -0.05520149907527451700, 0.04010623642921431300, -0.9976694263629243300 ) ) ;
#4956 = CARTESIAN_POINT ( 'NONE',  ( -7.445352316863264300, 4.690193001343474500, 10.96095955101660000 ) ) ;
#4957 = CYLINDRICAL_SURFACE ( 'NONE', #7142, 11.50000000000000000 ) ;
#4958 = CARTESIAN_POINT ( 'NONE',  ( -7.233333532667528800, 8.858278757946506800E-016, 10.96095955099168900 ) ) ;
#4959 = CARTESIAN_POINT ( 'NONE',  ( 2.506475241548370200, 11.22352804885812300, 1.399999999999999900 ) ) ;
#4960 = EDGE_CURVE ( 'NONE', #7073, #87, #4833, .T. ) ;
#4961 = DIRECTION ( 'NONE',  ( 0.0000000000000000000, 1.079514515332727700E-017, -1.000000000000000000 ) ) ;
#4962 = ORIENTED_EDGE ( 'NONE', *, *, #1664, .T. ) ;
#4963 = CARTESIAN_POINT ( 'NONE',  ( -4.538011678549909600, 8.737993241226750000, 7.197398076836040400 ) ) ;
#4964 = EDGE_CURVE ( 'NONE', #1885, #5714, #1237, .T. ) ;
#4965 = DIRECTION ( 'NONE',  ( 0.1456715364084760200, -0.9874414242731705000, 0.06114930179295943700 ) ) ;
#4966 = CARTESIAN_POINT ( 'NONE',  ( -7.406444662521154000, 4.751401981570744200, 10.96095955101659800 ) ) ;
#4967 = FACE_OUTER_BOUND ( 'NONE', #6227, .T. ) ;
#4968 = DIRECTION ( 'NONE',  ( -1.000000000000000000, 0.0000000000000000000, 0.0000000000000000000 ) ) ;
#4969 = EDGE_CURVE ( 'NONE', #6520, #1982, #3727, .T. ) ;
#4970 = ORIENTED_EDGE ( 'NONE', *, *, #6190, .F. ) ;
#4971 = B_SPLINE_CURVE_WITH_KNOTS ( 'NONE', 3,
 ( #1904, #5204, #5752, #4034 ),
 .UNSPECIFIED., .F., .F.,
 ( 4, 4 ),
 ( 0.0000000000000000000, 1.000000000000000000 ),
 .UNSPECIFIED. ) ;
#4972 = ADVANCED_FACE ( 'NONE', ( #1602 ), #1072, .T. ) ;
#4973 = CARTESIAN_POINT ( 'NONE',  ( -2.419806540862540400, -11.15386738644911600, 0.0001974958013882340400 ) ) ;
#4974 = VECTOR ( 'NONE', #1836, 1000.000000000000000 ) ;
#4975 = CARTESIAN_POINT ( 'NONE',  ( 9.474893350793905700, 1.128755730590314900, 1.499999999999969100 ) ) ;
#4976 = AXIS2_PLACEMENT_3D ( 'NONE', #6767, #5223, #6793 ) ;
#4977 = FACE_OUTER_BOUND ( 'NONE', #5117, .T. ) ;
#4978 = B_SPLINE_SURFACE_WITH_KNOTS ( 'NONE', 3, 1, ( 
 ( #330, #1435 ),
 ( #2481, #4745 ),
 ( #5827, #1913 ),
 ( #3045, #4217 ) ),
 .UNSPECIFIED., .F., .F., .F.,
 ( 4, 4 ),
 ( 2, 2 ),
 ( 0.0000000000000000000, 1.000000000000000000 ),
 ( 0.0000000000000000000, 1.000000000000000000 ),
 .UNSPECIFIED. ) ;
#4979 = CARTESIAN_POINT ( 'NONE',  ( 9.410667171480575600, -3.712317817530463400, 1.583721891830310200 ) ) ;
#4980 = TOROIDAL_SURFACE ( 'NONE', #2906, 2.010000000000000200, 0.05000000000000000300 ) ;
#4981 = CARTESIAN_POINT ( 'NONE',  ( -14.15545311535570100, 4.018399013376000400, 0.1000000000000000500 ) ) ;
#4982 = AXIS2_PLACEMENT_3D ( 'NONE', #5386, #2063, #418 ) ;
#4983 = VERTEX_POINT ( 'NONE', #4519 ) ;
#4984 = EDGE_LOOP ( 'NONE', ( #5984, #1311, #5552, #3507 ) ) ;
#4985 = AXIS2_PLACEMENT_3D ( 'NONE', #4995, #656, #4968 ) ;
#4986 = CARTESIAN_POINT ( 'NONE',  ( 1.854392575220044300, -9.870640394675644900, 1.499999327185927500 ) ) ;
#4987 = CARTESIAN_POINT ( 'NONE',  ( -7.892673750255853300, 6.270238206620612200, 1.500003561359264400 ) ) ;
#4988 = DIRECTION ( 'NONE',  ( -1.000000000000000000, -7.080503983578803800E-016, 0.0000000000000000000 ) ) ;
#4989 = CARTESIAN_POINT ( 'NONE',  ( 15.93579960646100000, 2.400307726328814400E-016, 0.04999999999999991300 ) ) ;
#4990 = VERTEX_POINT ( 'NONE', #1290 ) ;
#4991 = ORIENTED_EDGE ( 'NONE', *, *, #5582, .T. ) ;
#4992 = CARTESIAN_POINT ( 'NONE',  ( 1.273058886655809700, 0.08103170112651092400, 9.528024968268800500 ) ) ;
#4993 = CARTESIAN_POINT ( 'NONE',  ( 10.76400018508270800, -4.002441908387538700, 0.04580782530548006800 ) ) ;
#4994 = ORIENTED_EDGE ( 'NONE', *, *, #6386, .T. ) ;
#4995 = CARTESIAN_POINT ( 'NONE',  ( -0.05647524154837250300, 12.46737528024190000, 1.399999999999999900 ) ) ;
#4996 = EDGE_LOOP ( 'NONE', ( #6550, #4834, #150, #1611 ) ) ;
#4997 = ORIENTED_EDGE ( 'NONE', *, *, #3371, .T. ) ;
#4998 = CARTESIAN_POINT ( 'NONE',  ( 10.77508558524241000, 4.018399013376001200, 1.409744242486430200 ) ) ;
#4999 = ORIENTED_EDGE ( 'NONE', *, *, #3619, .T. ) ;
#5000 = ORIENTED_EDGE ( 'NONE', *, *, #3801, .T. ) ;
#5001 = CARTESIAN_POINT ( 'NONE',  ( -4.132755104069380200, 8.510862782201220600, 4.355618949381399900 ) ) ;
#5002 = VECTOR ( 'NONE', #4181, 1000.000000000000000 ) ;
#5003 = FACE_OUTER_BOUND ( 'NONE', #3767, .T. ) ;
#5004 = VERTEX_POINT ( 'NONE', #5220 ) ;
#5005 = ORIENTED_EDGE ( 'NONE', *, *, #3416, .T. ) ;
#5006 = CARTESIAN_POINT ( 'NONE',  ( -0.05647524154837316200, 14.81737528024190100, 0.0000000000000000000 ) ) ;
#5007 = CIRCLE ( 'NONE', #6611, 0.04999999999999991300 ) ;
#5008 = ADVANCED_FACE ( 'NONE', ( #6479 ), #2820, .T. ) ;
#5009 = VECTOR ( 'NONE', #4665, 1000.000000000000000 ) ;
#5010 = DIRECTION ( 'NONE',  ( 0.06823280526820603400, -0.0000000000000000000, 0.9976694263558602000 ) ) ;
#5011 = ORIENTED_EDGE ( 'NONE', *, *, #2161, .F. ) ;
#5012 = CARTESIAN_POINT ( 'NONE',  ( -5.431344005167218800, 8.534779580532266200, 1.583721891830310200 ) ) ;
#5013 = ORIENTED_EDGE ( 'NONE', *, *, #2384, .T. ) ;
#5014 = CARTESIAN_POINT ( 'NONE',  ( -0.4194788675756010400, -1.560894967531437000, 9.040507860752555300 ) ) ;
#5015 = CYLINDRICAL_SURFACE ( 'NONE', #4342, 3.780000000000000200 ) ;
#5016 = ORIENTED_EDGE ( 'NONE', *, *, #5679, .F. ) ;
#5017 = CARTESIAN_POINT ( 'NONE',  ( 8.799169842991780400, 17.59833968598356100, 10.96095955101655200 ) ) ;
#5018 = EDGE_CURVE ( 'NONE', #1366, #4780, #2223, .T. ) ;
#5019 = CARTESIAN_POINT ( 'NONE',  ( -6.017878470813820400, 5.908233265127250000, 7.001760241560639900 ) ) ;
#5020 = CARTESIAN_POINT ( 'NONE',  ( 13.97579960646100300, 0.0000000000000000000, 1.500000000000000000 ) ) ;
#5021 = B_SPLINE_SURFACE_WITH_KNOTS ( 'NONE', 3, 1, ( 
 ( #5632, #2310 ),
 ( #4963, #5019 ),
 ( #637, #2789 ),
 ( #621, #1142 ) ),
 .UNSPECIFIED., .F., .F., .F.,
 ( 4, 4 ),
 ( 2, 2 ),
 ( 0.0000000000000000000, 1.000000000000000000 ),
 ( 0.0000000000000000000, 1.000000000000000000 ),
 .UNSPECIFIED. ) ;
#5022 = CARTESIAN_POINT ( 'NONE',  ( 8.799169842991778600, -17.59833968598356100, 10.96095955101655200 ) ) ;
#5023 = VECTOR ( 'NONE', #1272, 999.9999999999998900 ) ;
#5025 = ORIENTED_EDGE ( 'NONE', *, *, #3116, .F. ) ;
#5024 = CARTESIAN_POINT ( 'NONE',  ( 8.828588361935580100, 1.081190247843398300E-015, 11.40000000000000000 ) ) ;
#5026 = EDGE_CURVE ( 'NONE', #3557, #4467, #5365, .T. ) ;
#5027 = LINE ( 'NONE', #1949, #3683 ) ;
#5028 = EDGE_CURVE ( 'NONE', #2414, #7056, #4039, .T. ) ;
#5029 = B_SPLINE_CURVE_WITH_KNOTS ( 'NONE', 3,
 ( #4436, #4992, #2313, #2364, #1239, #729, #1821, #1760, #5658, #5699, #3518, #2342, #1217, #3501, #5091, #151, #2387, #3466, #125, #684, #209, #4549, #712, #189, #4030, #6250, #1268, #6221, #2883, #2918, #4582, #5144, #5170, #4087 ),
 .UNSPECIFIED., .F., .F.,
 ( 4, 1, 1, 2, 2, 2, 1, 1, 2, 2, 2, 1, 1, 2, 2, 2, 1, 1, 2, 2, 4 ),
 ( 0.0000000000000000000, 0.03125000000000012500, 0.04687500000000018000, 0.05468750000000019400, 0.06250000000000020800, 0.1250000000000003300, 0.1562500000000003900, 0.1718750000000004200, 0.1796875000000004400, 0.1875000000000004700, 0.2500000000000003900, 0.2812500000000003900, 0.2968750000000003900, 0.3046875000000003900, 0.3125000000000003300, 0.3750000000000002200, 0.4062500000000001700, 0.4218750000000001100, 0.4296875000000001100, 0.4375000000000000600, 0.5000000000000000000 ),
 .UNSPECIFIED. ) ;
#5030 = ORIENTED_EDGE ( 'NONE', *, *, #1858, .T. ) ;
#5031 = B_SPLINE_SURFACE_WITH_KNOTS ( 'NONE', 3, 1, ( 
 ( #1732, #5720 ),
 ( #219, #276 ),
 ( #4131, #6836 ),
 ( #5782, #4615 ) ),
 .UNSPECIFIED., .F., .F., .F.,
 ( 4, 4 ),
 ( 2, 2 ),
 ( 0.0000000000000000000, 1.000000000000000000 ),
 ( 0.0000000000000000000, 1.000000000000000000 ),
 .UNSPECIFIED. ) ;
#5032 = EDGE_CURVE ( 'NONE', #246, #5004, #1970, .T. ) ;
#5033 = AXIS2_PLACEMENT_3D ( 'NONE', #1948, #2439, #5836 ) ;
#5034 = DIRECTION ( 'NONE',  ( -0.5877852522924734700, -0.8090169943749472300, 0.0000000000000000000 ) ) ;
#5035 = ORIENTED_EDGE ( 'NONE', *, *, #1853, .T. ) ;
#5036 = CARTESIAN_POINT ( 'NONE',  ( 8.335450537126829900, -1.069829293432929400, 9.806355243554740800 ) ) ;
#5037 = CARTESIAN_POINT ( 'NONE',  ( -6.908024371847261600, 7.016088162249467100, 7.197091453833563100 ) ) ;
#5038 = CARTESIAN_POINT ( 'NONE',  ( 14.15545311535570100, -3.918399013376000300, 0.1000000000000000100 ) ) ;
#5039 = CARTESIAN_POINT ( 'NONE',  ( -10.77508558524240800, 4.018399013376002100, 1.409744242486430200 ) ) ;
#5040 = CARTESIAN_POINT ( 'NONE',  ( 2.496219100977793600, -11.21530727966802700, 0.05504381179042369000 ) ) ;
#5041 = CARTESIAN_POINT ( 'NONE',  ( 9.282280378750751700, 0.0000000000000000000, 10.49159636633811800 ) ) ;
#5042 = CARTESIAN_POINT ( 'NONE',  ( 8.342812329453620300, -1.418076236749070000, 4.165311908826380400 ) ) ;
#5043 = CARTESIAN_POINT ( 'NONE',  ( -8.799169842991784000, -17.59833968598356100, 10.96095955101655200 ) ) ;
#5044 = B_SPLINE_CURVE_WITH_KNOTS ( 'NONE', 3,
 ( #5241, #824, #6365, #2576 ),
 .UNSPECIFIED., .F., .F.,
 ( 4, 4 ),
 ( 0.0000000000000000000, 1.000000000000000000 ),
 .UNSPECIFIED. ) ;
#5045 = ORIENTED_EDGE ( 'NONE', *, *, #302, .T. ) ;
#5046 = CARTESIAN_POINT ( 'NONE',  ( 2.499976862686788400, 11.21831981095981600, 0.06337339303232374100 ) ) ;
#5047 = ADVANCED_FACE ( 'NONE', ( #2388 ), #4044, .F. ) ;
#5048 = CARTESIAN_POINT ( 'NONE',  ( -8.814574976180669100, 4.813698833088731800, 1.500000407994915000 ) ) ;
#5049 = CARTESIAN_POINT ( 'NONE',  ( -3.524611352227017900, -7.195858480146379000, 9.818678063566080600 ) ) ;
#5050 = CARTESIAN_POINT ( 'NONE',  ( -11.31187470917710100, -8.513235433987029300, 1.583721891830310000 ) ) ;
#5051 = ORIENTED_EDGE ( 'NONE', *, *, #3098, .T. ) ;
#5052 = CARTESIAN_POINT ( 'NONE',  ( -8.107958803276025300, 3.158930966699990100, 1.407289741471665000 ) ) ;
#5053 = DIRECTION ( 'NONE',  ( 0.0000000000000000000, 0.0000000000000000000, -1.000000000000000000 ) ) ;
#5054 = EDGE_CURVE ( 'NONE', #5859, #866, #335, .T. ) ;
#5055 = ORIENTED_EDGE ( 'NONE', *, *, #3912, .T. ) ;
#5056 = CARTESIAN_POINT ( 'NONE',  ( -8.335450537126829900, 1.069829293432932100, 9.806355243554739000 ) ) ;
#5057 = CARTESIAN_POINT ( 'NONE',  ( -17.83545311535570100, -0.2383990133759980000, 1.500000000000000000 ) ) ;
#5058 = CARTESIAN_POINT ( 'NONE',  ( 2.406475241548371000, -11.14310894283165300, 0.0000000000000000000 ) ) ;
#5059 = B_SPLINE_CURVE_WITH_KNOTS ( 'NONE', 3,
 ( #307, #5858, #3106, #893 ),
 .UNSPECIFIED., .F., .F.,
 ( 4, 4 ),
 ( 0.0000000000000000000, 1.000000000000000000 ),
 .UNSPECIFIED. ) ;
#5060 = EDGE_CURVE ( 'NONE', #2546, #3164, #730, .T. ) ;
#5061 = FACE_OUTER_BOUND ( 'NONE', #6089, .T. ) ;
#5062 = CARTESIAN_POINT ( 'NONE',  ( -1.059365186118820000, 8.424850259276931700, 1.300721701513740000 ) ) ;
#5063 = CARTESIAN_POINT ( 'NONE',  ( 10.70542615555186600, 3.918399013376000300, 0.0000000000000000000 ) ) ;
#5064 = CARTESIAN_POINT ( 'NONE',  ( 1.034999999999999900, -12.46737528024190000, 1.500000000000000000 ) ) ;
#5065 = EDGE_CURVE ( 'NONE', #3127, #2969, #6054, .T. ) ;
#5066 = AXIS2_PLACEMENT_3D ( 'NONE', #4568, #6764, #5075 ) ;
#5067 = LINE ( 'NONE', #6351, #2907 ) ;
#5068 = DIRECTION ( 'NONE',  ( -0.9892927566347861100, -0.1459446527624292400, 0.0000000000000000000 ) ) ;
#5069 = LINE ( 'NONE', #6044, #1424 ) ;
#5070 = DIRECTION ( 'NONE',  ( -1.000000000000000000, 0.0000000000000000000, 0.0000000000000000000 ) ) ;
#5071 = CARTESIAN_POINT ( 'NONE',  ( -1.067500663416854200, -9.481179261948590000, 1.527909983233807700 ) ) ;
#5072 = AXIS2_PLACEMENT_3D ( 'NONE', #4287, #3144, #5339 ) ;
#5073 = ORIENTED_EDGE ( 'NONE', *, *, #5269, .F. ) ;
#5074 = CARTESIAN_POINT ( 'NONE',  ( -6.740858865717415300, -5.669994422599099700, 10.96095955101660000 ) ) ;
#5075 = DIRECTION ( 'NONE',  ( 0.0000000000000000000, -0.0000000000000000000, -1.000000000000000000 ) ) ;
#5076 = EDGE_LOOP ( 'NONE', ( #1978, #1088, #4846, #4587 ) ) ;
#5077 = ADVANCED_FACE ( 'NONE', ( #3530, #2064, #5168, #507, #738, #6796 ), #6489, .F. ) ;
#5078 = ORIENTED_EDGE ( 'NONE', *, *, #2852, .F. ) ;
#5079 = AXIS2_PLACEMENT_3D ( 'NONE', #4817, #7050, #1525 ) ;
#5080 = DIRECTION ( 'NONE',  ( 0.0000000000000000000, 0.0000000000000000000, -1.000000000000000000 ) ) ;
#5081 = DIRECTION ( 'NONE',  ( -0.9841275813569755300, 0.1665943171377829700, -0.06114930179376898400 ) ) ;
#5082 = CARTESIAN_POINT ( 'NONE',  ( -15.93579960646100000, 0.0000000000000000000, 1.500000000000000000 ) ) ;
#5083 = VECTOR ( 'NONE', #3600, 1000.000000000000100 ) ;
#5084 = ORIENTED_EDGE ( 'NONE', *, *, #5325, .T. ) ;
#5085 = DIRECTION ( 'NONE',  ( 0.0000000000000000000, 0.0000000000000000000, -1.000000000000000000 ) ) ;
#5086 = CARTESIAN_POINT ( 'NONE',  ( -7.001883768800899700, -6.482385147186370500, 1.499999999999970000 ) ) ;
#5087 = FACE_OUTER_BOUND ( 'NONE', #6909, .T. ) ;
#5088 = ORIENTED_EDGE ( 'NONE', *, *, #3723, .T. ) ;
#5089 = ORIENTED_EDGE ( 'NONE', *, *, #495, .T. ) ;
#5090 = B_SPLINE_CURVE_WITH_KNOTS ( 'NONE', 3,
 ( #6322, #2418, #687, #5095 ),
 .UNSPECIFIED., .F., .F.,
 ( 4, 4 ),
 ( 0.0000000000000000000, 1.000000000000000000 ),
 .UNSPECIFIED. ) ;
#5091 = CARTESIAN_POINT ( 'NONE',  ( 0.4874647051417533300, 1.176218210723522000, 9.528024968268804100 ) ) ;
#5092 = ORIENTED_EDGE ( 'NONE', *, *, #139, .T. ) ;
#5093 = FACE_OUTER_BOUND ( 'NONE', #6229, .T. ) ;
#5094 = CIRCLE ( 'NONE', #1039, 3.680000000000001000 ) ;
#5095 = CARTESIAN_POINT ( 'NONE',  ( 6.441910186581992500, 7.041231389941385600, 1.446550831950642600 ) ) ;
#5096 = DIRECTION ( 'NONE',  ( -1.000000000000000000, 0.0000000000000000000, -0.0000000000000000000 ) ) ;
#5097 = CIRCLE ( 'NONE', #1251, 3.780000000000000200 ) ;
#5098 = CARTESIAN_POINT ( 'NONE',  ( 8.828588361935580100, 1.081190247843398300E-015, 11.40000000000000200 ) ) ;
#5099 = ORIENTED_EDGE ( 'NONE', *, *, #643, .T. ) ;
#5100 = ORIENTED_EDGE ( 'NONE', *, *, #3416, .F. ) ;
#5101 = TOROIDAL_SURFACE ( 'NONE', #3067, 1.034999999999999900, 0.05000000000000000300 ) ;
#5102 = ORIENTED_EDGE ( 'NONE', *, *, #2337, .F. ) ;
#5103 = LINE ( 'NONE', #6272, #2178 ) ;
#5104 = B_SPLINE_CURVE_WITH_KNOTS ( 'NONE', 3,
 ( #4975, #6593, #3856, #7143 ),
 .UNSPECIFIED., .F., .F.,
 ( 4, 4 ),
 ( 0.0000000000000000000, 1.000000000000000000 ),
 .UNSPECIFIED. ) ;
#5105 = ORIENTED_EDGE ( 'NONE', *, *, #255, .T. ) ;
#5106 = ORIENTED_EDGE ( 'NONE', *, *, #1099, .T. ) ;
#5107 = EDGE_CURVE ( 'NONE', #3596, #3402, #4546, .T. ) ;
#5108 = VECTOR ( 'NONE', #2528, 1000.000000000000000 ) ;
#5109 = EDGE_LOOP ( 'NONE', ( #4731, #3458, #3223, #1077 ) ) ;
#5110 = CARTESIAN_POINT ( 'NONE',  ( -3.204349185472574700, -8.195056911214143400, 10.96095955101660200 ) ) ;
#5111 = CARTESIAN_POINT ( 'NONE',  ( 14.15545311535570100, 4.018399013375997700, 1.399999999999999900 ) ) ;
#5112 = EDGE_CURVE ( 'NONE', #1449, #314, #3366, .T. ) ;
#5113 = CARTESIAN_POINT ( 'NONE',  ( 14.15545311535570100, 0.2383990133759980000, 0.0000000000000000000 ) ) ;
#5114 = ORIENTED_EDGE ( 'NONE', *, *, #2031, .F. ) ;
#5115 = EDGE_LOOP ( 'NONE', ( #6918, #6285, #1183, #1820 ) ) ;
#5116 = CIRCLE ( 'NONE', #2603, 0.1000000000000000500 ) ;
#5117 = EDGE_LOOP ( 'NONE', ( #2, #669, #2085, #4132 ) ) ;
#5118 = AXIS2_PLACEMENT_3D ( 'NONE', #4713, #1384, #6879 ) ;
#5119 = CARTESIAN_POINT ( 'NONE',  ( -1.395793572625900100, 8.317081333452069500, 7.001760241560639900 ) ) ;
#5120 = EDGE_CURVE ( 'NONE', #3884, #6821, #2281, .T. ) ;
#5121 = CARTESIAN_POINT ( 'NONE',  ( 1.069347079257563200, 9.481782023034586600, 1.500000000000000200 ) ) ;
#5122 = DIRECTION ( 'NONE',  ( -0.0000000000000000000, 1.000000000000000000, 0.0000000000000000000 ) ) ;
#5123 = AXIS2_PLACEMENT_3D ( 'NONE', #4101, #2940, #2463 ) ;
#5124 = CARTESIAN_POINT ( 'NONE',  ( 0.05647524154837235000, 14.91737528024190100, 1.399999999999999900 ) ) ;
#5125 = EDGE_LOOP ( 'NONE', ( #4230, #3482, #750, #2271 ) ) ;
#5126 = ADVANCED_FACE ( 'NONE', ( #4380 ), #4980, .T. ) ;
#5127 = DIRECTION ( 'NONE',  ( -1.000000000000000000, 0.0000000000000000000, 0.0000000000000000000 ) ) ;
#5128 = CARTESIAN_POINT ( 'NONE',  ( -1.847456748005219100, -9.868473426794917500, 1.583730864882143500 ) ) ;
#5129 = AXIS2_PLACEMENT_3D ( 'NONE', #5575, #1742, #97 ) ;
#5130 = CARTESIAN_POINT ( 'NONE',  ( 2.496219100977793200, 11.21530727966802700, 1.444956188209576500 ) ) ;
#5131 = AXIS2_PLACEMENT_3D ( 'NONE', #1389, #1909, #6405 ) ;
#5132 = VERTEX_POINT ( 'NONE', #4641 ) ;
#5133 = AXIS2_PLACEMENT_3D ( 'NONE', #4724, #4198, #1370 ) ;
#5134 = CARTESIAN_POINT ( 'NONE',  ( -0.2692767643066225100, -8.799153613150220800, 10.96095955101660200 ) ) ;
#5135 = CARTESIAN_POINT ( 'NONE',  ( 13.97579960646100300, 0.0000000000000000000, 0.04999999999999991300 ) ) ;
#5136 = DIRECTION ( 'NONE',  ( 1.000000000000000000, -7.697639948275110100E-016, 0.0000000000000000000 ) ) ;
#5137 = ADVANCED_FACE ( 'NONE', ( #3880 ), #6466, .T. ) ;
#5138 = CARTESIAN_POINT ( 'NONE',  ( -17.83545311535569800, 0.2383990133759980000, 1.500000000000000000 ) ) ;
#5139 = DIRECTION ( 'NONE',  ( -0.8071315206901951100, -0.5864153754750660600, -0.06823280526821749700 ) ) ;
#5140 = CARTESIAN_POINT ( 'NONE',  ( -0.9849999999999999900, 12.46737528024190000, 0.04999999999999991300 ) ) ;
#5141 = CARTESIAN_POINT ( 'NONE',  ( -2.406475241548370100, -12.46737528024190000, 1.500000000000000000 ) ) ;
#5142 = CARTESIAN_POINT ( 'NONE',  ( -3.524611352227020200, -7.195858480146380700, 9.818678063566089500 ) ) ;
#5143 = CARTESIAN_POINT ( 'NONE',  ( 4.301719770855270600, -9.075441337996911900, 1.500000407994915200 ) ) ;
#5144 = CARTESIAN_POINT ( 'NONE',  ( -1.243331648597001600, 0.3177385291146244100, 9.528024968268802300 ) ) ;
#5145 = CARTESIAN_POINT ( 'NONE',  ( -8.828588361935578300, -17.65717672387115700, 11.40000000000000200 ) ) ;
#5146 = CARTESIAN_POINT ( 'NONE',  ( -1.059365186118819100, 8.424850259276933400, 1.300721701513796200 ) ) ;
#5147 = CARTESIAN_POINT ( 'NONE',  ( -1.825546255950889500, 6.792918986308783300, 11.40000000005519200 ) ) ;
#5148 = ORIENTED_EDGE ( 'NONE', *, *, #5259, .F. ) ;
#5149 = CARTESIAN_POINT ( 'NONE',  ( -3.524380585243265700, -9.443988965797398500, 1.500003561359264400 ) ) ;
#5150 = CARTESIAN_POINT ( 'NONE',  ( -9.583550025020278100, -1.775310834413048600, 10.00000000000002500 ) ) ;
#5151 = DIRECTION ( 'NONE',  ( 1.000000000000000000, 0.0000000000000000000, 0.0000000000000000000 ) ) ;
#5152 = CARTESIAN_POINT ( 'NONE',  ( 2.505086847574671700, 11.22241564728741300, 1.418983723982650200 ) ) ;
#5153 = FACE_OUTER_BOUND ( 'NONE', #2538, .T. ) ;
#5154 = EDGE_CURVE ( 'NONE', #1606, #2109, #931, .T. ) ;
#5155 = LINE ( 'NONE', #534, #6293 ) ;
#5156 = VECTOR ( 'NONE', #5245, 1000.000000000000300 ) ;
#5157 = CARTESIAN_POINT ( 'NONE',  ( -0.9849999999999999900, -12.46737528024190000, 1.450000000000000200 ) ) ;
#5158 = CARTESIAN_POINT ( 'NONE',  ( -1.034999999999999900, 12.46737528024190000, 0.04999999999999991300 ) ) ;
#5159 = EDGE_CURVE ( 'NONE', #1885, #4049, #578, .T. ) ;
#5160 = ADVANCED_FACE ( 'NONE', ( #1862 ), #2722, .T. ) ;
#5161 = CARTESIAN_POINT ( 'NONE',  ( 1.034999999999999900, 12.46737528024190000, 1.500000000000000000 ) ) ;
#5162 =( BOUNDED_CURVE ( )  B_SPLINE_CURVE ( 3, ( #6124, #1095, #4950, #4986 ),
 .UNSPECIFIED., .F., .F. ) 
 B_SPLINE_CURVE_WITH_KNOTS ( ( 4, 4 ),
 ( 4.900864036833334000, 4.901444126251045800 ),
 .UNSPECIFIED. ) 
 CURVE ( )  GEOMETRIC_REPRESENTATION_ITEM ( )  RATIONAL_B_SPLINE_CURVE ( ( 1.000000000000000000, 0.9999999719580224800, 0.9999999719580224800, 1.000000000000000000 ) ) 
 REPRESENTATION_ITEM ( '' )  );
#5163 = EDGE_CURVE ( 'NONE', #677, #5919, #5360, .T. ) ;
#5164 = CARTESIAN_POINT ( 'NONE',  ( 8.814498047376723400, 4.813827769750987300, 1.499999327185928000 ) ) ;
#5165 = CARTESIAN_POINT ( 'NONE',  ( 17.93545311535570300, -0.2383990133759972300, 0.1000000000000000500 ) ) ;
#5166 = CARTESIAN_POINT ( 'NONE',  ( 2.506475241548370200, 12.46737528024190000, 0.1000000000000000500 ) ) ;
#5167 = EDGE_CURVE ( 'NONE', #4049, #1885, #925, .T. ) ;
#5168 = FACE_BOUND ( 'NONE', #4232, .T. ) ;
#5169 = ORIENTED_EDGE ( 'NONE', *, *, #6389, .F. ) ;
#5170 = CARTESIAN_POINT ( 'NONE',  ( -1.273126481634831600, 0.1622339415462478500, 9.528024968268804100 ) ) ;
#5171 = DIRECTION ( 'NONE',  ( -1.000000000000000000, 0.0000000000000000000, 0.0000000000000000000 ) ) ;
#5172 = CARTESIAN_POINT ( 'NONE',  ( -5.430390111076357900, -8.535386476485145500, 1.583721891830310200 ) ) ;
#5173 = DIRECTION ( 'NONE',  ( 0.0000000000000000000, -0.9978912729106387300, 0.06490768405038994900 ) ) ;
#5174 = ADVANCED_FACE ( 'NONE', ( #568 ), #6705, .T. ) ;
#5175 = ORIENTED_EDGE ( 'NONE', *, *, #5112, .F. ) ;
#5176 = DIRECTION ( 'NONE',  ( -1.000000000000000000, 0.0000000000000000000, 0.0000000000000000000 ) ) ;
#5177 = EDGE_CURVE ( 'NONE', #2969, #7047, #133, .T. ) ;
#5178 = CARTESIAN_POINT ( 'NONE',  ( -4.576446438632644700, 8.552704471451896500, 1.583720050540679700 ) ) ;
#5179 = ORIENTED_EDGE ( 'NONE', *, *, #5457, .T. ) ;
#5180 = CARTESIAN_POINT ( 'NONE',  ( -6.823071565892180800, -6.676284559334898300, 1.482183610650190700 ) ) ;
#5181 = PLANE ( 'NONE',  #4278 ) ;
#5182 = ORIENTED_EDGE ( 'NONE', *, *, #5631, .T. ) ;
#5183 = ORIENTED_EDGE ( 'NONE', *, *, #2817, .F. ) ;
#5184 = ORIENTED_EDGE ( 'NONE', *, *, #4597, .T. ) ;
#5185 = CARTESIAN_POINT ( 'NONE',  ( -9.960674425819370000, -1.286595569923270100, 1.500000000000099900 ) ) ;
#5186 = ORIENTED_EDGE ( 'NONE', *, *, #5154, .F. ) ;
#5187 = CARTESIAN_POINT ( 'NONE',  ( -3.106041428246743200, -8.232826497698125600, 10.96095955101660400 ) ) ;
#5188 = CARTESIAN_POINT ( 'NONE',  ( 14.15545311535570500, 3.918399013375997600, 0.0000000000000000000 ) ) ;
#5189 = CIRCLE ( 'NONE', #1753, 9.539474233726782200 ) ;
#5190 = CARTESIAN_POINT ( 'NONE',  ( 14.15545311535570100, -4.018399013376000400, 0.1000000000000000500 ) ) ;
#5191 = ORIENTED_EDGE ( 'NONE', *, *, #954, .F. ) ;
#5192 = ORIENTED_EDGE ( 'NONE', *, *, #1502, .F. ) ;
#5193 = VECTOR ( 'NONE', #1349, 1000.000000000000200 ) ;
#5194 = CARTESIAN_POINT ( 'NONE',  ( -10.70542615555186600, 3.918399013376000300, 0.0000000000000000000 ) ) ;
#5195 = CARTESIAN_POINT ( 'NONE',  ( 1.072882848195534600, 9.482935660054460300, 1.446550831950642400 ) ) ;
#5196 = CARTESIAN_POINT ( 'NONE',  ( -8.814498047376721600, -4.813827769750981000, 1.499999327185927300 ) ) ;
#5197 = FACE_OUTER_BOUND ( 'NONE', #2333, .T. ) ;
#5198 = EDGE_LOOP ( 'NONE', ( #5825, #4719, #4483, #5169 ) ) ;
#5199 = ORIENTED_EDGE ( 'NONE', *, *, #4934, .T. ) ;
#5200 = CARTESIAN_POINT ( 'NONE',  ( -8.828588361935580100, 0.0000000000000000000, 11.40000000000000000 ) ) ;
#5201 = CARTESIAN_POINT ( 'NONE',  ( 17.93545311535569900, 0.2383990133759980000, 0.1000000000000000500 ) ) ;
#5202 = VECTOR ( 'NONE', #5614, 1000.000000000000100 ) ;
#5203 = EDGE_LOOP ( 'NONE', ( #4794, #4523, #5186, #2523 ) ) ;
#5204 = CARTESIAN_POINT ( 'NONE',  ( -6.628963621329631000, 6.634333529030608500, 7.217198224271419900 ) ) ;
#5205 = ADVANCED_FACE ( 'NONE', ( #6303, #1771, #3119, #5597, #3807, #6975 ), #2487, .T. ) ;
#5206 = CARTESIAN_POINT ( 'NONE',  ( 4.711548903495390100, -8.294749881360960600, 1.583721891830319300 ) ) ;
#5207 = CARTESIAN_POINT ( 'NONE',  ( -2.506475241548374600, -11.22352804885812300, 1.399999999999999900 ) ) ;
#5208 = CARTESIAN_POINT ( 'NONE',  ( -2.496219100977793200, -11.21530727966802700, 1.444956188209576500 ) ) ;
#5209 = VECTOR ( 'NONE', #6367, 1000.000000000000000 ) ;
#5210 = CARTESIAN_POINT ( 'NONE',  ( -0.05647524154837239900, 14.81737528024190100, 1.399999999999999900 ) ) ;
#5211 = VERTEX_POINT ( 'NONE', #6922 ) ;
#5212 = LINE ( 'NONE', #4466, #1564 ) ;
#5213 = DIRECTION ( 'NONE',  ( 0.9841275813616781100, -0.1665943171103158000, -0.06114930179291462600 ) ) ;
#5214 = CARTESIAN_POINT ( 'NONE',  ( -7.582979013495377200, -3.756565976181444300, 4.165935625339312100 ) ) ;
#5215 = EDGE_CURVE ( 'NONE', #6002, #2707, #5059, .T. ) ;
#5216 = VERTEX_POINT ( 'NONE', #1395 ) ;
#5217 = EDGE_CURVE ( 'NONE', #192, #5919, #2517, .T. ) ;
#5218 = DIRECTION ( 'NONE',  ( 0.0000000000000000000, 0.0000000000000000000, -1.000000000000000000 ) ) ;
#5219 = CARTESIAN_POINT ( 'NONE',  ( -1.069347079257561700, -9.481782023034586600, 1.500000000000000400 ) ) ;
#5220 = CARTESIAN_POINT ( 'NONE',  ( -0.05647524154837205200, -14.81737528024190100, 1.500000000000000000 ) ) ;
#5221 = ADVANCED_FACE ( 'NONE', ( #1326 ), #7131, .T. ) ;
#5222 = EDGE_CURVE ( 'NONE', #4667, #5216, #3050, .T. ) ;
#5223 = DIRECTION ( 'NONE',  ( 0.0000000000000000000, 0.0000000000000000000, -1.000000000000000000 ) ) ;
#5224 = AXIS2_PLACEMENT_3D ( 'NONE', #4689, #1926, #5775 ) ;
#5225 = VERTEX_POINT ( 'NONE', #5331 ) ;
#5226 = CARTESIAN_POINT ( 'NONE',  ( 8.814399537076960600, -4.806743149136327300, 1.583721891836907600 ) ) ;
#5227 = CARTESIAN_POINT ( 'NONE',  ( -6.432827244698067700, -7.044167963942691700, 1.583721891830319300 ) ) ;
#5228 = AXIS2_PLACEMENT_3D ( 'NONE', #2234, #6120, #5053 ) ;
#5229 = CARTESIAN_POINT ( 'NONE',  ( -5.754503291475941800, 5.575747153425689700, 9.818678063566102000 ) ) ;
#5230 = CARTESIAN_POINT ( 'NONE',  ( -4.709271166303849100, 8.297896296400590900, 1.527909983233807900 ) ) ;
#5231 = CARTESIAN_POINT ( 'NONE',  ( -6.792918986308784200, 1.825546255950890800, 11.40000000005519200 ) ) ;
#5232 = CARTESIAN_POINT ( 'NONE',  ( -3.272115302484796700, 8.168228828859255900, 10.96095955101659800 ) ) ;
#5233 = CARTESIAN_POINT ( 'NONE',  ( 10.75111052558934000, -3.983908278252106700, 1.475554855670514700 ) ) ;
#5234 = CARTESIAN_POINT ( 'NONE',  ( 7.932832904285968200, -1.128462034461067000, 9.818678063566094800 ) ) ;
#5235 = DIRECTION ( 'NONE',  ( 0.0000000000000000000, 0.0000000000000000000, 1.000000000000000000 ) ) ;
#5236 = AXIS2_PLACEMENT_3D ( 'NONE', #4429, #51, #5034 ) ;
#5237 = DIRECTION ( 'NONE',  ( -1.000000000000000000, 0.0000000000000000000, 0.0000000000000000000 ) ) ;
#5238 = CARTESIAN_POINT ( 'NONE',  ( 17.83545311535570100, 0.2383990133759984800, 1.500000000000000000 ) ) ;
#5239 = ORIENTED_EDGE ( 'NONE', *, *, #701, .F. ) ;
#5240 = CARTESIAN_POINT ( 'NONE',  ( -2.480929350730544800, 11.20304034527303500, 0.03267536718713950900 ) ) ;
#5241 = CARTESIAN_POINT ( 'NONE',  ( -9.348156999473090400, -1.913022274167459400, 1.500000000000000400 ) ) ;
#5242 = DIRECTION ( 'NONE',  ( 0.7145705379848786800, 0.6995633968726502300, 0.0000000000000000000 ) ) ;
#5243 = VERTEX_POINT ( 'NONE', #7064 ) ;
#5244 = CARTESIAN_POINT ( 'NONE',  ( -2.499976862686799100, 11.21831981095981400, 1.436626606967676300 ) ) ;
#5245 = DIRECTION ( 'NONE',  ( 0.4625527581505603500, 0.8844804739561136200, -0.06114930185764846200 ) ) ;
#5246 = CARTESIAN_POINT ( 'NONE',  ( 0.0000000000000000000, 0.0000000000000000000, 0.1000000000000000100 ) ) ;
#5247 = EDGE_LOOP ( 'NONE', ( #4937, #1446, #1365, #5525 ) ) ;
#5248 = DIRECTION ( 'NONE',  ( 0.0000000000000000000, 0.0000000000000000000, 1.000000000000000000 ) ) ;
#5249 = FILL_AREA_STYLE ('',( #3068 ) ) ;
#5250 = CARTESIAN_POINT ( 'NONE',  ( 12.01579960646100200, 0.0000000000000000000, 1.500000000000000000 ) ) ;
#5251 = CARTESIAN_POINT ( 'NONE',  ( 7.685146892136347500, 3.610938068575289000, 1.300721701513770900 ) ) ;
#5252 = CARTESIAN_POINT ( 'NONE',  ( -2.506475241548380000, 11.22352804885810000, 1.500000000000000000 ) ) ;
#5253 = ADVANCED_FACE ( 'NONE', ( #646 ), #3013, .T. ) ;
#5254 = CARTESIAN_POINT ( 'NONE',  ( 10.77405805346785400, -4.016918977437661000, 1.419624476378591500 ) ) ;
#5255 = CARTESIAN_POINT ( 'NONE',  ( 17.93545311535570300, -0.2383990133759972300, 1.500000000000000000 ) ) ;
#5256 = CARTESIAN_POINT ( 'NONE',  ( -14.15545311535570100, 0.2383990133759980000, 0.1000000000000000500 ) ) ;
#5257 = CARTESIAN_POINT ( 'NONE',  ( -2.406475241548370600, -11.14310894283165300, 1.500000000000000000 ) ) ;
#5258 = CARTESIAN_POINT ( 'NONE',  ( 2.406475241548370100, -11.22352804885811200, 1.500000000000000000 ) ) ;
#5259 = EDGE_CURVE ( 'NONE', #378, #3137, #329, .T. ) ;
#5260 = VECTOR ( 'NONE', #3, 1000.000000000000200 ) ;
#5261 = LINE ( 'NONE', #3272, #4216 ) ;
#5262 = CARTESIAN_POINT ( 'NONE',  ( -6.441910186581992500, -7.041231389941385600, 1.446550831950642600 ) ) ;
#5263 = DIRECTION ( 'NONE',  ( -0.4445098872403296900, 0.8957739447793674500, 0.0000000000000000000 ) ) ;
#5264 = DIRECTION ( 'NONE',  ( -1.000000000000000000, 0.0000000000000000000, 0.0000000000000000000 ) ) ;
#5265 = CARTESIAN_POINT ( 'NONE',  ( 14.15545311535570100, 0.2383990133759980000, 0.0000000000000000000 ) ) ;
#5266 = EDGE_CURVE ( 'NONE', #5687, #6803, #6372, .T. ) ;
#5267 = FILL_AREA_STYLE_COLOUR ( '', #2518 ) ;
#5268 = ORIENTED_EDGE ( 'NONE', *, *, #1500, .F. ) ;
#5269 = EDGE_CURVE ( 'NONE', #1357, #5421, #502, .T. ) ;
#5270 = CARTESIAN_POINT ( 'NONE',  ( -10.77508558524240800, 4.018399013376003900, 0.1000000000000000500 ) ) ;
#5271 = CARTESIAN_POINT ( 'NONE',  ( 1.034999999999999900, -12.46737528024190000, -4.404571325722361800E-017 ) ) ;
#5272 = CARTESIAN_POINT ( 'NONE',  ( -2.973428389796460600, 8.286455980801852300, 10.96095955101659800 ) ) ;
#5273 = ADVANCED_FACE ( 'NONE', ( #4309 ), #5031, .T. ) ;
#5274 = ORIENTED_EDGE ( 'NONE', *, *, #2450, .F. ) ;
#5275 = ORIENTED_EDGE ( 'NONE', *, *, #3055, .F. ) ;
#5276 = CARTESIAN_POINT ( 'NONE',  ( 6.814173797502379900, 6.561773214922106400, 4.402724244647529900 ) ) ;
#5277 = AXIS2_PLACEMENT_3D ( 'NONE', #6043, #7121, #2071 ) ;
#5278 = CARTESIAN_POINT ( 'NONE',  ( 8.799169842991784000, 0.5380226390167972500, 10.96095955101659800 ) ) ;
#5279 = CARTESIAN_POINT ( 'NONE',  ( 9.371403069053620500, 1.300482435483810000, 4.355618949381399900 ) ) ;
#5280 = DIRECTION ( 'NONE',  ( -1.000000000000000000, 0.0000000000000000000, -0.0000000000000000000 ) ) ;
#5281 = ADVANCED_FACE ( 'NONE', ( #2833 ), #3631, .F. ) ;
#5282 = CIRCLE ( 'NONE', #2781, 0.04999999999999991300 ) ;
#5283 = CARTESIAN_POINT ( 'NONE',  ( 1.072882848195534600, 9.482935660054460300, 1.446550831950642400 ) ) ;
#5284 = CARTESIAN_POINT ( 'NONE',  ( -5.403993294443076900, 5.980380534532598900, 1.314579482943366800 ) ) ;
#5285 = PLANE ( 'NONE',  #1048 ) ;
#5286 = VERTEX_POINT ( 'NONE', #838 ) ;
#5287 = ORIENTED_EDGE ( 'NONE', *, *, #2337, .T. ) ;
#5288 = AXIS2_PLACEMENT_3D ( 'NONE', #4753, #4223, #4680 ) ;
#5289 = ORIENTED_EDGE ( 'NONE', *, *, #7145, .T. ) ;
#5290 = CARTESIAN_POINT ( 'NONE',  ( 1.149079610566419600, -0.5486660004249527300, 9.528024968268802300 ) ) ;
#5291 = VECTOR ( 'NONE', #59, 1000.000000000000100 ) ;
#5292 = B_SPLINE_CURVE_WITH_KNOTS ( 'NONE', 3,
 ( #313, #6422, #4728, #6393 ),
 .UNSPECIFIED., .F., .F.,
 ( 4, 4 ),
 ( 0.0000000000000000000, 1.000000000000000000 ),
 .UNSPECIFIED. ) ;
#5293 = B_SPLINE_CURVE_WITH_KNOTS ( 'NONE', 3,
 ( #2664, #7103, #3200, #3817 ),
 .UNSPECIFIED., .F., .F.,
 ( 4, 4 ),
 ( 0.0000000000000000000, 1.000000000000000000 ),
 .UNSPECIFIED. ) ;
#5294 = FACE_OUTER_BOUND ( 'NONE', #2973, .T. ) ;
#5295 = CARTESIAN_POINT ( 'NONE',  ( -2.506475241548380000, 11.22352804885810000, 0.1000000000000000500 ) ) ;
#5296 = CARTESIAN_POINT ( 'NONE',  ( 10.77508558524241000, 4.018399013376003000, 0.1000000000000000500 ) ) ;
#5297 = LINE ( 'NONE', #5326, #4928 ) ;
#5298 = ORIENTED_EDGE ( 'NONE', *, *, #1808, .F. ) ;
#5299 = EDGE_LOOP ( 'NONE', ( #4052, #1391 ) ) ;
#5300 = TOROIDAL_SURFACE ( 'NONE', #3620, 2.010000000000000200, 0.05000000000000000300 ) ;
#5301 = VERTEX_POINT ( 'NONE', #3584 ) ;
#5302 = CARTESIAN_POINT ( 'NONE',  ( -10.70542615555186900, -3.918399013375990100, 1.500000000000000000 ) ) ;
#5303 = CYLINDRICAL_SURFACE ( 'NONE', #5738, 0.09999999999999982500 ) ;
#5304 = ADVANCED_FACE ( 'NONE', ( #3443 ), #3009, .T. ) ;
#5305 = LINE ( 'NONE', #4742, #1720 ) ;
#5306 = ORIENTED_EDGE ( 'NONE', *, *, #5060, .F. ) ;
#5307 = CARTESIAN_POINT ( 'NONE',  ( -10.73914575995844500, 3.966721526847544900, 0.01185746494543276500 ) ) ;
#5308 = CARTESIAN_POINT ( 'NONE',  ( 15.93579960646100000, 2.400307726328814400E-016, 1.450000000000000200 ) ) ;
#5309 = LINE ( 'NONE', #2066, #2442 ) ;
#5310 = VERTEX_POINT ( 'NONE', #793 ) ;
#5311 = DIRECTION ( 'NONE',  ( -1.000000000000000000, 0.0000000000000000000, 0.0000000000000000000 ) ) ;
#5312 = DIRECTION ( 'NONE',  ( -1.000000000000000000, 0.0000000000000000000, 0.0000000000000000000 ) ) ;
#5313 = ORIENTED_EDGE ( 'NONE', *, *, #1576, .F. ) ;
#5314 = ORIENTED_EDGE ( 'NONE', *, *, #1581, .T. ) ;
#5315 = CARTESIAN_POINT ( 'NONE',  ( -4.702703426306005200, 7.321367446878150000, 1.407289741471665000 ) ) ;
#5316 = CONICAL_SURFACE ( 'NONE', #499, 7.233333532440156000, 1.242102248517381200 ) ;
#5317 = DIRECTION ( 'NONE',  ( -1.000000000000000000, 0.0000000000000000000, 0.0000000000000000000 ) ) ;
#5318 = ORIENTED_EDGE ( 'NONE', *, *, #2097, .F. ) ;
#5319 = EDGE_CURVE ( 'NONE', #4412, #3780, #3280, .T. ) ;
#5320 = DIRECTION ( 'NONE',  ( -0.0000000000000000000, -0.0000000000000000000, 1.000000000000000000 ) ) ;
#5321 = CARTESIAN_POINT ( 'NONE',  ( -6.792918986308784200, -1.825546255950888800, 11.40000000005519400 ) ) ;
#5322 = CARTESIAN_POINT ( 'NONE',  ( 1.334957571948979000, 9.452767293600453900, 1.464367221300407100 ) ) ;
#5323 = CARTESIAN_POINT ( 'NONE',  ( -10.70542615555186900, -3.918399013375990100, 1.500000000000000000 ) ) ;
#5324 = EDGE_LOOP ( 'NONE', ( #2424, #2246, #3906, #3848 ) ) ;
#5325 = EDGE_CURVE ( 'NONE', #6318, #4071, #2747, .T. ) ;
#5326 = CARTESIAN_POINT ( 'NONE',  ( -9.350346786168302100, -1.910016051523364400, 1.446550831950623700 ) ) ;
#5327 = CARTESIAN_POINT ( 'NONE',  ( 10.70542615555186600, 3.918399013376000300, 0.0000000000000000000 ) ) ;
#5328 = B_SPLINE_CURVE_WITH_KNOTS ( 'NONE', 3,
 ( #2015, #4202, #1420, #5336 ),
 .UNSPECIFIED., .F., .F.,
 ( 4, 4 ),
 ( 0.0000000000000000000, 1.000000000000000000 ),
 .UNSPECIFIED. ) ;
#5329 = EDGE_CURVE ( 'NONE', #4867, #1586, #5843, .T. ) ;
#5330 = CARTESIAN_POINT ( 'NONE',  ( -2.506475241548372400, 12.46737528024190000, 1.500000000000000000 ) ) ;
#5331 = CARTESIAN_POINT ( 'NONE',  ( -0.05647524154837319000, 14.81737528024190100, 1.500000000000000000 ) ) ;
#5332 = EDGE_CURVE ( 'NONE', #3659, #1780, #5676, .T. ) ;
#5333 = CARTESIAN_POINT ( 'NONE',  ( -8.814574976180669100, 4.813698833088731800, 1.500000407994915000 ) ) ;
#5334 = ORIENTED_EDGE ( 'NONE', *, *, #4144, .T. ) ;
#5335 = AXIS2_PLACEMENT_3D ( 'NONE', #2115, #3236, #6487 ) ;
#5336 = CARTESIAN_POINT ( 'NONE',  ( -1.273058886662290500, -9.208895215474559100, 10.00000000091395500 ) ) ;
#5337 = DIRECTION ( 'NONE',  ( 1.000000000000000000, 0.0000000000000000000, -0.0000000000000000000 ) ) ;
#5338 = CARTESIAN_POINT ( 'NONE',  ( -8.346267194361635300, -4.452299523251268100, 4.411772188214651900 ) ) ;
#5339 = DIRECTION ( 'NONE',  ( -1.000000000000000000, -2.664535259100375700E-015, 0.0000000000000000000 ) ) ;
#5340 = EDGE_CURVE ( 'NONE', #5783, #3052, #2497, .T. ) ;
#5341 = CARTESIAN_POINT ( 'NONE',  ( -1.845687814386180100, 8.603967794137448200, 10.96095955101660200 ) ) ;
#5342 = DIRECTION ( 'NONE',  ( -0.6982542552282603500, 0.7132333124146330600, -0.06114930185764845500 ) ) ;
#5343 = DIRECTION ( 'NONE',  ( -0.02108509640175210800, 0.06489325407542562200, 0.9976694263558602000 ) ) ;
#5344 = DIRECTION ( 'NONE',  ( -1.000000000000000000, 0.0000000000000000000, 0.0000000000000000000 ) ) ;
#5345 = CARTESIAN_POINT ( 'NONE',  ( -1.602606525749113100, 1.962626952051311900E-016, 9.040507860756537900 ) ) ;
#5346 = CARTESIAN_POINT ( 'NONE',  ( 0.0000000000000000000, -12.46737528024190000, 1.500000000000000000 ) ) ;
#5347 = AXIS2_PLACEMENT_3D ( 'NONE', #4795, #471, #913 ) ;
#5348 = B_SPLINE_CURVE_WITH_KNOTS ( 'NONE', 3,
 ( #2924, #6731, #5071, #1794 ),
 .UNSPECIFIED., .F., .F.,
 ( 4, 4 ),
 ( 0.0000000000000000000, 1.000000000000000000 ),
 .UNSPECIFIED. ) ;
#5349 = CARTESIAN_POINT ( 'NONE',  ( 14.15545311535570100, 3.918399013376000300, 0.0000000000000000000 ) ) ;
#5350 = ORIENTED_EDGE ( 'NONE', *, *, #5934, .T. ) ;
#5351 = CARTESIAN_POINT ( 'NONE',  ( -2.431675449003777100, -11.16343300303895200, 0.002475065058876537100 ) ) ;
#5352 = CARTESIAN_POINT ( 'NONE',  ( -9.341318720806420100, 18.68263744161283700, 11.40000000000000400 ) ) ;
#5353 = CARTESIAN_POINT ( 'NONE',  ( 10.77405805346785600, 4.016918977437660100, 0.08037552362140848400 ) ) ;
#5354 = CARTESIAN_POINT ( 'NONE',  ( -0.3177385291148820400, -1.243331648596969400, 9.528024968268800500 ) ) ;
#5355 = LINE ( 'NONE', #3472, #2589 ) ;
#5356 = DIRECTION ( 'NONE',  ( -1.000000000000000000, 0.0000000000000000000, 0.0000000000000000000 ) ) ;
#5357 = CARTESIAN_POINT ( 'NONE',  ( -13.97579960646100300, 0.0000000000000000000, 0.04999999999999991300 ) ) ;
#5358 = CARTESIAN_POINT ( 'NONE',  ( -8.687268720036661000, 3.950760499518705300, 1.446550831950642400 ) ) ;
#5359 = B_SPLINE_CURVE_WITH_KNOTS ( 'NONE', 3,
 ( #3744, #6949, #333, #3128 ),
 .UNSPECIFIED., .F., .F.,
 ( 4, 4 ),
 ( 0.0000000000000000000, 1.000000000000000000 ),
 .UNSPECIFIED. ) ;
#5360 = LINE ( 'NONE', #2009, #4737 ) ;
#5361 = DIRECTION ( 'NONE',  ( 0.0000000000000000000, -1.000000000000000000, 0.0000000000000000000 ) ) ;
#5362 = DIRECTION ( 'NONE',  ( -0.8848715954414077000, 0.4648502780208622600, 0.03027339764388426200 ) ) ;
#5363 = VECTOR ( 'NONE', #6953, 1000.000000000000100 ) ;
#5364 = CARTESIAN_POINT ( 'NONE',  ( 0.05647524154837239900, -14.81737528024190100, 1.399999999999999900 ) ) ;
#5365 = LINE ( 'NONE', #5188, #6981 ) ;
#5366 = B_SPLINE_CURVE_WITH_KNOTS ( 'NONE', 3,
 ( #2095, #6085, #6630, #5529 ),
 .UNSPECIFIED., .F., .F.,
 ( 4, 4 ),
 ( 0.0000000000000000000, 1.000000000000000000 ),
 .UNSPECIFIED. ) ;
#5367 = DIRECTION ( 'NONE',  ( 0.0000000000000000000, 0.0000000000000000000, -1.000000000000000000 ) ) ;
#5368 = CARTESIAN_POINT ( 'NONE',  ( -9.402640508102168200, -1.651445639814578000, 1.464367221300407500 ) ) ;
#5369 = EDGE_LOOP ( 'NONE', ( #4421, #6056, #6568, #1979 ) ) ;
#5370 = PLANE ( 'NONE',  #2695 ) ;
#5371 = EDGE_CURVE ( 'NONE', #7139, #1135, #6149, .T. ) ;
#5372 = DIRECTION ( 'NONE',  ( -1.000000000000000000, 0.0000000000000000000, 0.0000000000000000000 ) ) ;
#5373 = CARTESIAN_POINT ( 'NONE',  ( -2.088618229733957500, 8.549844470528478600, 10.96095955101660000 ) ) ;
#5374 = EDGE_CURVE ( 'NONE', #2933, #586, #53, .T. ) ;
#5375 = ORIENTED_EDGE ( 'NONE', *, *, #1981, .F. ) ;
#5376 = ORIENTED_EDGE ( 'NONE', *, *, #1718, .F. ) ;
#5377 = CARTESIAN_POINT ( 'NONE',  ( 0.3930498923786076600, -1.211113586543857600, 9.528024968268800500 ) ) ;
#5378 = AXIS2_PLACEMENT_3D ( 'NONE', #2503, #4129, #4659 ) ;
#5379 = ORIENTED_EDGE ( 'NONE', *, *, #3205, .F. ) ;
#5380 = DIRECTION ( 'NONE',  ( -1.000000000000000000, 0.0000000000000000000, 0.0000000000000000000 ) ) ;
#5381 = EDGE_CURVE ( 'NONE', #7047, #677, #1961, .T. ) ;
#5382 = CARTESIAN_POINT ( 'NONE',  ( 9.757327758135130400E-019, 10.03932038723690700, 1.583621268475914300 ) ) ;
#5383 = ORIENTED_EDGE ( 'NONE', *, *, #1298, .F. ) ;
#5384 = ORIENTED_EDGE ( 'NONE', *, *, #5934, .F. ) ;
#5385 = ORIENTED_EDGE ( 'NONE', *, *, #3376, .F. ) ;
#5386 = CARTESIAN_POINT ( 'NONE',  ( -0.05647524154837239900, 14.91737528024190100, 1.500000000000000000 ) ) ;
#5387 = DIRECTION ( 'NONE',  ( -0.0000000000000000000, -0.0000000000000000000, 1.000000000000000000 ) ) ;
#5388 = PLANE ( 'NONE',  #5347 ) ;
#5389 = CARTESIAN_POINT ( 'NONE',  ( -10.73914575995844900, -3.966721526847535500, 0.01185746494543288100 ) ) ;
#5390 = LINE ( 'NONE', #1739, #5997 ) ;
#5391 = AXIS2_PLACEMENT_3D ( 'NONE', #130, #1792, #5678 ) ;
#5392 = ORIENTED_EDGE ( 'NONE', *, *, #4245, .T. ) ;
#5393 = VERTEX_POINT ( 'NONE', #216 ) ;
#5394 = CARTESIAN_POINT ( 'NONE',  ( 7.978277129592278500, 3.716515379776797800, 10.96095955101660000 ) ) ;
#5395 = PLANE ( 'NONE',  #3399 ) ;
#5396 = FACE_OUTER_BOUND ( 'NONE', #4756, .T. ) ;
#5397 = CARTESIAN_POINT ( 'NONE',  ( 9.583550025020290500, 1.775310834413049900, 10.00000000000000000 ) ) ;
#5398 = DIRECTION ( 'NONE',  ( 0.0000000000000000000, 1.000000000000000000, -0.0000000000000000000 ) ) ;
#5399 = AXIS2_PLACEMENT_3D ( 'NONE', #5210, #6945, #6883 ) ;
#5400 = CARTESIAN_POINT ( 'NONE',  ( -7.907251905905108700, 1.481905729801556500, 4.172194580287786900 ) ) ;
#5401 = AXIS2_PLACEMENT_3D ( 'NONE', #2641, #2135, #2070 ) ;
#5402 = FACE_OUTER_BOUND ( 'NONE', #3202, .T. ) ;
#5403 = ORIENTED_EDGE ( 'NONE', *, *, #6066, .T. ) ;
#5404 = ORIENTED_EDGE ( 'NONE', *, *, #5468, .T. ) ;
#5405 = CIRCLE ( 'NONE', #6929, 11.40000000000000000 ) ;
#5406 = EDGE_LOOP ( 'NONE', ( #689, #5982, #3661, #5533 ) ) ;
#5407 = CARTESIAN_POINT ( 'NONE',  ( -14.15545311535570100, 3.918399013375997600, 1.500000000000000000 ) ) ;
#5408 = CARTESIAN_POINT ( 'NONE',  ( 10.72429309969705200, 3.945414918550419300, 0.002854900108950097700 ) ) ;
#5409 = CYLINDRICAL_SURFACE ( 'NONE', #210, 2.450000000000000200 ) ;
#5410 = ORIENTED_EDGE ( 'NONE', *, *, #3426, .F. ) ;
#5411 = CARTESIAN_POINT ( 'NONE',  ( 2.406475241548369700, 0.2383990133759980000, 0.0000000000000000000 ) ) ;
#5412 = CARTESIAN_POINT ( 'NONE',  ( -10.73259192906139800, -3.957319850291852500, 1.492114974101827100 ) ) ;
#5413 = FACE_OUTER_BOUND ( 'NONE', #612, .T. ) ;
#5414 = DIRECTION ( 'NONE',  ( -1.000000000000000000, 0.0000000000000000000, 0.0000000000000000000 ) ) ;
#5415 = ORIENTED_EDGE ( 'NONE', *, *, #3291, .T. ) ;
#5416 = PLANE ( 'NONE',  #6207 ) ;
#5417 = DIRECTION ( 'NONE',  ( 0.0000000000000000000, 0.0000000000000000000, -1.000000000000000000 ) ) ;
#5418 = CARTESIAN_POINT ( 'NONE',  ( 7.922495576004449100, -1.304112433520262300, 7.006894107162033000 ) ) ;
#5419 = DIRECTION ( 'NONE',  ( 1.000000000000000000, 0.0000000000000000000, -3.566439811163627100E-016 ) ) ;
#5420 = CARTESIAN_POINT ( 'NONE',  ( 7.685146892136350200, 3.610938068575280100, 1.300721701513740000 ) ) ;
#5421 = VERTEX_POINT ( 'NONE', #5207 ) ;
#5422 = CARTESIAN_POINT ( 'NONE',  ( -1.273058886655806600, -9.663098918667707000, 10.00000000100854800 ) ) ;
#5423 = EDGE_CURVE ( 'NONE', #6094, #6892, #4521, .T. ) ;
#5424 = CARTESIAN_POINT ( 'NONE',  ( 10.71540506786936200, 3.932679326836671300, 0.0002273043950563790800 ) ) ;
#5425 = EDGE_CURVE ( 'NONE', #5611, #1366, #1179, .T. ) ;
#5426 = ORIENTED_EDGE ( 'NONE', *, *, #2896, .T. ) ;
#5427 = CARTESIAN_POINT ( 'NONE',  ( 8.687265857950951200, -3.948280986625205500, 1.482184704260320700 ) ) ;
#5428 = EDGE_CURVE ( 'NONE', #2975, #6320, #4125, .T. ) ;
#5429 = AXIS2_PLACEMENT_3D ( 'NONE', #4282, #7141, #947 ) ;
#5430 = ORIENTED_EDGE ( 'NONE', *, *, #3956, .F. ) ;
#5431 = CARTESIAN_POINT ( 'NONE',  ( -10.72429309969705500, -3.945414918550408200, 0.002854900108950011400 ) ) ;
#5432 = EDGE_CURVE ( 'NONE', #1368, #3963, #7107, .T. ) ;
#5433 = AXIS2_PLACEMENT_3D ( 'NONE', #4152, #1974, #4707 ) ;
#5434 = CARTESIAN_POINT ( 'NONE',  ( -9.959471230929143100, -1.288302092932233300, 1.527910242916552500 ) ) ;
#5435 = CARTESIAN_POINT ( 'NONE',  ( -1.854392572402094900, -9.359963765724684100, 1.499999999999969100 ) ) ;
#5436 = DIRECTION ( 'NONE',  ( -0.9841275813616781100, 0.1665943171103158000, -0.06114930179291471600 ) ) ;
#5437 = ORIENTED_EDGE ( 'NONE', *, *, #72, .F. ) ;
#5438 = CARTESIAN_POINT ( 'NONE',  ( -8.339870583656129100, 1.595905741786221200, 1.300721701513774200 ) ) ;
#5439 = CARTESIAN_POINT ( 'NONE',  ( 4.301719770855270600, -9.075441337996911900, 1.500000407994915200 ) ) ;
#5440 = ADVANCED_FACE ( 'NONE', ( #4729 ), #3113, .T. ) ;
#5441 = VECTOR ( 'NONE', #6956, 1000.000000000000000 ) ;
#5442 = DIRECTION ( 'NONE',  ( -1.000000000000000000, 0.0000000000000000000, 0.0000000000000000000 ) ) ;
#5443 = VECTOR ( 'NONE', #3342, 1000.000000000000100 ) ;
#5444 = CARTESIAN_POINT ( 'NONE',  ( 5.669994422600336000, -6.740858865716608900, 10.96095955101660000 ) ) ;
#5445 = CARTESIAN_POINT ( 'NONE',  ( 2.406475241548368300, -12.46737528024190000, 0.0000000000000000000 ) ) ;
#5446 = ORIENTED_EDGE ( 'NONE', *, *, #5371, .F. ) ;
#5447 = CARTESIAN_POINT ( 'NONE',  ( -13.97579960646100300, 0.0000000000000000000, 0.04999999999999991300 ) ) ;
#5448 = DIRECTION ( 'NONE',  ( 0.0000000000000000000, 0.9987981237380664200, 0.04901334529817547000 ) ) ;
#5449 = CARTESIAN_POINT ( 'NONE',  ( 0.0000000000000000000, -12.46737528024190000, 1.450000000000000200 ) ) ;
#5450 = EDGE_CURVE ( 'NONE', #182, #5939, #1966, .T. ) ;
#5451 = EDGE_LOOP ( 'NONE', ( #2020, #5073, #2764, #1812 ) ) ;
#5452 = VERTEX_POINT ( 'NONE', #5961 ) ;
#5453 = ORIENTED_EDGE ( 'NONE', *, *, #3508, .F. ) ;
#5454 = CARTESIAN_POINT ( 'NONE',  ( -8.342812969969463300, 1.418037517354401800, 4.165935625339467500 ) ) ;
#5455 = LINE ( 'NONE', #6346, #5083 ) ;
#5456 = CARTESIAN_POINT ( 'NONE',  ( -8.675790240036585400, 1.468813577744033000, 10.96095955101660000 ) ) ;
#5457 = EDGE_CURVE ( 'NONE', #6320, #87, #6209, .T. ) ;
#5458 = EDGE_CURVE ( 'NONE', #1249, #5783, #3289, .T. ) ;
#5459 = DIRECTION ( 'NONE',  ( -1.000000000000000000, 0.0000000000000000000, 0.0000000000000000000 ) ) ;
#5460 = LINE ( 'NONE', #652, #3969 ) ;
#5461 = ORIENTED_EDGE ( 'NONE', *, *, #1141, .T. ) ;
#5462 = ORIENTED_EDGE ( 'NONE', *, *, #6193, .T. ) ;
#5463 = VERTEX_POINT ( 'NONE', #408 ) ;
#5464 = VECTOR ( 'NONE', #3783, 1000.000000000000000 ) ;
#5465 = CARTESIAN_POINT ( 'NONE',  ( -1.854246174328446600, -9.870673723679635400, 1.500000151121955600 ) ) ;
#5466 = CIRCLE ( 'NONE', #1546, 0.1000000000000000500 ) ;
#5467 = CIRCLE ( 'NONE', #5131, 2.009999999999999800 ) ;
#5468 = EDGE_CURVE ( 'NONE', #2062, #1628, #1729, .T. ) ;
#5469 = EDGE_LOOP ( 'NONE', ( #5376, #2550, #82, #3680 ) ) ;
#5470 = VERTEX_POINT ( 'NONE', #3183 ) ;
#5471 = AXIS2_PLACEMENT_3D ( 'NONE', #639, #1079, #5543 ) ;
#5472 = CARTESIAN_POINT ( 'NONE',  ( 1.585695669664668900, 9.738550517147166000, 1.583720051449377200 ) ) ;
#5473 = DIRECTION ( 'NONE',  ( -1.000000000000000000, 0.0000000000000000000, 0.0000000000000000000 ) ) ;
#5474 = ORIENTED_EDGE ( 'NONE', *, *, #2031, .T. ) ;
#5475 = FACE_OUTER_BOUND ( 'NONE', #1019, .T. ) ;
#5476 = CARTESIAN_POINT ( 'NONE',  ( 2.506475241548376000, 11.22352804885812300, 1.399999999999999900 ) ) ;
#5477 = ORIENTED_EDGE ( 'NONE', *, *, #3260, .T. ) ;
#5478 = ADVANCED_FACE ( 'NONE', ( #128 ), #6433, .F. ) ;
#5479 = CIRCLE ( 'NONE', #428, 9.539474233726782200 ) ;
#5480 = ORIENTED_EDGE ( 'NONE', *, *, #4373, .F. ) ;
#5481 = VECTOR ( 'NONE', #1493, 1000.000000000000100 ) ;
#5482 = ORIENTED_EDGE ( 'NONE', *, *, #4847, .T. ) ;
#5483 = CARTESIAN_POINT ( 'NONE',  ( -4.094958296356095300, -7.438526268011929500, 1.300721701513770900 ) ) ;
#5484 = AXIS2_PLACEMENT_3D ( 'NONE', #3175, #443, #963 ) ;
#5485 = CARTESIAN_POINT ( 'NONE',  ( -8.341339621126364200, 1.242678701236637200, 7.001146806019799700 ) ) ;
#5486 = ORIENTED_EDGE ( 'NONE', *, *, #5332, .F. ) ;
#5487 = VERTEX_POINT ( 'NONE', #1431 ) ;
#5488 = CARTESIAN_POINT ( 'NONE',  ( -4.565954101409162500, 7.527659499396794000, 10.96095955101659800 ) ) ;
#5489 = ORIENTED_EDGE ( 'NONE', *, *, #4509, .F. ) ;
#5490 = PRODUCT_CONTEXT ( 'NONE', #503, 'mechanical' ) ;
#5491 = DIRECTION ( 'NONE',  ( 0.0000000000000000000, 0.0000000000000000000, -1.000000000000000000 ) ) ;
#5492 = B_SPLINE_CURVE_WITH_KNOTS ( 'NONE', 3,
 ( #984, #5434, #7008, #7100 ),
 .UNSPECIFIED., .F., .F.,
 ( 4, 4 ),
 ( 0.0000000000000000000, 1.000000000000000000 ),
 .UNSPECIFIED. ) ;
#5493 = CARTESIAN_POINT ( 'NONE',  ( 9.751280670393467600E-019, 10.03931544941504200, 1.583721891830310000 ) ) ;
#5494 = DIRECTION ( 'NONE',  ( 0.8940976206708692900, 0.4436780449751965300, -0.06114930185764862900 ) ) ;
#5495 = EDGE_CURVE ( 'NONE', #553, #4285, #2590, .T. ) ;
#5496 = CARTESIAN_POINT ( 'NONE',  ( -0.2097807036622168500, -1.602606525750615900, 9.040507860752553500 ) ) ;
#5497 = CARTESIAN_POINT ( 'NONE',  ( -4.382926523415738600, 8.198437967615522100, 9.999999999952820000 ) ) ;
#5498 = EDGE_CURVE ( 'NONE', #778, #4341, #3211, .T. ) ;
#5499 = CARTESIAN_POINT ( 'NONE',  ( -7.295283646310646300, -6.897626796287551300, 1.583721891836908000 ) ) ;
#5500 = AXIS2_PLACEMENT_3D ( 'NONE', #3668, #396, #3701 ) ;
#5501 = B_SPLINE_SURFACE_WITH_KNOTS ( 'NONE', 3, 1, ( 
 ( #4234, #3269 ),
 ( #1464, #4823 ),
 ( #449, #3816 ),
 ( #6472, #1530 ) ),
 .UNSPECIFIED., .F., .F., .F.,
 ( 4, 4 ),
 ( 2, 2 ),
 ( 0.0000000000000000000, 1.000000000000000000 ),
 ( 0.0000000000000000000, 1.000000000000000000 ),
 .UNSPECIFIED. ) ;
#5502 = EDGE_CURVE ( 'NONE', #5865, #5393, #5261, .T. ) ;
#5503 = ADVANCED_FACE ( 'NONE', ( #1068 ), #1765, .T. ) ;
#5504 = DIRECTION ( 'NONE',  ( 0.0000000000000000000, 0.0000000000000000000, -1.000000000000000000 ) ) ;
#5505 = B_SPLINE_CURVE_WITH_KNOTS ( 'NONE', 3,
 ( #5862, #6370, #1314, #1924 ),
 .UNSPECIFIED., .F., .F.,
 ( 4, 4 ),
 ( 0.0000000000000000000, 1.000000000000000000 ),
 .UNSPECIFIED. ) ;
#5506 = DIRECTION ( 'NONE',  ( 1.000000000000000000, 0.0000000000000000000, 0.0000000000000000000 ) ) ;
#5507 = EDGE_LOOP ( 'NONE', ( #3503, #807, #2960, #2138, #3940, #2865, #5404, #528, #2174, #2563, #1492, #7075, #2689, #5051, #1160, #20, #6659, #3670, #2773, #2635, #6255, #4340, #3328, #3679, #3576, #532, #1731, #4102, #2376, #5698 ) ) ;
#5508 = AXIS2_PLACEMENT_3D ( 'NONE', #388, #1430, #3630 ) ;
#5509 = CARTESIAN_POINT ( 'NONE',  ( -9.583550025020263900, 1.775310834413034400, 10.00000000000000400 ) ) ;
#5510 = VECTOR ( 'NONE', #2369, 1000.000000000000000 ) ;
#5511 = CARTESIAN_POINT ( 'NONE',  ( 1.034999999999999900, -12.46737528024190000, 1.450000000000000200 ) ) ;
#5512 = AXIS2_PLACEMENT_3D ( 'NONE', #4025, #1811, #142 ) ;
#5513 = AXIS2_PLACEMENT_3D ( 'NONE', #3255, #7074, #3797 ) ;
#5514 = LINE ( 'NONE', #294, #4307 ) ;
#5515 = DIRECTION ( 'NONE',  ( 0.0000000000000000000, 0.0000000000000000000, -1.000000000000000000 ) ) ;
#5516 = LINE ( 'NONE', #1597, #6132 ) ;
#5517 = DIRECTION ( 'NONE',  ( 0.0000000000000000000, 0.0000000000000000000, -1.000000000000000000 ) ) ;
#5518 = DIRECTION ( 'NONE',  ( -1.000000000000000000, -7.105427357601001900E-015, 0.0000000000000000000 ) ) ;
#5519 = LINE ( 'NONE', #633, #5889 ) ;
#5520 = ORIENTED_EDGE ( 'NONE', *, *, #3512, .F. ) ;
#5521 = B_SPLINE_CURVE_WITH_KNOTS ( 'NONE', 3,
 ( #4593, #4555, #5152, #1222, #1248, #5130, #6783, #1831, #167, #6261, #1797, #694, #2926, #4038, #132, #5680, #4020, #4022, #6211 ),
 .UNSPECIFIED., .F., .F.,
 ( 4, 3, 3, 3, 3, 3, 4 ),
 ( 4.336808689942017300E-019, 2.827629300056926000E-005, 5.638432597394249400E-005, 8.661744524342646600E-005, 0.0001318679613768464300, 0.0001771799553365775200, 0.0001792029157342339300 ),
 .UNSPECIFIED. ) ;
#5522 = CARTESIAN_POINT ( 'NONE',  ( 17.83545311535569800, 0.2383990133759984800, 0.1000000000000000500 ) ) ;
#5523 = CARTESIAN_POINT ( 'NONE',  ( 3.759473375253438400, 7.549076564073260400, 7.001146806019672700 ) ) ;
#5524 = ORIENTED_EDGE ( 'NONE', *, *, #6781, .F. ) ;
#5525 = ORIENTED_EDGE ( 'NONE', *, *, #1396, .F. ) ;
#5526 = CARTESIAN_POINT ( 'NONE',  ( 4.259994344096529800, -8.356140983977400800, 7.190472975004699800 ) ) ;
#5527 = EDGE_CURVE ( 'NONE', #6800, #2768, #480, .T. ) ;
#5528 = VERTEX_POINT ( 'NONE', #3318 ) ;
#5529 = CARTESIAN_POINT ( 'NONE',  ( -9.344724606715519900, -1.917730609082454900, 1.583721891830318900 ) ) ;
#5530 = LINE ( 'NONE', #5842, #2929 ) ;
#5531 = ORIENTED_EDGE ( 'NONE', *, *, #1853, .F. ) ;
#5532 = ADVANCED_FACE ( 'NONE', ( #5879 ), #597, .T. ) ;
#5533 = ORIENTED_EDGE ( 'NONE', *, *, #1531, .F. ) ;
#5534 = ORIENTED_EDGE ( 'NONE', *, *, #619, .T. ) ;
#5535 = CARTESIAN_POINT ( 'NONE',  ( 13.97579960646100300, 0.0000000000000000000, 0.04999999999999991300 ) ) ;
#5536 = CIRCLE ( 'NONE', #2772, 2.009999999999999800 ) ;
#5537 = DIRECTION ( 'NONE',  ( -1.000000000000000000, 0.0000000000000000000, 0.0000000000000000000 ) ) ;
#5538 = CARTESIAN_POINT ( 'NONE',  ( 0.004683157104569979700, 0.006445812769456240500, 1.091359466005290100 ) ) ;
#5539 = EDGE_CURVE ( 'NONE', #3099, #5991, #1226, .T. ) ;
#5540 = FACE_OUTER_BOUND ( 'NONE', #6339, .T. ) ;
#5541 = ORIENTED_EDGE ( 'NONE', *, *, #7137, .T. ) ;
#5542 = ORIENTED_EDGE ( 'NONE', *, *, #2649, .F. ) ;
#5543 = DIRECTION ( 'NONE',  ( -1.000000000000000000, 4.878909776184778600E-015, 0.0000000000000000000 ) ) ;
#5544 = CARTESIAN_POINT ( 'NONE',  ( 0.05647524154837239900, -14.91737528024190100, 0.1000000000000000500 ) ) ;
#5545 = CIRCLE ( 'NONE', #3808, 2.450000000000000200 ) ;
#5546 = ORIENTED_EDGE ( 'NONE', *, *, #6386, .F. ) ;
#5547 = EDGE_CURVE ( 'NONE', #187, #3195, #988, .T. ) ;
#5548 = FACE_OUTER_BOUND ( 'NONE', #1683, .T. ) ;
#5549 = DIRECTION ( 'NONE',  ( -0.0000000000000000000, -0.0000000000000000000, 1.000000000000000000 ) ) ;
#5550 = EDGE_CURVE ( 'NONE', #336, #3019, #4376, .T. ) ;
#5551 = CARTESIAN_POINT ( 'NONE',  ( 10.73914575995844500, 3.966721526847544900, 1.488142535054567400 ) ) ;
#5552 = ORIENTED_EDGE ( 'NONE', *, *, #5222, .F. ) ;
#5553 = VERTEX_POINT ( 'NONE', #5497 ) ;
#5554 = CARTESIAN_POINT ( 'NONE',  ( -8.148807938013044700, 2.592459052621220100, 9.909339031783243700 ) ) ;
#5555 = FACE_OUTER_BOUND ( 'NONE', #5572, .T. ) ;
#5556 = EDGE_LOOP ( 'NONE', ( #2053, #3649, #4312, #3994, #1889 ) ) ;
#5557 = EDGE_CURVE ( 'NONE', #3907, #5968, #5069, .T. ) ;
#5558 = EDGE_LOOP ( 'NONE', ( #3555, #3522, #93, #4078, #4766, #3898, #236 ) ) ;
#5559 = VECTOR ( 'NONE', #773, 1000.000000000000000 ) ;
#5560 = VERTEX_POINT ( 'NONE', #5483 ) ;
#5561 = CARTESIAN_POINT ( 'NONE',  ( 6.823071565892181700, 6.676284559334898300, 1.482183610650190700 ) ) ;
#5562 = DIRECTION ( 'NONE',  ( -0.9989127055984398100, 0.0000000000000000000, 0.04661980903011753900 ) ) ;
#5563 = CARTESIAN_POINT ( 'NONE',  ( -4.094958296356092700, -7.438526268011929500, 1.300721701513775300 ) ) ;
#5564 = CARTESIAN_POINT ( 'NONE',  ( -8.814574976180669100, 4.813698833088731800, 1.500000407994915000 ) ) ;
#5565 = EDGE_LOOP ( 'NONE', ( #4495, #4881, #2870, #6304 ) ) ;
#5566 = DIRECTION ( 'NONE',  ( 0.02880932153178618700, -0.03965262929739137700, -0.9987981237380665300 ) ) ;
#5567 = PLANE ( 'NONE',  #4948 ) ;
#5568 = CARTESIAN_POINT ( 'NONE',  ( 2.406475241548370100, 12.46737528024190000, 0.1000000000000000100 ) ) ;
#5569 = CARTESIAN_POINT ( 'NONE',  ( 8.799169842991782200, -2.155175036674760500E-015, 10.96095955101655100 ) ) ;
#5570 = DIRECTION ( 'NONE',  ( 0.0000000000000000000, 0.0000000000000000000, -1.000000000000000000 ) ) ;
#5571 = DIRECTION ( 'NONE',  ( 0.9984727763671189500, 0.0000000000000000000, 0.05524594875406883100 ) ) ;
#5572 = EDGE_LOOP ( 'NONE', ( #2336, #3833, #439, #2473 ) ) ;
#5573 = B_SPLINE_CURVE_WITH_KNOTS ( 'NONE', 3,
 ( #1457, #5897, #982, #5996 ),
 .UNSPECIFIED., .F., .F.,
 ( 4, 4 ),
 ( 0.0000000000000000000, 1.000000000000000000 ),
 .UNSPECIFIED. ) ;
#5574 = ADVANCED_FACE ( 'NONE', ( #3636 ), #2909, .T. ) ;
#5575 = CARTESIAN_POINT ( 'NONE',  ( 0.0000000000000000000, 0.0000000000000000000, 0.1000000000000000500 ) ) ;
#5576 = CARTESIAN_POINT ( 'NONE',  ( 13.97579960646100300, 0.0000000000000000000, 0.04999999999999991300 ) ) ;
#5577 = DIRECTION ( 'NONE',  ( 0.0000000000000000000, 0.0000000000000000000, -1.000000000000000000 ) ) ;
#5578 = EDGE_LOOP ( 'NONE', ( #1238, #3541, #3739, #6752, #446, #5182, #6038, #5084, #181, #3772, #1169, #1345, #3883, #2098, #518, #1009, #5759, #4059, #3844, #5106, #6415, #6416, #4404, #4426 ) ) ;
#5579 = DIRECTION ( 'NONE',  ( -1.000000000000000000, 0.0000000000000000000, 0.0000000000000000000 ) ) ;
#5580 = CARTESIAN_POINT ( 'NONE',  ( -10.77024387075979000, 4.011427246171028700, 1.437901943212357000 ) ) ;
#5581 = CARTESIAN_POINT ( 'NONE',  ( 0.9848765838104344100, -1.281551300053713300, 9.040507860752551700 ) ) ;
#5582 = EDGE_CURVE ( 'NONE', #4787, #5132, #4033, .T. ) ;
#5583 = VERTEX_POINT ( 'NONE', #2665 ) ;
#5584 = CARTESIAN_POINT ( 'NONE',  ( -1.273058886655809500, 9.208895215475008600, 10.00000000000019900 ) ) ;
#5585 = CARTESIAN_POINT ( 'NONE',  ( 0.05647524154837250300, 12.46737528024190000, 0.1000000000000000500 ) ) ;
#5586 = EDGE_CURVE ( 'NONE', #3091, #6578, #5516, .T. ) ;
#5587 = CARTESIAN_POINT ( 'NONE',  ( -1.460573039062031100, -9.734966243283894400, 7.258252300644272700 ) ) ;
#5588 = AXIS2_PLACEMENT_3D ( 'NONE', #2496, #6873, #831 ) ;
#5589 = B_SPLINE_CURVE_WITH_KNOTS ( 'NONE', 3,
 ( #5778, #3608, #3070, #5499 ),
 .UNSPECIFIED., .F., .F.,
 ( 4, 4 ),
 ( 0.0000000000000000000, 1.000000000000000000 ),
 .UNSPECIFIED. ) ;
#5590 = PLANE ( 'NONE',  #2267 ) ;
#5591 = ORIENTED_EDGE ( 'NONE', *, *, #6770, .F. ) ;
#5592 = CARTESIAN_POINT ( 'NONE',  ( -0.05647524154837250300, -12.46737528024190000, 1.399999999999999900 ) ) ;
#5593 = CARTESIAN_POINT ( 'NONE',  ( 9.710146074784123700, -19.42029214956824000, 11.04382756442191400 ) ) ;
#5594 = CYLINDRICAL_SURFACE ( 'NONE', #6007, 3.780000000000000200 ) ;
#5595 = AXIS2_PLACEMENT_3D ( 'NONE', #89, #3958, #4988 ) ;
#5596 = VECTOR ( 'NONE', #3353, 1000.000000000000000 ) ;
#5597 = FACE_BOUND ( 'NONE', #1881, .T. ) ;
#5598 = CARTESIAN_POINT ( 'NONE',  ( 8.195056911214125600, -3.204349185472596500, 10.96095955101660000 ) ) ;
#5599 = ADVANCED_FACE ( 'NONE', ( #1679 ), #7065, .T. ) ;
#5600 = CARTESIAN_POINT ( 'NONE',  ( -10.75111052558934000, 3.983908278252105800, 1.475554855670514700 ) ) ;
#5601 = CARTESIAN_POINT ( 'NONE',  ( -2.406475241548370100, -12.46737528024190000, 1.399999999999999900 ) ) ;
#5602 = B_SPLINE_CURVE_WITH_KNOTS ( 'NONE', 3,
 ( #4604, #3439, #3535, #2339 ),
 .UNSPECIFIED., .F., .F.,
 ( 4, 4 ),
 ( 0.0000000000000000000, 1.000000000000000000 ),
 .UNSPECIFIED. ) ;
#5603 = CARTESIAN_POINT ( 'NONE',  ( -9.282280378750751700, 18.56456075750150300, 10.49159636633811800 ) ) ;
#5604 = DIRECTION ( 'NONE',  ( -0.0000000000000000000, -1.000000000000000000, -0.0000000000000000000 ) ) ;
#5605 = CARTESIAN_POINT ( 'NONE',  ( -0.02888602821236449900, -0.08890205348357410600, 1.366780907576699900 ) ) ;
#5606 = EDGE_LOOP ( 'NONE', ( #4688, #3377, #3911, #546, #15 ) ) ;
#5607 = CARTESIAN_POINT ( 'NONE',  ( -4.305666286085716400, 9.069710950954082300, 1.583721891836907800 ) ) ;
#5608 = ORIENTED_EDGE ( 'NONE', *, *, #3172, .T. ) ;
#5609 = CARTESIAN_POINT ( 'NONE',  ( 2.454149153949880100, 11.18152366405608500, 0.01127412377759098200 ) ) ;
#5610 = ORIENTED_EDGE ( 'NONE', *, *, #5729, .T. ) ;
#5611 = VERTEX_POINT ( 'NONE', #3224 ) ;
#5612 = ORIENTED_EDGE ( 'NONE', *, *, #6867, .F. ) ;
#5613 = CARTESIAN_POINT ( 'NONE',  ( 9.728040106252770200, 1.191341317809953200E-015, 10.53140954703218700 ) ) ;
#5614 = DIRECTION ( 'NONE',  ( -0.4625527581393790200, -0.8844804739664364800, -0.06114930179291462600 ) ) ;
#5615 = VECTOR ( 'NONE', #5671, 1000.000000000000000 ) ;
#5616 = ORIENTED_EDGE ( 'NONE', *, *, #3296, .F. ) ;
#5617 = ORIENTED_EDGE ( 'NONE', *, *, #311, .F. ) ;
#5618 = ORIENTED_EDGE ( 'NONE', *, *, #2762, .T. ) ;
#5619 = FACE_OUTER_BOUND ( 'NONE', #1613, .T. ) ;
#5620 = EDGE_CURVE ( 'NONE', #1684, #7076, #5976, .T. ) ;
#5621 = LINE ( 'NONE', #5974, #1618 ) ;
#5622 = DIRECTION ( 'NONE',  ( 0.04661446143125427800, -0.01514595664830369200, -0.9987981237380665300 ) ) ;
#5623 = LINE ( 'NONE', #5349, #674 ) ;
#5624 = DIRECTION ( 'NONE',  ( 0.0000000000000000000, 0.0000000000000000000, -1.000000000000000000 ) ) ;
#5625 = EDGE_LOOP ( 'NONE', ( #6069, #6144, #846, #1715 ) ) ;
#5626 = CARTESIAN_POINT ( 'NONE',  ( 4.476193846054741200, -8.432117757622222600, 1.464367221300407500 ) ) ;
#5627 = ORIENTED_EDGE ( 'NONE', *, *, #6912, .T. ) ;
#5628 = CARTESIAN_POINT ( 'NONE',  ( 2.486804306410369800, -11.20775513265490500, 0.03971530139667795600 ) ) ;
#5629 = CIRCLE ( 'NONE', #6198, 3.780000000000000200 ) ;
#5630 = ORIENTED_EDGE ( 'NONE', *, *, #1145, .T. ) ;
#5631 = EDGE_CURVE ( 'NONE', #6143, #1117, #4458, .T. ) ;
#5632 = CARTESIAN_POINT ( 'NONE',  ( -4.649900761691640100, 8.565896482404529200, 10.00000000000000000 ) ) ;
#5633 = DIRECTION ( 'NONE',  ( -1.000000000000000000, 0.0000000000000000000, 0.0000000000000000000 ) ) ;
#5634 = ORIENTED_EDGE ( 'NONE', *, *, #106, .F. ) ;
#5635 = CARTESIAN_POINT ( 'NONE',  ( 9.956331755326141700, 1.292237160460798700, 1.583721891836908300 ) ) ;
#5636 = VERTEX_POINT ( 'NONE', #7122 ) ;
#5637 = ORIENTED_EDGE ( 'NONE', *, *, #6562, .T. ) ;
#5638 = EDGE_CURVE ( 'NONE', #5463, #4285, #1523, .T. ) ;
#5639 = AXIS2_PLACEMENT_3D ( 'NONE', #6467, #4725, #3134 ) ;
#5640 = DIRECTION ( 'NONE',  ( -0.0000000000000000000, -0.0000000000000000000, 1.000000000000000000 ) ) ;
#5641 = VECTOR ( 'NONE', #4914, 1000.000000000000000 ) ;
#5642 = ORIENTED_EDGE ( 'NONE', *, *, #5340, .T. ) ;
#5643 = ADVANCED_FACE ( 'NONE', ( #229 ), #6529, .T. ) ;
#5644 = CARTESIAN_POINT ( 'NONE',  ( 10.77405805346785600, 4.016918977437660100, 1.419624476378591500 ) ) ;
#5645 = CARTESIAN_POINT ( 'NONE',  ( -8.799169842991782200, 1.077587518337380300E-015, 10.47764768964460000 ) ) ;
#5646 = ORIENTED_EDGE ( 'NONE', *, *, #1815, .F. ) ;
#5647 = AXIS2_PLACEMENT_3D ( 'NONE', #3101, #1328, #5263 ) ;
#5648 = AXIS2_PLACEMENT_3D ( 'NONE', #6369, #6445, #6890 ) ;
#5649 =( BOUNDED_CURVE ( )  B_SPLINE_CURVE ( 3, ( #3908, #2318, #6204, #4441 ),
 .UNSPECIFIED., .F., .F. ) 
 B_SPLINE_CURVE_WITH_KNOTS ( ( 4, 4 ),
 ( 1.938942765613320000, 1.990108701732573400 ),
 .UNSPECIFIED. ) 
 CURVE ( )  GEOMETRIC_REPRESENTATION_ITEM ( )  RATIONAL_B_SPLINE_CURVE ( ( 1.000000000000000000, 0.9997818491469070400, 0.9997818491469070400, 1.000000000000000000 ) ) 
 REPRESENTATION_ITEM ( '' )  );
#5650 = ORIENTED_EDGE ( 'NONE', *, *, #4969, .F. ) ;
#5651 = CARTESIAN_POINT ( 'NONE',  ( 2.973428389793828100, -8.286455980802895000, 10.96095955101660000 ) ) ;
#5652 = CARTESIAN_POINT ( 'NONE',  ( 1.229400145118499900, -8.372695686629150200, 4.165311908826380400 ) ) ;
#5653 = CARTESIAN_POINT ( 'NONE',  ( -7.105520642288858800, 6.958171942191963700, 4.363140449427817200 ) ) ;
#5654 = DIRECTION ( 'NONE',  ( 0.05520149882931112100, 0.04010623676775381500, -0.9976694263629244400 ) ) ;
#5655 = DIRECTION ( 'NONE',  ( 0.0000000000000000000, -1.000000000000000000, 0.0000000000000000000 ) ) ;
#5656 = DIRECTION ( 'NONE',  ( 0.0000000000000000000, 1.000000000000000000, 0.0000000000000000000 ) ) ;
#5657 = CARTESIAN_POINT ( 'NONE',  ( -2.506475241548372400, 12.46737528024190000, 1.399999999999999900 ) ) ;
#5658 = CARTESIAN_POINT ( 'NONE',  ( 1.024779728573369300, 0.7757027690474411800, 9.528024968268800500 ) ) ;
#5659 = CARTESIAN_POINT ( 'NONE',  ( 1.378149009695250700, -7.893286372457178700, 9.818678063566094800 ) ) ;
#5660 = DIRECTION ( 'NONE',  ( -1.000000000000000000, 0.0000000000000000000, 0.0000000000000000000 ) ) ;
#5661 = CARTESIAN_POINT ( 'NONE',  ( -1.566027364626181800, -8.658767807362419700, 10.96095955101660000 ) ) ;
#5662 = CARTESIAN_POINT ( 'NONE',  ( -0.6206426660906664300, 10.03931544941503900, 1.583721891830310200 ) ) ;
#5663 = EDGE_CURVE ( 'NONE', #657, #594, #6885, .T. ) ;
#5664 = EDGE_LOOP ( 'NONE', ( #4513, #1665, #722, #5275 ) ) ;
#5665 = ADVANCED_FACE ( 'NONE', ( #5972 ), #826, .T. ) ;
#5666 = PLANE ( 'NONE',  #760 ) ;
#5667 = CARTESIAN_POINT ( 'NONE',  ( 0.0000000000000000000, -9.175869535789198000E-017, 10.00000000000000900 ) ) ;
#5668 = CARTESIAN_POINT ( 'NONE',  ( 2.506475241548370200, -11.22352804885810000, 0.1000000000000000500 ) ) ;
#5669 = EDGE_CURVE ( 'NONE', #7026, #3653, #3949, .T. ) ;
#5670 = CARTESIAN_POINT ( 'NONE',  ( 4.098187449112751700, 7.806528253687698500, 9.999999999999998200 ) ) ;
#5671 = DIRECTION ( 'NONE',  ( -0.0000000000000000000, -0.0000000000000000000, 1.000000000000000000 ) ) ;
#5672 = EDGE_CURVE ( 'NONE', #362, #279, #3800, .T. ) ;
#5673 = AXIS2_PLACEMENT_3D ( 'NONE', #5522, #6511, #432 ) ;
#5674 = LINE ( 'NONE', #6852, #5441 ) ;
#5675 = DIRECTION ( 'NONE',  ( 0.0000000000000000000, -1.000000000000000000, 0.0000000000000000000 ) ) ;
#5676 = LINE ( 'NONE', #5255, #832 ) ;
#5677 = EDGE_LOOP ( 'NONE', ( #2429, #6240, #3226, #4423 ) ) ;
#5678 = DIRECTION ( 'NONE',  ( 0.0000000000000000000, 0.0000000000000000000, -1.000000000000000000 ) ) ;
#5679 = EDGE_CURVE ( 'NONE', #2606, #4554, #663, .T. ) ;
#5680 = CARTESIAN_POINT ( 'NONE',  ( 2.408049452698162600, 11.14437940514033800, 1.499987608528536600 ) ) ;
#5681 = AXIS2_PLACEMENT_3D ( 'NONE', #4126, #2046, #6540 ) ;
#5682 = VERTEX_POINT ( 'NONE', #3918 ) ;
#5683 = AXIS2_PLACEMENT_3D ( 'NONE', #1403, #6394, #5311 ) ;
#5684 = CARTESIAN_POINT ( 'NONE',  ( -1.468813577745206000, -8.675790240036379300, 10.96095955101660000 ) ) ;
#5685 = CARTESIAN_POINT ( 'NONE',  ( 0.0000000000000000000, 0.0000000000000000000, 0.1000000000000000500 ) ) ;
#5686 = CARTESIAN_POINT ( 'NONE',  ( -9.583550025020288700, -1.775310834413053300, 10.00000000000004800 ) ) ;
#5687 = VERTEX_POINT ( 'NONE', #2289 ) ;
#5688 = CARTESIAN_POINT ( 'NONE',  ( 8.329318910392645500, 4.650162915953886900, 1.583721891830324200 ) ) ;
#5689 = VERTEX_POINT ( 'NONE', #2755 ) ;
#5690 = CARTESIAN_POINT ( 'NONE',  ( -10.70582023461626300, 3.918962932418562400, 1.500000000000000000 ) ) ;
#5691 = CARTESIAN_POINT ( 'NONE',  ( 0.0000000000000000000, 0.0000000000000000000, 1.583721891830338400 ) ) ;
#5692 = B_SPLINE_CURVE_WITH_KNOTS ( 'NONE', 3,
 ( #3544, #2345, #899, #2024 ),
 .UNSPECIFIED., .F., .F.,
 ( 4, 4 ),
 ( 0.0000000000000000000, 1.000000000000000000 ),
 .UNSPECIFIED. ) ;
#5693 = ORIENTED_EDGE ( 'NONE', *, *, #5502, .F. ) ;
#5694 = CARTESIAN_POINT ( 'NONE',  ( 1.273058886655806600, 9.663098918667707000, 10.00000000100854800 ) ) ;
#5695 = CARTESIAN_POINT ( 'NONE',  ( -0.05647524154837205200, -14.81737528024190100, 0.1000000000000000100 ) ) ;
#5696 = CIRCLE ( 'NONE', #4455, 1.959999999999998200 ) ;
#5697 = ORIENTED_EDGE ( 'NONE', *, *, #4850, .T. ) ;
#5698 = ORIENTED_EDGE ( 'NONE', *, *, #5638, .F. ) ;
#5699 = CARTESIAN_POINT ( 'NONE',  ( 0.8378929931194950600, 0.9624314728824583400, 9.528024968268804100 ) ) ;
#5700 = ORIENTED_EDGE ( 'NONE', *, *, #5054, .F. ) ;
#5701 = FACE_OUTER_BOUND ( 'NONE', #2166, .T. ) ;
#5702 = CARTESIAN_POINT ( 'NONE',  ( 6.974445124604784500, -8.541231897702740200E-016, 11.40000000002759600 ) ) ;
#5703 = CARTESIAN_POINT ( 'NONE',  ( 10.75111052558934000, -3.983908278252107600, 0.02444514432948571800 ) ) ;
#5704 = ADVANCED_FACE ( 'NONE', ( #6047 ), #3282, .T. ) ;
#5705 = CARTESIAN_POINT ( 'NONE',  ( 14.15545311535570100, 0.2383990133759980000, 1.500000000000000000 ) ) ;
#5706 = FACE_OUTER_BOUND ( 'NONE', #6741, .T. ) ;
#5707 = VERTEX_POINT ( 'NONE', #2272 ) ;
#5708 = ORIENTED_EDGE ( 'NONE', *, *, #308, .F. ) ;
#5709 = CYLINDRICAL_SURFACE ( 'NONE', #4765, 0.9849999999999999900 ) ;
#5710 = ORIENTED_EDGE ( 'NONE', *, *, #2127, .F. ) ;
#5711 = VECTOR ( 'NONE', #4507, 1000.000000000000000 ) ;
#5712 = ORIENTED_EDGE ( 'NONE', *, *, #3158, .F. ) ;
#5713 = VERTEX_POINT ( 'NONE', #27 ) ;
#5715 = EDGE_CURVE ( 'NONE', #6075, #3888, #4865, .T. ) ;
#5714 = VERTEX_POINT ( 'NONE', #1104 ) ;
#5716 = CONICAL_SURFACE ( 'NONE', #6647, 6.974445124399153400, 1.253549353903464800 ) ;
#5717 = ORIENTED_EDGE ( 'NONE', *, *, #4533, .T. ) ;
#5718 = CARTESIAN_POINT ( 'NONE',  ( -3.515557325894301100, -8.071831321962736900, 10.96095955101660400 ) ) ;
#5719 = CARTESIAN_POINT ( 'NONE',  ( 1.558327750901140200, -8.258079982341330400, 9.806355243554639500 ) ) ;
#5720 = CARTESIAN_POINT ( 'NONE',  ( 7.887101893987949800, -1.661841923304950000, 1.314579482943359900 ) ) ;
#5721 = ADVANCED_FACE ( 'NONE', ( #1149 ), #3595, .F. ) ;
#5722 = EDGE_CURVE ( 'NONE', #4916, #6757, #2067, .T. ) ;
#5723 = CARTESIAN_POINT ( 'NONE',  ( -2.431675449003786800, 11.16343300303894800, 1.497524934941123300 ) ) ;
#5724 = ORIENTED_EDGE ( 'NONE', *, *, #5834, .F. ) ;
#5725 = FACE_OUTER_BOUND ( 'NONE', #1015, .T. ) ;
#5726 = VERTEX_POINT ( 'NONE', #6247 ) ;
#5727 = AXIS2_PLACEMENT_3D ( 'NONE', #3622, #1976, #1376 ) ;
#5728 = ORIENTED_EDGE ( 'NONE', *, *, #4420, .T. ) ;
#5729 = EDGE_CURVE ( 'NONE', #6213, #4757, #6876, .T. ) ;
#5730 = DIRECTION ( 'NONE',  ( -1.000000000000000000, -6.776263578034444600E-017, 6.776263578034400200E-017 ) ) ;
#5731 = PLANE ( 'NONE',  #3733 ) ;
#5732 = CARTESIAN_POINT ( 'NONE',  ( 13.97579960646100300, 0.0000000000000000000, 1.500000000000000000 ) ) ;
#5733 = EDGE_LOOP ( 'NONE', ( #6694, #3897, #3945, #890 ) ) ;
#5734 = CARTESIAN_POINT ( 'NONE',  ( -0.9129527319329932000, 6.974445124626527100, 11.40000000005519000 ) ) ;
#5735 = CARTESIAN_POINT ( 'NONE',  ( 10.70621433777345100, -3.919526854806268700, 4.770014865752279700E-006 ) ) ;
#5736 = CARTESIAN_POINT ( 'NONE',  ( -10.77508558524239900, -4.018399013375990600, 0.1000000000000000500 ) ) ;
#5737 = CARTESIAN_POINT ( 'NONE',  ( -5.526058837415836100, 5.846652975923662500, 4.172194580287318800 ) ) ;
#5738 = AXIS2_PLACEMENT_3D ( 'NONE', #1791, #193, #1824 ) ;
#5739 = CARTESIAN_POINT ( 'NONE',  ( -2.474541885154901300, -11.19791029615861300, 1.473259347718543400 ) ) ;
#5740 = ORIENTED_EDGE ( 'NONE', *, *, #6607, .T. ) ;
#5741 = AXIS2_PLACEMENT_3D ( 'NONE', #242, #2510, #3156 ) ;
#5742 = B_SPLINE_CURVE_WITH_KNOTS ( 'NONE', 3,
 ( #4235, #2539, #2568, #297 ),
 .UNSPECIFIED., .F., .F.,
 ( 4, 4 ),
 ( 0.0000000000000000000, 1.000000000000000000 ),
 .UNSPECIFIED. ) ;
#5743 = DIRECTION ( 'NONE',  ( -0.0000000000000000000, -0.0000000000000000000, 1.000000000000000000 ) ) ;
#5744 = CARTESIAN_POINT ( 'NONE',  ( 3.479213479469912300, -8.082742624606742900, 10.96095955101660200 ) ) ;
#5745 = ADVANCED_FACE ( 'NONE', ( #3005 ), #6289, .T. ) ;
#5746 = CARTESIAN_POINT ( 'NONE',  ( -2.491686039226759200, 11.21167105069688000, 1.452336602478709200 ) ) ;
#5747 = DIRECTION ( 'NONE',  ( -1.000000000000000000, 0.0000000000000000000, 0.0000000000000000000 ) ) ;
#5748 = CARTESIAN_POINT ( 'NONE',  ( 2.491686039226749000, -11.21167105069688200, 1.452336602478709400 ) ) ;
#5749 = DIRECTION ( 'NONE',  ( 0.0000000000000000000, 0.0000000000000000000, -1.000000000000000000 ) ) ;
#5750 = DIRECTION ( 'NONE',  ( -1.000000000000000000, 0.0000000000000000000, 0.0000000000000000000 ) ) ;
#5751 = CARTESIAN_POINT ( 'NONE',  ( -4.705949272254816400, 8.302480821155148400, 1.446550831950642600 ) ) ;
#5752 = CARTESIAN_POINT ( 'NONE',  ( -6.813526876737766400, 6.561935585205995700, 4.411772188214857100 ) ) ;
#5753 = CARTESIAN_POINT ( 'NONE',  ( -6.627701828158752300, -6.634791214111023900, 7.236057577979994300 ) ) ;
#5754 = ORIENTED_EDGE ( 'NONE', *, *, #623, .F. ) ;
#5755 = ADVANCED_FACE ( 'NONE', ( #5061 ), #3947, .T. ) ;
#5756 = DIRECTION ( 'NONE',  ( 0.0000000000000000000, 0.0000000000000000000, -1.000000000000000000 ) ) ;
#5757 = DIRECTION ( 'NONE',  ( -4.881252305529689900E-015, -1.000000000000000000, 0.0000000000000000000 ) ) ;
#5758 = CARTESIAN_POINT ( 'NONE',  ( -9.474893350793907500, -1.128755730590303500, 1.499999999999969600 ) ) ;
#5759 = ORIENTED_EDGE ( 'NONE', *, *, #6197, .T. ) ;
#5760 = CARTESIAN_POINT ( 'NONE',  ( 15.98579960646100100, 2.461540066286180200E-016, 1.450000000000000200 ) ) ;
#5761 = DIRECTION ( 'NONE',  ( 0.6982542552415301800, -0.7132333124071920100, -0.06114930179291475800 ) ) ;
#5762 = DIRECTION ( 'NONE',  ( -0.0000000000000000000, -0.0000000000000000000, 1.000000000000000000 ) ) ;
#5763 = FACE_OUTER_BOUND ( 'NONE', #2088, .T. ) ;
#5764 = DIRECTION ( 'NONE',  ( 0.0000000000000000000, 1.000000000000000000, 2.159029030665455300E-017 ) ) ;
#5765 = CARTESIAN_POINT ( 'NONE',  ( -1.273058886655809200, 9.663098918667701700, 10.00000000000000500 ) ) ;
#5766 = DIRECTION ( 'NONE',  ( -1.000000000000000000, -2.032879073410333100E-016, -0.0000000000000000000 ) ) ;
#5767 = EDGE_CURVE ( 'NONE', #2513, #3258, #1139, .T. ) ;
#5768 = EDGE_CURVE ( 'NONE', #553, #6513, #5602, .T. ) ;
#5769 = FACE_OUTER_BOUND ( 'NONE', #5925, .T. ) ;
#5770 = CARTESIAN_POINT ( 'NONE',  ( 0.0000000000000000000, 0.0000000000000000000, 0.1000000000000000500 ) ) ;
#5771 = CARTESIAN_POINT ( 'NONE',  ( -8.402321225015478800, -5.568768636547671000, 1.500003561359264400 ) ) ;
#5772 = EDGE_CURVE ( 'NONE', #4990, #6800, #494, .T. ) ;
#5773 = VECTOR ( 'NONE', #2187, 1000.000000000000100 ) ;
#5774 = ORIENTED_EDGE ( 'NONE', *, *, #4297, .F. ) ;
#5775 = DIRECTION ( 'NONE',  ( 0.0000000000000000000, 0.0000000000000000000, 1.000000000000000000 ) ) ;
#5776 = DIRECTION ( 'NONE',  ( 0.0000000000000000000, 1.079514515332727700E-017, -1.000000000000000000 ) ) ;
#5777 = CARTESIAN_POINT ( 'NONE',  ( -6.094175216222375000, 3.512462942317203600, 11.40000000005519200 ) ) ;
#5778 = CARTESIAN_POINT ( 'NONE',  ( -7.301953108523393100, -6.895644224241548800, 1.500000407994914700 ) ) ;
#5779 = ADVANCED_FACE ( 'NONE', ( #3364 ), #525, .T. ) ;
#5780 = CARTESIAN_POINT ( 'NONE',  ( -0.9129527319329949800, -6.974445124626527100, 11.40000000005519200 ) ) ;
#5781 = EDGE_CURVE ( 'NONE', #5211, #246, #926, .T. ) ;
#5782 = CARTESIAN_POINT ( 'NONE',  ( 8.364782971740119400, -4.056456070781369900, 10.00000000000040000 ) ) ;
#5783 = VERTEX_POINT ( 'NONE', #6194 ) ;
#5784 = DIRECTION ( 'NONE',  ( 0.0000000000000000000, 0.0000000000000000000, 1.000000000000000000 ) ) ;
#5785 = CARTESIAN_POINT ( 'NONE',  ( -12.01579960646100200, 2.400307726328812400E-016, 1.450000000000000200 ) ) ;
#5786 = AXIS2_PLACEMENT_3D ( 'NONE', #5770, #4123, #809 ) ;
#5787 = PLANE ( 'NONE',  #3694 ) ;
#5788 = ORIENTED_EDGE ( 'NONE', *, *, #3162, .T. ) ;
#5789 = DIRECTION ( 'NONE',  ( -1.224646799147353200E-016, 1.000000000000000000, 0.0000000000000000000 ) ) ;
#5790 = ORIENTED_EDGE ( 'NONE', *, *, #4538, .F. ) ;
#5791 = VERTEX_POINT ( 'NONE', #1838 ) ;
#5792 = DIRECTION ( 'NONE',  ( -1.000000000000000000, 0.0000000000000000000, 0.0000000000000000000 ) ) ;
#5793 = VERTEX_POINT ( 'NONE', #2409 ) ;
#5794 = CARTESIAN_POINT ( 'NONE',  ( 1.854246176859440000, 9.870673714696096100, 1.500000407994915200 ) ) ;
#5795 = CARTESIAN_POINT ( 'NONE',  ( -1.072882848195534100, -9.482935660054460300, 1.446550831950642400 ) ) ;
#5796 = ADVANCED_FACE ( 'NONE', ( #5763 ), #2383, .F. ) ;
#5797 = LINE ( 'NONE', #3408, #3896 ) ;
#5798 = CARTESIAN_POINT ( 'NONE',  ( -2.454149153949891200, 11.18152366405608300, 1.488725876222408900 ) ) ;
#5799 = ORIENTED_EDGE ( 'NONE', *, *, #1676, .T. ) ;
#5800 = EDGE_LOOP ( 'NONE', ( #4891, #1563, #5183, #5814 ) ) ;
#5801 = ORIENTED_EDGE ( 'NONE', *, *, #2561, .T. ) ;
#5802 = VECTOR ( 'NONE', #4603, 1000.000000000000000 ) ;
#5803 = FACE_OUTER_BOUND ( 'NONE', #433, .T. ) ;
#5804 = DIRECTION ( 'NONE',  ( 0.0000000000000000000, 0.0000000000000000000, -1.000000000000000000 ) ) ;
#5805 = CARTESIAN_POINT ( 'NONE',  ( 17.83545311535570100, 0.2383990133759984800, 0.0000000000000000000 ) ) ;
#5806 = CARTESIAN_POINT ( 'NONE',  ( -0.05647524154837319000, 14.81737528024190100, 0.1000000000000000500 ) ) ;
#5807 = DIRECTION ( 'NONE',  ( 0.8940976206678908900, 0.4436780449901203100, -0.06114930179291464700 ) ) ;
#5808 = CIRCLE ( 'NONE', #1410, 9.539474233726782200 ) ;
#5809 = ORIENTED_EDGE ( 'NONE', *, *, #1531, .T. ) ;
#5810 = VERTEX_POINT ( 'NONE', #4522 ) ;
#5811 =( NAMED_UNIT ( * ) PLANE_ANGLE_UNIT ( ) SI_UNIT ( $, .RADIAN. ) );
#5812 = CARTESIAN_POINT ( 'NONE',  ( -5.425218175002499700, -8.543104408943866800, 1.499998324696410400 ) ) ;
#5813 = VECTOR ( 'NONE', #5965, 1000.000000000000000 ) ;
#5814 = ORIENTED_EDGE ( 'NONE', *, *, #4806, .F. ) ;
#5815 = CARTESIAN_POINT ( 'NONE',  ( -6.974445124604784500, 8.541231897676112200E-016, 11.40000000002759600 ) ) ;
#5816 = CARTESIAN_POINT ( 'NONE',  ( 9.956331755326141700, 1.292237160460798700, 1.583721891836908300 ) ) ;
#5817 = CARTESIAN_POINT ( 'NONE',  ( -5.754503291475944400, 5.575747153425691500, 9.818678063566094800 ) ) ;
#5818 = VERTEX_POINT ( 'NONE', #727 ) ;
#5819 = FACE_BOUND ( 'NONE', #4788, .T. ) ;
#5820 = DIRECTION ( 'NONE',  ( 0.9464647115327917700, 0.0000000000000000000, 0.3228072951826669900 ) ) ;
#5821 = ORIENTED_EDGE ( 'NONE', *, *, #5018, .T. ) ;
#5822 = B_SPLINE_CURVE_WITH_KNOTS ( 'NONE', 3,
 ( #2916, #1818, #2529, #3063 ),
 .UNSPECIFIED., .F., .F.,
 ( 4, 4 ),
 ( 0.0000000000000000000, 1.000000000000000000 ),
 .UNSPECIFIED. ) ;
#5823 =( BOUNDED_CURVE ( )  B_SPLINE_CURVE ( 3, ( #3422, #3955, #1162, #5864 ),
 .UNSPECIFIED., .F., .F. ) 
 B_SPLINE_CURVE_WITH_KNOTS ( ( 4, 4 ),
 ( 4.900864036833334900, 4.901444126251045800 ),
 .UNSPECIFIED. ) 
 CURVE ( )  GEOMETRIC_REPRESENTATION_ITEM ( )  RATIONAL_B_SPLINE_CURVE ( ( 1.000000000000000000, 0.9999999719580224800, 0.9999999719580224800, 1.000000000000000000 ) ) 
 REPRESENTATION_ITEM ( '' )  );
#5824 = FACE_OUTER_BOUND ( 'NONE', #1672, .T. ) ;
#5825 = ORIENTED_EDGE ( 'NONE', *, *, #4422, .F. ) ;
#5826 = EDGE_CURVE ( 'NONE', #3478, #542, #4318, .T. ) ;
#5827 = CARTESIAN_POINT ( 'NONE',  ( 6.630751685625719800, 6.633684951775520300, 7.190472975004699800 ) ) ;
#5828 = CARTESIAN_POINT ( 'NONE',  ( -2.506475241548374600, -11.22352804885812300, 1.500000000000000000 ) ) ;
#5829 = CARTESIAN_POINT ( 'NONE',  ( -7.478690464155650200, -3.897598048284090400, 7.001760241560639900 ) ) ;
#5830 = ORIENTED_EDGE ( 'NONE', *, *, #2479, .F. ) ;
#5831 = EDGE_CURVE ( 'NONE', #3453, #6045, #5875, .T. ) ;
#5832 = DIRECTION ( 'NONE',  ( 0.0000000000000000000, 0.0000000000000000000, 1.000000000000000000 ) ) ;
#5833 = CARTESIAN_POINT ( 'NONE',  ( -10.70621433777345800, -3.919526854806255800, 1.499995229985134200 ) ) ;
#5834 = EDGE_CURVE ( 'NONE', #607, #6827, #641, .T. ) ;
#5835 = AXIS2_PLACEMENT_3D ( 'NONE', #4910, #501, #3300 ) ;
#5836 = DIRECTION ( 'NONE',  ( -1.000000000000000000, 0.0000000000000000000, 0.0000000000000000000 ) ) ;
#5837 = VERTEX_POINT ( 'NONE', #3984 ) ;
#5838 = DIRECTION ( 'NONE',  ( -0.0000000000000000000, -0.0000000000000000000, 1.000000000000000000 ) ) ;
#5839 = CARTESIAN_POINT ( 'NONE',  ( 6.627701828158687500, 6.634791214111042600, 7.236057577981009500 ) ) ;
#5840 = EDGE_CURVE ( 'NONE', #3464, #2717, #2484, .T. ) ;
#5841 = AXIS2_PLACEMENT_3D ( 'NONE', #6142, #3951, #4502 ) ;
#5842 = CARTESIAN_POINT ( 'NONE',  ( 6.114691259157040400, -5.764964976403900800, 9.806355243554776300 ) ) ;
#5843 = B_SPLINE_CURVE_WITH_KNOTS ( 'NONE', 3,
 ( #4091, #4663, #5178, #1352 ),
 .UNSPECIFIED., .F., .F.,
 ( 4, 4 ),
 ( 0.0000000000000000000, 1.000000000000000000 ),
 .UNSPECIFIED. ) ;
#5844 = CARTESIAN_POINT ( 'NONE',  ( -1.848666648172068600, 9.867503286763067600, 1.583721891830309800 ) ) ;
#5845 = CARTESIAN_POINT ( 'NONE',  ( -8.813208767539277800, 4.601065764287122700, 4.452826264592224500 ) ) ;
#5846 = CARTESIAN_POINT ( 'NONE',  ( -7.904065471588469700, -3.906759880582940000, 10.00000000000000000 ) ) ;
#5847 = ADVANCED_FACE ( 'NONE', ( #1754, #3873, #50, #2674, #1000, #319 ), #2302, .F. ) ;
#5848 = CARTESIAN_POINT ( 'NONE',  ( -6.094175216222374100, -3.512462942317200900, 11.40000000005519000 ) ) ;
#5849 = CARTESIAN_POINT ( 'NONE',  ( -17.83545311535569800, 0.2383990133759980000, 0.1000000000000000100 ) ) ;
#5850 = CARTESIAN_POINT ( 'NONE',  ( 1.854246176859440000, 9.870673714696096100, 1.500000407994915200 ) ) ;
#5851 = AXIS2_PLACEMENT_3D ( 'NONE', #339, #3603, #1423 ) ;
#5852 = DIRECTION ( 'NONE',  ( 0.0000000000000000000, 1.079514515332727700E-017, -1.000000000000000000 ) ) ;
#5853 = DIRECTION ( 'NONE',  ( 0.0000000000000000000, 0.0000000000000000000, -1.000000000000000000 ) ) ;
#5854 = CARTESIAN_POINT ( 'NONE',  ( -9.728040106252770200, 0.0000000000000000000, 10.53140954703218700 ) ) ;
#5855 = CARTESIAN_POINT ( 'NONE',  ( 14.15545311535570100, 0.2383990133759980000, 1.500000000000000000 ) ) ;
#5856 = B_SPLINE_CURVE_WITH_KNOTS ( 'NONE', 3,
 ( #3257, #5485, #5454, #5438 ),
 .UNSPECIFIED., .F., .F.,
 ( 4, 4 ),
 ( 0.0000000000000000000, 1.000000000000000000 ),
 .UNSPECIFIED. ) ;
#5857 = DIRECTION ( 'NONE',  ( -1.000000000000000000, 0.0000000000000000000, -0.0000000000000000000 ) ) ;
#5858 = CARTESIAN_POINT ( 'NONE',  ( 4.441321628018866500, -8.810701398203910600, 1.583720051449377000 ) ) ;
#5859 = VERTEX_POINT ( 'NONE', #291 ) ;
#5860 = PLANE ( 'NONE',  #155 ) ;
#5861 = CARTESIAN_POINT ( 'NONE',  ( -10.73259192906139600, 3.957319850291862700, 0.007885025898173192400 ) ) ;
#5862 = CARTESIAN_POINT ( 'NONE',  ( 4.301719770855270600, -9.075441337996911900, 1.500000407994915200 ) ) ;
#5863 = DIRECTION ( 'NONE',  ( -2.710505431213761100E-016, 0.0000000000000000000, 1.000000000000000000 ) ) ;
#5864 = CARTESIAN_POINT ( 'NONE',  ( -1.854392575220045000, 9.870640394675643100, 1.499999327185927500 ) ) ;
#5865 = VERTEX_POINT ( 'NONE', #784 ) ;
#5866 = CARTESIAN_POINT ( 'NONE',  ( -10.07085426356823100, -0.4336824849037374000, 1.500003561359264400 ) ) ;
#5867 = CARTESIAN_POINT ( 'NONE',  ( -8.814498047376721600, -4.813827769750981000, 1.499999327185927300 ) ) ;
#5868 = LINE ( 'NONE', #1726, #6288 ) ;
#5869 = CARTESIAN_POINT ( 'NONE',  ( 8.813283889220521400, 4.807412669862007000, 1.583721891830311100 ) ) ;
#5870 = ADVANCED_FACE ( 'NONE', ( #6551, #733 ), #4624, .F. ) ;
#5871 = CARTESIAN_POINT ( 'NONE',  ( 4.286122374984268300, -5.577232510289476900, 11.40000000005519200 ) ) ;
#5872 = CARTESIAN_POINT ( 'NONE',  ( -9.350346786168300300, -1.910016051523365100, 1.446550831950642800 ) ) ;
#5873 = DIRECTION ( 'NONE',  ( -0.0000000000000000000, -0.0000000000000000000, 1.000000000000000000 ) ) ;
#5874 = CARTESIAN_POINT ( 'NONE',  ( -2.505086847574671700, -11.22241564728741300, 1.418983723982650200 ) ) ;
#5875 = B_SPLINE_CURVE_WITH_KNOTS ( 'NONE', 3,
 ( #650, #3459, #4684, #1313 ),
 .UNSPECIFIED., .F., .F.,
 ( 4, 4 ),
 ( 0.0000000000000000000, 1.000000000000000000 ),
 .UNSPECIFIED. ) ;
#5876 = CARTESIAN_POINT ( 'NONE',  ( 9.151576633374492800, 1.634954171215405200, 9.999999999952818200 ) ) ;
#5877 = EDGE_CURVE ( 'NONE', #6063, #6800, #1854, .T. ) ;
#5878 = VECTOR ( 'NONE', #6756, 1000.000000000000100 ) ;
#5879 = FACE_OUTER_BOUND ( 'NONE', #599, .T. ) ;
#5880 = DIRECTION ( 'NONE',  ( -1.000000000000000000, 0.0000000000000000000, 0.0000000000000000000 ) ) ;
#5881 = EDGE_CURVE ( 'NONE', #1898, #1339, #422, .T. ) ;
#5882 = ORIENTED_EDGE ( 'NONE', *, *, #5722, .F. ) ;
#5883 = DIRECTION ( 'NONE',  ( -1.000000000000000000, 0.0000000000000000000, 0.0000000000000000000 ) ) ;
#5884 = CARTESIAN_POINT ( 'NONE',  ( 1.465208616143379900, 9.264221913740000100, 7.190472975004699800 ) ) ;
#5885 = AXIS2_PLACEMENT_3D ( 'NONE', #7053, #3543, #3030 ) ;
#5886 = CARTESIAN_POINT ( 'NONE',  ( 9.960575687348157500, -1.286563484886235700, 1.499999327185927300 ) ) ;
#5887 = DIRECTION ( 'NONE',  ( 0.0000000000000000000, 0.0000000000000000000, -1.000000000000000000 ) ) ;
#5888 = EDGE_CURVE ( 'NONE', #3907, #6143, #4029, .T. ) ;
#5889 = VECTOR ( 'NONE', #2876, 1000.000000000000100 ) ;
#5890 = CARTESIAN_POINT ( 'NONE',  ( 9.349616978491845000, 1.911018263068821300, 1.464368314612603600 ) ) ;
#5891 = ORIENTED_EDGE ( 'NONE', *, *, #1919, .F. ) ;
#5892 = B_SPLINE_CURVE_WITH_KNOTS ( 'NONE', 3,
 ( #3747, #5427, #416, #6549 ),
 .UNSPECIFIED., .F., .F.,
 ( 4, 4 ),
 ( 0.0000000000000000000, 1.000000000000000000 ),
 .UNSPECIFIED. ) ;
#5893 = CARTESIAN_POINT ( 'NONE',  ( 1.658576102957969800, -9.805799594413374000, 4.363140449427817200 ) ) ;
#5894 = AXIS2_PLACEMENT_3D ( 'NONE', #1574, #537, #3354 ) ;
#5895 = CARTESIAN_POINT ( 'NONE',  ( -10.77508558524240800, 4.018399013376003900, 1.399999999999999900 ) ) ;
#5896 = ORIENTED_EDGE ( 'NONE', *, *, #58, .F. ) ;
#5897 = CARTESIAN_POINT ( 'NONE',  ( 1.652442292883843400, 9.803667141239277100, 4.452826264592738800 ) ) ;
#5898 = ORIENTED_EDGE ( 'NONE', *, *, #4597, .F. ) ;
#5899 = AXIS2_PLACEMENT_3D ( 'NONE', #5760, #5789, #3665 ) ;
#5900 = CARTESIAN_POINT ( 'NONE',  ( -1.671174263168111700, 8.639093634218951900, 10.96095955101660200 ) ) ;
#5901 = CARTESIAN_POINT ( 'NONE',  ( -6.448374083570504600, -7.799749760727814300, 1.499998728424691600 ) ) ;
#5902 = DIRECTION ( 'NONE',  ( 0.0000000000000000000, 0.0000000000000000000, -1.000000000000000000 ) ) ;
#5903 = ORIENTED_EDGE ( 'NONE', *, *, #4942, .T. ) ;
#5904 = CARTESIAN_POINT ( 'NONE',  ( 9.728040106252747100, 1.191341317809950300E-015, 10.53140954703218700 ) ) ;
#5905 = LINE ( 'NONE', #5544, #3655 ) ;
#5906 = CARTESIAN_POINT ( 'NONE',  ( -9.444202454728266400, -1.390726826017449200, 1.482183610650191600 ) ) ;
#5907 = CARTESIAN_POINT ( 'NONE',  ( 0.0000000000000000000, 12.46737528024190000, 1.500000000000000000 ) ) ;
#5908 = ORIENTED_EDGE ( 'NONE', *, *, #3715, .F. ) ;
#5909 = ORIENTED_EDGE ( 'NONE', *, *, #1630, .F. ) ;
#5910 = ORIENTED_EDGE ( 'NONE', *, *, #6446, .T. ) ;
#5911 = LINE ( 'NONE', #2104, #1614 ) ;
#5912 = ORIENTED_EDGE ( 'NONE', *, *, #3765, .F. ) ;
#5913 = LINE ( 'NONE', #511, #4860 ) ;
#5914 = CARTESIAN_POINT ( 'NONE',  ( -2.496219100977794100, -11.21530727966802700, 0.05504381179042368300 ) ) ;
#5915 = CARTESIAN_POINT ( 'NONE',  ( 9.341318720806418300, 18.68263744161283700, 11.40000000000000400 ) ) ;
#5916 = DIRECTION ( 'NONE',  ( -1.000000000000000000, 0.0000000000000000000, 0.0000000000000000000 ) ) ;
#5917 = TOROIDAL_SURFACE ( 'NONE', #5727, 9.682354874905504600, 0.1000000000000000100 ) ;
#5918 = EDGE_LOOP ( 'NONE', ( #7105, #5384, #4473, #2165 ) ) ;
#5919 = VERTEX_POINT ( 'NONE', #3110 ) ;
#5920 = CARTESIAN_POINT ( 'NONE',  ( -0.4874647051417133100, -1.176218210723529500, 9.528024968268804100 ) ) ;
#5921 = VECTOR ( 'NONE', #628, 1000.000000000000100 ) ;
#5922 = ORIENTED_EDGE ( 'NONE', *, *, #2892, .F. ) ;
#5923 = FACE_OUTER_BOUND ( 'NONE', #6673, .T. ) ;
#5924 = CARTESIAN_POINT ( 'NONE',  ( 9.410604482140875900, 3.722653417819568000, 1.499998324696410800 ) ) ;
#5925 = EDGE_LOOP ( 'NONE', ( #266, #455, #6734, #4262 ) ) ;
#5926 = EDGE_LOOP ( 'NONE', ( #347, #6220, #5618, #6442 ) ) ;
#5927 = DIRECTION ( 'NONE',  ( 0.0000000000000000000, 0.0000000000000000000, -1.000000000000000000 ) ) ;
#5928 = ORIENTED_EDGE ( 'NONE', *, *, #371, .F. ) ;
#5929 = FACE_OUTER_BOUND ( 'NONE', #3002, .T. ) ;
#5930 = EDGE_LOOP ( 'NONE', ( #478, #1890, #134, #6508 ) ) ;
#5931 = DIRECTION ( 'NONE',  ( -1.000000000000000000, 0.0000000000000000000, 0.0000000000000000000 ) ) ;
#5932 = VERTEX_POINT ( 'NONE', #6314 ) ;
#5933 = ORIENTED_EDGE ( 'NONE', *, *, #4960, .F. ) ;
#5934 = EDGE_CURVE ( 'NONE', #677, #1910, #6126, .T. ) ;
#5935 = ORIENTED_EDGE ( 'NONE', *, *, #7059, .T. ) ;
#5936 = CARTESIAN_POINT ( 'NONE',  ( -4.261988919887222900, 8.353582251021496300, 7.236057577981484600 ) ) ;
#5937 = VERTEX_POINT ( 'NONE', #3571 ) ;
#5938 = DIRECTION ( 'NONE',  ( 0.9510565162951534200, 0.3090169943749478400, 0.0000000000000000000 ) ) ;
#5939 = VERTEX_POINT ( 'NONE', #4793 ) ;
#5940 = EDGE_CURVE ( 'NONE', #4285, #2626, #1318, .T. ) ;
#5941 = CARTESIAN_POINT ( 'NONE',  ( 8.329318910392652600, 4.650162915953890400, 1.583721891830310000 ) ) ;
#5942 = CARTESIAN_POINT ( 'NONE',  ( -9.710146074784122000, 19.42029214956824000, 11.04382756442191400 ) ) ;
#5943 = DIRECTION ( 'NONE',  ( -1.000000000000000000, 0.0000000000000000000, 0.0000000000000000000 ) ) ;
#5944 = CARTESIAN_POINT ( 'NONE',  ( 0.4309694385047620500, -1.198091148290798300, 9.528024968268804100 ) ) ;
#5945 = EDGE_CURVE ( 'NONE', #5393, #7034, #6384, .T. ) ;
#5946 = CARTESIAN_POINT ( 'NONE',  ( -1.585695669664667800, -9.738550517147167800, 1.583720051449376600 ) ) ;
#5947 = CARTESIAN_POINT ( 'NONE',  ( 7.105520642288867700, -6.958171942191954800, 4.363140449427771900 ) ) ;
#5948 = EDGE_CURVE ( 'NONE', #1690, #6137, #4898, .T. ) ;
#5949 = CARTESIAN_POINT ( 'NONE',  ( -8.814399537076962300, 4.806743149136326400, 1.583721891836908300 ) ) ;
#5950 = AXIS2_PLACEMENT_3D ( 'NONE', #3722, #6017, #398 ) ;
#5951 = CARTESIAN_POINT ( 'NONE',  ( -0.9849999999999999900, 12.46737528024190000, 1.500000000000000000 ) ) ;
#5952 = CARTESIAN_POINT ( 'NONE',  ( -9.956331755326141700, -1.292237160460798100, 1.583721891836908000 ) ) ;
#5953 = DIRECTION ( 'NONE',  ( -1.000000000000000000, 0.0000000000000000000, 0.0000000000000000000 ) ) ;
#5954 = CARTESIAN_POINT ( 'NONE',  ( 8.148807938013039400, -2.592459052621220100, 9.909339031783240200 ) ) ;
#5955 = EDGE_CURVE ( 'NONE', #3292, #5714, #1518, .T. ) ;
#5956 = AXIS2_PLACEMENT_3D ( 'NONE', #1322, #6802, #1873 ) ;
#5957 = CARTESIAN_POINT ( 'NONE',  ( 3.006056505899044100, 8.270335187504191100, 10.96095955101660400 ) ) ;
#5958 = CARTESIAN_POINT ( 'NONE',  ( 0.0000000000000000000, 0.0000000000000000000, 0.1000000000000000500 ) ) ;
#5959 = CARTESIAN_POINT ( 'NONE',  ( 9.712648140755609600, 1.615717169635910100, 7.197398076836040400 ) ) ;
#5960 = DIRECTION ( 'NONE',  ( 0.0000000000000000000, 0.0000000000000000000, -1.000000000000000000 ) ) ;
#5961 = CARTESIAN_POINT ( 'NONE',  ( -7.301953108523393100, -6.895644224241548800, 1.500000407994914700 ) ) ;
#5962 = DIRECTION ( 'NONE',  ( -1.000000000000000000, 0.0000000000000000000, 0.0000000000000000000 ) ) ;
#5963 = ORIENTED_EDGE ( 'NONE', *, *, #643, .F. ) ;
#5964 = CARTESIAN_POINT ( 'NONE',  ( -2.480929350730538600, -11.20304034527303600, 0.03267536718713902300 ) ) ;
#5965 = DIRECTION ( 'NONE',  ( 0.0000000000000000000, -1.000000000000000000, 0.0000000000000000000 ) ) ;
#5966 = CARTESIAN_POINT ( 'NONE',  ( -10.76034831308177800, -3.997187852341959900, 1.462340326768346400 ) ) ;
#5967 = FILL_AREA_STYLE ('',( #5267 ) ) ;
#5968 = VERTEX_POINT ( 'NONE', #5895 ) ;
#5969 = CARTESIAN_POINT ( 'NONE',  ( 1.044549484812636200, -0.7372235179479150700, 9.528024968268802300 ) ) ;
#5970 = CARTESIAN_POINT ( 'NONE',  ( -3.593263992586802400, -7.596889116839489200, 9.806355243554735400 ) ) ;
#5971 = DIRECTION ( 'NONE',  ( 1.000000000000000000, 2.309291984482540100E-015, 0.0000000000000000000 ) ) ;
#5972 = FACE_OUTER_BOUND ( 'NONE', #3415, .T. ) ;
#5973 = DIRECTION ( 'NONE',  ( 0.0000000000000000000, 0.0000000000000000000, -1.000000000000000000 ) ) ;
#5974 = CARTESIAN_POINT ( 'NONE',  ( -0.4988248205023204100, -8.687290406475892000, 1.407289741471665000 ) ) ;
#5975 = CIRCLE ( 'NONE', #5072, 9.296474063777681700 ) ;
#5976 = CIRCLE ( 'NONE', #5513, 11.50000000000000000 ) ;
#5977 = CARTESIAN_POINT ( 'NONE',  ( 6.441910186581992500, 7.041231389941383900, 1.446550831950623500 ) ) ;
#5978 = ORIENTED_EDGE ( 'NONE', *, *, #5781, .T. ) ;
#5979 = DIRECTION ( 'NONE',  ( -1.000000000000000000, 0.0000000000000000000, 0.0000000000000000000 ) ) ;
#5980 = EDGE_CURVE ( 'NONE', #2545, #7073, #6481, .T. ) ;
#5981 = EDGE_CURVE ( 'NONE', #5004, #5810, #2141, .T. ) ;
#5982 = ORIENTED_EDGE ( 'NONE', *, *, #3795, .F. ) ;
#5983 = CARTESIAN_POINT ( 'NONE',  ( 0.0000000000000000000, 0.0000000000000000000, 0.1000000000000000500 ) ) ;
#5984 = ORIENTED_EDGE ( 'NONE', *, *, #3107, .T. ) ;
#5985 = AXIS2_PLACEMENT_3D ( 'NONE', #1512, #6554, #1560 ) ;
#5986 = CARTESIAN_POINT ( 'NONE',  ( 0.05647524154837235000, 14.91737528024190100, 1.500000000000000000 ) ) ;
#5987 = ORIENTED_EDGE ( 'NONE', *, *, #2756, .F. ) ;
#5988 = CARTESIAN_POINT ( 'NONE',  ( -10.73914575995844900, -3.966721526847534700, 1.488142535054567600 ) ) ;
#5989 = VERTEX_POINT ( 'NONE', #5970 ) ;
#5990 = ORIENTED_EDGE ( 'NONE', *, *, #4096, .T. ) ;
#5991 = VERTEX_POINT ( 'NONE', #2065 ) ;
#5992 = ORIENTED_EDGE ( 'NONE', *, *, #451, .T. ) ;
#5993 = AXIS2_PLACEMENT_3D ( 'NONE', #240, #1353, #1388 ) ;
#5994 = SURFACE_STYLE_FILL_AREA ( #5967 ) ;
#5995 = CARTESIAN_POINT ( 'NONE',  ( -14.15545311535570100, 0.2383990133759980000, 1.500000000000000000 ) ) ;
#5996 = CARTESIAN_POINT ( 'NONE',  ( 1.273058886655806600, 9.663098918667707000, 10.00000000100854800 ) ) ;
#5997 = VECTOR ( 'NONE', #6218, 1000.000000000000000 ) ;
#5998 = AXIS2_PLACEMENT_3D ( 'NONE', #999, #2120, #6022 ) ;
#5999 = ORIENTED_EDGE ( 'NONE', *, *, #6078, .T. ) ;
#6000 = ADVANCED_FACE ( 'NONE', ( #4977 ), #5594, .T. ) ;
#6001 = EDGE_LOOP ( 'NONE', ( #1296, #693 ) ) ;
#6002 = VERTEX_POINT ( 'NONE', #4265 ) ;
#6003 = VECTOR ( 'NONE', #605, 1000.000000000000000 ) ;
#6004 = CARTESIAN_POINT ( 'NONE',  ( 9.838411132091650300, 1.452740999002559900, 4.362828412148360300 ) ) ;
#6005 = CIRCLE ( 'NONE', #1734, 11.50000000000000000 ) ;
#6006 = DIRECTION ( 'NONE',  ( 0.0000000000000000000, 0.0000000000000000000, -1.000000000000000000 ) ) ;
#6007 = AXIS2_PLACEMENT_3D ( 'NONE', #420, #1508, #6539 ) ;
#6008 = CIRCLE ( 'NONE', #6503, 2.350000000000000500 ) ;
#6009 = ORIENTED_EDGE ( 'NONE', *, *, #4366, .F. ) ;
#6010 = ORIENTED_EDGE ( 'NONE', *, *, #2206, .F. ) ;
#6011 = CARTESIAN_POINT ( 'NONE',  ( 14.15545311535570100, -0.2383990133759960100, 1.500000000000000000 ) ) ;
#6012 = CIRCLE ( 'NONE', #6118, 0.1000000000000000500 ) ;
#6013 = ORIENTED_EDGE ( 'NONE', *, *, #4605, .F. ) ;
#6014 = DIRECTION ( 'NONE',  ( 0.0000000000000000000, 0.0000000000000000000, -1.000000000000000000 ) ) ;
#6015 = VECTOR ( 'NONE', #5820, 999.9999999999998900 ) ;
#6016 = EDGE_LOOP ( 'NONE', ( #6907, #6564, #5612, #4627 ) ) ;
#6017 = DIRECTION ( 'NONE',  ( 0.0000000000000000000, 0.0000000000000000000, -1.000000000000000000 ) ) ;
#6018 = LINE ( 'NONE', #2452, #2017 ) ;
#6019 = ORIENTED_EDGE ( 'NONE', *, *, #2087, .T. ) ;
#6020 = CARTESIAN_POINT ( 'NONE',  ( 8.342812969969465100, -1.418037517354401300, 4.165935625339471900 ) ) ;
#6021 = EDGE_LOOP ( 'NONE', ( #3026, #352, #6743, #5788, #4329 ) ) ;
#6022 = DIRECTION ( 'NONE',  ( -1.000000000000000000, 0.0000000000000000000, 0.0000000000000000000 ) ) ;
#6023 = CARTESIAN_POINT ( 'NONE',  ( -2.506475241548370200, -12.46737528024190000, 1.399999999999999900 ) ) ;
#6024 = CARTESIAN_POINT ( 'NONE',  ( -4.708131678587038000, 8.299469236363478300, 1.500000000000000400 ) ) ;
#6025 = EDGE_CURVE ( 'NONE', #7056, #231, #6626, .T. ) ;
#6026 = CARTESIAN_POINT ( 'NONE',  ( 8.687254784475134900, -3.941214657181229900, 1.583721891830319300 ) ) ;
#6027 = ORIENTED_EDGE ( 'NONE', *, *, #5329, .T. ) ;
#6028 = CARTESIAN_POINT ( 'NONE',  ( 0.0000000000000000000, 0.0000000000000000000, 1.500000000000000000 ) ) ;
#6029 = CARTESIAN_POINT ( 'NONE',  ( -3.479213479469439800, 8.082742624606931200, 10.96095955101660000 ) ) ;
#6030 = EDGE_CURVE ( 'NONE', #6578, #1536, #1207, .T. ) ;
#6031 = DIRECTION ( 'NONE',  ( -1.000000000000000000, 0.0000000000000000000, 0.0000000000000000000 ) ) ;
#6032 = ADVANCED_FACE ( 'NONE', ( #6698 ), #4286, .F. ) ;
#6033 = EDGE_CURVE ( 'NONE', #2188, #3127, #1675, .T. ) ;
#6034 = CARTESIAN_POINT ( 'NONE',  ( 3.593263992586802000, 7.596889116839489200, 9.806355243554735400 ) ) ;
#6035 = AXIS2_PLACEMENT_3D ( 'NONE', #877, #3093, #6942 ) ;
#6036 = CARTESIAN_POINT ( 'NONE',  ( 4.941419269840634100, -7.281058389693367200, 10.96095955101660400 ) ) ;
#6037 = CARTESIAN_POINT ( 'NONE',  ( 7.001883768800860600, 6.482385147186344700, 1.499999999999968900 ) ) ;
#6038 = ORIENTED_EDGE ( 'NONE', *, *, #1037, .T. ) ;
#6039 = DIRECTION ( 'NONE',  ( -1.000000000000000000, 0.0000000000000000000, 0.0000000000000000000 ) ) ;
#6040 = AXIS2_PLACEMENT_3D ( 'NONE', #3986, #622, #4508 ) ;
#6041 = AXIS2_PLACEMENT_3D ( 'NONE', #1990, #974, #4239 ) ;
#6042 = CARTESIAN_POINT ( 'NONE',  ( 0.0000000000000000000, -0.007967462753284099800, 1.091359466005290100 ) ) ;
#6043 = CARTESIAN_POINT ( 'NONE',  ( 0.0000000000000000000, 0.0000000000000000000, 1.583721891830338400 ) ) ;
#6044 = CARTESIAN_POINT ( 'NONE',  ( -10.77508558524240800, 4.018399013376003900, 1.500000000000000000 ) ) ;
#6045 = VERTEX_POINT ( 'NONE', #1455 ) ;
#6046 = CARTESIAN_POINT ( 'NONE',  ( -3.716515379776499400, 7.978277129592271400, 10.96095955101660400 ) ) ;
#6047 = FACE_OUTER_BOUND ( 'NONE', #2297, .T. ) ;
#6048 = CARTESIAN_POINT ( 'NONE',  ( -7.478713723269173400, -3.897568225812727800, 7.001146806019640700 ) ) ;
#6049 = B_SPLINE_CURVE_WITH_KNOTS ( 'NONE', 3,
 ( #6769, #6241, #6192, #6717 ),
 .UNSPECIFIED., .F., .F.,
 ( 4, 4 ),
 ( 0.0000000000000000000, 1.000000000000000000 ),
 .UNSPECIFIED. ) ;
#6050 = CIRCLE ( 'NONE', #3003, 3.680000000000001000 ) ;
#6051 = CARTESIAN_POINT ( 'NONE',  ( 0.0000000000000000000, 0.0000000000000000000, 0.09711393867844944600 ) ) ;
#6052 = VECTOR ( 'NONE', #4356, 1000.000000000000100 ) ;
#6053 = ORIENTED_EDGE ( 'NONE', *, *, #4245, .F. ) ;
#6054 = LINE ( 'NONE', #4081, #4974 ) ;
#6055 = DIRECTION ( 'NONE',  ( 0.0000000000000000000, 1.000000000000000000, 0.0000000000000000000 ) ) ;
#6056 = ORIENTED_EDGE ( 'NONE', *, *, #1224, .F. ) ;
#6057 = ADVANCED_FACE ( 'NONE', ( #3730 ), #3776, .F. ) ;
#6058 = DIRECTION ( 'NONE',  ( -0.04661446143125432000, 0.01514595664830370600, -0.9987981237380664200 ) ) ;
#6059 = CARTESIAN_POINT ( 'NONE',  ( 0.8071030644342754900, -1.400335768088595500, 9.040507860752557100 ) ) ;
#6060 = DIRECTION ( 'NONE',  ( -0.9510565162951466500, -0.3090169943749688200, 0.0000000000000000000 ) ) ;
#6061 = EDGE_CURVE ( 'NONE', #73, #768, #4548, .T. ) ;
#6062 = ORIENTED_EDGE ( 'NONE', *, *, #205, .T. ) ;
#6063 = VERTEX_POINT ( 'NONE', #3728 ) ;
#6064 = EDGE_CURVE ( 'NONE', #6908, #6797, #3311, .T. ) ;
#6065 = EDGE_LOOP ( 'NONE', ( #149, #2954, #1102, #3171, #945, #6381, #6849 ) ) ;
#6066 = EDGE_CURVE ( 'NONE', #586, #5132, #2012, .T. ) ;
#6067 = CYLINDRICAL_SURFACE ( 'NONE', #3514, 0.1000000000000000500 ) ;
#6068 = B_SPLINE_CURVE_WITH_KNOTS ( 'NONE', 3,
 ( #406, #5845, #6980, #4210 ),
 .UNSPECIFIED., .F., .F.,
 ( 4, 4 ),
 ( 0.0000000000000000000, 1.000000000000000000 ),
 .UNSPECIFIED. ) ;
#6069 = ORIENTED_EDGE ( 'NONE', *, *, #5154, .T. ) ;
#6070 = ORIENTED_EDGE ( 'NONE', *, *, #2989, .F. ) ;
#6071 = CARTESIAN_POINT ( 'NONE',  ( -2.499976862686790200, -11.21831981095981600, 0.06337339303232365800 ) ) ;
#6072 = ORIENTED_EDGE ( 'NONE', *, *, #5631, .F. ) ;
#6073 = AXIS2_PLACEMENT_3D ( 'NONE', #927, #1604, #5372 ) ;
#6074 = VECTOR ( 'NONE', #1977, 1000.000000000000000 ) ;
#6075 = VERTEX_POINT ( 'NONE', #1012 ) ;
#6076 = CIRCLE ( 'NONE', #4609, 0.1000000000000000100 ) ;
#6077 = TOROIDAL_SURFACE ( 'NONE', #555, 3.680000000000000200, 0.1000000000000000100 ) ;
#6078 = EDGE_CURVE ( 'NONE', #2224, #6839, #569, .T. ) ;
#6079 = EDGE_LOOP ( 'NONE', ( #1795, #5489, #4369, #5313 ) ) ;
#6080 = EDGE_LOOP ( 'NONE', ( #752, #6167, #2726, #2516, #3229, #5477, #5891 ) ) ;
#6081 = AXIS2_PLACEMENT_3D ( 'NONE', #2019, #5931, #7068 ) ;
#6082 = CARTESIAN_POINT ( 'NONE',  ( 8.814399537076960600, -4.806743149136327300, 1.583721891836907600 ) ) ;
#6083 = LINE ( 'NONE', #2299, #6003 ) ;
#6084 = VERTEX_POINT ( 'NONE', #484 ) ;
#6085 = CARTESIAN_POINT ( 'NONE',  ( -9.751918838435491600, -1.501291410881822100, 1.583720051449376800 ) ) ;
#6086 = AXIS2_PLACEMENT_3D ( 'NONE', #704, #2848, #4575 ) ;
#6087 = ORIENTED_EDGE ( 'NONE', *, *, #3373, .T. ) ;
#6088 = CARTESIAN_POINT ( 'NONE',  ( -8.807393294065772000, -4.401831117403098400, 7.197091453833561300 ) ) ;
#6089 = EDGE_LOOP ( 'NONE', ( #3069, #4465, #2350, #4539 ) ) ;
#6090 = CARTESIAN_POINT ( 'NONE',  ( 3.852851318591306900, 7.062309396528019300, 4.172194580287064800 ) ) ;
#6091 = FACE_OUTER_BOUND ( 'NONE', #2930, .T. ) ;
#6092 = ORIENTED_EDGE ( 'NONE', *, *, #2558, .T. ) ;
#6093 = CARTESIAN_POINT ( 'NONE',  ( 4.706676909101177300, -8.301477032409314600, 1.464368314612603200 ) ) ;
#6094 = VERTEX_POINT ( 'NONE', #1680 ) ;
#6095 = ORIENTED_EDGE ( 'NONE', *, *, #6190, .T. ) ;
#6096 = CARTESIAN_POINT ( 'NONE',  ( -4.983695211967280200, -6.948862985003850100, 9.909339031783240200 ) ) ;
#6097 = VECTOR ( 'NONE', #4142, 1000.000000000000000 ) ;
#6098 = DIRECTION ( 'NONE',  ( -1.000000000000000000, 0.0000000000000000000, 0.0000000000000000000 ) ) ;
#6099 = ORIENTED_EDGE ( 'NONE', *, *, #367, .T. ) ;
#6100 = ORIENTED_EDGE ( 'NONE', *, *, #4810, .F. ) ;
#6101 = ADVANCED_FACE ( 'NONE', ( #3531 ), #6206, .T. ) ;
#6102 = B_SPLINE_CURVE_WITH_KNOTS ( 'NONE', 3,
 ( #6920, #3640, #4178, #6342 ),
 .UNSPECIFIED., .F., .F.,
 ( 4, 4 ),
 ( 0.0000000000000000000, 1.000000000000000000 ),
 .UNSPECIFIED. ) ;
#6103 = CARTESIAN_POINT ( 'NONE',  ( -2.454149153949881900, -11.18152366405608500, 0.01127412377759100600 ) ) ;
#6104 = CARTESIAN_POINT ( 'NONE',  ( -8.687254784475133100, 3.941214657181233400, 1.583721891830319300 ) ) ;
#6105 = ORIENTED_EDGE ( 'NONE', *, *, #6537, .F. ) ;
#6106 = CARTESIAN_POINT ( 'NONE',  ( -1.034999999999999900, 12.46737528024190000, 1.500000000000000000 ) ) ;
#6107 = EDGE_CURVE ( 'NONE', #353, #4226, #4831, .T. ) ;
#6108 = DIRECTION ( 'NONE',  ( -1.000000000000000000, 0.0000000000000000000, 0.0000000000000000000 ) ) ;
#6109 = CARTESIAN_POINT ( 'NONE',  ( 4.707404377890504100, -8.300473170794768800, 1.482184704260321100 ) ) ;
#6110 = DIRECTION ( 'NONE',  ( -0.9976694263629242200, 0.0000000000000000000, -0.06823280516491731000 ) ) ;
#6111 = EDGE_CURVE ( 'NONE', #2160, #6084, #2751, .T. ) ;
#6112 = DIRECTION ( 'NONE',  ( -1.000000000000000000, 0.0000000000000000000, 0.0000000000000000000 ) ) ;
#6113 = CARTESIAN_POINT ( 'NONE',  ( 2.407524733388446400, 11.14395595615931700, 4.130257898576130200E-006 ) ) ;
#6114 = EDGE_CURVE ( 'NONE', #1628, #3254, #1448, .T. ) ;
#6115 = B_SPLINE_CURVE_WITH_KNOTS ( 'NONE', 3,
 ( #3922, #1653, #601, #5607 ),
 .UNSPECIFIED., .F., .F.,
 ( 4, 4 ),
 ( 0.0000000000000000000, 1.000000000000000000 ),
 .UNSPECIFIED. ) ;
#6116 = CARTESIAN_POINT ( 'NONE',  ( 8.813208767539277800, -4.601065764287137800, 4.452826264592063800 ) ) ;
#6117 = ORIENTED_EDGE ( 'NONE', *, *, #4543, .F. ) ;
#6118 = AXIS2_PLACEMENT_3D ( 'NONE', #4424, #4807, #1632 ) ;
#6119 = CARTESIAN_POINT ( 'NONE',  ( -14.15545311535570100, -4.018399013375997700, 1.399999999999999900 ) ) ;
#6120 = DIRECTION ( 'NONE',  ( 1.000000000000000000, 0.0000000000000000000, 0.0000000000000000000 ) ) ;
#6121 = AXIS2_PLACEMENT_3D ( 'NONE', #3492, #1232, #4541 ) ;
#6122 = ORIENTED_EDGE ( 'NONE', *, *, #5423, .F. ) ;
#6123 = ADVANCED_FACE ( 'NONE', ( #4629 ), #2991, .F. ) ;
#6124 = CARTESIAN_POINT ( 'NONE',  ( 1.848666648172068600, -9.867503286763067600, 1.583721891830310600 ) ) ;
#6125 = DIRECTION ( 'NONE',  ( 0.0000000000000000000, 0.0000000000000000000, -1.000000000000000000 ) ) ;
#6126 = CIRCLE ( 'NONE', #5786, 11.50000000000000000 ) ;
#6127 = CARTESIAN_POINT ( 'NONE',  ( 0.0000000000000000000, -9.175869535789198000E-017, 10.00000000000000900 ) ) ;
#6128 = CARTESIAN_POINT ( 'NONE',  ( 4.158630023512389900, 3.635950204259230200, -37.10965223203719900 ) ) ;
#6129 = CARTESIAN_POINT ( 'NONE',  ( 2.442933142663652500, -11.17249511008022400, 1.493117245697711800 ) ) ;
#6130 = TOROIDAL_SURFACE ( 'NONE', #1070, 2.350000000000000500, 0.1000000000000000100 ) ;
#6131 = CARTESIAN_POINT ( 'NONE',  ( 2.505086847574671300, 11.22241564728741300, 0.08101627601734974500 ) ) ;
#6132 = VECTOR ( 'NONE', #6060, 1000.000000000000100 ) ;
#6133 = EDGE_LOOP ( 'NONE', ( #6874, #6265, #797, #3370 ) ) ;
#6134 = ORIENTED_EDGE ( 'NONE', *, *, #6880, .F. ) ;
#6135 = CARTESIAN_POINT ( 'NONE',  ( 10.71540506786935500, 3.932679326836673500, 1.499772695604944000 ) ) ;
#6136 = DIRECTION ( 'NONE',  ( -1.000000000000000000, 0.0000000000000000000, 0.0000000000000000000 ) ) ;
#6137 = VERTEX_POINT ( 'NONE', #5157 ) ;
#6138 = ORIENTED_EDGE ( 'NONE', *, *, #5374, .F. ) ;
#6139 = CARTESIAN_POINT ( 'NONE',  ( 7.302051962268437900, -6.895531216981429300, 1.499999327185927100 ) ) ;
#6140 = ORIENTED_EDGE ( 'NONE', *, *, #410, .F. ) ;
#6141 = CARTESIAN_POINT ( 'NONE',  ( 0.007577507369849770400, -0.002462081392814200100, 1.091359466005290100 ) ) ;
#6142 = CARTESIAN_POINT ( 'NONE',  ( 0.05647524154837250300, -12.46737528024190000, 1.500000000000000000 ) ) ;
#6143 = VERTEX_POINT ( 'NONE', #6307 ) ;
#6144 = ORIENTED_EDGE ( 'NONE', *, *, #4097, .F. ) ;
#6145 = ORIENTED_EDGE ( 'NONE', *, *, #4196, .F. ) ;
#6146 = CARTESIAN_POINT ( 'NONE',  ( 1.847685141975744100, 9.868357437644506900, 1.583721891836908000 ) ) ;
#6147 = ORIENTED_EDGE ( 'NONE', *, *, #5319, .F. ) ;
#6148 = CARTESIAN_POINT ( 'NONE',  ( 0.0000000000000000000, 0.0000000000000000000, 1.399999999999999900 ) ) ;
#6149 =( BOUNDED_CURVE ( )  B_SPLINE_CURVE ( 3, ( #6881, #2451, #3611, #1932 ),
 .UNSPECIFIED., .F., .F. ) 
 B_SPLINE_CURVE_WITH_KNOTS ( ( 4, 4 ),
 ( 0.0000000000000000000, 0.5000000000000000000 ),
 .UNSPECIFIED. ) 
 CURVE ( )  GEOMETRIC_REPRESENTATION_ITEM ( )  RATIONAL_B_SPLINE_CURVE ( ( 1.000000000000000000, 0.3333333333333333700, 0.3333333333333333700, 1.000000000000000000 ) ) 
 REPRESENTATION_ITEM ( '' )  );
#6150 = CARTESIAN_POINT ( 'NONE',  ( 4.705949272254816400, -8.302480821155148400, 1.446550831950642600 ) ) ;
#6151 = EDGE_CURVE ( 'NONE', #1185, #5859, #3438, .T. ) ;
#6152 = DIRECTION ( 'NONE',  ( 0.0000000000000000000, 0.0000000000000000000, -1.000000000000000000 ) ) ;
#6153 = CARTESIAN_POINT ( 'NONE',  ( 8.813341538124150900, -4.607580812815260000, 4.362828412148360300 ) ) ;
#6154 = FACE_OUTER_BOUND ( 'NONE', #2332, .T. ) ;
#6155 = ORIENTED_EDGE ( 'NONE', *, *, #946, .F. ) ;
#6156 = ORIENTED_EDGE ( 'NONE', *, *, #2651, .F. ) ;
#6157 = CARTESIAN_POINT ( 'NONE',  ( 9.075849831287058600, -18.15169966257412800, 10.96095955101655200 ) ) ;
#6158 = ORIENTED_EDGE ( 'NONE', *, *, #5428, .T. ) ;
#6159 = VECTOR ( 'NONE', #4461, 1000.000000000000000 ) ;
#6160 = EDGE_CURVE ( 'NONE', #4226, #353, #220, .T. ) ;
#6161 = VECTOR ( 'NONE', #3057, 1000.000000000000000 ) ;
#6162 = EDGE_CURVE ( 'NONE', #3195, #6603, #697, .T. ) ;
#6163 = ADVANCED_FACE ( 'NONE', ( #3204 ), #565, .T. ) ;
#6164 = CARTESIAN_POINT ( 'NONE',  ( 14.15545311535570100, -4.018399013376000400, 1.399999999999999900 ) ) ;
#6165 = FACE_OUTER_BOUND ( 'NONE', #3926, .T. ) ;
#6166 = CARTESIAN_POINT ( 'NONE',  ( 9.341318720806421900, 1.143981607125083000E-015, 11.40000000000000200 ) ) ;
#6167 = ORIENTED_EDGE ( 'NONE', *, *, #4370, .F. ) ;
#6168 = AXIS2_PLACEMENT_3D ( 'NONE', #6941, #7012, #836 ) ;
#6169 = ORIENTED_EDGE ( 'NONE', *, *, #3199, .T. ) ;
#6170 = LINE ( 'NONE', #5554, #7095 ) ;
#6171 = ORIENTED_EDGE ( 'NONE', *, *, #3614, .T. ) ;
#6172 = EDGE_CURVE ( 'NONE', #87, #355, #4722, .T. ) ;
#6173 = AXIS2_PLACEMENT_3D ( 'NONE', #2505, #766, #3035 ) ;
#6174 = FACE_OUTER_BOUND ( 'NONE', #6312, .T. ) ;
#6175 = VERTEX_POINT ( 'NONE', #3053 ) ;
#6176 = CIRCLE ( 'NONE', #3391, 9.539474233726782200 ) ;
#6177 = EDGE_LOOP ( 'NONE', ( #2534, #2844, #4845, #3048 ) ) ;
#6178 = CARTESIAN_POINT ( 'NONE',  ( -5.425345657501492400, 8.543023419625342300, 1.499998728424691400 ) ) ;
#6179 = CARTESIAN_POINT ( 'NONE',  ( 4.382926523415738600, -8.198437967615522100, 9.999999999952820000 ) ) ;
#6180 = CARTESIAN_POINT ( 'NONE',  ( 8.358088548144129600, 4.254397241527092500, 7.217198224271415400 ) ) ;
#6181 = CARTESIAN_POINT ( 'NONE',  ( -10.73914575995844500, 3.966721526847544900, 1.488142535054567400 ) ) ;
#6182 = ORIENTED_EDGE ( 'NONE', *, *, #2651, .T. ) ;
#6183 = CARTESIAN_POINT ( 'NONE',  ( -9.274295224624092200, 1.135773596118347700E-015, 10.76816110240663900 ) ) ;
#6184 = CARTESIAN_POINT ( 'NONE',  ( 0.6202670662636562400, 10.03931544941503900, 1.583721891830310200 ) ) ;
#6185 = CARTESIAN_POINT ( 'NONE',  ( 2.406999988442830100, -11.14353243821287600, 1.500000000000000000 ) ) ;
#6186 = CARTESIAN_POINT ( 'NONE',  ( -9.075849831287063900, 1.111471044542774700E-015, 10.96095955101655100 ) ) ;
#6187 = ORIENTED_EDGE ( 'NONE', *, *, #3930, .F. ) ;
#6188 = DIRECTION ( 'NONE',  ( 0.0000000000000000000, 0.0000000000000000000, -1.000000000000000000 ) ) ;
#6189 = CARTESIAN_POINT ( 'NONE',  ( 1.324730612834804000, 9.609250989805863300, 1.583720050540679700 ) ) ;
#6190 = EDGE_CURVE ( 'NONE', #5726, #4147, #6102, .T. ) ;
#6191 = ADVANCED_FACE ( 'NONE', ( #6622 ), #2826, .T. ) ;
#6192 = CARTESIAN_POINT ( 'NONE',  ( -4.540441179240279000, 8.734256422739783000, 7.258252300644022300 ) ) ;
#6193 = EDGE_CURVE ( 'NONE', #1784, #6002, #6608, .T. ) ;
#6194 = CARTESIAN_POINT ( 'NONE',  ( 8.364782971739114000, -4.056456070784451000, 9.999999999952818200 ) ) ;
#6195 = ORIENTED_EDGE ( 'NONE', *, *, #4934, .F. ) ;
#6196 = CARTESIAN_POINT ( 'NONE',  ( 8.796756363386910100, -4.196812733975970200, 10.00000000000000000 ) ) ;
#6197 = EDGE_CURVE ( 'NONE', #962, #378, #726, .T. ) ;
#6198 = AXIS2_PLACEMENT_3D ( 'NONE', #741, #2417, #5750 ) ;
#6199 = CARTESIAN_POINT ( 'NONE',  ( 2.506475241548376000, 11.22352804885812300, 0.1000000000000000500 ) ) ;
#6200 = ORIENTED_EDGE ( 'NONE', *, *, #5120, .F. ) ;
#6201 = CARTESIAN_POINT ( 'NONE',  ( -1.273058886662290500, -9.208895215474559100, 10.00000000091395500 ) ) ;
#6202 = EDGE_CURVE ( 'NONE', #2917, #5989, #3867, .T. ) ;
#6203 = DIRECTION ( 'NONE',  ( -1.000000000000000000, -0.0000000000000000000, -0.0000000000000000000 ) ) ;
#6204 = CARTESIAN_POINT ( 'NONE',  ( 4.537999437151515100, 8.738012069739056600, 7.197091453833548900 ) ) ;
#6205 = AXIS2_PLACEMENT_3D ( 'NONE', #6344, #6765, #3490 ) ;
#6206 = CYLINDRICAL_SURFACE ( 'NONE', #4472, 10.04342387723020000 ) ;
#6207 = AXIS2_PLACEMENT_3D ( 'NONE', #2094, #4818, #5971 ) ;
#6208 = VECTOR ( 'NONE', #3574, 1000.000000000000000 ) ;
#6209 = LINE ( 'NONE', #2027, #2680 ) ;
#6210 = CARTESIAN_POINT ( 'NONE',  ( -7.978277129592448200, -3.716515379776546000, 10.96095955101660000 ) ) ;
#6211 = CARTESIAN_POINT ( 'NONE',  ( 2.406475241548370100, 11.14310894283165100, 1.500000000000000000 ) ) ;
#6212 = CARTESIAN_POINT ( 'NONE',  ( -11.96579960646100300, 2.461540066286180200E-016, 1.500000000000000000 ) ) ;
#6213 = VERTEX_POINT ( 'NONE', #5128 ) ;
#6214 = DIRECTION ( 'NONE',  ( 0.0000000000000000000, 1.079514515332727700E-017, -1.000000000000000000 ) ) ;
#6215 = DIRECTION ( 'NONE',  ( 0.0000000000000000000, 0.0000000000000000000, -1.000000000000000000 ) ) ;
#6216 = DIRECTION ( 'NONE',  ( -0.5877852522924734700, -0.8090169943749472300, -0.0000000000000000000 ) ) ;
#6217 = CARTESIAN_POINT ( 'NONE',  ( -13.97579960646100300, 0.0000000000000000000, 0.0000000000000000000 ) ) ;
#6218 = DIRECTION ( 'NONE',  ( 0.0000000000000000000, 0.0000000000000000000, -1.000000000000000000 ) ) ;
#6219 = CIRCLE ( 'NONE', #3968, 11.40000000000000000 ) ;
#6220 = ORIENTED_EDGE ( 'NONE', *, *, #4260, .F. ) ;
#6221 = CARTESIAN_POINT ( 'NONE',  ( -1.120672737086980500, 0.6071301088860675500, 9.528024968268802300 ) ) ;
#6222 = ADVANCED_FACE ( 'NONE', ( #122 ), #6970, .T. ) ;
#6223 = ORIENTED_EDGE ( 'NONE', *, *, #6919, .T. ) ;
#6224 = PLANE ( 'NONE',  #916 ) ;
#6225 = ORIENTED_EDGE ( 'NONE', *, *, #956, .T. ) ;
#6226 = CARTESIAN_POINT ( 'NONE',  ( -4.705949272254814600, 8.302480821155148400, 1.446550831950623700 ) ) ;
#6227 = EDGE_LOOP ( 'NONE', ( #5175, #3341, #2077, #1923 ) ) ;
#6228 = ORIENTED_EDGE ( 'NONE', *, *, #1069, .F. ) ;
#6229 = EDGE_LOOP ( 'NONE', ( #5030, #440, #5637, #6019, #4747 ) ) ;
#6230 = EDGE_LOOP ( 'NONE', ( #5531, #4322, #5710, #5318 ) ) ;
#6231 = VECTOR ( 'NONE', #4735, 1000.000000000000100 ) ;
#6232 = ORIENTED_EDGE ( 'NONE', *, *, #3573, .F. ) ;
#6233 = EDGE_CURVE ( 'NONE', #1607, #2545, #5868, .T. ) ;
#6234 = LINE ( 'NONE', #5190, #453 ) ;
#6235 = CARTESIAN_POINT ( 'NONE',  ( -1.369481536024617300, -8.692426185882677500, 10.96095955101660200 ) ) ;
#6236 = DIRECTION ( 'NONE',  ( -0.0000000000000000000, -0.0000000000000000000, 1.000000000000000000 ) ) ;
#6237 = EDGE_CURVE ( 'NONE', #3798, #1972, #5348, .T. ) ;
#6238 = LINE ( 'NONE', #1908, #6518 ) ;
#6239 = ORIENTED_EDGE ( 'NONE', *, *, #2596, .F. ) ;
#6240 = ORIENTED_EDGE ( 'NONE', *, *, #4743, .T. ) ;
#6241 = CARTESIAN_POINT ( 'NONE',  ( -4.425597066837783100, 8.902614534479370800, 4.452826264591858600 ) ) ;
#6242 = AXIS2_PLACEMENT_3D ( 'NONE', #4748, #2594, #5883 ) ;
#6243 = FACE_OUTER_BOUND ( 'NONE', #1283, .T. ) ;
#6244 =( BOUNDED_CURVE ( )  B_SPLINE_CURVE ( 3, ( #1648, #4922, #567, #4353 ),
 .UNSPECIFIED., .F., .F. ) 
 B_SPLINE_CURVE_WITH_KNOTS ( ( 4, 4 ),
 ( 4.900864036833334900, 4.901444126251045800 ),
 .UNSPECIFIED. ) 
 CURVE ( )  GEOMETRIC_REPRESENTATION_ITEM ( )  RATIONAL_B_SPLINE_CURVE ( ( 1.000000000000000000, 0.9999999719580224800, 0.9999999719580224800, 1.000000000000000000 ) ) 
 REPRESENTATION_ITEM ( '' )  );
#6245 = VERTEX_POINT ( 'NONE', #131 ) ;
#6246 = CIRCLE ( 'NONE', #6360, 1.960000000000000000 ) ;
#6247 = CARTESIAN_POINT ( 'NONE',  ( -1.558327750901147700, 8.258079982341330400, 9.806355243554747900 ) ) ;
#6248 = EDGE_CURVE ( 'NONE', #1536, #5859, #172, .T. ) ;
#6249 = CARTESIAN_POINT ( 'NONE',  ( -6.817219947559130400, -6.560484908470661100, 4.355618949381399900 ) ) ;
#6250 = CARTESIAN_POINT ( 'NONE',  ( -0.9624314728824525700, 0.8378929931195182600, 9.528024968268802300 ) ) ;
#6251 = ORIENTED_EDGE ( 'NONE', *, *, #5032, .T. ) ;
#6252 = ORIENTED_EDGE ( 'NONE', *, *, #2892, .T. ) ;
#6253 = CARTESIAN_POINT ( 'NONE',  ( 4.302470668732227400, 9.073477267398095200, 1.527902837829641500 ) ) ;
#6254 = FACE_OUTER_BOUND ( 'NONE', #6668, .T. ) ;
#6255 = ORIENTED_EDGE ( 'NONE', *, *, #6766, .F. ) ;
#6256 = DIRECTION ( 'NONE',  ( 1.000000000000000000, -0.0000000000000000000, 0.0000000000000000000 ) ) ;
#6257 = CARTESIAN_POINT ( 'NONE',  ( -4.301581747076962600, -9.075500432331432800, 1.499999327185927100 ) ) ;
#6258 = AXIS2_PLACEMENT_3D ( 'NONE', #4614, #792, #5096 ) ;
#6259 = ORIENTED_EDGE ( 'NONE', *, *, #1106, .T. ) ;
#6260 = ORIENTED_EDGE ( 'NONE', *, *, #4662, .T. ) ;
#6261 = CARTESIAN_POINT ( 'NONE',  ( 2.474541885154901300, 11.19791029615861300, 1.473259347718543400 ) ) ;
#6262 = FACE_OUTER_BOUND ( 'NONE', #1096, .T. ) ;
#6263 = EDGE_LOOP ( 'NONE', ( #5100, #4252, #1475, #5045 ) ) ;
#6264 = AXIS2_PLACEMENT_3D ( 'NONE', #6271, #4544, #5656 ) ;
#6265 = ORIENTED_EDGE ( 'NONE', *, *, #2677, .T. ) ;
#6266 = CARTESIAN_POINT ( 'NONE',  ( -3.172576103058773800, -8.207406495289845300, 10.96095955101660000 ) ) ;
#6267 = CARTESIAN_POINT ( 'NONE',  ( -3.759437029026470300, -7.549087019595501300, 7.001760241560639900 ) ) ;
#6268 = ADVANCED_FACE ( 'NONE', ( #5153 ), #4351, .T. ) ;
#6269 = CARTESIAN_POINT ( 'NONE',  ( 0.0000000000000000000, 9.746597336550346200, 10.00000000000000900 ) ) ;
#6270 = CARTESIAN_POINT ( 'NONE',  ( 2.505086847574672100, -11.22241564728741300, 0.08101627601734935600 ) ) ;
#6271 = CARTESIAN_POINT ( 'NONE',  ( 0.0000000000000000000, -9.175869535789198000E-017, 10.00000000000000900 ) ) ;
#6272 = CARTESIAN_POINT ( 'NONE',  ( 7.372351021457740600, 4.033944817469141200, 9.806355243554774500 ) ) ;
#6273 = CARTESIAN_POINT ( 'NONE',  ( -7.892580078296128400, -6.270356114562053700, 1.500003561359264400 ) ) ;
#6274 = ORIENTED_EDGE ( 'NONE', *, *, #5457, .F. ) ;
#6275 = CARTESIAN_POINT ( 'NONE',  ( -6.709753309980829500, -7.069326004652203300, 10.00000000000002300 ) ) ;
#6276 = DIRECTION ( 'NONE',  ( -1.000000000000000000, 0.0000000000000000000, 0.0000000000000000000 ) ) ;
#6277 = CARTESIAN_POINT ( 'NONE',  ( 13.97579960646100300, 0.0000000000000000000, 0.0000000000000000000 ) ) ;
#6278 = ADVANCED_FACE ( 'NONE', ( #4532 ), #4372, .T. ) ;
#6279 = EDGE_CURVE ( 'NONE', #1693, #591, #2215, .T. ) ;
#6280 = B_SPLINE_CURVE_WITH_KNOTS ( 'NONE', 3,
 ( #6026, #7072, #6501, #489 ),
 .UNSPECIFIED., .F., .F.,
 ( 4, 4 ),
 ( 0.0000000000000000000, 1.000000000000000000 ),
 .UNSPECIFIED. ) ;
#6281 = CARTESIAN_POINT ( 'NONE',  ( -1.881895312903670000, -8.600296039108036100, 10.96095955101660400 ) ) ;
#6282 = DIRECTION ( 'NONE',  ( 0.0000000000000000000, 0.0000000000000000000, -1.000000000000000000 ) ) ;
#6283 = CARTESIAN_POINT ( 'NONE',  ( 6.434675404413583000, 7.043571207304313300, 1.555817281656205700 ) ) ;
#6284 = EDGE_CURVE ( 'NONE', #6778, #5301, #1064, .T. ) ;
#6285 = ORIENTED_EDGE ( 'NONE', *, *, #3573, .T. ) ;
#6286 = CARTESIAN_POINT ( 'NONE',  ( 8.364782971740076800, 4.056456070781385900, 10.00000000000019700 ) ) ;
#6287 = EDGE_CURVE ( 'NONE', #7076, #184, #3083, .T. ) ;
#6288 = VECTOR ( 'NONE', #6203, 1000.000000000000000 ) ;
#6289 = PLANE ( 'NONE',  #1559 ) ;
#6290 = DIRECTION ( 'NONE',  ( 0.0000000000000000000, 0.0000000000000000000, 1.000000000000000000 ) ) ;
#6291 = EDGE_CURVE ( 'NONE', #740, #3554, #2382, .T. ) ;
#6292 = EDGE_LOOP ( 'NONE', ( #5693, #4637, #4835, #664 ) ) ;
#6293 = VECTOR ( 'NONE', #7097, 999.9999999999998900 ) ;
#6294 = CARTESIAN_POINT ( 'NONE',  ( -14.15545311535570100, 3.918399013376000300, 0.0000000000000000000 ) ) ;
#6295 = VECTOR ( 'NONE', #3515, 1000.000000000000000 ) ;
#6296 = DIRECTION ( 'NONE',  ( 0.0000000000000000000, 0.0000000000000000000, -1.000000000000000000 ) ) ;
#6297 = CARTESIAN_POINT ( 'NONE',  ( -1.652442292883890400, -9.803667141239291300, 4.452826264592110000 ) ) ;
#6298 = ADVANCED_FACE ( 'NONE', ( #6474 ), #4824, .T. ) ;
#6299 = DIRECTION ( 'NONE',  ( 0.0000000000000000000, 0.0000000000000000000, -1.000000000000000000 ) ) ;
#6300 = EDGE_CURVE ( 'NONE', #2021, #739, #2744, .T. ) ;
#6301 = DIRECTION ( 'NONE',  ( -1.000000000000000000, 0.0000000000000000000, 0.0000000000000000000 ) ) ;
#6302 = CARTESIAN_POINT ( 'NONE',  ( -2.480929350730537200, -11.20304034527303600, 1.467324632812861100 ) ) ;
#6303 = FACE_BOUND ( 'NONE', #4573, .T. ) ;
#6304 = ORIENTED_EDGE ( 'NONE', *, *, #495, .F. ) ;
#6305 = ORIENTED_EDGE ( 'NONE', *, *, #1664, .F. ) ;
#6306 = DIRECTION ( 'NONE',  ( 0.0000000000000000000, 0.0000000000000000000, -1.000000000000000000 ) ) ;
#6307 = CARTESIAN_POINT ( 'NONE',  ( -10.70542615555186600, 3.918399013376000300, 0.0000000000000000000 ) ) ;
#6308 = CARTESIAN_POINT ( 'NONE',  ( -1.848666648172068600, 9.867503286763067600, 1.583721891830309800 ) ) ;
#6309 = ADVANCED_FACE ( 'NONE', ( #4967 ), #4512, .F. ) ;
#6310 = ORIENTED_EDGE ( 'NONE', *, *, #4509, .T. ) ;
#6311 = CARTESIAN_POINT ( 'NONE',  ( -9.348156999473090400, -1.913022274167459400, 1.500000000000000400 ) ) ;
#6312 = EDGE_LOOP ( 'NONE', ( #1767, #4338, #4177, #2857 ) ) ;
#6313 = ORIENTED_EDGE ( 'NONE', *, *, #2384, .F. ) ;
#6314 = CARTESIAN_POINT ( 'NONE',  ( -9.282280378750750000, 0.0000000000000000000, 10.49159636633811800 ) ) ;
#6315 = CARTESIAN_POINT ( 'NONE',  ( 1.071704165399873300, 9.482551272107627900, 1.464368314612602800 ) ) ;
#6316 = CARTESIAN_POINT ( 'NONE',  ( 2.496219100977793200, -11.21530727966802700, 1.444956188209576500 ) ) ;
#6317 = ORIENTED_EDGE ( 'NONE', *, *, #6541, .F. ) ;
#6318 = VERTEX_POINT ( 'NONE', #2296 ) ;
#6319 = EDGE_LOOP ( 'NONE', ( #3145, #6723, #6260, #1261 ) ) ;
#6320 = VERTEX_POINT ( 'NONE', #3992 ) ;
#6321 = CARTESIAN_POINT ( 'NONE',  ( 0.0000000000000000000, 0.0000000000000000000, 10.00000000000039800 ) ) ;
#6322 = CARTESIAN_POINT ( 'NONE',  ( 6.438371598596202000, 7.042376350824225600, 1.500000000000000000 ) ) ;
#6323 = CARTESIAN_POINT ( 'NONE',  ( 6.908002682067800200, 7.016093986180900200, 7.197398076836040400 ) ) ;
#6324 = CARTESIAN_POINT ( 'NONE',  ( -6.158039997401950000, 6.309957775935370000, 10.00000000000000000 ) ) ;
#6325 = CARTESIAN_POINT ( 'NONE',  ( 0.4988248205023209600, 8.687290406475892000, 1.407289741471665000 ) ) ;
#6326 = DIRECTION ( 'NONE',  ( -0.1686585251822843000, -0.9852095326774051900, 0.03027339764389993000 ) ) ;
#6327 = DIRECTION ( 'NONE',  ( -1.000000000000000000, -0.0000000000000000000, -0.0000000000000000000 ) ) ;
#6328 = ORIENTED_EDGE ( 'NONE', *, *, #3199, .F. ) ;
#6329 = ORIENTED_EDGE ( 'NONE', *, *, #4605, .T. ) ;
#6330 = ORIENTED_EDGE ( 'NONE', *, *, #1390, .F. ) ;
#6331 = VECTOR ( 'NONE', #3015, 1000.000000000000000 ) ;
#6332 = CIRCLE ( 'NONE', #3784, 0.04999999999999991300 ) ;
#6333 = B_SPLINE_CURVE_WITH_KNOTS ( 'NONE', 3,
 ( #6037, #5561, #7148, #2720 ),
 .UNSPECIFIED., .F., .F.,
 ( 4, 4 ),
 ( 0.0000000000000000000, 1.000000000000000000 ),
 .UNSPECIFIED. ) ;
#6334 = DIRECTION ( 'NONE',  ( 0.0000000000000000000, 0.0000000000000000000, -1.000000000000000000 ) ) ;
#6335 = DIRECTION ( 'NONE',  ( -0.8940976206678908900, -0.4436780449901203100, -0.06114930179291464700 ) ) ;
#6336 = CARTESIAN_POINT ( 'NONE',  ( 0.9849999999999999900, -12.46737528024190000, 1.500000000000000000 ) ) ;
#6337 = LINE ( 'NONE', #4193, #1897 ) ;
#6338 = ORIENTED_EDGE ( 'NONE', *, *, #4754, .T. ) ;
#6339 = EDGE_LOOP ( 'NONE', ( #448, #6937, #2431, #230 ) ) ;
#6340 = EDGE_LOOP ( 'NONE', ( #442, #1496, #1871, #4408 ) ) ;
#6341 = EDGE_CURVE ( 'NONE', #4341, #2917, #1223, .T. ) ;
#6342 = CARTESIAN_POINT ( 'NONE',  ( -1.059365186118820000, 8.424850259276931700, 1.300721701513781300 ) ) ;
#6343 = DIRECTION ( 'NONE',  ( -0.0000000000000000000, -0.0000000000000000000, 1.000000000000000000 ) ) ;
#6344 = CARTESIAN_POINT ( 'NONE',  ( -0.05647524154837250300, -12.46737528024190000, 1.500000000000000000 ) ) ;
#6345 = EDGE_CURVE ( 'NONE', #1598, #4075, #1746, .T. ) ;
#6346 = CARTESIAN_POINT ( 'NONE',  ( -5.509818940310825800, -6.734963700940739700, 1.407289741471665000 ) ) ;
#6347 = ORIENTED_EDGE ( 'NONE', *, *, #2996, .F. ) ;
#6348 = CARTESIAN_POINT ( 'NONE',  ( 9.960575687348157500, -1.286563484886235700, 1.499999327185927300 ) ) ;
#6349 = CARTESIAN_POINT ( 'NONE',  ( 4.305666286085720000, -9.069710950954078800, 1.583721891836908000 ) ) ;
#6350 = CIRCLE ( 'NONE', #5998, 0.9849999999999999900 ) ;
#6351 = CARTESIAN_POINT ( 'NONE',  ( 8.690859133221868800, -1.485257981020015500, 9.999999999999998200 ) ) ;
#6352 = AXIS2_PLACEMENT_3D ( 'NONE', #4416, #624, #5518 ) ;
#6353 = CARTESIAN_POINT ( 'NONE',  ( -4.302470668732227400, -9.073477267398095200, 1.527902837829641500 ) ) ;
#6354 = CARTESIAN_POINT ( 'NONE',  ( -1.848666648172067500, 9.358632393671285900, 1.583721891830324200 ) ) ;
#6355 = ORIENTED_EDGE ( 'NONE', *, *, #1330, .T. ) ;
#6356 = DIRECTION ( 'NONE',  ( 0.0000000000000000000, 0.0000000000000000000, -1.000000000000000000 ) ) ;
#6357 = ADVANCED_FACE ( 'NONE', ( #4026 ), #576, .T. ) ;
#6358 = CARTESIAN_POINT ( 'NONE',  ( 0.9129527319329924200, -6.974445124626527100, 11.40000000005519000 ) ) ;
#6359 = DIRECTION ( 'NONE',  ( 0.0000000000000000000, 1.000000000000000000, 0.0000000000000000000 ) ) ;
#6360 = AXIS2_PLACEMENT_3D ( 'NONE', #4708, #5838, #3682 ) ;
#6361 = PLANE ( 'NONE',  #771 ) ;
#6362 = B_SPLINE_CURVE_WITH_KNOTS ( 'NONE', 3,
 ( #5257, #2967, #6804, #3526, #2477, #4616, #1280, #1849, #2423, #5739, #6302, #217, #1306, #5208, #1412, #6402, #5874, #4190, #3095 ),
 .UNSPECIFIED., .F., .F.,
 ( 4, 3, 3, 3, 3, 3, 4 ),
 ( -2.022960397656415600E-006, 0.0000000000000000000, 4.532732702578356400E-005, 9.059315542185524100E-005, 0.0001208365052368134100, 0.0001489540496505035100, 0.0001772399110286789700 ),
 .UNSPECIFIED. ) ;
#6363 = ORIENTED_EDGE ( 'NONE', *, *, #2244, .F. ) ;
#6364 = CARTESIAN_POINT ( 'NONE',  ( 1.273058886671681700, 8.551090793966109200, 9.999999999767927900 ) ) ;
#6365 = CARTESIAN_POINT ( 'NONE',  ( -9.349616978491845000, -1.911018263068821300, 1.464368314612603600 ) ) ;
#6366 = AXIS2_PLACEMENT_3D ( 'NONE', #801, #1917, #5764 ) ;
#6367 = DIRECTION ( 'NONE',  ( 0.0000000000000000000, 0.0000000000000000000, -1.000000000000000000 ) ) ;
#6368 = DIRECTION ( 'NONE',  ( 0.0000000000000000000, 0.0000000000000000000, -1.000000000000000000 ) ) ;
#6369 = CARTESIAN_POINT ( 'NONE',  ( 0.0000000000000000000, 0.0000000000000000000, 0.0000000000000000000 ) ) ;
#6370 = CARTESIAN_POINT ( 'NONE',  ( 5.425345657501496900, -8.543023419625338700, 1.499998728424691200 ) ) ;
#6371 = CARTESIAN_POINT ( 'NONE',  ( -4.017754111820752700, -6.987542254695108900, 1.314579482943356600 ) ) ;
#6372 =( BOUNDED_CURVE ( )  B_SPLINE_CURVE ( 3, ( #1486, #5947, #2630, #3191 ),
 .UNSPECIFIED., .F., .F. ) 
 B_SPLINE_CURVE_WITH_KNOTS ( ( 4, 4 ),
 ( 1.938942765613320000, 1.990108701732573800 ),
 .UNSPECIFIED. ) 
 CURVE ( )  GEOMETRIC_REPRESENTATION_ITEM ( )  RATIONAL_B_SPLINE_CURVE ( ( 1.000000000000000000, 0.9997818491469070400, 0.9997818491469070400, 1.000000000000000000 ) ) 
 REPRESENTATION_ITEM ( '' )  );
#6373 = CARTESIAN_POINT ( 'NONE',  ( -1.655250071434039500, 9.313608018670221300, 4.411772188215004500 ) ) ;
#6374 = CARTESIAN_POINT ( 'NONE',  ( 0.0000000000000000000, 0.0000000000000000000, 0.1000000000000000500 ) ) ;
#6375 = EDGE_LOOP ( 'NONE', ( #6363, #3027, #5089, #2684 ) ) ;
#6376 = ADVANCED_FACE ( 'NONE', ( #2057 ), #5590, .T. ) ;
#6377 = CARTESIAN_POINT ( 'NONE',  ( -4.286122374984269200, -5.577232510289476000, 11.40000000005519000 ) ) ;
#6378 = CARTESIAN_POINT ( 'NONE',  ( -14.15545311535570100, 4.018399013376000400, 1.500000000000000000 ) ) ;
#6379 = CARTESIAN_POINT ( 'NONE',  ( 1.273058886640288500, 0.0000000000000000000, 9.528024968288347600 ) ) ;
#6380 = EDGE_CURVE ( 'NONE', #5286, #187, #6403, .T. ) ;
#6381 = ORIENTED_EDGE ( 'NONE', *, *, #5450, .T. ) ;
#6382 = DIRECTION ( 'NONE',  ( -0.0000000000000000000, -0.0000000000000000000, 1.000000000000000000 ) ) ;
#6383 = CARTESIAN_POINT ( 'NONE',  ( -7.685146892136350200, -3.610938068575280100, 1.300721701513740000 ) ) ;
#6384 = LINE ( 'NONE', #6848, #4118 ) ;
#6385 = CARTESIAN_POINT ( 'NONE',  ( 9.957374788377123300, -1.289536966518582700, 1.555811606257894400 ) ) ;
#6386 = EDGE_CURVE ( 'NONE', #2322, #538, #2905, .T. ) ;
#6387 = ADVANCED_FACE ( 'NONE', ( #1589 ), #3104, .T. ) ;
#6388 = CARTESIAN_POINT ( 'NONE',  ( 0.02888602821236449900, -0.08890205348357410600, 1.366780907576699900 ) ) ;
#6389 = EDGE_CURVE ( 'NONE', #5243, #6657, #498, .T. ) ;
#6390 = FACE_OUTER_BOUND ( 'NONE', #2464, .T. ) ;
#6391 = CARTESIAN_POINT ( 'NONE',  ( 0.0000000000000000000, 0.0000000000000000000, -1.040834085586084300E-014 ) ) ;
#6392 = CARTESIAN_POINT ( 'NONE',  ( 9.960575687348157500, -1.286563484886235700, 1.499999327185927300 ) ) ;
#6393 = CARTESIAN_POINT ( 'NONE',  ( -4.005263367321215500, -8.657911642788459300, 1.583721891830324200 ) ) ;
#6394 = DIRECTION ( 'NONE',  ( 0.0000000000000000000, 0.0000000000000000000, -1.000000000000000000 ) ) ;
#6395 = CARTESIAN_POINT ( 'NONE',  ( -14.15545311535570100, 3.918399013376000300, 1.399999999999999900 ) ) ;
#6396 = AXIS2_PLACEMENT_3D ( 'NONE', #5592, #6188, #5070 ) ;
#6397 = CARTESIAN_POINT ( 'NONE',  ( 9.151576633373499800, 1.634954171218490100, 10.00000000000040000 ) ) ;
#6398 = CARTESIAN_POINT ( 'NONE',  ( 6.974445124626528000, -0.9129527319329954200, 11.40000000005519200 ) ) ;
#6399 = CARTESIAN_POINT ( 'NONE',  ( 8.796756363386911900, -4.196812733975966700, 10.00000000000004800 ) ) ;
#6400 = ORIENTED_EDGE ( 'NONE', *, *, #6025, .T. ) ;
#6401 = CARTESIAN_POINT ( 'NONE',  ( -7.001883768800859700, -6.482385147186344700, 1.499999999999968900 ) ) ;
#6402 = CARTESIAN_POINT ( 'NONE',  ( -2.502527545159200200, -11.22036427452671200, 1.427820046208676100 ) ) ;
#6403 =( BOUNDED_CURVE ( )  B_SPLINE_CURVE ( 3, ( #4550, #1764, #6253, #6776 ),
 .UNSPECIFIED., .F., .F. ) 
 B_SPLINE_CURVE_WITH_KNOTS ( ( 4, 4 ),
 ( 4.900864036833334900, 4.901444126251046600 ),
 .UNSPECIFIED. ) 
 CURVE ( )  GEOMETRIC_REPRESENTATION_ITEM ( )  RATIONAL_B_SPLINE_CURVE ( ( 1.000000000000000000, 0.9999999719580224800, 0.9999999719580224800, 1.000000000000000000 ) ) 
 REPRESENTATION_ITEM ( '' )  );
#6404 = AXIS2_PLACEMENT_3D ( 'NONE', #1024, #2152, #7132 ) ;
#6405 = DIRECTION ( 'NONE',  ( -1.000000000000000000, 0.0000000000000000000, 0.0000000000000000000 ) ) ;
#6406 = CARTESIAN_POINT ( 'NONE',  ( -6.114691259157040400, 5.764964976403900800, 9.806355243554776300 ) ) ;
#6407 = CARTESIAN_POINT ( 'NONE',  ( -6.114691259157037700, 5.764964976403904400, 9.806355243554747900 ) ) ;
#6408 = ORIENTED_EDGE ( 'NONE', *, *, #6439, .T. ) ;
#6409 = ORIENTED_EDGE ( 'NONE', *, *, #6601, .F. ) ;
#6410 = DIRECTION ( 'NONE',  ( 0.6982542552215830200, -0.7132333124266470000, -0.06114930179376899800 ) ) ;
#6411 = CARTESIAN_POINT ( 'NONE',  ( 0.0000000000000000000, 0.0000000000000000000, 10.96095955091414000 ) ) ;
#6412 = EDGE_LOOP ( 'NONE', ( #6636, #2642, #5616, #6997 ) ) ;
#6413 = CARTESIAN_POINT ( 'NONE',  ( -8.358024256773880700, 4.256298213121430000, 7.190472975004699800 ) ) ;
#6414 = CIRCLE ( 'NONE', #869, 1.034999999999999900 ) ;
#6415 = ORIENTED_EDGE ( 'NONE', *, *, #504, .T. ) ;
#6416 = ORIENTED_EDGE ( 'NONE', *, *, #2951, .T. ) ;
#6417 = B_SPLINE_CURVE_WITH_KNOTS ( 'NONE', 3,
 ( #2058, #5946, #2629, #995 ),
 .UNSPECIFIED., .F., .F.,
 ( 4, 4 ),
 ( 0.0000000000000000000, 1.000000000000000000 ),
 .UNSPECIFIED. ) ;
#6418 = ORIENTED_EDGE ( 'NONE', *, *, #6480, .F. ) ;
#6419 = LINE ( 'NONE', #2360, #4395 ) ;
#6420 = FACE_OUTER_BOUND ( 'NONE', #3764, .T. ) ;
#6421 = CARTESIAN_POINT ( 'NONE',  ( -10.77024387075979000, 4.011427246171028700, 0.06209805678764290800 ) ) ;
#6422 = CARTESIAN_POINT ( 'NONE',  ( -4.261163719975834300, -8.354640855171032500, 7.217198224271557500 ) ) ;
#6423 = DIRECTION ( 'NONE',  ( 0.0000000000000000000, 0.0000000000000000000, 1.000000000000000000 ) ) ;
#6424 = FACE_OUTER_BOUND ( 'NONE', #4490, .T. ) ;
#6425 = ORIENTED_EDGE ( 'NONE', *, *, #1284, .F. ) ;
#6426 = ORIENTED_EDGE ( 'NONE', *, *, #72, .T. ) ;
#6427 = CARTESIAN_POINT ( 'NONE',  ( 2.655621881314826000E-009, 10.04344618490034300, 1.499998910456626000 ) ) ;
#6428 = CIRCLE ( 'NONE', #6035, 0.05000000000000000300 ) ;
#6429 = EDGE_LOOP ( 'NONE', ( #285, #618, #1337, #2211 ) ) ;
#6430 = CIRCLE ( 'NONE', #7151, 9.282280378750750000 ) ;
#6431 = ADVANCED_FACE ( 'NONE', ( #1415 ), #1678, .T. ) ;
#6432 = CARTESIAN_POINT ( 'NONE',  ( 3.512462942317203100, -6.094175216222374100, 11.40000000005519000 ) ) ;
#6433 = PLANE ( 'NONE',  #6652 ) ;
#6434 = CARTESIAN_POINT ( 'NONE',  ( 6.448374083570509900, 7.799749760727809000, 1.499998728424691400 ) ) ;
#6435 = DIRECTION ( 'NONE',  ( -1.000000000000000000, -1.224646799147353900E-016, 0.0000000000000000000 ) ) ;
#6436 = ORIENTED_EDGE ( 'NONE', *, *, #6569, .T. ) ;
#6437 = FACE_BOUND ( 'NONE', #1452, .T. ) ;
#6438 = ORIENTED_EDGE ( 'NONE', *, *, #1305, .T. ) ;
#6439 = EDGE_CURVE ( 'NONE', #7056, #1780, #5355, .T. ) ;
#6440 = CARTESIAN_POINT ( 'NONE',  ( -2.491686039226755200, 11.21167105069688000, 0.04766339752129055600 ) ) ;
#6441 = ORIENTED_EDGE ( 'NONE', *, *, #6197, .F. ) ;
#6442 = ORIENTED_EDGE ( 'NONE', *, *, #6160, .F. ) ;
#6443 = DIRECTION ( 'NONE',  ( 0.0000000000000000000, 1.079514515332727700E-017, -1.000000000000000000 ) ) ;
#6444 = EDGE_CURVE ( 'NONE', #6513, #1813, #7126, .T. ) ;
#6445 = DIRECTION ( 'NONE',  ( -0.0000000000000000000, -0.0000000000000000000, 1.000000000000000000 ) ) ;
#6446 = EDGE_CURVE ( 'NONE', #4147, #6045, #1954, .T. ) ;
#6447 = CARTESIAN_POINT ( 'NONE',  ( 9.474893350793905700, 1.128755730590314900, 1.499999999999969100 ) ) ;
#6448 = AXIS2_PLACEMENT_3D ( 'NONE', #1883, #5762, #2458 ) ;
#6449 = DIRECTION ( 'NONE',  ( 0.0000000000000000000, 0.0000000000000000000, -1.000000000000000000 ) ) ;
#6450 = DIRECTION ( 'NONE',  ( 0.0000000000000000000, 0.0000000000000000000, -1.000000000000000000 ) ) ;
#6451 = ORIENTED_EDGE ( 'NONE', *, *, #5495, .T. ) ;
#6452 = DIRECTION ( 'NONE',  ( 0.9510565162951534200, -0.3090169943749477800, -0.0000000000000000000 ) ) ;
#6453 = EDGE_CURVE ( 'NONE', #6821, #336, #5090, .T. ) ;
#6454 = AXIS2_PLACEMENT_3D ( 'NONE', #4796, #3792, #3708 ) ;
#6455 = CARTESIAN_POINT ( 'NONE',  ( 5.323708185440186600, 7.032233649134049400, 10.96095955101659800 ) ) ;
#6456 = CARTESIAN_POINT ( 'NONE',  ( 9.474893350793951900, 1.128755730590310000, 1.499999999999970000 ) ) ;
#6457 = CARTESIAN_POINT ( 'NONE',  ( -4.098187449112749900, -7.806528253687689700, 10.00000000000000000 ) ) ;
#6458 = CARTESIAN_POINT ( 'NONE',  ( -6.974445124626528000, -0.9129527319329926400, 11.40000000005519200 ) ) ;
#6459 = CARTESIAN_POINT ( 'NONE',  ( -1.560894967531437900, 0.4194788675756004300, 9.040507860752558900 ) ) ;
#6460 = CARTESIAN_POINT ( 'NONE',  ( -8.799169842991782200, 1.077587518337380300E-015, 10.96095955101655100 ) ) ;
#6461 = EDGE_LOOP ( 'NONE', ( #2842, #3242, #556, #839 ) ) ;
#6462 = DIRECTION ( 'NONE',  ( -1.000000000000000000, 1.776356839400250500E-015, 0.0000000000000000000 ) ) ;
#6463 = CARTESIAN_POINT ( 'NONE',  ( 8.828588361935578300, 17.65717672387115700, 11.40000000000000200 ) ) ;
#6464 = CARTESIAN_POINT ( 'NONE',  ( -1.854392572402110000, -9.359963765724719700, 1.499999999999970000 ) ) ;
#6465 = CARTESIAN_POINT ( 'NONE',  ( -1.261826787639206200, -0.2005304789953084000, 9.528024968268802300 ) ) ;
#6466 = PLANE ( 'NONE',  #4516 ) ;
#6467 = CARTESIAN_POINT ( 'NONE',  ( 0.0000000000000000000, 12.46737528024190000, 1.500000000000000000 ) ) ;
#6468 = CARTESIAN_POINT ( 'NONE',  ( 1.464755963826720200, -9.736569405541514400, 7.197091453833563100 ) ) ;
#6469 = DIRECTION ( 'NONE',  ( 0.0000000000000000000, 0.0000000000000000000, -1.000000000000000000 ) ) ;
#6470 = ORIENTED_EDGE ( 'NONE', *, *, #701, .T. ) ;
#6471 = CARTESIAN_POINT ( 'NONE',  ( 4.564086426398891800, 7.523349966825930000, 10.96095955101660000 ) ) ;
#6472 = CARTESIAN_POINT ( 'NONE',  ( 4.301642773626110000, -9.075584423376192000, 1.500000000000099900 ) ) ;
#6473 = B_SPLINE_CURVE_WITH_KNOTS ( 'NONE', 3,
 ( #344, #386, #5230, #6024 ),
 .UNSPECIFIED., .F., .F.,
 ( 4, 4 ),
 ( 0.0000000000000000000, 1.000000000000000000 ),
 .UNSPECIFIED. ) ;
#6474 = FACE_OUTER_BOUND ( 'NONE', #1637, .T. ) ;
#6475 = CARTESIAN_POINT ( 'NONE',  ( -0.05647524154837250300, -12.46737528024190000, 1.500000000000000000 ) ) ;
#6476 = DIRECTION ( 'NONE',  ( 0.0000000000000000000, 0.0000000000000000000, -1.000000000000000000 ) ) ;
#6477 = EDGE_LOOP ( 'NONE', ( #3477, #4941, #3687, #5437 ) ) ;
#6478 = EDGE_CURVE ( 'NONE', #3659, #944, #3829, .T. ) ;
#6479 = FACE_OUTER_BOUND ( 'NONE', #6519, .T. ) ;
#6480 = EDGE_CURVE ( 'NONE', #2917, #1481, #3839, .T. ) ;
#6481 = CIRCLE ( 'NONE', #4117, 3.680000000000001000 ) ;
#6482 = CARTESIAN_POINT ( 'NONE',  ( -1.848666648172067500, 9.358632393671285900, 1.583721891830324200 ) ) ;
#6483 = EDGE_CURVE ( 'NONE', #1482, #4075, #2560, .T. ) ;
#6484 = CARTESIAN_POINT ( 'NONE',  ( 10.70621433777345100, 3.919526854806268700, 4.770014865754327800E-006 ) ) ;
#6485 = CARTESIAN_POINT ( 'NONE',  ( 0.4481396993334872400, -1.191787380855371800, 9.528024968268802300 ) ) ;
#6486 = MECHANICAL_DESIGN_GEOMETRIC_PRESENTATION_REPRESENTATION (  '', ( #2556 ), #4255 ) ;
#6487 = DIRECTION ( 'NONE',  ( 0.0000000000000000000, 0.0000000000000000000, 1.000000000000000000 ) ) ;
#6488 = CARTESIAN_POINT ( 'NONE',  ( -10.76400018508270900, -4.002441908387527100, 1.454192174694519900 ) ) ;
#6489 = CONICAL_SURFACE ( 'NONE', #7038, 9.585200466144565100, 0.02886462122042582000 ) ;
#6490 = CARTESIAN_POINT ( 'NONE',  ( -8.814626451533149200, 4.811772023100322900, 1.527910242916552500 ) ) ;
#6491 = EDGE_LOOP ( 'NONE', ( #456, #5935, #1615, #2705 ) ) ;
#6492 = ORIENTED_EDGE ( 'NONE', *, *, #4297, .T. ) ;
#6493 = CARTESIAN_POINT ( 'NONE',  ( 0.0000000000000000000, 0.0000000000000000000, 1.583721891830338400 ) ) ;
#6494 = PRODUCT_RELATED_PRODUCT_CATEGORY ( 'part', '', ( #527 ) ) ;
#6495 = ORIENTED_EDGE ( 'NONE', *, *, #909, .F. ) ;
#6496 = CARTESIAN_POINT ( 'NONE',  ( -10.76400018508271100, -4.002441908387528000, 0.04580782530548040100 ) ) ;
#6497 = ORIENTED_EDGE ( 'NONE', *, *, #2683, .F. ) ;
#6498 = AXIS2_PLACEMENT_3D ( 'NONE', #1872, #1847, #715 ) ;
#6499 = CARTESIAN_POINT ( 'NONE',  ( 3.920037381020736100, 7.887618489370622900, 10.96095955101660400 ) ) ;
#6500 = DIRECTION ( 'NONE',  ( 0.0000000000000000000, 0.0000000000000000000, -1.000000000000000000 ) ) ;
#6501 = CARTESIAN_POINT ( 'NONE',  ( 8.687261472736343700, -3.945098980749433400, 1.527909983233807400 ) ) ;
#6502 = VERTEX_POINT ( 'NONE', #6829 ) ;
#6503 = AXIS2_PLACEMENT_3D ( 'NONE', #3037, #4093, #1247 ) ;
#6504 = CARTESIAN_POINT ( 'NONE',  ( 1.854392572402093500, 9.359963765724682400, 1.499999999999969100 ) ) ;
#6505 = DIRECTION ( 'NONE',  ( -1.000000000000000000, 0.0000000000000000000, 0.0000000000000000000 ) ) ;
#6506 = ORIENTED_EDGE ( 'NONE', *, *, #3919, .T. ) ;
#6507 = ORIENTED_EDGE ( 'NONE', *, *, #6537, .T. ) ;
#6508 = ORIENTED_EDGE ( 'NONE', *, *, #4698, .T. ) ;
#6509 = ORIENTED_EDGE ( 'NONE', *, *, #5940, .F. ) ;
#6510 = LINE ( 'NONE', #2997, #5002 ) ;
#6511 = DIRECTION ( 'NONE',  ( -0.0000000000000000000, 1.000000000000000000, 0.0000000000000000000 ) ) ;
#6512 = CARTESIAN_POINT ( 'NONE',  ( 10.70660836432594500, 3.920090729836522000, 1.431054687162391300E-005 ) ) ;
#6513 = VERTEX_POINT ( 'NONE', #4610 ) ;
#6514 = ORIENTED_EDGE ( 'NONE', *, *, #5159, .F. ) ;
#6515 = CIRCLE ( 'NONE', #4269, 0.1000000000000000500 ) ;
#6516 = CARTESIAN_POINT ( 'NONE',  ( 10.77508558524241000, 4.018399013376003000, 1.500000000000000000 ) ) ;
#6517 = CARTESIAN_POINT ( 'NONE',  ( -10.76742563487570000, -4.007370204118886100, 1.446549221757657900 ) ) ;
#6518 = VECTOR ( 'NONE', #3586, 1000.000000000000100 ) ;
#6519 = EDGE_LOOP ( 'NONE', ( #2428, #4635, #6507, #6092, #2801, #6598, #1051 ) ) ;
#6520 = VERTEX_POINT ( 'NONE', #5124 ) ;
#6521 = DIRECTION ( 'NONE',  ( -1.000000000000000000, 0.0000000000000000000, 0.0000000000000000000 ) ) ;
#6522 = DIRECTION ( 'NONE',  ( 0.0000000000000000000, 0.0000000000000000000, -1.000000000000000000 ) ) ;
#6523 = LINE ( 'NONE', #1674, #4676 ) ;
#6524 = ORIENTED_EDGE ( 'NONE', *, *, #5332, .T. ) ;
#6525 = CARTESIAN_POINT ( 'NONE',  ( 5.754503291475948900, -5.575747153425694200, 9.818678063566094800 ) ) ;
#6526 = ORIENTED_EDGE ( 'NONE', *, *, #3217, .F. ) ;
#6527 = CARTESIAN_POINT ( 'NONE',  ( 17.83545311535570100, -0.2383990133759972000, 0.1000000000000000500 ) ) ;
#6528 = LINE ( 'NONE', #2466, #5108 ) ;
#6529 = PLANE ( 'NONE',  #326 ) ;
#6530 = CARTESIAN_POINT ( 'NONE',  ( -9.957374788377123300, 1.289536966518582700, 1.555811606257877100 ) ) ;
#6531 = EDGE_LOOP ( 'NONE', ( #5799, #1010, #5016, #2230 ) ) ;
#6532 = EDGE_CURVE ( 'NONE', #3581, #3596, #1706, .T. ) ;
#6533 = CARTESIAN_POINT ( 'NONE',  ( 8.814498047376723400, 4.813827769750987300, 1.499999327185928000 ) ) ;
#6534 = EDGE_CURVE ( 'NONE', #486, #1813, #7124, .T. ) ;
#6535 = DIRECTION ( 'NONE',  ( 0.05520149907527451700, -0.04010623642921431300, -0.9976694263629243300 ) ) ;
#6536 = ORIENTED_EDGE ( 'NONE', *, *, #4746, .T. ) ;
#6537 = EDGE_CURVE ( 'NONE', #4557, #1245, #5692, .T. ) ;
#6538 = AXIS2_PLACEMENT_3D ( 'NONE', #6374, #5320, #4712 ) ;
#6539 = DIRECTION ( 'NONE',  ( -1.000000000000000000, 0.0000000000000000000, 0.0000000000000000000 ) ) ;
#6540 = DIRECTION ( 'NONE',  ( 0.0000000000000000000, 0.0000000000000000000, -1.000000000000000000 ) ) ;
#6541 = EDGE_CURVE ( 'NONE', #5452, #7101, #3703, .T. ) ;
#6542 = CARTESIAN_POINT ( 'NONE',  ( -13.97579960646100300, 0.0000000000000000000, 1.500000000000000000 ) ) ;
#6543 = CARTESIAN_POINT ( 'NONE',  ( -1.854392575220045000, 9.870640394675643100, 1.499999327185927500 ) ) ;
#6544 = VERTEX_POINT ( 'NONE', #1381 ) ;
#6545 = CARTESIAN_POINT ( 'NONE',  ( -9.955822711659204000, 1.291039745458875100, 1.583721891830311100 ) ) ;
#6546 = CARTESIAN_POINT ( 'NONE',  ( -7.032233649142567000, 5.323708185431664600, 10.96095955101659800 ) ) ;
#6547 = ORIENTED_EDGE ( 'NONE', *, *, #5722, .T. ) ;
#6548 = DIRECTION ( 'NONE',  ( -0.5877852522924734700, 0.8090169943749472300, -0.0000000000000000000 ) ) ;
#6549 = CARTESIAN_POINT ( 'NONE',  ( 8.687268720036661000, -3.950760499518704400, 1.446550831950642400 ) ) ;
#6550 = ORIENTED_EDGE ( 'NONE', *, *, #3795, .T. ) ;
#6551 = FACE_OUTER_BOUND ( 'NONE', #3339, .T. ) ;
#6552 = CARTESIAN_POINT ( 'NONE',  ( 0.0000000000000000000, 0.0000000000000000000, 10.96095955099168900 ) ) ;
#6553 = ADVANCED_FACE ( 'NONE', ( #7157 ), #2908, .T. ) ;
#6554 = DIRECTION ( 'NONE',  ( 0.0000000000000000000, 0.0000000000000000000, -1.000000000000000000 ) ) ;
#6555 = CARTESIAN_POINT ( 'NONE',  ( -0.05647524154837205200, -14.81737528024190100, 0.0000000000000000000 ) ) ;
#6556 = LINE ( 'NONE', #2900, #5878 ) ;
#6557 = DIRECTION ( 'NONE',  ( 6.002403643491457800E-018, 0.04901334529817547700, -0.9987981237380665300 ) ) ;
#6558 = VECTOR ( 'NONE', #4828, 1000.000000000000000 ) ;
#6559 = EDGE_CURVE ( 'NONE', #6688, #4554, #1790, .T. ) ;
#6560 = DIRECTION ( 'NONE',  ( 0.0000000000000000000, 0.0000000000000000000, 1.000000000000000000 ) ) ;
#6561 = EDGE_CURVE ( 'NONE', #1693, #6825, #4566, .T. ) ;
#6562 = EDGE_CURVE ( 'NONE', #3551, #2445, #560, .T. ) ;
#6563 = DIRECTION ( 'NONE',  ( 0.8848715954672311500, -0.4648502780020973800, -0.03027339717721709900 ) ) ;
#6564 = ORIENTED_EDGE ( 'NONE', *, *, #1021, .F. ) ;
#6565 = B_SPLINE_CURVE_WITH_KNOTS ( 'NONE', 3,
 ( #4721, #4218, #1880, #6887 ),
 .UNSPECIFIED., .F., .F.,
 ( 4, 4 ),
 ( 0.0000000000000000000, 1.000000000000000000 ),
 .UNSPECIFIED. ) ;
#6566 = B_SPLINE_CURVE_WITH_KNOTS ( 'NONE', 3,
 ( #530, #2739, #18, #3866 ),
 .UNSPECIFIED., .F., .F.,
 ( 4, 4 ),
 ( 0.0000000000000000000, 1.000000000000000000 ),
 .UNSPECIFIED. ) ;
#6567 = ORIENTED_EDGE ( 'NONE', *, *, #3261, .T. ) ;
#6568 = ORIENTED_EDGE ( 'NONE', *, *, #6541, .T. ) ;
#6569 = EDGE_CURVE ( 'NONE', #279, #4667, #261, .T. ) ;
#6570 = AXIS2_PLACEMENT_3D ( 'NONE', #1057, #2749, #3868 ) ;
#6571 = CARTESIAN_POINT ( 'NONE',  ( 4.877250924369446800, -7.324167201444171700, 10.96095955101660000 ) ) ;
#6572 = ORIENTED_EDGE ( 'NONE', *, *, #6817, .F. ) ;
#6573 = CARTESIAN_POINT ( 'NONE',  ( 8.364782971739114000, -4.056456070784451000, 9.999999999952818200 ) ) ;
#6574 = VECTOR ( 'NONE', #4418, 1000.000000000000100 ) ;
#6575 = AXIS2_PLACEMENT_3D ( 'NONE', #2287, #2879, #4009 ) ;
#6576 = VERTEX_POINT ( 'NONE', #814 ) ;
#6577 = VERTEX_POINT ( 'NONE', #296 ) ;
#6578 = VERTEX_POINT ( 'NONE', #4159 ) ;
#6579 = CARTESIAN_POINT ( 'NONE',  ( 17.83545311535569800, 0.2383990133759980000, 1.399999999999999900 ) ) ;
#6580 = TOROIDAL_SURFACE ( 'NONE', #2132, 11.40000000000000000, 0.1000000000000000100 ) ;
#6581 = CARTESIAN_POINT ( 'NONE',  ( 1.854246176859440000, 9.870673714696096100, 1.500000407994915200 ) ) ;
#6582 = FACE_OUTER_BOUND ( 'NONE', #1098, .T. ) ;
#6583 = DIRECTION ( 'NONE',  ( -0.0000000000000000000, -0.0000000000000000000, 1.000000000000000000 ) ) ;
#6584 = ORIENTED_EDGE ( 'NONE', *, *, #3043, .F. ) ;
#6585 = VERTEX_POINT ( 'NONE', #4690 ) ;
#6586 = CARTESIAN_POINT ( 'NONE',  ( -4.877250924369601400, 7.324167201444111300, 10.96095955101660000 ) ) ;
#6587 = FACE_OUTER_BOUND ( 'NONE', #5930, .T. ) ;
#6588 = ORIENTED_EDGE ( 'NONE', *, *, #5107, .F. ) ;
#6589 = VECTOR ( 'NONE', #6795, 1000.000000000000100 ) ;
#6590 = ADVANCED_FACE ( 'NONE', ( #6911 ), #4485, .F. ) ;
#6591 = LINE ( 'NONE', #2706, #685 ) ;
#6592 = ORIENTED_EDGE ( 'NONE', *, *, #7021, .F. ) ;
#6593 = CARTESIAN_POINT ( 'NONE',  ( 9.444202454728264600, 1.390726826017456300, 1.482183610650191100 ) ) ;
#6594 = TOROIDAL_SURFACE ( 'NONE', #2869, 1.034999999999999900, 0.05000000000000000300 ) ;
#6595 = ORIENTED_EDGE ( 'NONE', *, *, #29, .T. ) ;
#6596 =( BOUNDED_CURVE ( )  B_SPLINE_CURVE ( 3, ( #6545, #6530, #4311, #1577 ),
 .UNSPECIFIED., .F., .F. ) 
 B_SPLINE_CURVE_WITH_KNOTS ( ( 4, 4 ),
 ( 4.900864036833334900, 4.901444126251046600 ),
 .UNSPECIFIED. ) 
 CURVE ( )  GEOMETRIC_REPRESENTATION_ITEM ( )  RATIONAL_B_SPLINE_CURVE ( ( 1.000000000000000000, 0.9999999719580224800, 0.9999999719580224800, 1.000000000000000000 ) ) 
 REPRESENTATION_ITEM ( '' )  );
#6597 = ORIENTED_EDGE ( 'NONE', *, *, #619, .F. ) ;
#6598 = ORIENTED_EDGE ( 'NONE', *, *, #585, .F. ) ;
#6599 = TOROIDAL_SURFACE ( 'NONE', #4371, 11.40000000000000000, 0.1000000000000000100 ) ;
#6600 = VERTEX_POINT ( 'NONE', #5844 ) ;
#6601 = EDGE_CURVE ( 'NONE', #1697, #4595, #2159, .T. ) ;
#6602 = CARTESIAN_POINT ( 'NONE',  ( -1.602606525749113100, 1.962626952051311900E-016, 9.040507860756537900 ) ) ;
#6603 = VERTEX_POINT ( 'NONE', #6427 ) ;
#6604 = DIRECTION ( 'NONE',  ( -1.000000000000000000, 0.0000000000000000000, 0.0000000000000000000 ) ) ;
#6605 = EDGE_CURVE ( 'NONE', #6803, #470, #2105, .T. ) ;
#6606 = CARTESIAN_POINT ( 'NONE',  ( -8.353506267072276600, 2.771477982853952400, 10.96095955101660200 ) ) ;
#6607 = EDGE_CURVE ( 'NONE', #1586, #1482, #6473, .T. ) ;
#6608 =( BOUNDED_CURVE ( )  B_SPLINE_CURVE ( 3, ( #6889, #2349, #163, #1768 ),
 .UNSPECIFIED., .F., .F. ) 
 B_SPLINE_CURVE_WITH_KNOTS ( ( 4, 4 ),
 ( 6.098062368607421600, 6.468196532739837900 ),
 .UNSPECIFIED. ) 
 CURVE ( )  GEOMETRIC_REPRESENTATION_ITEM ( )  RATIONAL_B_SPLINE_CURVE ( ( 1.000000000000000000, 0.9886159392700610800, 0.9886159392700610800, 1.000000000000000000 ) ) 
 REPRESENTATION_ITEM ( '' )  );
#6609 = CARTESIAN_POINT ( 'NONE',  ( 0.05647524154837250300, -12.46737528024190000, 0.1000000000000000500 ) ) ;
#6610 = CARTESIAN_POINT ( 'NONE',  ( -2.406475241548371400, -11.14310894283165100, 0.0000000000000000000 ) ) ;
#6611 = AXIS2_PLACEMENT_3D ( 'NONE', #3412, #3362, #3904 ) ;
#6612 = CARTESIAN_POINT ( 'NONE',  ( 1.273058886655809500, -9.663098918667703400, 10.00000000000000500 ) ) ;
#6613 = AXIS2_PLACEMENT_3D ( 'NONE', #5667, #676, #6768 ) ;
#6614 = ADVANCED_FACE ( 'NONE', ( #3238 ), #604, .T. ) ;
#6615 = AXIS2_PLACEMENT_3D ( 'NONE', #6391, #5804, #829 ) ;
#6616 =( BOUNDED_CURVE ( )  B_SPLINE_CURVE ( 3, ( #253, #802, #1416, #5765 ),
 .UNSPECIFIED., .F., .F. ) 
 B_SPLINE_CURVE_WITH_KNOTS ( ( 4, 4 ),
 ( 1.938942765613320200, 1.990108701732573800 ),
 .UNSPECIFIED. ) 
 CURVE ( )  GEOMETRIC_REPRESENTATION_ITEM ( )  RATIONAL_B_SPLINE_CURVE ( ( 1.000000000000000000, 0.9997818491469070400, 0.9997818491469070400, 1.000000000000000000 ) ) 
 REPRESENTATION_ITEM ( '' )  );
#6617 = CARTESIAN_POINT ( 'NONE',  ( -8.796756363386874600, -4.196812733975960400, 10.00000000000000500 ) ) ;
#6618 = CARTESIAN_POINT ( 'NONE',  ( 1.602606525749112900, -1.962626952053152200E-016, 9.040507860756537900 ) ) ;
#6619 = ORIENTED_EDGE ( 'NONE', *, *, #5163, .T. ) ;
#6620 = CARTESIAN_POINT ( 'NONE',  ( -9.075849831287065700, -18.15169966257412400, 10.96095955101655200 ) ) ;
#6621 = DIRECTION ( 'NONE',  ( 0.0000000000000000000, 1.000000000000000000, 0.0000000000000000000 ) ) ;
#6622 = FACE_OUTER_BOUND ( 'NONE', #3384, .T. ) ;
#6623 = B_SPLINE_CURVE_WITH_KNOTS ( 'NONE', 3,
 ( #3225, #6434, #2587, #7055 ),
 .UNSPECIFIED., .F., .F.,
 ( 4, 4 ),
 ( 0.0000000000000000000, 1.000000000000000000 ),
 .UNSPECIFIED. ) ;
#6624 = CARTESIAN_POINT ( 'NONE',  ( -2.486804306410370600, -11.20775513265490500, 0.03971530139667795600 ) ) ;
#6625 = CIRCLE ( 'NONE', #4428, 7.233333532667529700 ) ;
#6626 = CIRCLE ( 'NONE', #3638, 0.1000000000000000500 ) ;
#6627 = CARTESIAN_POINT ( 'NONE',  ( 9.682354874905504600, 1.185746490576180100E-015, 0.0000000000000000000 ) ) ;
#6628 = EDGE_CURVE ( 'NONE', #2799, #5793, #1454, .T. ) ;
#6629 = VECTOR ( 'NONE', #2375, 1000.000000000000000 ) ;
#6630 = CARTESIAN_POINT ( 'NONE',  ( -9.548305042905214500, -1.709528177392085800, 1.583720050540679400 ) ) ;
#6631 = EDGE_LOOP ( 'NONE', ( #114, #6946, #2323, #4345 ) ) ;
#6632 = DIRECTION ( 'NONE',  ( 0.0000000000000000000, 0.0000000000000000000, -1.000000000000000000 ) ) ;
#6633 = CARTESIAN_POINT ( 'NONE',  ( -1.854392572402110000, 8.724468168020109700, 1.500000000000000000 ) ) ;
#6634 = DIRECTION ( 'NONE',  ( 0.0000000000000000000, 1.079514515332727700E-017, -1.000000000000000000 ) ) ;
#6635 = EDGE_CURVE ( 'NONE', #2130, #169, #6005, .T. ) ;
#6636 = ORIENTED_EDGE ( 'NONE', *, *, #2203, .T. ) ;
#6637 = ORIENTED_EDGE ( 'NONE', *, *, #5881, .T. ) ;
#6638 = CARTESIAN_POINT ( 'NONE',  ( 9.282280378750746400, -18.56456075750150300, 10.49159636633811800 ) ) ;
#6639 = CARTESIAN_POINT ( 'NONE',  ( -10.77508558524239900, -3.918399013375990100, 1.399999999999999900 ) ) ;
#6640 = EDGE_CURVE ( 'NONE', #1813, #61, #5621, .T. ) ;
#6641 = ORIENTED_EDGE ( 'NONE', *, *, #6478, .T. ) ;
#6642 = EDGE_CURVE ( 'NONE', #4990, #7034, #2527, .T. ) ;
#6643 = ORIENTED_EDGE ( 'NONE', *, *, #4303, .T. ) ;
#6644 = ADVANCED_FACE ( 'NONE', ( #1547 ), #4924, .T. ) ;
#6645 = VERTEX_POINT ( 'NONE', #3250 ) ;
#6646 = VERTEX_POINT ( 'NONE', #425 ) ;
#6647 = AXIS2_PLACEMENT_3D ( 'NONE', #2736, #1605, #5506 ) ;
#6648 = CIRCLE ( 'NONE', #6969, 2.009999999999999800 ) ;
#6649 = AXIS2_PLACEMENT_3D ( 'NONE', #987, #2125, #2139 ) ;
#6650 = ORIENTED_EDGE ( 'NONE', *, *, #6444, .F. ) ;
#6651 = ORIENTED_EDGE ( 'NONE', *, *, #1616, .F. ) ;
#6652 = AXIS2_PLACEMENT_3D ( 'NONE', #2569, #349, #942 ) ;
#6653 = CARTESIAN_POINT ( 'NONE',  ( -0.9849999999999999900, -12.46737528024190000, 1.500000000000000000 ) ) ;
#6654 = LINE ( 'NONE', #6364, #5 ) ;
#6655 = VECTOR ( 'NONE', #120, 1000.000000000000100 ) ;
#6656 = CARTESIAN_POINT ( 'NONE',  ( 10.77508558524241000, 4.018399013376003000, 1.399999999999999900 ) ) ;
#6657 = VERTEX_POINT ( 'NONE', #2676 ) ;
#6658 = CARTESIAN_POINT ( 'NONE',  ( -10.77405805346785600, 4.016918977437660100, 1.419624476378591500 ) ) ;
#6659 = ORIENTED_EDGE ( 'NONE', *, *, #4543, .T. ) ;
#6660 = DIRECTION ( 'NONE',  ( 0.0000000000000000000, 0.0000000000000000000, -1.000000000000000000 ) ) ;
#6661 = CIRCLE ( 'NONE', #2815, 0.1000000000000000100 ) ;
#6662 = ORIENTED_EDGE ( 'NONE', *, *, #2479, .T. ) ;
#6663 = CARTESIAN_POINT ( 'NONE',  ( 2.506475241548370200, -11.22352804885810000, 1.500000000000000000 ) ) ;
#6664 = DIRECTION ( 'NONE',  ( 0.0000000000000000000, 0.0000000000000000000, -1.000000000000000000 ) ) ;
#6665 = DIRECTION ( 'NONE',  ( -1.000000000000000000, 0.0000000000000000000, 0.0000000000000000000 ) ) ;
#6666 = CIRCLE ( 'NONE', #582, 0.9849999999999999900 ) ;
#6668 = EDGE_LOOP ( 'NONE', ( #6158, #5298, #292, #3058 ) ) ;
#6667 = PLANE ( 'NONE',  #3773 ) ;
#6669 = CARTESIAN_POINT ( 'NONE',  ( 0.0000000000000000000, 0.0000000000000000000, 1.500000000000000000 ) ) ;
#6670 = LINE ( 'NONE', #879, #3993 ) ;
#6671 = CARTESIAN_POINT ( 'NONE',  ( 2.506475241548370200, 12.46737528024190000, 1.500000000000000000 ) ) ;
#6672 = CARTESIAN_POINT ( 'NONE',  ( -0.05647524154837239900, 14.91737528024190100, 0.1000000000000000500 ) ) ;
#6673 = EDGE_LOOP ( 'NONE', ( #2838, #2399, #4919, #1951 ) ) ;
#6674 = CARTESIAN_POINT ( 'NONE',  ( 0.05647524154837250300, -12.46737528024190000, 1.399999999999999900 ) ) ;
#6675 = ORIENTED_EDGE ( 'NONE', *, *, #4366, .T. ) ;
#6676 = CARTESIAN_POINT ( 'NONE',  ( 1.063808518962296100, 9.479972579039957400, 1.583721891830319300 ) ) ;
#6677 = DIRECTION ( 'NONE',  ( 0.0000000000000000000, 0.0000000000000000000, -1.000000000000000000 ) ) ;
#6678 = ADVANCED_FACE ( 'NONE', ( #6582 ), #5395, .F. ) ;
#6679 = CARTESIAN_POINT ( 'NONE',  ( 8.364782971740076800, 4.056456070781385900, 10.00000000000019700 ) ) ;
#6680 = CARTESIAN_POINT ( 'NONE',  ( 8.339870583656129100, -1.595905741786223000, 1.300721701513782400 ) ) ;
#6681 = CARTESIAN_POINT ( 'NONE',  ( -0.05647524154837319000, 14.91737528024190100, 1.500000000000000000 ) ) ;
#6682 = EDGE_CURVE ( 'NONE', #182, #866, #1832, .T. ) ;
#6683 = CARTESIAN_POINT ( 'NONE',  ( -4.098187449112751700, -7.806528253687698500, 9.999999999999998200 ) ) ;
#6684 = CARTESIAN_POINT ( 'NONE',  ( 1.847685141975744100, 9.868357437644506900, 1.583721891836908000 ) ) ;
#6685 = CARTESIAN_POINT ( 'NONE',  ( -11.96579960646100300, 2.461540066286180200E-016, -4.404571325722361800E-017 ) ) ;
#6686 = EDGE_CURVE ( 'NONE', #6603, #2062, #6979, .T. ) ;
#6687 = CARTESIAN_POINT ( 'NONE',  ( 9.274295224624086800, -18.54859044924818400, 10.76816110240663900 ) ) ;
#6688 = VERTEX_POINT ( 'NONE', #3779 ) ;
#6689 = DIRECTION ( 'NONE',  ( 0.8071315206901951100, 0.5864153754750660600, -0.06823280526821749700 ) ) ;
#6690 = CARTESIAN_POINT ( 'NONE',  ( -7.081089974732289100, -3.749857226653828600, 9.818678063566084200 ) ) ;
#6691 = DIRECTION ( 'NONE',  ( 0.0000000000000000000, -0.0000000000000000000, 1.000000000000000000 ) ) ;
#6692 = VERTEX_POINT ( 'NONE', #6555 ) ;
#6693 = CARTESIAN_POINT ( 'NONE',  ( 6.651767640865429600, -5.792190291769284000, 10.96095955101660000 ) ) ;
#6694 = ORIENTED_EDGE ( 'NONE', *, *, #6962, .T. ) ;
#6695 = AXIS2_PLACEMENT_3D ( 'NONE', #3789, #5640, #3962 ) ;
#6696 = DIRECTION ( 'NONE',  ( -1.000000000000000000, 0.0000000000000000000, 0.0000000000000000000 ) ) ;
#6697 = CARTESIAN_POINT ( 'NONE',  ( -10.71540506786935500, 3.932679326836673500, 1.499772695604944000 ) ) ;
#6698 = FACE_OUTER_BOUND ( 'NONE', #640, .T. ) ;
#6699 = DIRECTION ( 'NONE',  ( 0.8071315206901951100, -0.5864153754750660600, -0.06823280526821749700 ) ) ;
#6700 = CARTESIAN_POINT ( 'NONE',  ( -1.034999999999999900, 12.46737528024190000, -4.404571325722361800E-017 ) ) ;
#6701 = DIRECTION ( 'NONE',  ( 0.5877852522924734700, -0.8090169943749472300, 0.0000000000000000000 ) ) ;
#6702 = CARTESIAN_POINT ( 'NONE',  ( 8.335450537126829900, -1.069829293432930300, 9.806355243554774500 ) ) ;
#6703 = LINE ( 'NONE', #6702, #3804 ) ;
#6704 = CARTESIAN_POINT ( 'NONE',  ( 2.502527545159200200, 11.22036427452671200, 0.07217995379132412200 ) ) ;
#6705 = CYLINDRICAL_SURFACE ( 'NONE', #5133, 10.04342387723020200 ) ;
#6706 = ADVANCED_FACE ( 'NONE', ( #6728 ), #5501, .T. ) ;
#6707 = CARTESIAN_POINT ( 'NONE',  ( 10.75593189793139000, 3.990836622469778200, 1.469547687335926100 ) ) ;
#6708 = CARTESIAN_POINT ( 'NONE',  ( -9.709844972184500400, -1.619182502516234300, 7.258252300644938000 ) ) ;
#6709 = ORIENTED_EDGE ( 'NONE', *, *, #7133, .F. ) ;
#6710 = EDGE_CURVE ( 'NONE', #1697, #1536, #5492, .T. ) ;
#6711 = CARTESIAN_POINT ( 'NONE',  ( 8.780807480645687900, -0.6712213824657542500, 10.96095955101660200 ) ) ;
#6712 = CARTESIAN_POINT ( 'NONE',  ( 4.134921668450032500, -8.508363829927516200, 4.402724244649020200 ) ) ;
#6713 = ORIENTED_EDGE ( 'NONE', *, *, #716, .T. ) ;
#6714 = ORIENTED_EDGE ( 'NONE', *, *, #3614, .F. ) ;
#6715 = CARTESIAN_POINT ( 'NONE',  ( 7.295283646310641000, 6.897626796287552200, 1.583721891836908300 ) ) ;
#6716 = CARTESIAN_POINT ( 'NONE',  ( 1.273058886655809500, -9.208895215475008600, 10.00000000000019900 ) ) ;
#6717 = CARTESIAN_POINT ( 'NONE',  ( -4.649900761691637500, 8.565896482404516700, 10.00000000000002300 ) ) ;
#6718 = EDGE_CURVE ( 'NONE', #6577, #966, #5162, .T. ) ;
#6719 = CARTESIAN_POINT ( 'NONE',  ( 9.751280670393467600E-019, 10.03931544941504200, 1.583721891830310000 ) ) ;
#6720 = DIRECTION ( 'NONE',  ( 0.0000000000000000000, 0.0000000000000000000, -1.000000000000000000 ) ) ;
#6721 = CIRCLE ( 'NONE', #3295, 0.1000000000000000100 ) ;
#6722 = ORIENTED_EDGE ( 'NONE', *, *, #6478, .F. ) ;
#6723 = ORIENTED_EDGE ( 'NONE', *, *, #2450, .T. ) ;
#6724 = CARTESIAN_POINT ( 'NONE',  ( -7.099304861171777500, -6.960052114436316600, 4.452826264591639200 ) ) ;
#6725 = ORIENTED_EDGE ( 'NONE', *, *, #6237, .T. ) ;
#6726 = LINE ( 'NONE', #2881, #5291 ) ;
#6727 = EDGE_CURVE ( 'NONE', #7115, #6940, #6332, .T. ) ;
#6728 = FACE_OUTER_BOUND ( 'NONE', #1130, .T. ) ;
#6729 = CARTESIAN_POINT ( 'NONE',  ( 2.419806540862541300, 11.15386738644911300, 0.0001974958013881621300 ) ) ;
#6730 = LINE ( 'NONE', #5258, #7090 ) ;
#6731 = CARTESIAN_POINT ( 'NONE',  ( -1.065654476331710600, -9.480576113802666100, 1.555817281656205900 ) ) ;
#6732 = VERTEX_POINT ( 'NONE', #3180 ) ;
#6733 = AXIS2_PLACEMENT_3D ( 'NONE', #5705, #6299, #5176 ) ;
#6734 = ORIENTED_EDGE ( 'NONE', *, *, #2901, .F. ) ;
#6735 = CARTESIAN_POINT ( 'NONE',  ( -5.526026136674659900, 5.846688800859800100, 4.171429039665429900 ) ) ;
#6736 = CIRCLE ( 'NONE', #1450, 9.582396530331134700 ) ;
#6737 = ORIENTED_EDGE ( 'NONE', *, *, #7102, .T. ) ;
#6738 = VECTOR ( 'NONE', #1213, 1000.000000000000100 ) ;
#6739 = AXIS2_PLACEMENT_3D ( 'NONE', #4368, #2106, #6604 ) ;
#6740 = VECTOR ( 'NONE', #5927, 1000.000000000000000 ) ;
#6741 = EDGE_LOOP ( 'NONE', ( #154, #5192, #5025, #3469 ) ) ;
#6742 = LINE ( 'NONE', #6653, #5641 ) ;
#6743 = ORIENTED_EDGE ( 'NONE', *, *, #5527, .T. ) ;
#6744 = CARTESIAN_POINT ( 'NONE',  ( 1.671174263167474600, -8.639093634219204200, 10.96095955101660000 ) ) ;
#6745 = DIRECTION ( 'NONE',  ( 0.0000000000000000000, 0.0000000000000000000, -1.000000000000000000 ) ) ;
#6746 = ADVANCED_FACE ( 'NONE', ( #5803 ), #1023, .T. ) ;
#6747 = DIRECTION ( 'NONE',  ( 0.0000000000000000000, 0.0000000000000000000, -1.000000000000000000 ) ) ;
#6748 = CARTESIAN_POINT ( 'NONE',  ( 4.241078867099006700, -8.552212062007475500, 1.482183610650191300 ) ) ;
#6749 = ORIENTED_EDGE ( 'NONE', *, *, #493, .T. ) ;
#6750 = CARTESIAN_POINT ( 'NONE',  ( 2.499976862686789300, -11.21831981095981600, 0.06337339303232365800 ) ) ;
#6751 = TOROIDAL_SURFACE ( 'NONE', #1300, 1.034999999999999900, 0.05000000000000000300 ) ;
#6752 = ORIENTED_EDGE ( 'NONE', *, *, #3476, .T. ) ;
#6753 = B_SPLINE_CURVE_WITH_KNOTS ( 'NONE', 3,
 ( #1293, #4121, #1837, #1336, #5244, #1920, #5746, #2379, #204, #4083, #4602, #5798, #2435, #5723, #6870, #749, #3513, #6847, #2489 ),
 .UNSPECIFIED., .F., .F.,
 ( 4, 3, 3, 3, 3, 3, 4 ),
 ( 1.517883041479706200E-018, 2.827629300056776300E-005, 5.638432597393981100E-005, 8.661744524342318600E-005, 0.0001318679613768411200, 0.0001771799553365712100, 0.0001792029157342277300 ),
 .UNSPECIFIED. ) ;
#6754 = CARTESIAN_POINT ( 'NONE',  ( -1.229400145118499900, 8.372695686629150200, 4.165311908826380400 ) ) ;
#6755 = CARTESIAN_POINT ( 'NONE',  ( 8.402321225015478800, 5.568768636547671800, 1.500003561359264400 ) ) ;
#6756 = DIRECTION ( 'NONE',  ( -0.8940976206708692900, -0.4436780449751965300, -0.06114930185764862900 ) ) ;
#6757 = VERTEX_POINT ( 'NONE', #6656 ) ;
#6758 = CARTESIAN_POINT ( 'NONE',  ( 0.05647524154837250300, -12.46737528024190000, 1.500000000000000000 ) ) ;
#6759 = DIRECTION ( 'NONE',  ( 1.000000000000000000, 0.0000000000000000000, 0.0000000000000000000 ) ) ;
#6760 = DIRECTION ( 'NONE',  ( -1.224646799147353200E-016, -1.000000000000000000, 0.0000000000000000000 ) ) ;
#6761 = EDGE_CURVE ( 'NONE', #1982, #4916, #156, .T. ) ;
#6762 = B_SPLINE_CURVE_WITH_KNOTS ( 'NONE', 3,
 ( #1058, #4410, #6090, #2825 ),
 .UNSPECIFIED., .F., .F.,
 ( 4, 4 ),
 ( 0.0000000000000000000, 1.000000000000000000 ),
 .UNSPECIFIED. ) ;
#6763 = CARTESIAN_POINT ( 'NONE',  ( -1.534997082687794800, -8.664317313847913500, 10.96095955101659800 ) ) ;
#6764 = DIRECTION ( 'NONE',  ( 0.0000000000000000000, -1.000000000000000000, 0.0000000000000000000 ) ) ;
#6765 = DIRECTION ( 'NONE',  ( -0.0000000000000000000, -0.0000000000000000000, 1.000000000000000000 ) ) ;
#6766 = EDGE_CURVE ( 'NONE', #4595, #1185, #3886, .T. ) ;
#6767 = CARTESIAN_POINT ( 'NONE',  ( -0.05647524154837250300, -12.46737528024190000, 0.1000000000000000500 ) ) ;
#6768 = DIRECTION ( 'NONE',  ( 0.0000000000000000000, 1.000000000000000000, 0.0000000000000000000 ) ) ;
#6769 = CARTESIAN_POINT ( 'NONE',  ( -4.305666286085716400, 9.069710950954082300, 1.583721891836907800 ) ) ;
#6770 = EDGE_CURVE ( 'NONE', #2626, #486, #5913, .T. ) ;
#6771 = CARTESIAN_POINT ( 'NONE',  ( 14.15545311535570100, -3.918399013375995800, 1.500000000000000000 ) ) ;
#6772 = CARTESIAN_POINT ( 'NONE',  ( 14.15545311535570100, -3.918399013375995800, 0.0000000000000000000 ) ) ;
#6773 = EDGE_CURVE ( 'NONE', #6502, #5216, #2934, .T. ) ;
#6774 = CARTESIAN_POINT ( 'NONE',  ( 9.548305042905212800, 1.709528177392089000, 1.583720050540679700 ) ) ;
#6775 = AXIS2_PLACEMENT_3D ( 'NONE', #850, #1941, #5832 ) ;
#6776 = CARTESIAN_POINT ( 'NONE',  ( 4.301581747076967900, 9.075500432331436300, 1.499999327185927800 ) ) ;
#6777 = CARTESIAN_POINT ( 'NONE',  ( 10.77024387075979000, -4.011427246171030500, 0.06209805678764308100 ) ) ;
#6778 = VERTEX_POINT ( 'NONE', #4902 ) ;
#6779 = ADVANCED_FACE ( 'NONE', ( #4151 ), #356, .T. ) ;
#6780 = DIRECTION ( 'NONE',  ( -0.0000000000000000000, -0.0000000000000000000, 1.000000000000000000 ) ) ;
#6781 = EDGE_CURVE ( 'NONE', #757, #6825, #2702, .T. ) ;
#6782 = CARTESIAN_POINT ( 'NONE',  ( 9.728040106252771900, -19.45608021250553700, 10.53140954703218800 ) ) ;
#6783 = CARTESIAN_POINT ( 'NONE',  ( 2.491686039226749000, 11.21167105069688200, 1.452336602478709400 ) ) ;
#6784 = AXIS2_PLACEMENT_3D ( 'NONE', #324, #1848, #5235 ) ;
#6785 = VECTOR ( 'NONE', #6853, 1000.000000000000100 ) ;
#6786 = B_SPLINE_CURVE_WITH_KNOTS ( 'NONE', 3,
 ( #5702, #3582, #6854, #6878, #3520, #3545, #2392, #4658, #3607, #5734, #5147, #1275, #2961, #272, #5777, #5231, #1869, #2984 ),
 .UNSPECIFIED., .F., .F.,
 ( 4, 2, 2, 2, 2, 2, 2, 2, 4 ),
 ( 0.0000000000000000000, 0.06250000000000000000, 0.1250000000000000000, 0.1875000000000000000, 0.2500000000000000000, 0.3125000000000000000, 0.3750000000000000000, 0.4375000000000000000, 0.5000000000000000000 ),
 .UNSPECIFIED. ) ;
#6787 = AXIS2_PLACEMENT_3D ( 'NONE', #123, #6824, #2340 ) ;
#6788 = VECTOR ( 'NONE', #2461, 999.9999999999998900 ) ;
#6789 = VECTOR ( 'NONE', #5436, 1000.000000000000200 ) ;
#6790 = CARTESIAN_POINT ( 'NONE',  ( -7.281058389693583900, -4.941419269840301000, 10.96095955101660000 ) ) ;
#6791 = CARTESIAN_POINT ( 'NONE',  ( 5.509818940310825800, 6.734963700940739700, 1.407289741471665000 ) ) ;
#6792 = ADVANCED_FACE ( 'NONE', ( #3141 ), #671, .T. ) ;
#6793 = DIRECTION ( 'NONE',  ( -1.000000000000000000, 0.0000000000000000000, 0.0000000000000000000 ) ) ;
#6794 = CARTESIAN_POINT ( 'NONE',  ( 6.628963621329623900, -6.634333529030612000, 7.217198224271641000 ) ) ;
#6795 = DIRECTION ( 'NONE',  ( 0.02886061321550570400, 3.534405759579886100E-018, -0.9995834457436881800 ) ) ;
#6796 = FACE_OUTER_BOUND ( 'NONE', #1254, .T. ) ;
#6797 = VERTEX_POINT ( 'NONE', #1075 ) ;
#6798 = CARTESIAN_POINT ( 'NONE',  ( 1.848666648172067500, -9.358632393671285900, 1.583721891830324200 ) ) ;
#6799 = CARTESIAN_POINT ( 'NONE',  ( 10.77508558524241000, -4.018399013376000400, 0.1000000000000000500 ) ) ;
#6800 = VERTEX_POINT ( 'NONE', #37 ) ;
#6801 = PLANE ( 'NONE',  #6258 ) ;
#6802 = DIRECTION ( 'NONE',  ( 0.0000000000000000000, 0.0000000000000000000, -1.000000000000000000 ) ) ;
#6803 = VERTEX_POINT ( 'NONE', #488 ) ;
#6804 = CARTESIAN_POINT ( 'NONE',  ( -2.407524733388445100, -11.14395595615931900, 1.499995869742101400 ) ) ;
#6805 = EDGE_LOOP ( 'NONE', ( #2609, #789, #5717, #1816, #1999, #6171, #5392, #4482, #515, #2864, #6868, #3590, #6662, #769, #985, #1622, #5415, #434, #4648, #5978, #6251, #1177, #4161, #5105 ) ) ;
#6806 = CIRCLE ( 'NONE', #5224, 0.1000000000000000100 ) ;
#6807 = ORIENTED_EDGE ( 'NONE', *, *, #1305, .F. ) ;
#6808 = ORIENTED_EDGE ( 'NONE', *, *, #5215, .F. ) ;
#6809 = DIRECTION ( 'NONE',  ( -0.0000000000000000000, -0.0000000000000000000, 1.000000000000000000 ) ) ;
#6810 = ORIENTED_EDGE ( 'NONE', *, *, #6114, .T. ) ;
#6811 = EDGE_CURVE ( 'NONE', #1784, #5687, #6244, .T. ) ;
#6812 = EDGE_CURVE ( 'NONE', #3308, #5791, #4947, .T. ) ;
#6813 = CARTESIAN_POINT ( 'NONE',  ( -7.063535376498828500, -5.251061879079139200, 10.96095955101660000 ) ) ;
#6814 = DIRECTION ( 'NONE',  ( 0.0000000000000000000, 0.0000000000000000000, -1.000000000000000000 ) ) ;
#6815 = CARTESIAN_POINT ( 'NONE',  ( -3.926741436245520000, -7.496276373679680900, 4.165311908826380400 ) ) ;
#6816 = ADVANCED_FACE ( 'NONE', ( #5294 ), #7089, .T. ) ;
#6817 = EDGE_CURVE ( 'NONE', #6645, #5636, #3471, .T. ) ;
#6818 = LINE ( 'NONE', #4437, #1259 ) ;
#6819 = CARTESIAN_POINT ( 'NONE',  ( -9.345869034582444000, -1.916161501795842000, 1.555817281656205900 ) ) ;
#6820 = EDGE_LOOP ( 'NONE', ( #2354, #5646, #3826, #6305 ) ) ;
#6821 = VERTEX_POINT ( 'NONE', #1777 ) ;
#6822 = AXIS2_PLACEMENT_3D ( 'NONE', #2142, #992, #3276 ) ;
#6823 = CIRCLE ( 'NONE', #4157, 2.350000000000000500 ) ;
#6824 = DIRECTION ( 'NONE',  ( -0.04661446143125427800, -0.01514595664830369200, -0.9987981237380665300 ) ) ;
#6825 = VERTEX_POINT ( 'NONE', #1211 ) ;
#6826 = ORIENTED_EDGE ( 'NONE', *, *, #5468, .F. ) ;
#6827 = VERTEX_POINT ( 'NONE', #5056 ) ;
#6828 = DIRECTION ( 'NONE',  ( -1.000000000000000000, 0.0000000000000000000, 0.0000000000000000000 ) ) ;
#6829 = CARTESIAN_POINT ( 'NONE',  ( 7.685146892136347500, 3.610938068575289000, 1.300721701513770900 ) ) ;
#6830 = TOROIDAL_SURFACE ( 'NONE', #1551, 3.680000000000000200, 0.1000000000000000100 ) ;
#6831 = ORIENTED_EDGE ( 'NONE', *, *, #5032, .F. ) ;
#6832 = DIRECTION ( 'NONE',  ( -1.000000000000000000, 0.0000000000000000000, 0.0000000000000000000 ) ) ;
#6833 = DIRECTION ( 'NONE',  ( -1.000000000000000000, -2.309291984482540100E-015, 0.0000000000000000000 ) ) ;
#6834 = ADVANCED_FACE ( 'NONE', ( #524 ), #5666, .F. ) ;
#6835 = DIRECTION ( 'NONE',  ( 0.0000000000000000000, 0.0000000000000000000, -1.000000000000000000 ) ) ;
#6836 = CARTESIAN_POINT ( 'NONE',  ( 7.922498354969399700, -1.304065213746520100, 7.007649993871850400 ) ) ;
#6837 = CARTESIAN_POINT ( 'NONE',  ( -2.506475241548380000, 11.22352804885810000, 1.500000000000000000 ) ) ;
#6838 = FACE_OUTER_BOUND ( 'NONE', #3378, .T. ) ;
#6839 = VERTEX_POINT ( 'NONE', #2358 ) ;
#6840 = B_SPLINE_CURVE_WITH_KNOTS ( 'NONE', 3,
 ( #1682, #3450, #3367, #35 ),
 .UNSPECIFIED., .F., .F.,
 ( 4, 4 ),
 ( 0.0000000000000000000, 1.000000000000000000 ),
 .UNSPECIFIED. ) ;
#6841 = AXIS2_PLACEMENT_3D ( 'NONE', #1958, #5852, #2544 ) ;
#6842 = AXIS2_PLACEMENT_3D ( 'NONE', #691, #6691, #6759 ) ;
#6843 = CARTESIAN_POINT ( 'NONE',  ( -7.583001253996339800, -3.756534275047379800, 4.165311908826380400 ) ) ;
#6844 = ORIENTED_EDGE ( 'NONE', *, *, #6635, .T. ) ;
#6845 = CARTESIAN_POINT ( 'NONE',  ( -6.448490503248312000, 7.799653544742222200, 1.499998324696410600 ) ) ;
#6846 = CARTESIAN_POINT ( 'NONE',  ( -9.410660013322013700, 3.722512963751694900, 1.499998728424691200 ) ) ;
#6847 = CARTESIAN_POINT ( 'NONE',  ( -2.406999988442839900, 11.14353243821287400, 1.500000000000000000 ) ) ;
#6848 = CARTESIAN_POINT ( 'NONE',  ( 3.593263992586800200, 7.596889116839490100, 9.806355243554776300 ) ) ;
#6849 = ORIENTED_EDGE ( 'NONE', *, *, #651, .F. ) ;
#6850 = CARTESIAN_POINT ( 'NONE',  ( 2.506475241548370200, -11.22352804885810000, 0.1000000000000000500 ) ) ;
#6851 = CARTESIAN_POINT ( 'NONE',  ( -8.813283889220517900, -4.807412669862005200, 1.583721891830309500 ) ) ;
#6852 = CARTESIAN_POINT ( 'NONE',  ( -12.01579960646100200, 2.400307726328812400E-016, 1.500000000000000000 ) ) ;
#6853 = DIRECTION ( 'NONE',  ( -0.4426440206070571500, 0.8961862487317657800, 0.03027339764388437000 ) ) ;
#6854 = CARTESIAN_POINT ( 'NONE',  ( 6.792918986308784200, 1.825546255950890400, 11.40000000005519400 ) ) ;
#6855 = DIRECTION ( 'NONE',  ( 0.0000000000000000000, 0.0000000000000000000, 1.000000000000000000 ) ) ;
#6856 = DIRECTION ( 'NONE',  ( 0.0000000000000000000, -1.000000000000000000, 2.710505431213760100E-016 ) ) ;
#6857 = CARTESIAN_POINT ( 'NONE',  ( 7.301953108523394900, 6.895644224241547900, 1.500000407994915200 ) ) ;
#6858 = DIRECTION ( 'NONE',  ( 0.0000000000000000000, 1.000000000000000000, 0.0000000000000000000 ) ) ;
#6859 = PLANE ( 'NONE',  #1931 ) ;
#6860 = B_SPLINE_CURVE_WITH_KNOTS ( 'NONE', 3,
 ( #3359, #6297, #5587, #1668 ),
 .UNSPECIFIED., .F., .F.,
 ( 4, 4 ),
 ( 0.0000000000000000000, 1.000000000000000000 ),
 .UNSPECIFIED. ) ;
#6861 = EDGE_CURVE ( 'NONE', #1555, #962, #6076, .T. ) ;
#6862 = ORIENTED_EDGE ( 'NONE', *, *, #6279, .F. ) ;
#6863 = CARTESIAN_POINT ( 'NONE',  ( 7.932832904285970000, -1.128462034461067000, 9.818678063566091300 ) ) ;
#6864 = DIRECTION ( 'NONE',  ( 1.000000000000000000, 2.710505431213777800E-016, 2.710505431213760100E-016 ) ) ;
#6865 = CARTESIAN_POINT ( 'NONE',  ( 8.416249496778521100, 2.210109774643005000, 1.407289741471665000 ) ) ;
#6866 = CARTESIAN_POINT ( 'NONE',  ( -7.233333532440156000, 8.858278757668055600E-016, 10.96095955091414000 ) ) ;
#6867 = EDGE_CURVE ( 'NONE', #3218, #3989, #5466, .T. ) ;
#6868 = ORIENTED_EDGE ( 'NONE', *, *, #544, .T. ) ;
#6869 = ADVANCED_FACE ( 'NONE', ( #1171 ), #3915, .F. ) ;
#6870 = CARTESIAN_POINT ( 'NONE',  ( -2.419806540862567500, 11.15386738644909000, 1.499802504198611800 ) ) ;
#6871 = EDGE_CURVE ( 'NONE', #2696, #6175, #3974, .T. ) ;
#6872 = CARTESIAN_POINT ( 'NONE',  ( 10.07086074122643600, -0.4335320363788510200, 1.500003561359264400 ) ) ;
#6873 = DIRECTION ( 'NONE',  ( 0.04661446143125427800, 0.01514595664830369200, -0.9987981237380665300 ) ) ;
#6874 = ORIENTED_EDGE ( 'NONE', *, *, #139, .F. ) ;
#6875 = AXIS2_PLACEMENT_3D ( 'NONE', #4873, #6557, #5448 ) ;
#6876 = B_SPLINE_CURVE_WITH_KNOTS ( 'NONE', 3,
 ( #1781, #4579, #1755, #107 ),
 .UNSPECIFIED., .F., .F.,
 ( 4, 4 ),
 ( 0.0000000000000000000, 1.000000000000000000 ),
 .UNSPECIFIED. ) ;
#6877 = VECTOR ( 'NONE', #6216, 1000.000000000000100 ) ;
#6878 = CARTESIAN_POINT ( 'NONE',  ( 6.094175216222373200, 3.512462942317200900, 11.40000000005519000 ) ) ;
#6879 = DIRECTION ( 'NONE',  ( 0.0000000000000000000, 1.000000000000000000, 0.0000000000000000000 ) ) ;
#6880 = EDGE_CURVE ( 'NONE', #4467, #3752, #5094, .T. ) ;
#6881 = CARTESIAN_POINT ( 'NONE',  ( -8.828588361935580100, 0.0000000000000000000, 11.40000000000000000 ) ) ;
#6882 = CARTESIAN_POINT ( 'NONE',  ( -1.059365186118820000, 8.424850259276931700, 1.300721701513781300 ) ) ;
#6883 = DIRECTION ( 'NONE',  ( 0.0000000000000000000, 0.0000000000000000000, 1.000000000000000000 ) ) ;
#6884 = VECTOR ( 'NONE', #573, 1000.000000000000100 ) ;
#6885 = LINE ( 'NONE', #6683, #5443 ) ;
#6886 = CARTESIAN_POINT ( 'NONE',  ( 0.05647524154837230100, 14.91737528024190100, 1.399999999999999900 ) ) ;
#6887 = CARTESIAN_POINT ( 'NONE',  ( 6.709753309980828600, 7.069326004652203300, 10.00000000000002500 ) ) ;
#6888 = CARTESIAN_POINT ( 'NONE',  ( -9.838411132091650300, -1.452740999002559900, 4.362828412148360300 ) ) ;
#6889 = CARTESIAN_POINT ( 'NONE',  ( 7.295575644212217300, -6.896358858841474600, 1.583721891830310600 ) ) ;
#6890 = DIRECTION ( 'NONE',  ( -1.000000000000000000, 0.0000000000000000000, 0.0000000000000000000 ) ) ;
#6891 = CARTESIAN_POINT ( 'NONE',  ( 8.346267194361640700, 4.452299523251254800, 4.411772188214852600 ) ) ;
#6892 = VERTEX_POINT ( 'NONE', #6715 ) ;
#6893 = DIRECTION ( 'NONE',  ( -0.9510565162951529800, 0.3090169943749493400, 0.0000000000000000000 ) ) ;
#6894 = DIRECTION ( 'NONE',  ( -0.06823280526821752500, 0.0000000000000000000, 0.9976694263558594200 ) ) ;
#6895 = B_SPLINE_SURFACE_WITH_KNOTS ( 'NONE', 3, 1, ( 
 ( #3248, #969 ),
 ( #4839, #4870 ),
 ( #2134, #2675 ),
 ( #3268, #7071 ) ),
 .UNSPECIFIED., .F., .F., .F.,
 ( 4, 4 ),
 ( 2, 2 ),
 ( 0.0000000000000000000, 1.000000000000000000 ),
 ( 0.0000000000000000000, 1.000000000000000000 ),
 .UNSPECIFIED. ) ;
#6896 = ORIENTED_EDGE ( 'NONE', *, *, #6160, .T. ) ;
#6897 = ORIENTED_EDGE ( 'NONE', *, *, #5881, .F. ) ;
#6898 = DIRECTION ( 'NONE',  ( 0.0000000000000000000, -0.0000000000000000000, 1.000000000000000000 ) ) ;
#6899 = ORIENTED_EDGE ( 'NONE', *, *, #4810, .T. ) ;
#6900 = CARTESIAN_POINT ( 'NONE',  ( 8.116333304052894000, 2.692405698936160000, 9.909339031783243700 ) ) ;
#6901 = CARTESIAN_POINT ( 'NONE',  ( -7.001883768800859700, -6.482385147186344700, 1.499999999999968900 ) ) ;
#6902 = ADVANCED_FACE ( 'NONE', ( #3570 ), #2846, .F. ) ;
#6903 = CARTESIAN_POINT ( 'NONE',  ( 0.9624314728824134900, -0.8378929931195303600, 9.528024968268802300 ) ) ;
#6904 = CARTESIAN_POINT ( 'NONE',  ( 10.73914575995844500, -3.966721526847547500, 1.488142535054566700 ) ) ;
#6905 = CIRCLE ( 'NONE', #3167, 9.296474063777681700 ) ;
#6906 = CARTESIAN_POINT ( 'NONE',  ( 14.15545311535570100, 0.2383990133759980000, 0.1000000000000000500 ) ) ;
#6907 = ORIENTED_EDGE ( 'NONE', *, *, #6924, .T. ) ;
#6908 = VERTEX_POINT ( 'NONE', #6146 ) ;
#6909 = EDGE_LOOP ( 'NONE', ( #6347, #2957, #1343, #4782 ) ) ;
#6910 = FACE_OUTER_BOUND ( 'NONE', #6230, .T. ) ;
#6911 = FACE_OUTER_BOUND ( 'NONE', #3819, .T. ) ;
#6912 = EDGE_CURVE ( 'NONE', #5553, #2941, #4761, .T. ) ;
#6913 = DIRECTION ( 'NONE',  ( -1.000000000000000000, 0.0000000000000000000, 0.0000000000000000000 ) ) ;
#6914 = LINE ( 'NONE', #4008, #2171 ) ;
#6915 = ORIENTED_EDGE ( 'NONE', *, *, #5215, .T. ) ;
#6916 = ORIENTED_EDGE ( 'NONE', *, *, #806, .T. ) ;
#6917 = CIRCLE ( 'NONE', #1200, 1.034999999999999900 ) ;
#6918 = ORIENTED_EDGE ( 'NONE', *, *, #3346, .T. ) ;
#6919 = EDGE_CURVE ( 'NONE', #855, #7026, #2170, .T. ) ;
#6920 = CARTESIAN_POINT ( 'NONE',  ( -1.558327750901147700, 8.258079982341330400, 9.806355243554747900 ) ) ;
#6921 = DIRECTION ( 'NONE',  ( 0.0000000000000000000, -0.0000000000000000000, 1.000000000000000000 ) ) ;
#6922 = CARTESIAN_POINT ( 'NONE',  ( -2.406475241548370600, -11.14310894283165300, 1.500000000000000000 ) ) ;
#6923 = TOROIDAL_SURFACE ( 'NONE', #661, 11.40000000000000000, 0.1000000000000000100 ) ;
#6924 = EDGE_CURVE ( 'NONE', #373, #4560, #2000, .T. ) ;
#6925 = CARTESIAN_POINT ( 'NONE',  ( 15.98579960646100100, 2.461540066286180200E-016, 0.04999999999999991300 ) ) ;
#6926 = EDGE_LOOP ( 'NONE', ( #2580, #7084, #4652, #4504 ) ) ;
#6927 = ORIENTED_EDGE ( 'NONE', *, *, #2852, .T. ) ;
#6928 = ORIENTED_EDGE ( 'NONE', *, *, #968, .T. ) ;
#6929 = AXIS2_PLACEMENT_3D ( 'NONE', #3169, #4811, #5356 ) ;
#6930 = CARTESIAN_POINT ( 'NONE',  ( -10.76400018508270600, 4.002441908387537800, 0.04580782530547974900 ) ) ;
#6931 = CARTESIAN_POINT ( 'NONE',  ( -2.569578273285326300, 8.424137302740415800, 10.96095955101660400 ) ) ;
#6932 = CIRCLE ( 'NONE', #277, 9.728040106252720400 ) ;
#6933 = ORIENTED_EDGE ( 'NONE', *, *, #6812, .T. ) ;
#6934 = CARTESIAN_POINT ( 'NONE',  ( 8.814399537076960600, -4.806743149136327300, 1.583721891836907600 ) ) ;
#6935 = DIRECTION ( 'NONE',  ( 0.9976694263558600900, 0.0000000000000000000, 0.06823280526820602000 ) ) ;
#6936 = EDGE_CURVE ( 'NONE', #6992, #1912, #873, .T. ) ;
#6937 = ORIENTED_EDGE ( 'NONE', *, *, #6151, .T. ) ;
#6938 = CARTESIAN_POINT ( 'NONE',  ( 3.515557325898561700, 8.071831321961150600, 10.96095955101660200 ) ) ;
#6939 = CARTESIAN_POINT ( 'NONE',  ( -7.685146892136345700, -3.610938068575291600, 1.300721701513775300 ) ) ;
#6940 = VERTEX_POINT ( 'NONE', #5161 ) ;
#6941 = CARTESIAN_POINT ( 'NONE',  ( -0.004683157104569979700, 0.006445812769456240500, 1.091359466005290100 ) ) ;
#6942 = DIRECTION ( 'NONE',  ( 0.0000000000000000000, 0.0000000000000000000, -1.000000000000000000 ) ) ;
#6943 = DIRECTION ( 'NONE',  ( 1.000000000000000000, 0.0000000000000000000, 0.0000000000000000000 ) ) ;
#6944 = CARTESIAN_POINT ( 'NONE',  ( -3.759473375253439700, -7.549076564073266700, 7.001146806019668200 ) ) ;
#6945 = DIRECTION ( 'NONE',  ( -1.000000000000000000, 0.0000000000000000000, 0.0000000000000000000 ) ) ;
#6946 = ORIENTED_EDGE ( 'NONE', *, *, #3568, .T. ) ;
#6947 = CARTESIAN_POINT ( 'NONE',  ( -2.431675449003782000, 11.16343300303895000, 0.002475065058876396600 ) ) ;
#6948 = DIRECTION ( 'NONE',  ( 0.0000000000000000000, 0.0000000000000000000, -1.000000000000000000 ) ) ;
#6949 = CARTESIAN_POINT ( 'NONE',  ( 5.642895503093483500, -5.711775182221336100, 7.006894107162108500 ) ) ;
#6950 = CARTESIAN_POINT ( 'NONE',  ( 4.098187449112749900, 7.806528253687689700, 10.00000000000000000 ) ) ;
#6951 = ADVANCED_FACE ( 'NONE', ( #6420 ), #3664, .T. ) ;
#6952 = CARTESIAN_POINT ( 'NONE',  ( 0.9849999999999999900, 12.46737528024190000, 1.450000000000000200 ) ) ;
#6953 = DIRECTION ( 'NONE',  ( -0.9891082965063527900, -0.1440426992445277000, -0.03027339717725081200 ) ) ;
#6954 = CARTESIAN_POINT ( 'NONE',  ( 9.801459731783532800, -2.519724650575831100, 1.499998324696410600 ) ) ;
#6955 = DIRECTION ( 'NONE',  ( 0.0000000000000000000, 0.0000000000000000000, -1.000000000000000000 ) ) ;
#6956 = DIRECTION ( 'NONE',  ( 0.0000000000000000000, 0.0000000000000000000, -1.000000000000000000 ) ) ;
#6957 = DIRECTION ( 'NONE',  ( -0.4625527581392803200, -0.8844804739664851000, 0.06114930179295888900 ) ) ;
#6958 = CARTESIAN_POINT ( 'NONE',  ( 5.577232510289474200, -4.286122374984270100, 11.40000000005519000 ) ) ;
#6959 = CARTESIAN_POINT ( 'NONE',  ( -3.524521668586750900, 9.443936314027384400, 1.500003561359264400 ) ) ;
#6960 = CARTESIAN_POINT ( 'NONE',  ( -1.034999999999999900, -12.46737528024190000, 1.500000000000000000 ) ) ;
#6961 = CARTESIAN_POINT ( 'NONE',  ( 0.07562460365995860000, -0.05494449072250980100, 1.366780907576699900 ) ) ;
#6962 = EDGE_CURVE ( 'NONE', #5682, #3275, #6753, .T. ) ;
#6963 = EDGE_LOOP ( 'NONE', ( #1903, #1645, #4527, #6252 ) ) ;
#6964 = CARTESIAN_POINT ( 'NONE',  ( -2.474541885154908800, 11.19791029615860900, 0.02674065228145724300 ) ) ;
#6965 = DIRECTION ( 'NONE',  ( -1.000000000000000000, 0.0000000000000000000, 0.0000000000000000000 ) ) ;
#6966 = EDGE_CURVE ( 'NONE', #2177, #1555, #6234, .T. ) ;
#6967 = CARTESIAN_POINT ( 'NONE',  ( 10.77508558524241000, 4.018399013376003000, 0.1000000000000000500 ) ) ;
#6968 = CARTESIAN_POINT ( 'NONE',  ( -1.198091148290790600, -0.4309694385047755400, 9.528024968268798700 ) ) ;
#6969 = AXIS2_PLACEMENT_3D ( 'NONE', #273, #1905, #1956 ) ;
#6970 = TOROIDAL_SURFACE ( 'NONE', #1120, 2.010000000000000200, 0.05000000000000000300 ) ;
#6971 = CARTESIAN_POINT ( 'NONE',  ( 11.96579960646100300, 0.0000000000000000000, 0.04999999999999991300 ) ) ;
#6972 = EDGE_CURVE ( 'NONE', #520, #3716, #3397, .T. ) ;
#6973 = FACE_OUTER_BOUND ( 'NONE', #1552, .T. ) ;
#6974 = PLANE ( 'NONE',  #115 ) ;
#6975 = FACE_OUTER_BOUND ( 'NONE', #5578, .T. ) ;
#6976 = AXIS2_PLACEMENT_3D ( 'NONE', #215, #2923, #5660 ) ;
#6977 = CARTESIAN_POINT ( 'NONE',  ( 8.799169842991782200, 0.0000000000000000000, 10.96095955101657500 ) ) ;
#6978 = CARTESIAN_POINT ( 'NONE',  ( 0.0000000000000000000, -9.175869535789198000E-017, 10.00000000000000900 ) ) ;
#6979 = B_SPLINE_CURVE_WITH_KNOTS ( 'NONE', 3,
 ( #4840, #918, #2048, #6543 ),
 .UNSPECIFIED., .F., .F.,
 ( 4, 4 ),
 ( 0.4999847408604138900, 1.000000000000000000 ),
 .UNSPECIFIED. ) ;
#6980 = CARTESIAN_POINT ( 'NONE',  ( -8.807161190992463400, 4.397357515166119100, 7.258252300644389100 ) ) ;
#6981 = VECTOR ( 'NONE', #5136, 1000.000000000000000 ) ;
#6982 = CARTESIAN_POINT ( 'NONE',  ( 0.2097807036622166800, 1.602606525750616100, 9.040507860752555300 ) ) ;
#6983 = ORIENTED_EDGE ( 'NONE', *, *, #2239, .F. ) ;
#6984 = DIRECTION ( 'NONE',  ( -1.000000000000000000, 0.0000000000000000000, 0.0000000000000000000 ) ) ;
#6985 = CARTESIAN_POINT ( 'NONE',  ( 0.0000000000000000000, -12.46737528024190000, 1.450000000000000200 ) ) ;
#6986 = CARTESIAN_POINT ( 'NONE',  ( 8.828588361935580100, 1.081190247843398300E-015, 11.40000000000000200 ) ) ;
#6987 = ORIENTED_EDGE ( 'NONE', *, *, #705, .F. ) ;
#6988 = CARTESIAN_POINT ( 'NONE',  ( 10.76742563487569800, 4.007370204118896800, 0.05345077824234171400 ) ) ;
#6989 = EDGE_LOOP ( 'NONE', ( #5898, #4094, #1327, #1447 ) ) ;
#6990 = CARTESIAN_POINT ( 'NONE',  ( -1.207946910385649900, 7.937721998652151000, 7.007649993871850400 ) ) ;
#6991 = CARTESIAN_POINT ( 'NONE',  ( 2.406475241548369700, 12.46737528024190000, 0.0000000000000000000 ) ) ;
#6992 = VERTEX_POINT ( 'NONE', #6286 ) ;
#6993 = DIRECTION ( 'NONE',  ( -0.02880932153178618700, -0.03965262929739137700, -0.9987981237380665300 ) ) ;
#6994 = FACE_OUTER_BOUND ( 'NONE', #4389, .T. ) ;
#6995 =( NAMED_UNIT ( * ) SI_UNIT ( $, .STERADIAN. ) SOLID_ANGLE_UNIT ( ) );
#6996 = ORIENTED_EDGE ( 'NONE', *, *, #2212, .T. ) ;
#6997 = ORIENTED_EDGE ( 'NONE', *, *, #5502, .T. ) ;
#6998 = ORIENTED_EDGE ( 'NONE', *, *, #7111, .F. ) ;
#6999 = FACE_OUTER_BOUND ( 'NONE', #2235, .T. ) ;
#7000 = DIRECTION ( 'NONE',  ( 0.9841275813569755300, -0.1665943171377829700, -0.06114930179376898400 ) ) ;
#7001 = DIRECTION ( 'NONE',  ( 0.0000000000000000000, 0.0000000000000000000, -1.000000000000000000 ) ) ;
#7002 = CARTESIAN_POINT ( 'NONE',  ( 0.0000000000000000000, 0.0000000000000000000, 1.399999999999999900 ) ) ;
#7003 = CARTESIAN_POINT ( 'NONE',  ( -10.70660836432594600, -3.920090729836511700, 1.431054687161374600E-005 ) ) ;
#7004 = VECTOR ( 'NONE', #2243, 1000.000000000000000 ) ;
#7005 = ORIENTED_EDGE ( 'NONE', *, *, #4097, .T. ) ;
#7006 = EDGE_LOOP ( 'NONE', ( #1027, #7017, #3029, #7092 ) ) ;
#7007 = CARTESIAN_POINT ( 'NONE',  ( -1.634221832496464800, 8.646148130704126800, 10.96095955101659800 ) ) ;
#7008 = CARTESIAN_POINT ( 'NONE',  ( -9.958284580892851100, -1.289878306670238600, 1.555816067380029600 ) ) ;
#7009 = FACE_OUTER_BOUND ( 'NONE', #2229, .T. ) ;
#7010 = ORIENTED_EDGE ( 'NONE', *, *, #1501, .F. ) ;
#7011 = EDGE_CURVE ( 'NONE', #6657, #4557, #4403, .T. ) ;
#7012 = DIRECTION ( 'NONE',  ( -0.02880932153178618700, 0.03965262929739137700, -0.9987981237380665300 ) ) ;
#7013 = CIRCLE ( 'NONE', #4113, 9.539474233726782200 ) ;
#7014 = CARTESIAN_POINT ( 'NONE',  ( -1.400335768088595700, 0.8071030644342749300, 9.040507860752551700 ) ) ;
#7015 = CARTESIAN_POINT ( 'NONE',  ( 0.9849999999999999900, -12.46737528024190000, 0.04999999999999991300 ) ) ;
#7016 = ORIENTED_EDGE ( 'NONE', *, *, #1203, .F. ) ;
#7017 = ORIENTED_EDGE ( 'NONE', *, *, #2561, .F. ) ;
#7018 = ORIENTED_EDGE ( 'NONE', *, *, #1587, .T. ) ;
#7019 = CIRCLE ( 'NONE', #3577, 0.04999999999999991300 ) ;
#7020 = VERTEX_POINT ( 'NONE', #2980 ) ;
#7021 = EDGE_CURVE ( 'NONE', #192, #5211, #4398, .T. ) ;
#7022 = CARTESIAN_POINT ( 'NONE',  ( -2.442933142663653800, -11.17249511008022400, 0.006882754302288231400 ) ) ;
#7023 = VERTEX_POINT ( 'NONE', #1810 ) ;
#7024 = FACE_OUTER_BOUND ( 'NONE', #5918, .T. ) ;
#7025 = CARTESIAN_POINT ( 'NONE',  ( -0.8378929931195666600, -0.9624314728823960600, 9.528024968268804100 ) ) ;
#7026 = VERTEX_POINT ( 'NONE', #6269 ) ;
#7027 = EDGE_CURVE ( 'NONE', #1356, #3970, #4195, .T. ) ;
#7028 = CARTESIAN_POINT ( 'NONE',  ( 2.406475241548372800, 12.46737528024190000, 1.500000000000000000 ) ) ;
#7029 = EDGE_CURVE ( 'NONE', #1481, #4470, #5455, .T. ) ;
#7030 =( BOUNDED_CURVE ( )  B_SPLINE_CURVE ( 3, ( #6308, #2992, #5662, #3533 ),
 .UNSPECIFIED., .F., .F. ) 
 B_SPLINE_CURVE_WITH_KNOTS ( ( 4, 4 ),
 ( 6.098062368607421600, 6.283185307179586200 ),
 .UNSPECIFIED. ) 
 CURVE ( )  GEOMETRIC_REPRESENTATION_ITEM ( )  RATIONAL_B_SPLINE_CURVE ( ( 1.000000000000000000, 0.9971461632247626800, 0.9971461632247626800, 1.000000000000000000 ) ) 
 REPRESENTATION_ITEM ( '' )  );
#7031 = AXIS2_PLACEMENT_3D ( 'NONE', #1915, #6306, #5792 ) ;
#7032 = CARTESIAN_POINT ( 'NONE',  ( -0.05647524154837319000, 14.91737528024190100, 0.1000000000000000500 ) ) ;
#7033 = CARTESIAN_POINT ( 'NONE',  ( 17.83545311535570100, 0.2383990133759984800, 1.399999999999999900 ) ) ;
#7034 = VERTEX_POINT ( 'NONE', #4571 ) ;
#7035 = DIRECTION ( 'NONE',  ( -1.224646799147353200E-016, 1.000000000000000000, 0.0000000000000000000 ) ) ;
#7036 = CARTESIAN_POINT ( 'NONE',  ( -10.77508558524240600, -4.018399013375992400, 0.09025575751357019200 ) ) ;
#7037 = AXIS2_PLACEMENT_3D ( 'NONE', #2729, #2681, #1006 ) ;
#7038 = AXIS2_PLACEMENT_3D ( 'NONE', #223, #1229, #3018 ) ;
#7039 = CARTESIAN_POINT ( 'NONE',  ( 8.286455980803284000, 2.973428389792611300, 10.96095955101660000 ) ) ;
#7040 = CARTESIAN_POINT ( 'NONE',  ( 0.0000000000000000000, 0.0000000000000000000, 10.53140954703218800 ) ) ;
#7041 = CARTESIAN_POINT ( 'NONE',  ( -9.151576633373469600, 1.634954171218459000, 10.00000000000019700 ) ) ;
#7042 = EDGE_LOOP ( 'NONE', ( #4714, #5092 ) ) ;
#7043 = CARTESIAN_POINT ( 'NONE',  ( 1.400335768088595700, 0.8071030644342747100, 9.040507860752555300 ) ) ;
#7044 = CARTESIAN_POINT ( 'NONE',  ( -6.996468837931960400, 6.484673658387460900, 1.583721891830310000 ) ) ;
#7045 = CARTESIAN_POINT ( 'NONE',  ( 14.15545311535570100, 0.2383990133759980000, 1.399999999999999900 ) ) ;
#7046 = CARTESIAN_POINT ( 'NONE',  ( 0.0000000000000000000, 12.46737528024190000, 0.04999999999999991300 ) ) ;
#7047 = VERTEX_POINT ( 'NONE', #4681 ) ;
#7048 = CARTESIAN_POINT ( 'NONE',  ( 1.378149009695250700, -7.893286372457178700, 9.818678063566102000 ) ) ;
#7049 = CARTESIAN_POINT ( 'NONE',  ( -10.77405805346786000, -4.016918977437649500, 1.419624476378591700 ) ) ;
#7050 = DIRECTION ( 'NONE',  ( -0.06823280516491732300, -2.092289256842370900E-010, -0.9976694263629243300 ) ) ;
#7051 = CARTESIAN_POINT ( 'NONE',  ( -10.77508558524240800, 4.018399013376003900, 0.1000000000000000500 ) ) ;
#7052 = ORIENTED_EDGE ( 'NONE', *, *, #5772, .F. ) ;
#7053 = CARTESIAN_POINT ( 'NONE',  ( -17.83545311535569800, -0.2383990133759980000, 0.1000000000000000500 ) ) ;
#7054 = CARTESIAN_POINT ( 'NONE',  ( -8.687254784475133100, 3.941214657181233400, 1.583721891830319300 ) ) ;
#7055 = CARTESIAN_POINT ( 'NONE',  ( 4.301581747076967900, 9.075500432331436300, 1.499999327185927800 ) ) ;
#7056 = VERTEX_POINT ( 'NONE', #782 ) ;
#7057 = EDGE_CURVE ( 'NONE', #5528, #2975, #6510, .T. ) ;
#7058 = B_SPLINE_SURFACE_WITH_KNOTS ( 'NONE', 3, 1, ( 
 ( #2169, #2715 ),
 ( #5001, #6735 ),
 ( #1744, #1129 ),
 ( #49, #113 ) ),
 .UNSPECIFIED., .F., .F., .F.,
 ( 4, 4 ),
 ( 2, 2 ),
 ( 0.0000000000000000000, 1.000000000000000000 ),
 ( 0.0000000000000000000, 1.000000000000000000 ),
 .UNSPECIFIED. ) ;
#7059 = EDGE_CURVE ( 'NONE', #3832, #4226, #3652, .T. ) ;
#7060 = CARTESIAN_POINT ( 'NONE',  ( 10.77508558524239900, 3.918399013376000300, 1.399999999999999900 ) ) ;
#7061 = AXIS2_PLACEMENT_3D ( 'NONE', #3505, #2809, #735 ) ;
#7062 = LINE ( 'NONE', #4884, #5596 ) ;
#7063 = PLANE ( 'NONE',  #5950 ) ;
#7064 = CARTESIAN_POINT ( 'NONE',  ( -4.304370173601465200, -9.069596843242475600, 1.583721891830310000 ) ) ;
#7065 = TOROIDAL_SURFACE ( 'NONE', #6739, 2.350000000000000500, 0.1000000000000000100 ) ;
#7066 = ORIENTED_EDGE ( 'NONE', *, *, #4915, .F. ) ;
#7067 = DIRECTION ( 'NONE',  ( 1.000000000000000000, 2.309291984482540100E-015, -0.0000000000000000000 ) ) ;
#7068 = DIRECTION ( 'NONE',  ( 0.0000000000000000000, 0.0000000000000000000, 1.000000000000000000 ) ) ;
#7069 = ORIENTED_EDGE ( 'NONE', *, *, #991, .F. ) ;
#7070 = AXIS2_PLACEMENT_3D ( 'NONE', #2819, #6423, #1937 ) ;
#7071 = CARTESIAN_POINT ( 'NONE',  ( -7.081089974732290000, -3.749857226653829900, 9.818678063566089500 ) ) ;
#7072 = CARTESIAN_POINT ( 'NONE',  ( 8.687258347945972400, -3.943156769464590800, 1.555817281656206100 ) ) ;
#7073 = VERTEX_POINT ( 'NONE', #5138 ) ;
#7074 = DIRECTION ( 'NONE',  ( -0.0000000000000000000, -0.0000000000000000000, 1.000000000000000000 ) ) ;
#7075 = ORIENTED_EDGE ( 'NONE', *, *, #3352, .T. ) ;
#7076 = VERTEX_POINT ( 'NONE', #724 ) ;
#7077 = AXIS2_PLACEMENT_3D ( 'NONE', #1317, #2536, #4186 ) ;
#7078 = ORIENTED_EDGE ( 'NONE', *, *, #3336, .T. ) ;
#7079 = DIRECTION ( 'NONE',  ( -4.881252305529689900E-015, -1.000000000000000000, -0.0000000000000000000 ) ) ;
#7080 = CYLINDRICAL_SURFACE ( 'NONE', #5588, 10.04342387723020000 ) ;
#7081 = ORIENTED_EDGE ( 'NONE', *, *, #2812, .F. ) ;
#7082 = ADVANCED_FACE ( 'NONE', ( #3389 ), #847, .F. ) ;
#7083 = ORIENTED_EDGE ( 'NONE', *, *, #2203, .F. ) ;
#7084 = ORIENTED_EDGE ( 'NONE', *, *, #4100, .T. ) ;
#7085 = CIRCLE ( 'NONE', #6538, 11.50000000000000000 ) ;
#7086 = B_SPLINE_CURVE_WITH_KNOTS ( 'NONE', 3,
 ( #1993, #6944, #4718, #3658 ),
 .UNSPECIFIED., .F., .F.,
 ( 4, 4 ),
 ( 0.0000000000000000000, 1.000000000000000000 ),
 .UNSPECIFIED. ) ;
#7087 = B_SPLINE_CURVE_WITH_KNOTS ( 'NONE', 3,
 ( #986, #3842, #4888, #4326 ),
 .UNSPECIFIED., .F., .F.,
 ( 4, 4 ),
 ( 0.0000000000000000000, 1.000000000000000000 ),
 .UNSPECIFIED. ) ;
#7088 = CARTESIAN_POINT ( 'NONE',  ( 2.506475241548376000, 11.22352804885812300, 1.500000000000000000 ) ) ;
#7089 = CYLINDRICAL_SURFACE ( 'NONE', #808, 0.1000000000000000500 ) ;
#7090 = VECTOR ( 'NONE', #1936, 1000.000000000000000 ) ;
#7091 = ORIENTED_EDGE ( 'NONE', *, *, #3256, .F. ) ;
#7092 = ORIENTED_EDGE ( 'NONE', *, *, #7057, .F. ) ;
#7093 = CARTESIAN_POINT ( 'NONE',  ( 8.071831321962861200, -3.515557325894106200, 10.96095955101659800 ) ) ;
#7094 = CARTESIAN_POINT ( 'NONE',  ( 4.132755104069380200, -8.510862782201220600, 4.355618949381399900 ) ) ;
#7095 = VECTOR ( 'NONE', #7113, 1000.000000000000100 ) ;
#7096 = EDGE_LOOP ( 'NONE', ( #6436, #2512, #5035, #5541 ) ) ;
#7097 = DIRECTION ( 'NONE',  ( 0.8848715954414093600, -0.4648502780208594300, 0.03027339764388432500 ) ) ;
#7098 = ORIENTED_EDGE ( 'NONE', *, *, #6682, .T. ) ;
#7099 = LINE ( 'NONE', #5951, #6740 ) ;
#7100 = CARTESIAN_POINT ( 'NONE',  ( -9.956331755326141700, -1.292237160460798100, 1.583721891836908000 ) ) ;
#7101 = VERTEX_POINT ( 'NONE', #854 ) ;
#7102 = EDGE_CURVE ( 'NONE', #4412, #3478, #2904, .T. ) ;
#7103 = CARTESIAN_POINT ( 'NONE',  ( 8.457969002493344500, -4.426041285772388500, 1.482183610650190700 ) ) ;
#7104 = LINE ( 'NONE', #4883, #541 ) ;
#7105 = ORIENTED_EDGE ( 'NONE', *, *, #2488, .T. ) ;
#7106 = CARTESIAN_POINT ( 'NONE',  ( -8.814596787589520600, 4.813859849427980300, 1.500000000000099900 ) ) ;
#7107 = B_SPLINE_CURVE_WITH_KNOTS ( 'NONE', 3,
 ( #6504, #2616, #5322, #5283 ),
 .UNSPECIFIED., .F., .F.,
 ( 4, 4 ),
 ( 0.0000000000000000000, 1.000000000000000000 ),
 .UNSPECIFIED. ) ;
#7108 = ORIENTED_EDGE ( 'NONE', *, *, #6446, .F. ) ;
#7109 = DIRECTION ( 'NONE',  ( 1.000000000000000000, 0.0000000000000000000, 0.0000000000000000000 ) ) ;
#7110 = B_SPLINE_SURFACE_WITH_KNOTS ( 'NONE', 3, 1, ( 
 ( #5397, #2122 ),
 ( #5959, #2643 ),
 ( #6004, #4290 ),
 ( #972, #5420 ) ),
 .UNSPECIFIED., .F., .F., .F.,
 ( 4, 4 ),
 ( 2, 2 ),
 ( 0.0000000000000000000, 1.000000000000000000 ),
 ( 0.0000000000000000000, 1.000000000000000000 ),
 .UNSPECIFIED. ) ;
#7111 = EDGE_CURVE ( 'NONE', #2602, #5837, #1601, .T. ) ;
#7112 = EDGE_CURVE ( 'NONE', #4784, #6603, #4849, .T. ) ;
#7113 = DIRECTION ( 'NONE',  ( 0.1456715363932521700, -0.9874414242714103500, -0.06114930185764875400 ) ) ;
#7114 = STYLED_ITEM ( 'NONE', ( #4477 ), #857 ) ;
#7115 = VERTEX_POINT ( 'NONE', #6952 ) ;
#7116 =( BOUNDED_CURVE ( )  B_SPLINE_CURVE ( 3, ( #3455, #38, #5012, #3437 ),
 .UNSPECIFIED., .F., .F. ) 
 B_SPLINE_CURVE_WITH_KNOTS ( ( 4, 4 ),
 ( 6.098062368607421600, 6.468196532739837900 ),
 .UNSPECIFIED. ) 
 CURVE ( )  GEOMETRIC_REPRESENTATION_ITEM ( )  RATIONAL_B_SPLINE_CURVE ( ( 1.000000000000000000, 0.9886159392700610800, 0.9886159392700610800, 1.000000000000000000 ) ) 
 REPRESENTATION_ITEM ( '' )  );
#7117 = CARTESIAN_POINT ( 'NONE',  ( -9.348156999473090400, -1.913022274167459400, 1.500000000000000400 ) ) ;
#7118 = AXIS2_PLACEMENT_3D ( 'NONE', #2652, #6443, #3720 ) ;
#7119 = ADVANCED_FACE ( 'NONE', ( #4657 ), #5860, .F. ) ;
#7120 = AXIS2_PLACEMENT_3D ( 'NONE', #2788, #5517, #1686 ) ;
#7121 = DIRECTION ( 'NONE',  ( 0.0000000000000000000, 0.0000000000000000000, -1.000000000000000000 ) ) ;
#7122 = CARTESIAN_POINT ( 'NONE',  ( 0.05647524154837294700, -14.91737528024190100, 1.399999999999999900 ) ) ;
#7123 = CARTESIAN_POINT ( 'NONE',  ( -8.692426185883013200, 1.369481536022672200, 10.96095955101659800 ) ) ;
#7124 = B_SPLINE_CURVE_WITH_KNOTS ( 'NONE', 3,
 ( #5659, #2919, #1953, #1348 ),
 .UNSPECIFIED., .F., .F.,
 ( 4, 4 ),
 ( 0.0000000000000000000, 1.000000000000000000 ),
 .UNSPECIFIED. ) ;
#7125 = ORIENTED_EDGE ( 'NONE', *, *, #4427, .F. ) ;
#7126 = LINE ( 'NONE', #4585, #6785 ) ;
#7127 = CARTESIAN_POINT ( 'NONE',  ( -7.297714611952134300, 6.896055372945213900, 1.555811606257953400 ) ) ;
#7128 =( BOUNDED_CURVE ( )  B_SPLINE_CURVE ( 3, ( #4063, #4127, #6353, #761 ),
 .UNSPECIFIED., .F., .F. ) 
 B_SPLINE_CURVE_WITH_KNOTS ( ( 4, 4 ),
 ( 4.900864036833334900, 4.901444126251046600 ),
 .UNSPECIFIED. ) 
 CURVE ( )  GEOMETRIC_REPRESENTATION_ITEM ( )  RATIONAL_B_SPLINE_CURVE ( ( 1.000000000000000000, 0.9999999719580224800, 0.9999999719580224800, 1.000000000000000000 ) ) 
 REPRESENTATION_ITEM ( '' )  );
#7129 = CYLINDRICAL_SURFACE ( 'NONE', #4463, 0.9849999999999999900 ) ;
#7130 = CARTESIAN_POINT ( 'NONE',  ( 1.602606525750616600, -0.2097807036622167900, 9.040507860752558900 ) ) ;
#7131 = TOROIDAL_SURFACE ( 'NONE', #1773, 2.010000000000000200, 0.05000000000000000300 ) ;
#7132 = DIRECTION ( 'NONE',  ( -1.000000000000000000, 0.0000000000000000000, 0.0000000000000000000 ) ) ;
#7133 = EDGE_CURVE ( 'NONE', #1694, #757, #2156, .T. ) ;
#7134 = ORIENTED_EDGE ( 'NONE', *, *, #410, .T. ) ;
#7135 = CARTESIAN_POINT ( 'NONE',  ( 0.0000000000000000000, 0.0000000000000000000, 11.39999999998053700 ) ) ;
#7136 = EDGE_CURVE ( 'NONE', #4253, #5583, #1062, .T. ) ;
#7137 = EDGE_CURVE ( 'NONE', #1541, #279, #345, .T. ) ;
#7138 = CIRCLE ( 'NONE', #5228, 0.1000000000000000500 ) ;
#7139 = VERTEX_POINT ( 'NONE', #310 ) ;
#7140 = ADVANCED_FACE ( 'NONE', ( #4140 ), #2692, .T. ) ;
#7141 = DIRECTION ( 'NONE',  ( -1.000000000000000000, 0.0000000000000000000, 0.0000000000000000000 ) ) ;
#7142 = AXIS2_PLACEMENT_3D ( 'NONE', #2486, #6368, #4640 ) ;
#7143 = CARTESIAN_POINT ( 'NONE',  ( 9.350346786168300300, 1.910016051523364600, 1.446550831950642800 ) ) ;
#7144 = ORIENTED_EDGE ( 'NONE', *, *, #6291, .F. ) ;
#7145 = EDGE_CURVE ( 'NONE', #6839, #6245, #2371, .T. ) ;
#7146 = ORIENTED_EDGE ( 'NONE', *, *, #2849, .T. ) ;
#7147 = AXIS2_PLACEMENT_3D ( 'NONE', #4777, #3713, #391 ) ;
#7148 = CARTESIAN_POINT ( 'NONE',  ( 6.636200571007226900, 6.862781011166663200, 1.464367221300407100 ) ) ;
#7149 = EDGE_LOOP ( 'NONE', ( #4267, #536, #3212, #6547 ) ) ;
#7150 = VECTOR ( 'NONE', #1952, 1000.000000000000000 ) ;
#7151 = AXIS2_PLACEMENT_3D ( 'NONE', #4606, #2385, #1757 ) ;
#7152 = ORIENTED_EDGE ( 'NONE', *, *, #743, .T. ) ;
#7153 = ORIENTED_EDGE ( 'NONE', *, *, #903, .T. ) ;
#7154 = ORIENTED_EDGE ( 'NONE', *, *, #5715, .T. ) ;
#7155 = TOROIDAL_SURFACE ( 'NONE', #5683, 3.680000000000000200, 0.1000000000000000100 ) ;
#7156 = CARTESIAN_POINT ( 'NONE',  ( 1.560894967531437600, -0.4194788675756013800, 9.040507860752558900 ) ) ;
#7157 = FACE_OUTER_BOUND ( 'NONE', #7096, .T. ) ;
#7158 = CARTESIAN_POINT ( 'NONE',  ( -7.081089974732289100, -3.749857226653828600, 9.818678063566084200 ) ) ;
#7159 = VECTOR ( 'NONE', #6855, 1000.000000000000000 ) ;
ENDSEC;
END-ISO-10303-21;
