ISO-10303-21;
HEADER;
FILE_DESCRIPTION (( 'STEP AP214' ),
    '1' );
FILE_NAME ('914E44D7-3A86-4FE3-81A4-F8CCEDF5AB83.STEP',
    '2025-05-30T20:19:12',
    ( '' ),
    ( '' ),
    'SwSTEP 2.0',
    'SolidWorks 2022',
    '' );
FILE_SCHEMA (( 'AUTOMOTIVE_DESIGN' ));
ENDSEC;

DATA;
#1 = EDGE_CURVE ( 'NONE', #689, #1126, #619, .T. ) ;
#2 = DIRECTION ( 'NONE',  ( -1.000000000000000000, 0.0000000000000000000, 1.156482317317872119E-15 ) ) ;
#3 = LINE ( 'NONE', #16, #1005 ) ;
#4 = DIRECTION ( 'NONE',  ( -1.000000000000000000, 0.0000000000000000000, 1.156482317317872119E-15 ) ) ;
#5 = VECTOR ( 'NONE', #498, 1000.000000000000000 ) ;
#6 = ORIENTED_EDGE ( 'NONE', *, *, #1054, .T. ) ;
#7 = DIRECTION ( 'NONE',  ( -0.0000000000000000000, -1.000000000000000000, -0.0000000000000000000 ) ) ;
#8 = DIRECTION ( 'NONE',  ( 0.0000000000000000000, 0.9138115486202571525, -0.4061384660534475000 ) ) ;
#9 = LINE ( 'NONE', #1075, #858 ) ;
#10 = EDGE_CURVE ( 'NONE', #842, #1345, #1384, .T. ) ;
#11 = CARTESIAN_POINT ( 'NONE',  ( 7.898971854500424747E-16, -3.500000000000003109, -5.949999999999993072 ) ) ;
#12 = VECTOR ( 'NONE', #783, 1000.000000000000114 ) ;
#13 = ORIENTED_EDGE ( 'NONE', *, *, #651, .T. ) ;
#14 = CARTESIAN_POINT ( 'NONE',  ( 7.500000000000000888, -5.600000000000003197, 2.350000000000000089 ) ) ;
#15 = PRODUCT ( '914E44D7-3A86-4FE3-81A4-F8CCEDF5AB83', '914E44D7-3A86-4FE3-81A4-F8CCEDF5AB83', '', ( #990 ) ) ;
#16 = CARTESIAN_POINT ( 'NONE',  ( 4.249999999999993783, -5.200000000000002842, -0.3999999999999954703 ) ) ;
#17 = DIRECTION ( 'NONE',  ( -0.0000000000000000000, 1.000000000000000000, -0.0000000000000000000 ) ) ;
#18 = EDGE_CURVE ( 'NONE', #1262, #1267, #410, .T. ) ;
#19 = LINE ( 'NONE', #671, #46 ) ;
#20 = VERTEX_POINT ( 'NONE', #611 ) ;
#21 = VECTOR ( 'NONE', #762, 1000.000000000000114 ) ;
#22 = LINE ( 'NONE', #1330, #1381 ) ;
#23 = ORIENTED_EDGE ( 'NONE', *, *, #303, .T. ) ;
#24 = VECTOR ( 'NONE', #516, 1000.000000000000000 ) ;
#25 = DIRECTION ( 'NONE',  ( 1.000000000000000000, -0.0000000000000000000, -5.940833821838385408E-17 ) ) ;
#26 = CARTESIAN_POINT ( 'NONE',  ( 7.699999999999998401, 0.2000000000000000111, -4.149999999999999467 ) ) ;
#27 = VERTEX_POINT ( 'NONE', #186 ) ;
#28 = CARTESIAN_POINT ( 'NONE',  ( 7.499999999999999112, -6.599999999999997868, -3.350000000000003642 ) ) ;
#29 = CARTESIAN_POINT ( 'NONE',  ( 7.699999999999998401, 0.2000000000000000111, -4.149999999999999467 ) ) ;
#30 = LINE ( 'NONE', #355, #507 ) ;
#31 = CARTESIAN_POINT ( 'NONE',  ( -3.950000000000001954, -10.59999999999999609, 6.360652745248291036E-16 ) ) ;
#32 = VERTEX_POINT ( 'NONE', #404 ) ;
#33 = VECTOR ( 'NONE', #1311, 1000.000000000000114 ) ;
#34 = EDGE_CURVE ( 'NONE', #27, #49, #664, .T. ) ;
#35 = LINE ( 'NONE', #1080, #325 ) ;
#36 = ORIENTED_EDGE ( 'NONE', *, *, #880, .T. ) ;
#37 = FACE_OUTER_BOUND ( 'NONE', #296, .T. ) ;
#38 = CARTESIAN_POINT ( 'NONE',  ( -3.950000000000003730, -5.499999999999999112, -1.500000000000004441 ) ) ;
#39 = CLOSED_SHELL ( 'NONE', ( #698, #76, #1235, #1143, #144, #1190, #1236, #357, #1168, #531, #1078, #198, #1038 ) ) ;
#40 = FACE_OUTER_BOUND ( 'NONE', #928, .T. ) ;
#41 = VERTEX_POINT ( 'NONE', #838 ) ;
#42 = DIRECTION ( 'NONE',  ( 0.0000000000000000000, -0.7071067811865472397, -0.7071067811865479058 ) ) ;
#43 = ORIENTED_EDGE ( 'NONE', *, *, #525, .F. ) ;
#44 = VECTOR ( 'NONE', #776, 1000.000000000000000 ) ;
#45 = EDGE_CURVE ( 'NONE', #343, #583, #1170, .T. ) ;
#46 = VECTOR ( 'NONE', #572, 1000.000000000000000 ) ;
#47 = CARTESIAN_POINT ( 'NONE',  ( 7.500000000000000888, -9.700000000000001066, 4.150000000000000355 ) ) ;
#48 = DIRECTION ( 'NONE',  ( -0.0000000000000000000, 1.000000000000000000, 0.0000000000000000000 ) ) ;
#49 = VERTEX_POINT ( 'NONE', #739 ) ;
#50 = VECTOR ( 'NONE', #1153, 1000.000000000000000 ) ;
#51 = ORIENTED_EDGE ( 'NONE', *, *, #785, .T. ) ;
#52 = CARTESIAN_POINT ( 'NONE',  ( -3.950000000000003730, -5.499999999999999112, -1.500000000000004441 ) ) ;
#53 = LINE ( 'NONE', #169, #237 ) ;
#54 = DIRECTION ( 'NONE',  ( 0.0000000000000000000, 1.000000000000000000, 0.0000000000000000000 ) ) ;
#55 = ADVANCED_FACE ( 'NONE', ( #1373 ), #205, .F. ) ;
#56 = ORIENTED_EDGE ( 'NONE', *, *, #447, .T. ) ;
#57 = EDGE_LOOP ( 'NONE', ( #380, #832, #268, #1018 ) ) ;
#58 = VERTEX_POINT ( 'NONE', #627 ) ;
#59 = LINE ( 'NONE', #478, #375 ) ;
#60 = CARTESIAN_POINT ( 'NONE',  ( 0.0000000000000000000, 0.0000000000000000000, 0.0000000000000000000 ) ) ;
#61 = EDGE_CURVE ( 'NONE', #1209, #677, #752, .T. ) ;
#62 = ORIENTED_EDGE ( 'NONE', *, *, #10, .T. ) ;
#63 = ORIENTED_EDGE ( 'NONE', *, *, #1210, .F. ) ;
#64 = ORIENTED_EDGE ( 'NONE', *, *, #849, .F. ) ;
#65 = CARTESIAN_POINT ( 'NONE',  ( 7.499999999999999112, -9.699999999999997513, -3.350000000000003642 ) ) ;
#66 = FACE_OUTER_BOUND ( 'NONE', #643, .T. ) ;
#67 = VECTOR ( 'NONE', #390, 1000.000000000000000 ) ;
#68 = AXIS2_PLACEMENT_3D ( 'NONE', #1313, #879, #662 ) ;
#69 = ORIENTED_EDGE ( 'NONE', *, *, #517, .F. ) ;
#70 = VERTEX_POINT ( 'NONE', #1282 ) ;
#71 = CARTESIAN_POINT ( 'NONE',  ( 0.0000000000000000000, -4.499999999999997335, 0.0000000000000000000 ) ) ;
#72 = CARTESIAN_POINT ( 'NONE',  ( 7.700000000000000178, 0.2000000000000000111, 4.150000000000001243 ) ) ;
#73 = CARTESIAN_POINT ( 'NONE',  ( -4.150000000000003908, -5.499999999999999112, -1.500000000000004219 ) ) ;
#74 = VERTEX_POINT ( 'NONE', #1155 ) ;
#75 = ORIENTED_EDGE ( 'NONE', *, *, #906, .T. ) ;
#76 = ADVANCED_FACE ( 'NONE', ( #1049 ), #79, .T. ) ;
#77 = CARTESIAN_POINT ( 'NONE',  ( 0.5999999999999999778, 0.0000000000000000000, 2.000000000000000000 ) ) ;
#78 = DIRECTION ( 'NONE',  ( 0.0000000000000000000, -0.9138115486202570414, -0.4061384660534478885 ) ) ;
#79 = CYLINDRICAL_SURFACE ( 'NONE', #523, 4.250000000000000000 ) ;
#80 = DIRECTION ( 'NONE',  ( 5.575612424303168644E-16, -0.7071067811865459074, 0.7071067811865491270 ) ) ;
#81 = VERTEX_POINT ( 'NONE', #1177 ) ;
#82 = DIRECTION ( 'NONE',  ( -1.000000000000000000, 0.0000000000000000000, 0.0000000000000000000 ) ) ;
#83 = PLANE ( 'NONE',  #876 ) ;
#84 = DIRECTION ( 'NONE',  ( -0.7071067811865484609, 0.0000000000000000000, 0.7071067811865465735 ) ) ;
#85 = CARTESIAN_POINT ( 'NONE',  ( -4.150000000000002132, -5.000000000000003553, 1.499999999999999112 ) ) ;
#86 = VECTOR ( 'NONE', #377, 1000.000000000000000 ) ;
#87 = AXIS2_PLACEMENT_3D ( 'NONE', #164, #1379, #370 ) ;
#88 =( LENGTH_UNIT ( ) NAMED_UNIT ( * ) SI_UNIT ( .MILLI., .METRE. ) );
#89 = ORIENTED_EDGE ( 'NONE', *, *, #803, .F. ) ;
#90 = LINE ( 'NONE', #204, #1356 ) ;
#91 = FACE_OUTER_BOUND ( 'NONE', #1137, .T. ) ;
#92 = CARTESIAN_POINT ( 'NONE',  ( 0.0000000000000000000, -2.500000000000000444, 0.0000000000000000000 ) ) ;
#93 = ADVANCED_FACE ( 'NONE', ( #91 ), #398, .T. ) ;
#94 = EDGE_CURVE ( 'NONE', #801, #1367, #825, .T. ) ;
#95 =( NAMED_UNIT ( * ) SI_UNIT ( $, .STERADIAN. ) SOLID_ANGLE_UNIT ( ) );
#96 = ORIENTED_EDGE ( 'NONE', *, *, #472, .T. ) ;
#97 = CARTESIAN_POINT ( 'NONE',  ( -3.950000000000002842, -6.599999999999997868, -0.3999999999999999667 ) ) ;
#98 = DIRECTION ( 'NONE',  ( 0.0000000000000000000, 0.0000000000000000000, 1.000000000000000000 ) ) ;
#99 = PLANE ( 'NONE',  #1382 ) ;
#100 =( NAMED_UNIT ( * ) PLANE_ANGLE_UNIT ( ) SI_UNIT ( $, .RADIAN. ) );
#101 = ADVANCED_FACE ( 'NONE', ( #731 ), #312, .F. ) ;
#102 = ORIENTED_EDGE ( 'NONE', *, *, #803, .T. ) ;
#103 = LINE ( 'NONE', #190, #962 ) ;
#104 = CARTESIAN_POINT ( 'NONE',  ( 7.499999999999999112, -6.599999999999997868, -3.350000000000003642 ) ) ;
#105 = CARTESIAN_POINT ( 'NONE',  ( -4.150000000000003908, -5.499999999999999112, -1.500000000000004219 ) ) ;
#106 = AXIS2_PLACEMENT_3D ( 'NONE', #118, #17, #542 ) ;
#107 = AXIS2_PLACEMENT_3D ( 'NONE', #1029, #808, #1035 ) ;
#108 = ORIENTED_EDGE ( 'NONE', *, *, #1297, .T. ) ;
#109 = DIRECTION ( 'NONE',  ( 1.000000000000000000, -0.0000000000000000000, -5.940833821838385408E-17 ) ) ;
#110 = DIRECTION ( 'NONE',  ( 0.0000000000000000000, 0.7071067811865463515, -0.7071067811865487940 ) ) ;
#111 = CARTESIAN_POINT ( 'NONE',  ( 0.0000000000000000000, -5.200000000000002842, 0.0000000000000000000 ) ) ;
#112 = AXIS2_PLACEMENT_3D ( 'NONE', #270, #700, #263 ) ;
#113 = DIRECTION ( 'NONE',  ( -0.0000000000000000000, 1.000000000000000000, -0.0000000000000000000 ) ) ;
#114 = ORIENTED_EDGE ( 'NONE', *, *, #1000, .F. ) ;
#115 = CARTESIAN_POINT ( 'NONE',  ( -3.950000000000001066, -9.699999999999997513, 0.3999999999999955258 ) ) ;
#116 = EDGE_CURVE ( 'NONE', #74, #697, #1318, .T. ) ;
#117 = CARTESIAN_POINT ( 'NONE',  ( -3.950000000000001954, -10.59999999999999609, 6.360652745248291036E-16 ) ) ;
#118 = CARTESIAN_POINT ( 'NONE',  ( 0.0000000000000000000, -2.499999999999995115, 0.0000000000000000000 ) ) ;
#119 = DIRECTION ( 'NONE',  ( -1.000000000000000000, 0.0000000000000000000, 0.0000000000000000000 ) ) ;
#120 = ORIENTED_EDGE ( 'NONE', *, *, #407, .T. ) ;
#121 = DIRECTION ( 'NONE',  ( 5.940833821838380477E-17, 0.0000000000000000000, -1.000000000000000000 ) ) ;
#122 = DIRECTION ( 'NONE',  ( -1.000000000000000000, 0.0000000000000000000, 2.090028284309406488E-16 ) ) ;
#123 = FACE_BOUND ( 'NONE', #269, .T. ) ;
#124 = LINE ( 'NONE', #479, #353 ) ;
#125 = ADVANCED_FACE ( 'NONE', ( #216 ), #678, .F. ) ;
#126 = ORIENTED_EDGE ( 'NONE', *, *, #769, .F. ) ;
#127 = PRESENTATION_LAYER_ASSIGNMENT (  '', '', ( #897 ) ) ;
#128 = CARTESIAN_POINT ( 'NONE',  ( 2.099999999999998757, 0.2000000000000000111, -4.149999999999998579 ) ) ;
#129 = ORIENTED_EDGE ( 'NONE', *, *, #1361, .F. ) ;
#130 = AXIS2_PLACEMENT_3D ( 'NONE', #606, #1050, #1043 ) ;
#131 = AXIS2_PLACEMENT_3D ( 'NONE', #430, #350, #1123 ) ;
#132 = PLANE ( 'NONE',  #867 ) ;
#133 = CARTESIAN_POINT ( 'NONE',  ( 4.250000000000000000, -5.200000000000002842, 0.3999999999999954703 ) ) ;
#134 = PLANE ( 'NONE',  #485 ) ;
#135 = APPLICATION_PROTOCOL_DEFINITION ( 'draft international standard', 'automotive_design', 1998, #332 ) ;
#136 = EDGE_CURVE ( 'NONE', #854, #1024, #996, .T. ) ;
#137 = ORIENTED_EDGE ( 'NONE', *, *, #481, .F. ) ;
#138 = DIRECTION ( 'NONE',  ( 1.000000000000000000, 0.0000000000000000000, -2.090028284309406488E-16 ) ) ;
#139 = ORIENTED_EDGE ( 'NONE', *, *, #864, .F. ) ;
#140 = FILL_AREA_STYLE ('',( #1112 ) ) ;
#141 = DIRECTION ( 'NONE',  ( -1.000000000000000000, 0.0000000000000000000, 1.156482317317872119E-15 ) ) ;
#142 = DIRECTION ( 'NONE',  ( -1.909891983144918044E-16, -0.4061384660534475555, -0.9138115486202572635 ) ) ;
#143 = ORIENTED_EDGE ( 'NONE', *, *, #481, .T. ) ;
#144 = ADVANCED_FACE ( 'NONE', ( #1089 ), #276, .T. ) ;
#145 = VECTOR ( 'NONE', #777, 1000.000000000000000 ) ;
#146 = PLANE ( 'NONE',  #878 ) ;
#147 = EDGE_LOOP ( 'NONE', ( #555, #258, #574, #143, #1338, #844 ) ) ;
#148 = CYLINDRICAL_SURFACE ( 'NONE', #973, 6.950000000000001066 ) ;
#149 = DIRECTION ( 'NONE',  ( 0.0000000000000000000, 0.9138115486202569304, -0.4061384660534478885 ) ) ;
#150 = PLANE ( 'NONE',  #68 ) ;
#151 = ORIENTED_EDGE ( 'NONE', *, *, #336, .T. ) ;
#152 = ORIENTED_EDGE ( 'NONE', *, *, #136, .T. ) ;
#153 = VECTOR ( 'NONE', #557, 999.9999999999998863 ) ;
#154 = EDGE_CURVE ( 'NONE', #1207, #343, #660, .T. ) ;
#155 = DIRECTION ( 'NONE',  ( -0.5721815960240813626, 0.0000000000000000000, 0.8201269543011832086 ) ) ;
#156 = VECTOR ( 'NONE', #334, 1000.000000000000000 ) ;
#157 = CARTESIAN_POINT ( 'NONE',  ( 7.499999999999999112, -9.699999999999997513, -3.350000000000003642 ) ) ;
#158 = CARTESIAN_POINT ( 'NONE',  ( 7.699999999999998401, -6.599999999999997868, -3.350000000000003642 ) ) ;
#159 = ORIENTED_EDGE ( 'NONE', *, *, #802, .T. ) ;
#160 = ORIENTED_EDGE ( 'NONE', *, *, #544, .F. ) ;
#161 = ORIENTED_EDGE ( 'NONE', *, *, #894, .F. ) ;
#162 = LINE ( 'NONE', #1127, #218 ) ;
#163 = EDGE_CURVE ( 'NONE', #797, #1166, #1197, .T. ) ;
#164 = CARTESIAN_POINT ( 'NONE',  ( 0.0000000000000000000, -2.500000000000000444, 0.0000000000000000000 ) ) ;
#165 = EDGE_LOOP ( 'NONE', ( #220, #585, #814, #495 ) ) ;
#166 = ORIENTED_EDGE ( 'NONE', *, *, #221, .F. ) ;
#167 = ORIENTED_EDGE ( 'NONE', *, *, #1176, .F. ) ;
#168 = DIRECTION ( 'NONE',  ( 0.0000000000000000000, 0.0000000000000000000, 1.000000000000000000 ) ) ;
#169 = CARTESIAN_POINT ( 'NONE',  ( 2.100000000000000089, 0.0000000000000000000, 4.150000000000000355 ) ) ;
#170 = CARTESIAN_POINT ( 'NONE',  ( 0.0000000000000000000, -3.500000000000003109, 4.250000000000000000 ) ) ;
#171 = EDGE_CURVE ( 'NONE', #881, #172, #883, .T. ) ;
#172 = VERTEX_POINT ( 'NONE', #117 ) ;
#173 = ORIENTED_EDGE ( 'NONE', *, *, #577, .T. ) ;
#174 = DIRECTION ( 'NONE',  ( 0.0000000000000000000, 1.845450506358304093E-16, -1.000000000000000000 ) ) ;
#175 = LINE ( 'NONE', #1370, #1284 ) ;
#176 = VECTOR ( 'NONE', #1324, 1000.000000000000000 ) ;
#177 = AXIS2_PLACEMENT_3D ( 'NONE', #680, #1122, #774 ) ;
#178 = FACE_OUTER_BOUND ( 'NONE', #683, .T. ) ;
#179 = COLOUR_RGB ( '',0.7921568627450980005, 0.8196078431372548767, 0.9333333333333333481 ) ;
#180 = EDGE_CURVE ( 'NONE', #632, #1126, #541, .T. ) ;
#181 = ORIENTED_EDGE ( 'NONE', *, *, #1045, .F. ) ;
#182 = VERTEX_POINT ( 'NONE', #340 ) ;
#183 = CIRCLE ( 'NONE', #402, 0.5000000000000004441 ) ;
#184 = CARTESIAN_POINT ( 'NONE',  ( 0.0000000000000000000, -0.4999999999999998890, 6.450000000000001066 ) ) ;
#185 = CARTESIAN_POINT ( 'NONE',  ( 7.700000000000000178, -9.700000000000001066, 4.150000000000000355 ) ) ;
#186 = CARTESIAN_POINT ( 'NONE',  ( 0.0000000000000000000, -5.000000000000004441, 3.749999999999996003 ) ) ;
#187 =( NAMED_UNIT ( * ) PLANE_ANGLE_UNIT ( ) SI_UNIT ( $, .RADIAN. ) );
#188 = EDGE_LOOP ( 'NONE', ( #635, #267, #540, #761 ) ) ;
#189 = CARTESIAN_POINT ( 'NONE',  ( 7.700000000000000178, -10.59999999999999964, 3.750000000000000000 ) ) ;
#190 = CARTESIAN_POINT ( 'NONE',  ( 7.500000000000000888, -9.700000000000001066, 4.150000000000000355 ) ) ;
#191 = CARTESIAN_POINT ( 'NONE',  ( -3.950000000000003730, -5.200000000000002842, -1.500000000000004441 ) ) ;
#192 = DIRECTION ( 'NONE',  ( -1.000000000000000000, 0.0000000000000000000, 0.0000000000000000000 ) ) ;
#193 = VECTOR ( 'NONE', #1096, 1000.000000000000000 ) ;
#194 = DIRECTION ( 'NONE',  ( 8.673617379884134869E-15, 0.0000000000000000000, 1.000000000000000000 ) ) ;
#195 = EDGE_LOOP ( 'NONE', ( #366, #360 ) ) ;
#196 = CARTESIAN_POINT ( 'NONE',  ( 0.5999999999999999778, 0.2000000000000000111, 2.000000000000000000 ) ) ;
#197 = EDGE_CURVE ( 'NONE', #32, #622, #1217, .T. ) ;
#198 = ADVANCED_FACE ( 'NONE', ( #668 ), #1185, .T. ) ;
#199 = EDGE_LOOP ( 'NONE', ( #805, #474, #1133, #1044, #1031, #513, #789, #490, #1359, #775, #1026, #251 ) ) ;
#200 = DIRECTION ( 'NONE',  ( -1.000000000000000000, 0.0000000000000000000, 1.156482317317872119E-15 ) ) ;
#201 = VECTOR ( 'NONE', #222, 1000.000000000000000 ) ;
#202 = AXIS2_PLACEMENT_3D ( 'NONE', #317, #759, #1165 ) ;
#203 = ORIENTED_EDGE ( 'NONE', *, *, #1030, .F. ) ;
#204 = CARTESIAN_POINT ( 'NONE',  ( 7.499999999999999112, -10.59999999999999609, -3.750000000000003553 ) ) ;
#205 = PLANE ( 'NONE',  #1323 ) ;
#206 = CARTESIAN_POINT ( 'NONE',  ( -4.150000000000002132, -5.000000000000003553, -1.499999999999999112 ) ) ;
#207 = EDGE_CURVE ( 'NONE', #677, #41, #1326, .T. ) ;
#208 = ORIENTED_EDGE ( 'NONE', *, *, #438, .T. ) ;
#209 = FACE_OUTER_BOUND ( 'NONE', #314, .T. ) ;
#210 = DIRECTION ( 'NONE',  ( 0.0000000000000000000, -1.000000000000000000, 0.0000000000000000000 ) ) ;
#211 = STYLED_ITEM ( 'NONE', ( #570 ), #290 ) ;
#212 =( LENGTH_UNIT ( ) NAMED_UNIT ( * ) SI_UNIT ( .MILLI., .METRE. ) );
#213 = EDGE_CURVE ( 'NONE', #452, #41, #3, .T. ) ;
#214 = EDGE_LOOP ( 'NONE', ( #238, #280, #820, #62 ) ) ;
#215 = CARTESIAN_POINT ( 'NONE',  ( 2.100000000000000089, 0.2000000000000000111, 4.150000000000000355 ) ) ;
#216 = FACE_OUTER_BOUND ( 'NONE', #147, .T. ) ;
#217 = DIRECTION ( 'NONE',  ( 5.575612424303165686E-16, 0.7071067811865472397, 0.7071067811865479058 ) ) ;
#218 = VECTOR ( 'NONE', #1240, 1000.000000000000000 ) ;
#219 = AXIS2_PLACEMENT_3D ( 'NONE', #1007, #1233, #230 ) ;
#220 = ORIENTED_EDGE ( 'NONE', *, *, #659, .T. ) ;
#221 = EDGE_CURVE ( 'NONE', #768, #881, #875, .T. ) ;
#222 = DIRECTION ( 'NONE',  ( -1.000000000000000000, 0.0000000000000000000, -5.940833821838380477E-17 ) ) ;
#223 = CARTESIAN_POINT ( 'NONE',  ( 7.699999999999998401, -9.699999999999997513, -4.150000000000003908 ) ) ;
#224 = CARTESIAN_POINT ( 'NONE',  ( 7.699999999999998401, -5.600000000000002309, -2.350000000000003642 ) ) ;
#225 = AXIS2_PLACEMENT_3D ( 'NONE', #71, #713, #491 ) ;
#226 = EDGE_LOOP ( 'NONE', ( #1314, #1051, #923, #1286 ) ) ;
#227 = CARTESIAN_POINT ( 'NONE',  ( 3.149999999999999023, -5.200000000000002842, 1.499999999999999556 ) ) ;
#228 = DIRECTION ( 'NONE',  ( 0.0000000000000000000, 0.0000000000000000000, 1.000000000000000000 ) ) ;
#229 = DIRECTION ( 'NONE',  ( 1.000000000000000000, -0.0000000000000000000, 1.548860246407863583E-16 ) ) ;
#230 = DIRECTION ( 'NONE',  ( 0.0000000000000000000, 0.0000000000000000000, 1.000000000000000000 ) ) ;
#231 = EDGE_LOOP ( 'NONE', ( #387, #1100, #953, #607 ) ) ;
#232 = CARTESIAN_POINT ( 'NONE',  ( 7.286648454926751965E-16, -2.500000000000000444, -5.950000000000000178 ) ) ;
#233 = DIRECTION ( 'NONE',  ( -1.156482317317872119E-15, -5.782411586589360597E-16, -1.000000000000000000 ) ) ;
#234 = LINE ( 'NONE', #1303, #904 ) ;
#235 = ADVANCED_FACE ( 'NONE', ( #1103 ), #132, .F. ) ;
#236 = FACE_OUTER_BOUND ( 'NONE', #1234, .T. ) ;
#237 = VECTOR ( 'NONE', #471, 1000.000000000000000 ) ;
#238 = ORIENTED_EDGE ( 'NONE', *, *, #970, .F. ) ;
#239 = CIRCLE ( 'NONE', #219, 4.249999999999999112 ) ;
#240 = DIRECTION ( 'NONE',  ( 0.0000000000000000000, 0.0000000000000000000, 1.000000000000000000 ) ) ;
#241 = EDGE_LOOP ( 'NONE', ( #480, #755, #546, #948, #1221, #968, #253, #859, #1387, #1244, #496, #719 ) ) ;
#242 = CARTESIAN_POINT ( 'NONE',  ( 7.699999999999998401, -9.699999999999997513, -3.350000000000003642 ) ) ;
#243 = CARTESIAN_POINT ( 'NONE',  ( 2.099999999999998757, 0.2000000000000000111, -4.149999999999998579 ) ) ;
#244 = CARTESIAN_POINT ( 'NONE',  ( 7.500000000000000888, -6.599999999999999645, 3.350000000000000089 ) ) ;
#245 = ORIENTED_EDGE ( 'NONE', *, *, #1246, .F. ) ;
#246 = DIRECTION ( 'NONE',  ( 0.0000000000000000000, 1.000000000000000000, 0.0000000000000000000 ) ) ;
#247 = ORIENTED_EDGE ( 'NONE', *, *, #727, .F. ) ;
#248 = LINE ( 'NONE', #1011, #1092 ) ;
#249 = DIRECTION ( 'NONE',  ( -1.056806897340188096E-15, -0.4061384660534479440, -0.9138115486202570414 ) ) ;
#250 = DIRECTION ( 'NONE',  ( 1.000000000000000000, 0.0000000000000000000, 1.224646799147353207E-16 ) ) ;
#251 = ORIENTED_EDGE ( 'NONE', *, *, #136, .F. ) ;
#252 = CIRCLE ( 'NONE', #615, 0.4999999999999995559 ) ;
#253 = ORIENTED_EDGE ( 'NONE', *, *, #634, .F. ) ;
#254 = VECTOR ( 'NONE', #815, 1000.000000000000000 ) ;
#255 = CARTESIAN_POINT ( 'NONE',  ( 5.204748896376249713E-16, -4.499999999999997335, -4.249999999999999112 ) ) ;
#256 = DIRECTION ( 'NONE',  ( -1.156482317317872119E-15, -1.398970545142587281E-16, -1.000000000000000000 ) ) ;
#257 = CARTESIAN_POINT ( 'NONE',  ( 0.0000000000000000000, 0.0000000000000000000, 0.0000000000000000000 ) ) ;
#258 = ORIENTED_EDGE ( 'NONE', *, *, #1, .F. ) ;
#259 = VERTEX_POINT ( 'NONE', #549 ) ;
#260 = EDGE_CURVE ( 'NONE', #58, #1275, #300, .T. ) ;
#261 = ORIENTED_EDGE ( 'NONE', *, *, #659, .F. ) ;
#262 = VECTOR ( 'NONE', #1269, 1000.000000000000000 ) ;
#263 = DIRECTION ( 'NONE',  ( 0.0000000000000000000, 0.0000000000000000000, 1.000000000000000000 ) ) ;
#264 = AXIS2_PLACEMENT_3D ( 'NONE', #356, #885, #363 ) ;
#265 = DIRECTION ( 'NONE',  ( -0.0000000000000000000, -1.000000000000000000, -0.0000000000000000000 ) ) ;
#266 = CARTESIAN_POINT ( 'NONE',  ( 7.500000000000000888, -9.700000000000001066, 3.350000000000000089 ) ) ;
#267 = ORIENTED_EDGE ( 'NONE', *, *, #956, .F. ) ;
#268 = ORIENTED_EDGE ( 'NONE', *, *, #634, .T. ) ;
#269 = EDGE_LOOP ( 'NONE', ( #36, #23 ) ) ;
#270 = CARTESIAN_POINT ( 'NONE',  ( 0.0000000000000000000, -5.000000000000004441, 0.0000000000000000000 ) ) ;
#271 = PLANE ( 'NONE',  #743 ) ;
#272 = PRESENTATION_STYLE_ASSIGNMENT (( #1250 ) ) ;
#273 = ORIENTED_EDGE ( 'NONE', *, *, #1392, .T. ) ;
#274 = ORIENTED_EDGE ( 'NONE', *, *, #372, .T. ) ;
#275 = EDGE_LOOP ( 'NONE', ( #519, #359, #1085, #288 ) ) ;
#276 = TOROIDAL_SURFACE ( 'NONE', #367, 6.450000000000001066, 0.5000000000000002220 ) ;
#277 = CARTESIAN_POINT ( 'NONE',  ( 0.0000000000000000000, -4.500000000000002665, 0.0000000000000000000 ) ) ;
#278 = LINE ( 'NONE', #1357, #720 ) ;
#279 = EDGE_CURVE ( 'NONE', #584, #1039, #862, .T. ) ;
#280 = ORIENTED_EDGE ( 'NONE', *, *, #992, .F. ) ;
#281 = ORIENTED_EDGE ( 'NONE', *, *, #511, .F. ) ;
#282 = DIRECTION ( 'NONE',  ( -1.000000000000000000, 0.0000000000000000000, 8.673617379884134869E-15 ) ) ;
#283 = CARTESIAN_POINT ( 'NONE',  ( 3.149999999999992362, -5.000000000000003553, -1.499999999999999556 ) ) ;
#284 = AXIS2_PLACEMENT_3D ( 'NONE', #1154, #1148, #723 ) ;
#285 = DIRECTION ( 'NONE',  ( 1.000000000000000000, 0.0000000000000000000, -2.090028284309406488E-16 ) ) ;
#286 = DIRECTION ( 'NONE',  ( -0.0000000000000000000, 1.000000000000000000, -0.0000000000000000000 ) ) ;
#287 = EDGE_CURVE ( 'NONE', #860, #842, #535, .T. ) ;
#288 = ORIENTED_EDGE ( 'NONE', *, *, #1022, .T. ) ;
#289 = ORIENTED_EDGE ( 'NONE', *, *, #197, .T. ) ;
#290 = MANIFOLD_SOLID_BREP ( '??1', #39 ) ;
#291 = VECTOR ( 'NONE', #765, 1000.000000000000000 ) ;
#292 = FACE_OUTER_BOUND ( 'NONE', #1032, .T. ) ;
#293 = LINE ( 'NONE', #623, #1013 ) ;
#294 = CARTESIAN_POINT ( 'NONE',  ( -4.150000000000002132, -5.200000000000002842, -1.499999999999999112 ) ) ;
#295 = DIRECTION ( 'NONE',  ( 0.0000000000000000000, -1.000000000000000000, 0.0000000000000000000 ) ) ;
#296 = EDGE_LOOP ( 'NONE', ( #718, #488, #56, #151 ) ) ;
#297 = EDGE_CURVE ( 'NONE', #49, #302, #252, .T. ) ;
#298 = EDGE_CURVE ( 'NONE', #810, #461, #248, .T. ) ;
#299 = FILL_AREA_STYLE_COLOUR ( '', #1264 ) ;
#300 = LINE ( 'NONE', #242, #429 ) ;
#301 = DIRECTION ( 'NONE',  ( -0.0000000000000000000, 1.000000000000000000, -0.0000000000000000000 ) ) ;
#302 = VERTEX_POINT ( 'NONE', #255 ) ;
#303 = EDGE_CURVE ( 'NONE', #657, #1124, #1162, .T. ) ;
#304 = ORIENTED_EDGE ( 'NONE', *, *, #1001, .F. ) ;
#305 = CIRCLE ( 'NONE', #599, 6.950000000000001066 ) ;
#306 = DIRECTION ( 'NONE',  ( -0.0000000000000000000, -0.0000000000000000000, 1.000000000000000000 ) ) ;
#307 = VECTOR ( 'NONE', #453, 1000.000000000000000 ) ;
#308 =( GEOMETRIC_REPRESENTATION_CONTEXT ( 3 ) GLOBAL_UNCERTAINTY_ASSIGNED_CONTEXT ( ( #1347 ) ) GLOBAL_UNIT_ASSIGNED_CONTEXT ( ( #725, #187, #1283 ) ) REPRESENTATION_CONTEXT ( 'NONE', 'WORKASPACE' ) );
#309 = SURFACE_STYLE_USAGE ( .BOTH. , #760 ) ;
#310 = ORIENTED_EDGE ( 'NONE', *, *, #116, .F. ) ;
#311 = CARTESIAN_POINT ( 'NONE',  ( 7.499999999999999112, -5.600000000000002309, -2.350000000000003642 ) ) ;
#312 = PLANE ( 'NONE',  #889 ) ;
#313 = CARTESIAN_POINT ( 'NONE',  ( 7.700000000000000178, -5.600000000000003197, 2.350000000000000089 ) ) ;
#314 = EDGE_LOOP ( 'NONE', ( #167, #1325, #1008, #51 ) ) ;
#315 = DIRECTION ( 'NONE',  ( 1.000000000000000000, -0.0000000000000000000, 0.0000000000000000000 ) ) ;
#316 = DIRECTION ( 'NONE',  ( -0.0000000000000000000, 1.000000000000000000, -0.0000000000000000000 ) ) ;
#317 = CARTESIAN_POINT ( 'NONE',  ( 7.500000000000000888, -9.700000000000001066, 4.150000000000000355 ) ) ;
#318 = VECTOR ( 'NONE', #110, 1000.000000000000000 ) ;
#319 = EDGE_CURVE ( 'NONE', #70, #810, #361, .T. ) ;
#320 = FILL_AREA_STYLE ('',( #518 ) ) ;
#321 = ORIENTED_EDGE ( 'NONE', *, *, #364, .F. ) ;
#322 = FACE_OUTER_BOUND ( 'NONE', #1300, .T. ) ;
#323 = CARTESIAN_POINT ( 'NONE',  ( 4.249999999999993783, -5.000000000000003553, -0.3999999999999954703 ) ) ;
#324 = LINE ( 'NONE', #669, #726 ) ;
#325 = VECTOR ( 'NONE', #109, 1000.000000000000000 ) ;
#326 = ADVANCED_FACE ( 'NONE', ( #37 ), #368, .T. ) ;
#327 = EDGE_CURVE ( 'NONE', #74, #824, #639, .T. ) ;
#328 = VECTOR ( 'NONE', #829, 1000.000000000000227 ) ;
#329 = VERTEX_POINT ( 'NONE', #1230 ) ;
#330 = PLANE ( 'NONE',  #1104 ) ;
#331 = CARTESIAN_POINT ( 'NONE',  ( 7.700000000000000178, 0.2000000000000000111, 4.150000000000001243 ) ) ;
#332 = APPLICATION_CONTEXT ( 'automotive_design' ) ;
#333 = LINE ( 'NONE', #1205, #1102 ) ;
#334 = DIRECTION ( 'NONE',  ( -1.000000000000000000, 0.0000000000000000000, 1.156482317317872119E-15 ) ) ;
#335 = ORIENTED_EDGE ( 'NONE', *, *, #422, .T. ) ;
#336 = EDGE_CURVE ( 'NONE', #705, #1275, #1027, .T. ) ;
#337 = EDGE_CURVE ( 'NONE', #1360, #1278, #925, .T. ) ;
#338 = DIRECTION ( 'NONE',  ( 0.0000000000000000000, -1.000000000000000000, 0.0000000000000000000 ) ) ;
#339 = ORIENTED_EDGE ( 'NONE', *, *, #921, .T. ) ;
#340 = CARTESIAN_POINT ( 'NONE',  ( 3.149999999999999023, -5.000000000000003553, 1.499999999999999556 ) ) ;
#341 = LINE ( 'NONE', #997, #841 ) ;
#342 = DIRECTION ( 'NONE',  ( -0.0000000000000000000, 1.000000000000000000, -0.0000000000000000000 ) ) ;
#343 = VERTEX_POINT ( 'NONE', #685 ) ;
#344 = FACE_OUTER_BOUND ( 'NONE', #1072, .T. ) ;
#345 = EDGE_LOOP ( 'NONE', ( #102, #936, #1258, #379, #273, #108 ) ) ;
#346 = PRODUCT_RELATED_PRODUCT_CATEGORY ( 'part', '', ( #15 ) ) ;
#347 = DIRECTION ( 'NONE',  ( -0.0000000000000000000, 1.000000000000000000, -0.0000000000000000000 ) ) ;
#348 = PLANE ( 'NONE',  #482 ) ;
#349 = CARTESIAN_POINT ( 'NONE',  ( -4.150000000000001243, -6.599999999999997868, 0.3999999999999917510 ) ) ;
#350 = DIRECTION ( 'NONE',  ( 0.0000000000000000000, 0.0000000000000000000, 1.000000000000000000 ) ) ;
#351 = VECTOR ( 'NONE', #246, 1000.000000000000000 ) ;
#352 = VERTEX_POINT ( 'NONE', #1363 ) ;
#353 = VECTOR ( 'NONE', #709, 999.9999999999998863 ) ;
#354 = PLANE ( 'NONE',  #943 ) ;
#355 = CARTESIAN_POINT ( 'NONE',  ( 4.249999999999993783, -5.200000000000002842, -0.3999999999999954703 ) ) ;
#356 = CARTESIAN_POINT ( 'NONE',  ( 7.500000000000000000, -1.439035190871253972E-31, -1.567521213232053708E-15 ) ) ;
#357 = ADVANCED_FACE ( 'NONE', ( #902 ), #148, .T. ) ;
#358 = VECTOR ( 'NONE', #1052, 1000.000000000000000 ) ;
#359 = ORIENTED_EDGE ( 'NONE', *, *, #940, .F. ) ;
#360 = ORIENTED_EDGE ( 'NONE', *, *, #382, .F. ) ;
#361 = LINE ( 'NONE', #383, #733 ) ;
#362 = CARTESIAN_POINT ( 'NONE',  ( -4.150000000000002132, -5.200000000000002842, 1.499999999999999112 ) ) ;
#363 = DIRECTION ( 'NONE',  ( 2.090028284309405009E-16, 0.0000000000000000000, 1.000000000000000000 ) ) ;
#364 = EDGE_CURVE ( 'NONE', #583, #768, #798, .T. ) ;
#365 = ORIENTED_EDGE ( 'NONE', *, *, #391, .F. ) ;
#366 = ORIENTED_EDGE ( 'NONE', *, *, #34, .F. ) ;
#367 = AXIS2_PLACEMENT_3D ( 'NONE', #654, #443, #228 ) ;
#368 = PLANE ( 'NONE',  #1070 ) ;
#369 = CARTESIAN_POINT ( 'NONE',  ( 2.100000000000000089, 0.2000000000000000111, 4.150000000000000355 ) ) ;
#370 = DIRECTION ( 'NONE',  ( 0.0000000000000000000, 0.0000000000000000000, 1.000000000000000000 ) ) ;
#371 = ORIENTED_EDGE ( 'NONE', *, *, #907, .F. ) ;
#372 = EDGE_CURVE ( 'NONE', #608, #1124, #470, .T. ) ;
#373 = ORIENTED_EDGE ( 'NONE', *, *, #438, .F. ) ;
#374 = EDGE_LOOP ( 'NONE', ( #1033, #245, #1158, #999 ) ) ;
#375 = VECTOR ( 'NONE', #918, 1000.000000000000000 ) ;
#376 = DIRECTION ( 'NONE',  ( 2.090028284309406488E-16, -0.0000000000000000000, 1.000000000000000000 ) ) ;
#377 = DIRECTION ( 'NONE',  ( -0.0000000000000000000, -1.000000000000000000, -0.0000000000000000000 ) ) ;
#378 = FILL_AREA_STYLE_COLOUR ( '', #945 ) ;
#379 = ORIENTED_EDGE ( 'NONE', *, *, #567, .T. ) ;
#380 = ORIENTED_EDGE ( 'NONE', *, *, #1315, .F. ) ;
#381 = ORIENTED_EDGE ( 'NONE', *, *, #382, .T. ) ;
#382 = EDGE_CURVE ( 'NONE', #49, #27, #1385, .T. ) ;
#383 = CARTESIAN_POINT ( 'NONE',  ( 2.099999999999998757, 0.2000000000000000111, -4.149999999999998579 ) ) ;
#384 = CARTESIAN_POINT ( 'NONE',  ( 5.204748896376250699E-16, -3.500000000000003109, -4.250000000000000000 ) ) ;
#385 = CARTESIAN_POINT ( 'NONE',  ( 0.0000000000000000000, -4.500000000000002665, 3.749999999999999112 ) ) ;
#386 = ORIENTED_EDGE ( 'NONE', *, *, #298, .F. ) ;
#387 = ORIENTED_EDGE ( 'NONE', *, *, #813, .T. ) ;
#388 = VECTOR ( 'NONE', #984, 1000.000000000000114 ) ;
#389 = LINE ( 'NONE', #609, #5 ) ;
#390 = DIRECTION ( 'NONE',  ( -0.0000000000000000000, -1.000000000000000000, -0.0000000000000000000 ) ) ;
#391 = EDGE_CURVE ( 'NONE', #1223, #1267, #1140, .T. ) ;
#392 = CARTESIAN_POINT ( 'NONE',  ( 7.499999999999999112, -9.699999999999997513, -4.150000000000003908 ) ) ;
#393 = VERTEX_POINT ( 'NONE', #1047 ) ;
#394 = VERTEX_POINT ( 'NONE', #189 ) ;
#395 = DIRECTION ( 'NONE',  ( 0.0000000000000000000, -1.000000000000000000, 1.398970545142587034E-16 ) ) ;
#396 = VECTOR ( 'NONE', #7, 1000.000000000000000 ) ;
#397 = AXIS2_PLACEMENT_3D ( 'NONE', #405, #4, #424 ) ;
#398 = PLANE ( 'NONE',  #640 ) ;
#399 = DIRECTION ( 'NONE',  ( 0.0000000000000000000, -0.0000000000000000000, -1.000000000000000000 ) ) ;
#400 = ADVANCED_FACE ( 'NONE', ( #1147 ), #603, .T. ) ;
#401 = ORIENTED_EDGE ( 'NONE', *, *, #1064, .T. ) ;
#402 = AXIS2_PLACEMENT_3D ( 'NONE', #184, #82, #946 ) ;
#403 = LINE ( 'NONE', #947, #809 ) ;
#404 = CARTESIAN_POINT ( 'NONE',  ( 7.499999999999999112, -1.734723475976807094E-15, -4.150000000000004796 ) ) ;
#405 = CARTESIAN_POINT ( 'NONE',  ( -3.950000000000001954, 0.0000000000000000000, 4.568105153405597011E-15 ) ) ;
#406 = CARTESIAN_POINT ( 'NONE',  ( -4.150000000000002132, -5.200000000000002842, 1.499999999999999112 ) ) ;
#407 = EDGE_CURVE ( 'NONE', #576, #1360, #1041, .T. ) ;
#408 = VERTEX_POINT ( 'NONE', #730 ) ;
#409 = LINE ( 'NONE', #1281, #1396 ) ;
#410 = LINE ( 'NONE', #294, #1144 ) ;
#411 = LINE ( 'NONE', #753, #811 ) ;
#412 = CARTESIAN_POINT ( 'NONE',  ( 0.0000000000000000000, -0.5000000000000004441, 0.0000000000000000000 ) ) ;
#413 = ORIENTED_EDGE ( 'NONE', *, *, #1280, .F. ) ;
#414 = DIRECTION ( 'NONE',  ( -0.0000000000000000000, 1.000000000000000000, -0.0000000000000000000 ) ) ;
#415 = ORIENTED_EDGE ( 'NONE', *, *, #298, .T. ) ;
#416 = CARTESIAN_POINT ( 'NONE',  ( 4.250000000000000000, -5.200000000000002842, 0.3999999999999954703 ) ) ;
#417 = AXIS2_PLACEMENT_3D ( 'NONE', #445, #48, #1108 ) ;
#418 =( GEOMETRIC_REPRESENTATION_CONTEXT ( 3 ) GLOBAL_UNCERTAINTY_ASSIGNED_CONTEXT ( ( #587 ) ) GLOBAL_UNIT_ASSIGNED_CONTEXT ( ( #212, #100, #960 ) ) REPRESENTATION_CONTEXT ( 'NONE', 'WORKASPACE' ) );
#419 = CARTESIAN_POINT ( 'NONE',  ( 4.249999999999993783, -5.200000000000002842, -0.3999999999999954703 ) ) ;
#420 = VERTEX_POINT ( 'NONE', #505 ) ;
#421 = LINE ( 'NONE', #448, #351 ) ;
#422 = EDGE_CURVE ( 'NONE', #1138, #408, #183, .T. ) ;
#423 = DIRECTION ( 'NONE',  ( -0.0000000000000000000, -1.000000000000000000, -0.0000000000000000000 ) ) ;
#424 = DIRECTION ( 'NONE',  ( 1.156482317317872119E-15, 0.0000000000000000000, 1.000000000000000000 ) ) ;
#425 = VERTEX_POINT ( 'NONE', #77 ) ;
#426 = CARTESIAN_POINT ( 'NONE',  ( -3.950000000000002842, -9.699999999999997513, -0.3999999999999995226 ) ) ;
#427 = DIRECTION ( 'NONE',  ( 1.548860246407863583E-16, -0.0000000000000000000, 1.000000000000000000 ) ) ;
#428 = FACE_OUTER_BOUND ( 'NONE', #548, .T. ) ;
#429 = VECTOR ( 'NONE', #423, 1000.000000000000000 ) ;
#430 = CARTESIAN_POINT ( 'NONE',  ( 0.0000000000000000000, 0.0000000000000000000, 0.0000000000000000000 ) ) ;
#431 = ORIENTED_EDGE ( 'NONE', *, *, #1022, .F. ) ;
#432 = CARTESIAN_POINT ( 'NONE',  ( 0.0000000000000000000, -5.000000000000003553, 0.0000000000000000000 ) ) ;
#433 = ORIENTED_EDGE ( 'NONE', *, *, #1191, .F. ) ;
#434 = DIRECTION ( 'NONE',  ( 0.0000000000000000000, -1.000000000000000000, -0.0000000000000000000 ) ) ;
#435 = CARTESIAN_POINT ( 'NONE',  ( -4.150000000000003020, -6.599999999999997868, -0.3999999999999997446 ) ) ;
#436 = PLANE ( 'NONE',  #1130 ) ;
#437 = EDGE_CURVE ( 'NONE', #302, #657, #1268, .T. ) ;
#438 = EDGE_CURVE ( 'NONE', #302, #608, #1156, .T. ) ;
#439 = AXIS2_PLACEMENT_3D ( 'NONE', #266, #912, #597 ) ;
#440 = ORIENTED_EDGE ( 'NONE', *, *, #391, .T. ) ;
#441 = CARTESIAN_POINT ( 'NONE',  ( -3.950000000000001066, -9.699999999999997513, 0.3999999999999955258 ) ) ;
#442 = ORIENTED_EDGE ( 'NONE', *, *, #950, .F. ) ;
#443 = DIRECTION ( 'NONE',  ( -0.0000000000000000000, 1.000000000000000000, -0.0000000000000000000 ) ) ;
#444 = DIRECTION ( 'NONE',  ( 8.673617379884134869E-15, 0.0000000000000000000, 1.000000000000000000 ) ) ;
#445 = CARTESIAN_POINT ( 'NONE',  ( 3.749999999999996003, -5.000000000000003553, 0.0000000000000000000 ) ) ;
#446 = EDGE_LOOP ( 'NONE', ( #1350, #1391, #1025, #981 ) ) ;
#447 = EDGE_CURVE ( 'NONE', #1166, #705, #389, .T. ) ;
#448 = CARTESIAN_POINT ( 'NONE',  ( 7.700000000000000178, -9.700000000000001066, 3.350000000000000089 ) ) ;
#449 = DIRECTION ( 'NONE',  ( -0.0000000000000000000, -0.7071067811865460184, -0.7071067811865490160 ) ) ;
#450 = DIRECTION ( 'NONE',  ( 0.7071067811865465735, -0.0000000000000000000, 0.7071067811865484609 ) ) ;
#451 = CARTESIAN_POINT ( 'NONE',  ( -3.950000000000001066, -6.599999999999997868, 0.3999999999999915290 ) ) ;
#452 = VERTEX_POINT ( 'NONE', #826 ) ;
#453 = DIRECTION ( 'NONE',  ( 1.000000000000000000, 0.0000000000000000000, -2.090028284309406488E-16 ) ) ;
#454 = ADVANCED_FACE ( 'NONE', ( #1260 ), #617, .F. ) ;
#455 =( NAMED_UNIT ( * ) SI_UNIT ( $, .STERADIAN. ) SOLID_ANGLE_UNIT ( ) );
#456 = FACE_OUTER_BOUND ( 'NONE', #1273, .T. ) ;
#457 = DIRECTION ( 'NONE',  ( 0.0000000000000000000, 0.9138115486202572635, -0.4061384660534475555 ) ) ;
#458 = VECTOR ( 'NONE', #265, 1000.000000000000000 ) ;
#459 = ORIENTED_EDGE ( 'NONE', *, *, #1210, .T. ) ;
#460 = VECTOR ( 'NONE', #54, 1000.000000000000000 ) ;
#461 = VERTEX_POINT ( 'NONE', #835 ) ;
#462 = DIRECTION ( 'NONE',  ( 1.000000000000000000, 0.0000000000000000000, -2.090028284309406488E-16 ) ) ;
#463 = DIRECTION ( 'NONE',  ( -0.7071067811865465735, 0.0000000000000000000, 0.7071067811865484609 ) ) ;
#464 = ADVANCED_FACE ( 'NONE', ( #292 ), #1097, .F. ) ;
#465 = DIRECTION ( 'NONE',  ( 0.0000000000000000000, 0.7071067811865463515, -0.7071067811865487940 ) ) ;
#466 = VECTOR ( 'NONE', #395, 1000.000000000000000 ) ;
#467 = ORIENTED_EDGE ( 'NONE', *, *, #672, .F. ) ;
#468 = ADVANCED_BREP_SHAPE_REPRESENTATION ( '914E44D7-3A86-4FE3-81A4-F8CCEDF5AB83', ( #290, #1212, #771, #131 ), #722 ) ;
#469 = ORIENTED_EDGE ( 'NONE', *, *, #590, .F. ) ;
#470 = LINE ( 'NONE', #806, #1199 ) ;
#471 = DIRECTION ( 'NONE',  ( 0.5721815960240813626, -0.0000000000000000000, 0.8201269543011830976 ) ) ;
#472 = EDGE_CURVE ( 'NONE', #583, #1262, #655, .T. ) ;
#473 = FACE_OUTER_BOUND ( 'NONE', #908, .T. ) ;
#474 = ORIENTED_EDGE ( 'NONE', *, *, #616, .T. ) ;
#475 = ORIENTED_EDGE ( 'NONE', *, *, #1297, .F. ) ;
#476 = ORIENTED_EDGE ( 'NONE', *, *, #551, .F. ) ;
#477 = DIRECTION ( 'NONE',  ( 1.000000000000000000, 0.0000000000000000000, 1.224646799147353207E-16 ) ) ;
#478 = CARTESIAN_POINT ( 'NONE',  ( 7.499999999999999112, -1.734723475976807094E-15, -4.150000000000004796 ) ) ;
#479 = CARTESIAN_POINT ( 'NONE',  ( 7.699999999999998401, -10.59999999999999609, -3.750000000000003553 ) ) ;
#480 = ORIENTED_EDGE ( 'NONE', *, *, #197, .F. ) ;
#481 = EDGE_CURVE ( 'NONE', #32, #810, #896, .T. ) ;
#482 = AXIS2_PLACEMENT_3D ( 'NONE', #1225, #249, #149 ) ;
#483 = ORIENTED_EDGE ( 'NONE', *, *, #171, .F. ) ;
#484 = EDGE_LOOP ( 'NONE', ( #459, #944 ) ) ;
#485 = AXIS2_PLACEMENT_3D ( 'NONE', #451, #800, #1220 ) ;
#486 = AXIS2_PLACEMENT_3D ( 'NONE', #510, #301, #949 ) ;
#487 = PLANE ( 'NONE',  #439 ) ;
#488 = ORIENTED_EDGE ( 'NONE', *, *, #1183, .F. ) ;
#489 = EDGE_CURVE ( 'NONE', #1374, #425, #1219, .T. ) ;
#490 = ORIENTED_EDGE ( 'NONE', *, *, #260, .T. ) ;
#491 = DIRECTION ( 'NONE',  ( 0.0000000000000000000, 0.0000000000000000000, 1.000000000000000000 ) ) ;
#492 = DIRECTION ( 'NONE',  ( 0.5721815960240813626, -0.0000000000000000000, 0.8201269543011830976 ) ) ;
#493 = DIRECTION ( 'NONE',  ( -0.0000000000000000000, 1.000000000000000000, -0.0000000000000000000 ) ) ;
#494 = PLANE ( 'NONE',  #107 ) ;
#495 = ORIENTED_EDGE ( 'NONE', *, *, #489, .T. ) ;
#496 = ORIENTED_EDGE ( 'NONE', *, *, #754, .F. ) ;
#497 = PRESENTATION_LAYER_ASSIGNMENT (  '', '', ( #211 ) ) ;
#498 = DIRECTION ( 'NONE',  ( -0.0000000000000000000, -1.000000000000000000, -0.0000000000000000000 ) ) ;
#499 = AXIS2_PLACEMENT_3D ( 'NONE', #1332, #595, #1340 ) ;
#500 = CARTESIAN_POINT ( 'NONE',  ( 4.249999999999993783, -5.200000000000002842, -0.3999999999999954703 ) ) ;
#501 = LINE ( 'NONE', #1242, #1285 ) ;
#502 = AXIS2_PLACEMENT_3D ( 'NONE', #746, #637, #959 ) ;
#503 = APPLICATION_CONTEXT ( 'automotive_design' ) ;
#504 = ORIENTED_EDGE ( 'NONE', *, *, #894, .T. ) ;
#505 = CARTESIAN_POINT ( 'NONE',  ( 7.700000000000000178, -9.700000000000001066, 4.150000000000000355 ) ) ;
#506 = CARTESIAN_POINT ( 'NONE',  ( 0.0000000000000000000, -3.500000000000003109, 5.949999999999993072 ) ) ;
#507 = VECTOR ( 'NONE', #450, 1000.000000000000114 ) ;
#508 = TOROIDAL_SURFACE ( 'NONE', #1310, 5.950000000000000178, 1.000000000000000000 ) ;
#509 = CARTESIAN_POINT ( 'NONE',  ( 0.0000000000000000000, 50.00000000000000000, 0.0000000000000000000 ) ) ;
#510 = CARTESIAN_POINT ( 'NONE',  ( 0.0000000000000000000, -0.4999999999999998890, 0.0000000000000000000 ) ) ;
#511 = EDGE_CURVE ( 'NONE', #1267, #677, #324, .T. ) ;
#512 =( NAMED_UNIT ( * ) PLANE_ANGLE_UNIT ( ) SI_UNIT ( $, .RADIAN. ) );
#513 = ORIENTED_EDGE ( 'NONE', *, *, #1315, .T. ) ;
#514 = SURFACE_SIDE_STYLE ('',( #1053 ) ) ;
#515 = DIRECTION ( 'NONE',  ( -1.909891983144917551E-16, -0.4061384660534479440, -0.9138115486202570414 ) ) ;
#516 = DIRECTION ( 'NONE',  ( -3.690901012716608185E-16, 1.845450506358304093E-16, -1.000000000000000000 ) ) ;
#517 = EDGE_CURVE ( 'NONE', #41, #81, #234, .T. ) ;
#518 = FILL_AREA_STYLE_COLOUR ( '', #179 ) ;
#519 = ORIENTED_EDGE ( 'NONE', *, *, #337, .F. ) ;
#520 = DIRECTION ( 'NONE',  ( -0.0000000000000000000, -0.9138115486202571525, -0.4061384660534475000 ) ) ;
#521 = ORIENTED_EDGE ( 'NONE', *, *, #716, .F. ) ;
#522 = PLANE ( 'NONE',  #202 ) ;
#523 = AXIS2_PLACEMENT_3D ( 'NONE', #509, #941, #1378 ) ;
#524 = ORIENTED_EDGE ( 'NONE', *, *, #1351, .T. ) ;
#525 = EDGE_CURVE ( 'NONE', #1278, #1115, #1319, .T. ) ;
#526 =( LENGTH_UNIT ( ) NAMED_UNIT ( * ) SI_UNIT ( .MILLI., .METRE. ) );
#527 = CARTESIAN_POINT ( 'NONE',  ( -3.950000000000002842, -6.599999999999997868, -0.3999999999999999667 ) ) ;
#528 = AXIS2_PLACEMENT_3D ( 'NONE', #232, #770, #676 ) ;
#529 = DIRECTION ( 'NONE',  ( 0.0000000000000000000, -0.0000000000000000000, -1.000000000000000000 ) ) ;
#530 = ORIENTED_EDGE ( 'NONE', *, *, #511, .T. ) ;
#531 = ADVANCED_FACE ( 'NONE', ( #686, #123 ), #1213, .F. ) ;
#532 = ADVANCED_FACE ( 'NONE', ( #456 ), #1113, .F. ) ;
#533 = CARTESIAN_POINT ( 'NONE',  ( 7.700000000000000178, 0.2000000000000000111, 4.150000000000001243 ) ) ;
#534 = VECTOR ( 'NONE', #977, 1000.000000000000000 ) ;
#535 = LINE ( 'NONE', #971, #1120 ) ;
#536 = DIRECTION ( 'NONE',  ( -0.0000000000000000000, 1.000000000000000000, -0.0000000000000000000 ) ) ;
#537 = CARTESIAN_POINT ( 'NONE',  ( -4.150000000000000355, -5.499999999999996447, 1.499999999999994671 ) ) ;
#538 = ORIENTED_EDGE ( 'NONE', *, *, #813, .F. ) ;
#539 = DIRECTION ( 'NONE',  ( 1.056806897340190463E-15, -0.4061384660534432811, 0.9138115486202590398 ) ) ;
#540 = ORIENTED_EDGE ( 'NONE', *, *, #754, .T. ) ;
#541 = LINE ( 'NONE', #223, #12 ) ;
#542 = DIRECTION ( 'NONE',  ( 0.0000000000000000000, 0.0000000000000000000, 1.000000000000000000 ) ) ;
#543 = EDGE_CURVE ( 'NONE', #983, #393, #341, .T. ) ;
#544 = EDGE_CURVE ( 'NONE', #824, #74, #582, .T. ) ;
#545 = CARTESIAN_POINT ( 'NONE',  ( 0.0000000000000000000, 50.00000000000000000, 6.950000000000001066 ) ) ;
#546 = ORIENTED_EDGE ( 'NONE', *, *, #1351, .F. ) ;
#547 = CARTESIAN_POINT ( 'NONE',  ( 7.500000000000000888, -10.59999999999999964, 3.750000000000000000 ) ) ;
#548 = EDGE_LOOP ( 'NONE', ( #304, #173, #335, #865 ) ) ;
#549 = CARTESIAN_POINT ( 'NONE',  ( -3.950000000000001066, -6.599999999999997868, 0.3999999999999915290 ) ) ;
#550 = DIRECTION ( 'NONE',  ( -0.7071067811865465735, 0.0000000000000000000, 0.7071067811865484609 ) ) ;
#551 = EDGE_CURVE ( 'NONE', #797, #600, #1198, .T. ) ;
#552 = CYLINDRICAL_SURFACE ( 'NONE', #177, 4.250000000000000000 ) ;
#553 = VECTOR ( 'NONE', #939, 1000.000000000000000 ) ;
#554 = CIRCLE ( 'NONE', #1358, 6.950000000000001066 ) ;
#555 = ORIENTED_EDGE ( 'NONE', *, *, #650, .T. ) ;
#556 = STYLED_ITEM ( 'NONE', ( #748 ), #468 ) ;
#557 = DIRECTION ( 'NONE',  ( 0.0000000000000000000, 0.9138115486202571525, -0.4061384660534475000 ) ) ;
#558 = DIRECTION ( 'NONE',  ( 2.090028284309406488E-16, 0.0000000000000000000, 1.000000000000000000 ) ) ;
#559 = CARTESIAN_POINT ( 'NONE',  ( -4.150000000000001243, -9.699999999999997513, 0.3999999999999957478 ) ) ;
#560 = DIRECTION ( 'NONE',  ( -1.477873172706864388E-16, -0.7071067811865487940, -0.7071067811865463515 ) ) ;
#561 = ORIENTED_EDGE ( 'NONE', *, *, #1098, .F. ) ;
#562 = FACE_OUTER_BOUND ( 'NONE', #665, .T. ) ;
#563 = CARTESIAN_POINT ( 'NONE',  ( 4.592425496802572986E-16, -4.500000000000002665, -3.749999999999999112 ) ) ;
#564 = CARTESIAN_POINT ( 'NONE',  ( 7.699999999999998401, 0.0000000000000000000, -4.149999999999999467 ) ) ;
#565 = FACE_OUTER_BOUND ( 'NONE', #241, .T. ) ;
#566 = ORIENTED_EDGE ( 'NONE', *, *, #708, .T. ) ;
#567 = EDGE_CURVE ( 'NONE', #1209, #452, #30, .T. ) ;
#568 = CARTESIAN_POINT ( 'NONE',  ( -3.950000000000000178, -5.499999999999996447, 1.499999999999994449 ) ) ;
#569 = ORIENTED_EDGE ( 'NONE', *, *, #45, .T. ) ;
#570 = PRESENTATION_STYLE_ASSIGNMENT (( #1224 ) ) ;
#571 = DIRECTION ( 'NONE',  ( 0.8201269543011832086, -0.0000000000000000000, 0.5721815960240812515 ) ) ;
#572 = DIRECTION ( 'NONE',  ( 1.000000000000000000, 0.0000000000000000000, -2.090028284309406488E-16 ) ) ;
#573 = CIRCLE ( 'NONE', #786, 4.250000000000000000 ) ;
#574 = ORIENTED_EDGE ( 'NONE', *, *, #736, .T. ) ;
#575 = PRESENTATION_LAYER_ASSIGNMENT (  '', '', ( #1106 ) ) ;
#576 = VERTEX_POINT ( 'NONE', #435 ) ;
#577 = EDGE_CURVE ( 'NONE', #697, #1138, #305, .T. ) ;
#578 = EDGE_CURVE ( 'NONE', #983, #1207, #890, .T. ) ;
#579 = CARTESIAN_POINT ( 'NONE',  ( 7.499999999999999112, -9.699999999999997513, -3.350000000000003642 ) ) ;
#580 = DIRECTION ( 'NONE',  ( 1.000000000000000000, 0.0000000000000000000, 0.0000000000000000000 ) ) ;
#581 = LINE ( 'NONE', #1023, #460 ) ;
#582 = CIRCLE ( 'NONE', #106, 6.950000000000000178 ) ;
#583 = VERTEX_POINT ( 'NONE', #1006 ) ;
#584 = VERTEX_POINT ( 'NONE', #1327 ) ;
#585 = ORIENTED_EDGE ( 'NONE', *, *, #870, .F. ) ;
#586 = SURFACE_STYLE_FILL_AREA ( #140 ) ;
#587 = UNCERTAINTY_MEASURE_WITH_UNIT (LENGTH_MEASURE( 1.000000000000000082E-05 ), #212, 'distance_accuracy_value', 'NONE');
#588 = FACE_OUTER_BOUND ( 'NONE', #446, .T. ) ;
#589 = DIRECTION ( 'NONE',  ( 0.0000000000000000000, -1.000000000000000000, 0.0000000000000000000 ) ) ;
#590 = EDGE_CURVE ( 'NONE', #796, #854, #333, .T. ) ;
#591 = ADVANCED_FACE ( 'NONE', ( #661 ), #348, .T. ) ;
#592 = VERTEX_POINT ( 'NONE', #47 ) ;
#593 = ORIENTED_EDGE ( 'NONE', *, *, #327, .F. ) ;
#594 = EDGE_LOOP ( 'NONE', ( #1251, #712, #1322, #339 ) ) ;
#595 = DIRECTION ( 'NONE',  ( -0.0000000000000000000, 1.000000000000000000, -0.0000000000000000000 ) ) ;
#596 = CARTESIAN_POINT ( 'NONE',  ( 7.499999999999999112, -9.699999999999997513, -4.150000000000003908 ) ) ;
#597 = DIRECTION ( 'NONE',  ( -1.000000000000000000, 0.0000000000000000000, 2.090028284309406488E-16 ) ) ;
#598 = PRODUCT_DEFINITION ( 'UNKNOWN', '', #836, #1004 ) ;
#599 = AXIS2_PLACEMENT_3D ( 'NONE', #773, #778, #1121 ) ;
#600 = VERTEX_POINT ( 'NONE', #224 ) ;
#601 = VERTEX_POINT ( 'NONE', #1020 ) ;
#602 = AXIS2_PLACEMENT_3D ( 'NONE', #257, #589, #399 ) ;
#603 = PLANE ( 'NONE',  #967 ) ;
#604 = UNCERTAINTY_MEASURE_WITH_UNIT (LENGTH_MEASURE( 1.000000000000000082E-05 ), #910, 'distance_accuracy_value', 'NONE');
#605 = PLANE ( 'NONE',  #1308 ) ;
#606 = CARTESIAN_POINT ( 'NONE',  ( 0.0000000000000000000, 50.00000000000000000, 0.0000000000000000000 ) ) ;
#607 = ORIENTED_EDGE ( 'NONE', *, *, #625, .T. ) ;
#608 = VERTEX_POINT ( 'NONE', #1355 ) ;
#609 = CARTESIAN_POINT ( 'NONE',  ( 7.499999999999999112, -9.699999999999997513, -3.350000000000003642 ) ) ;
#610 = CARTESIAN_POINT ( 'NONE',  ( 7.500000000000000000, 0.0000000000000000000, 4.150000000000001243 ) ) ;
#611 = CARTESIAN_POINT ( 'NONE',  ( 2.100000000000000089, 0.0000000000000000000, 4.150000000000000355 ) ) ;
#612 = LINE ( 'NONE', #158, #328 ) ;
#613 = VECTOR ( 'NONE', #706, 1000.000000000000000 ) ;
#614 = ORIENTED_EDGE ( 'NONE', *, *, #848, .F. ) ;
#615 = AXIS2_PLACEMENT_3D ( 'NONE', #563, #477, #1346 ) ;
#616 = EDGE_CURVE ( 'NONE', #420, #394, #816, .T. ) ;
#617 = PLANE ( 'NONE',  #1339 ) ;
#618 = CLOSED_SHELL ( 'NONE', ( #1107, #125, #464, #794, #699, #1371, #235, #101, #93, #1306, #326, #856, #400, #1069, #1159, #991, #1342, #1086 ) ) ;
#619 = LINE ( 'NONE', #392, #1071 ) ;
#620 = CARTESIAN_POINT ( 'NONE',  ( 4.250000000000000000, -5.200000000000002842, 0.3999999999999954703 ) ) ;
#621 = DIRECTION ( 'NONE',  ( 5.575612424303165686E-16, 0.7071067811865472397, 0.7071067811865479058 ) ) ;
#622 = VERTEX_POINT ( 'NONE', #610 ) ;
#623 = CARTESIAN_POINT ( 'NONE',  ( 7.699999999999998401, 0.2000000000000000111, -4.149999999999999467 ) ) ;
#624 = AXIS2_PLACEMENT_3D ( 'NONE', #277, #932, #691 ) ;
#625 = EDGE_CURVE ( 'NONE', #1399, #461, #821, .T. ) ;
#626 = CIRCLE ( 'NONE', #1174, 0.4999999999999995559 ) ;
#627 = CARTESIAN_POINT ( 'NONE',  ( 7.699999999999998401, -6.599999999999997868, -3.350000000000003642 ) ) ;
#628 = DIRECTION ( 'NONE',  ( 1.909891983144918044E-16, -0.4061384660534475555, 0.9138115486202572635 ) ) ;
#629 = LINE ( 'NONE', #846, #987 ) ;
#630 = ORIENTED_EDGE ( 'NONE', *, *, #1256, .T. ) ;
#631 = DIRECTION ( 'NONE',  ( -8.177564888977981598E-16, -0.7071067811865491270, -0.7071067811865459074 ) ) ;
#632 = VERTEX_POINT ( 'NONE', #1249 ) ;
#633 = FACE_OUTER_BOUND ( 'NONE', #345, .T. ) ;
#634 = EDGE_CURVE ( 'NONE', #1039, #797, #162, .T. ) ;
#635 = ORIENTED_EDGE ( 'NONE', *, *, #616, .F. ) ;
#636 = CARTESIAN_POINT ( 'NONE',  ( 7.500000000000000888, -9.700000000000001066, 3.350000000000000089 ) ) ;
#637 = DIRECTION ( 'NONE',  ( -0.0000000000000000000, 1.000000000000000000, -0.0000000000000000000 ) ) ;
#638 = DIRECTION ( 'NONE',  ( -0.0000000000000000000, 1.000000000000000000, -0.0000000000000000000 ) ) ;
#639 = CIRCLE ( 'NONE', #499, 6.950000000000000178 ) ;
#640 = AXIS2_PLACEMENT_3D ( 'NONE', #1067, #515, #1290 ) ;
#641 = CARTESIAN_POINT ( 'NONE',  ( 7.700000000000000178, 0.2000000000000000111, 4.150000000000001243 ) ) ;
#642 = ADVANCED_FACE ( 'NONE', ( #1141 ), #271, .F. ) ;
#643 = EDGE_LOOP ( 'NONE', ( #1152, #1317, #561, #1017 ) ) ;
#644 = SURFACE_STYLE_USAGE ( .BOTH. , #514 ) ;
#645 = CARTESIAN_POINT ( 'NONE',  ( -3.950000000000000178, -5.200000000000001066, 1.499999999999994005 ) ) ;
#646 = VECTOR ( 'NONE', #2, 1000.000000000000000 ) ;
#647 = DIRECTION ( 'NONE',  ( 0.0000000000000000000, -1.000000000000000000, -8.941873587509315199E-17 ) ) ;
#648 = VECTOR ( 'NONE', #1171, 1000.000000000000114 ) ;
#649 = VERTEX_POINT ( 'NONE', #1255 ) ;
#650 = EDGE_CURVE ( 'NONE', #1024, #1126, #799, .T. ) ;
#651 = EDGE_CURVE ( 'NONE', #20, #622, #175, .T. ) ;
#652 = LINE ( 'NONE', #441, #176 ) ;
#653 = AXIS2_PLACEMENT_3D ( 'NONE', #133, #1090, #550 ) ;
#654 = CARTESIAN_POINT ( 'NONE',  ( 0.0000000000000000000, -0.4999999999999998890, 0.0000000000000000000 ) ) ;
#655 = LINE ( 'NONE', #38, #793 ) ;
#656 = LINE ( 'NONE', #244, #766 ) ;
#657 = VERTEX_POINT ( 'NONE', #384 ) ;
#658 = DIRECTION ( 'NONE',  ( -0.0000000000000000000, 1.000000000000000000, -0.0000000000000000000 ) ) ;
#659 = EDGE_CURVE ( 'NONE', #425, #20, #53, .T. ) ;
#660 = LINE ( 'NONE', #645, #757 ) ;
#661 = FACE_OUTER_BOUND ( 'NONE', #275, .T. ) ;
#662 = DIRECTION ( 'NONE',  ( 0.0000000000000000000, 0.0000000000000000000, -1.000000000000000000 ) ) ;
#663 = VECTOR ( 'NONE', #1019, 1000.000000000000114 ) ;
#664 = CIRCLE ( 'NONE', #502, 3.749999999999996003 ) ;
#665 = EDGE_LOOP ( 'NONE', ( #872, #614, #812, #961 ) ) ;
#666 = LINE ( 'NONE', #128, #21 ) ;
#667 = ORIENTED_EDGE ( 'NONE', *, *, #578, .T. ) ;
#668 = FACE_OUTER_BOUND ( 'NONE', #1040, .T. ) ;
#669 = CARTESIAN_POINT ( 'NONE',  ( 3.149999999999992362, -5.000000000000003553, -1.499999999999999556 ) ) ;
#670 = VECTOR ( 'NONE', #911, 1000.000000000000114 ) ;
#671 = CARTESIAN_POINT ( 'NONE',  ( 7.500000000000000888, -10.59999999999999964, 3.750000000000000000 ) ) ;
#672 = EDGE_CURVE ( 'NONE', #81, #182, #827, .T. ) ;
#673 = CIRCLE ( 'NONE', #745, 6.449999999999997513 ) ;
#674 = ORIENTED_EDGE ( 'NONE', *, *, #1030, .T. ) ;
#675 = PRESENTATION_LAYER_ASSIGNMENT (  '', '', ( #556 ) ) ;
#676 = DIRECTION ( 'NONE',  ( 1.224646799147353454E-16, 0.0000000000000000000, -1.000000000000000000 ) ) ;
#677 = VERTEX_POINT ( 'NONE', #283 ) ;
#678 = PLANE ( 'NONE',  #979 ) ;
#679 = DIRECTION ( 'NONE',  ( 0.0000000000000000000, 0.0000000000000000000, 1.000000000000000000 ) ) ;
#680 = CARTESIAN_POINT ( 'NONE',  ( 0.0000000000000000000, 50.00000000000000000, 0.0000000000000000000 ) ) ;
#681 = SHAPE_DEFINITION_REPRESENTATION ( #749, #468 ) ;
#682 = ADVANCED_FACE ( 'NONE', ( #588 ), #605, .T. ) ;
#683 = EDGE_LOOP ( 'NONE', ( #1192, #920, #129, #114 ) ) ;
#684 = CARTESIAN_POINT ( 'NONE',  ( -3.950000000000000178, -5.499999999999996447, 1.499999999999994449 ) ) ;
#685 = CARTESIAN_POINT ( 'NONE',  ( -3.950000000000001954, -5.200000000000002842, -1.499999999999999112 ) ) ;
#686 = FACE_OUTER_BOUND ( 'NONE', #1046, .T. ) ;
#687 = DIRECTION ( 'NONE',  ( -0.0000000000000000000, 1.000000000000000000, -1.294047754256893032E-15 ) ) ;
#688 = AXIS2_PLACEMENT_3D ( 'NONE', #763, #316, #976 ) ;
#689 = VERTEX_POINT ( 'NONE', #596 ) ;
#690 = DIRECTION ( 'NONE',  ( -0.0000000000000000000, 1.000000000000000000, -0.0000000000000000000 ) ) ;
#691 = DIRECTION ( 'NONE',  ( 0.0000000000000000000, 0.0000000000000000000, 1.000000000000000000 ) ) ;
#692 = CARTESIAN_POINT ( 'NONE',  ( 7.699999999999998401, -9.699999999999997513, -4.150000000000003908 ) ) ;
#693 = CIRCLE ( 'NONE', #1079, 5.949999999999993072 ) ;
#694 = ORIENTED_EDGE ( 'NONE', *, *, #956, .T. ) ;
#695 = TOROIDAL_SURFACE ( 'NONE', #486, 6.450000000000001066, 0.5000000000000002220 ) ;
#696 = VERTEX_POINT ( 'NONE', #1028 ) ;
#697 = VERTEX_POINT ( 'NONE', #1034 ) ;
#698 = ADVANCED_FACE ( 'NONE', ( #66 ), #1128, .T. ) ;
#699 = ADVANCED_FACE ( 'NONE', ( #903 ), #714, .F. ) ;
#700 = DIRECTION ( 'NONE',  ( -0.0000000000000000000, 1.000000000000000000, -0.0000000000000000000 ) ) ;
#701 = CARTESIAN_POINT ( 'NONE',  ( 3.149999999999999023, -5.200000000000002842, 1.499999999999999556 ) ) ;
#702 = CARTESIAN_POINT ( 'NONE',  ( -3.950000000000000178, -5.200000000000001066, 1.499999999999994005 ) ) ;
#703 = ORIENTED_EDGE ( 'NONE', *, *, #327, .T. ) ;
#704 = ORIENTED_EDGE ( 'NONE', *, *, #950, .T. ) ;
#705 = VERTEX_POINT ( 'NONE', #157 ) ;
#706 = DIRECTION ( 'NONE',  ( 5.575612424303168644E-16, -0.7071067811865459074, 0.7071067811865491270 ) ) ;
#707 = CARTESIAN_POINT ( 'NONE',  ( -3.950000000000002842, -6.599999999999997868, -0.3999999999999999667 ) ) ;
#708 = EDGE_CURVE ( 'NONE', #1374, #796, #1042, .T. ) ;
#709 = DIRECTION ( 'NONE',  ( -0.0000000000000000000, -0.9138115486202571525, -0.4061384660534475000 ) ) ;
#710 = AXIS2_PLACEMENT_3D ( 'NONE', #1270, #1388, #98 ) ;
#711 = ORIENTED_EDGE ( 'NONE', *, *, #1183, .T. ) ;
#712 = ORIENTED_EDGE ( 'NONE', *, *, #1054, .F. ) ;
#713 = DIRECTION ( 'NONE',  ( -0.0000000000000000000, 1.000000000000000000, -0.0000000000000000000 ) ) ;
#714 = PLANE ( 'NONE',  #284 ) ;
#715 = FILL_AREA_STYLE ('',( #378 ) ) ;
#716 = EDGE_CURVE ( 'NONE', #854, #420, #1341, .T. ) ;
#717 = VECTOR ( 'NONE', #877, 1000.000000000000000 ) ;
#718 = ORIENTED_EDGE ( 'NONE', *, *, #260, .F. ) ;
#719 = ORIENTED_EDGE ( 'NONE', *, *, #1256, .F. ) ;
#720 = VECTOR ( 'NONE', #1149, 1000.000000000000000 ) ;
#721 = CARTESIAN_POINT ( 'NONE',  ( 7.500000000000000888, -5.600000000000003197, 2.350000000000000089 ) ) ;
#722 =( GEOMETRIC_REPRESENTATION_CONTEXT ( 3 ) GLOBAL_UNCERTAINTY_ASSIGNED_CONTEXT ( ( #1248 ) ) GLOBAL_UNIT_ASSIGNED_CONTEXT ( ( #88, #512, #95 ) ) REPRESENTATION_CONTEXT ( 'NONE', 'WORKASPACE' ) );
#723 = DIRECTION ( 'NONE',  ( -0.5721815960240813626, 0.0000000000000000000, -0.8201269543011830976 ) ) ;
#724 = DIRECTION ( 'NONE',  ( 0.7071067811865465735, 0.0000000000000000000, 0.7071067811865484609 ) ) ;
#725 =( LENGTH_UNIT ( ) NAMED_UNIT ( * ) SI_UNIT ( .MILLI., .METRE. ) );
#726 = VECTOR ( 'NONE', #25, 1000.000000000000000 ) ;
#727 = EDGE_CURVE ( 'NONE', #601, #182, #1365, .T. ) ;
#728 = ORIENTED_EDGE ( 'NONE', *, *, #213, .T. ) ;
#729 = ORIENTED_EDGE ( 'NONE', *, *, #10, .F. ) ;
#730 = CARTESIAN_POINT ( 'NONE',  ( 0.0000000000000000000, 0.0000000000000000000, 6.449999999999997513 ) ) ;
#731 = FACE_OUTER_BOUND ( 'NONE', #1252, .T. ) ;
#732 = CARTESIAN_POINT ( 'NONE',  ( -4.150000000000002132, -10.59999999999999609, 8.673617379884035472E-16 ) ) ;
#733 = VECTOR ( 'NONE', #895, 1000.000000000000000 ) ;
#734 = DIRECTION ( 'NONE',  ( -1.000000000000000000, 0.0000000000000000000, -1.548860246407863583E-16 ) ) ;
#735 = ORIENTED_EDGE ( 'NONE', *, *, #154, .F. ) ;
#736 = EDGE_CURVE ( 'NONE', #689, #32, #59, .T. ) ;
#737 = CARTESIAN_POINT ( 'NONE',  ( 0.0000000000000000000, -2.499999999999995115, 6.950000000000000178 ) ) ;
#738 = VECTOR ( 'NONE', #1062, 1000.000000000000000 ) ;
#739 = CARTESIAN_POINT ( 'NONE',  ( 4.898587196589409870E-16, -5.000000000000004441, -3.749999999999996003 ) ) ;
#740 = DIRECTION ( 'NONE',  ( 1.548860246407863583E-16, 0.0000000000000000000, -1.000000000000000000 ) ) ;
#741 = ORIENTED_EDGE ( 'NONE', *, *, #1380, .T. ) ;
#742 = PRESENTATION_STYLE_ASSIGNMENT (( #644 ) ) ;
#743 = AXIS2_PLACEMENT_3D ( 'NONE', #362, #580, #1048 ) ;
#744 = ADVANCED_FACE ( 'NONE', ( #209 ), #1161, .T. ) ;
#745 = AXIS2_PLACEMENT_3D ( 'NONE', #60, #286, #934 ) ;
#746 = CARTESIAN_POINT ( 'NONE',  ( 0.0000000000000000000, -5.000000000000004441, 0.0000000000000000000 ) ) ;
#747 = PLANE ( 'NONE',  #1265 ) ;
#748 = PRESENTATION_STYLE_ASSIGNMENT (( #309 ) ) ;
#749 = PRODUCT_DEFINITION_SHAPE ( 'NONE', 'NONE',  #598 ) ;
#750 = EDGE_LOOP ( 'NONE', ( #43, #431, #851, #1245 ) ) ;
#751 = CARTESIAN_POINT ( 'NONE',  ( -3.950000000000001066, -6.599999999999997868, 0.3999999999999915290 ) ) ;
#752 = LINE ( 'NONE', #828, #738 ) ;
#753 = CARTESIAN_POINT ( 'NONE',  ( 0.5999999999999999778, 0.2000000000000000111, 2.000000000000000000 ) ) ;
#754 = EDGE_CURVE ( 'NONE', #592, #860, #103, .T. ) ;
#755 = ORIENTED_EDGE ( 'NONE', *, *, #736, .F. ) ;
#756 = CARTESIAN_POINT ( 'NONE',  ( 0.0000000000000000000, -3.500000000000003109, 0.0000000000000000000 ) ) ;
#757 = VECTOR ( 'NONE', #233, 1000.000000000000000 ) ;
#758 = CARTESIAN_POINT ( 'NONE',  ( 7.500000000000000888, -6.599999999999999645, 3.350000000000000089 ) ) ;
#759 = DIRECTION ( 'NONE',  ( 1.909891983144917551E-16, -0.4061384660534479440, 0.9138115486202570414 ) ) ;
#760 = SURFACE_SIDE_STYLE ('',( #853 ) ) ;
#761 = ORIENTED_EDGE ( 'NONE', *, *, #992, .T. ) ;
#762 = DIRECTION ( 'NONE',  ( -0.5721815960240813626, 0.0000000000000000000, 0.8201269543011832086 ) ) ;
#763 = CARTESIAN_POINT ( 'NONE',  ( 0.0000000000000000000, -4.500000000000002665, 0.0000000000000000000 ) ) ;
#764 = VECTOR ( 'NONE', #1135, 1000.000000000000000 ) ;
#765 = DIRECTION ( 'NONE',  ( 8.806724144501584561E-16, 0.9138115486202590398, 0.4061384660534433366 ) ) ;
#766 = VECTOR ( 'NONE', #1099, 1000.000000000000000 ) ;
#767 = VECTOR ( 'NONE', #1057, 1000.000000000000000 ) ;
#768 = VERTEX_POINT ( 'NONE', #850 ) ;
#769 = EDGE_CURVE ( 'NONE', #1367, #801, #693, .T. ) ;
#770 = DIRECTION ( 'NONE',  ( 1.000000000000000000, 0.0000000000000000000, 1.224646799147353207E-16 ) ) ;
#771 = MANIFOLD_SOLID_BREP ( '??-??6', #1279 ) ;
#772 = CARTESIAN_POINT ( 'NONE',  ( 7.700000000000000178, 0.2000000000000000111, 4.150000000000001243 ) ) ;
#773 = CARTESIAN_POINT ( 'NONE',  ( 0.0000000000000000000, -0.5000000000000004441, 0.0000000000000000000 ) ) ;
#774 = DIRECTION ( 'NONE',  ( 0.0000000000000000000, 0.0000000000000000000, 1.000000000000000000 ) ) ;
#775 = ORIENTED_EDGE ( 'NONE', *, *, #180, .T. ) ;
#776 = DIRECTION ( 'NONE',  ( 0.0000000000000000000, 0.7071067811865463515, -0.7071067811865487940 ) ) ;
#777 = DIRECTION ( 'NONE',  ( 2.090028284309404516E-16, 2.090028284309404516E-16, 1.000000000000000000 ) ) ;
#778 = DIRECTION ( 'NONE',  ( -0.0000000000000000000, 1.000000000000000000, -0.0000000000000000000 ) ) ;
#779 = CARTESIAN_POINT ( 'NONE',  ( 7.500000000000000888, -6.599999999999999645, 3.350000000000000089 ) ) ;
#780 = VECTOR ( 'NONE', #1181, 1000.000000000000000 ) ;
#781 = ORIENTED_EDGE ( 'NONE', *, *, #61, .T. ) ;
#782 = DIRECTION ( 'NONE',  ( 0.0000000000000000000, -0.0000000000000000000, -1.000000000000000000 ) ) ;
#783 = DIRECTION ( 'NONE',  ( -0.0000000000000000000, 0.9138115486202570414, -0.4061384660534478885 ) ) ;
#784 = DIRECTION ( 'NONE',  ( 0.5721815960240812515, 0.0000000000000000000, -0.8201269543011832086 ) ) ;
#785 = EDGE_CURVE ( 'NONE', #768, #576, #857, .T. ) ;
#786 = AXIS2_PLACEMENT_3D ( 'NONE', #1301, #658, #240 ) ;
#787 = CARTESIAN_POINT ( 'NONE',  ( 0.0000000000000000000, -2.500000000000000444, 5.950000000000000178 ) ) ;
#788 = AXIS2_PLACEMENT_3D ( 'NONE', #787, #119, #1328 ) ;
#789 = ORIENTED_EDGE ( 'NONE', *, *, #1125, .T. ) ;
#790 = DIRECTION ( 'NONE',  ( 0.0000000000000000000, -0.7071067811865460184, -0.7071067811865489050 ) ) ;
#791 = CARTESIAN_POINT ( 'NONE',  ( -4.150000000000003020, -9.699999999999997513, -0.3999999999999993006 ) ) ;
#792 = CARTESIAN_POINT ( 'NONE',  ( -3.950000000000000178, -5.200000000000001066, 1.499999999999994005 ) ) ;
#793 = VECTOR ( 'NONE', #869, 1000.000000000000000 ) ;
#794 = ADVANCED_FACE ( 'NONE', ( #1187 ), #83, .F. ) ;
#795 = CARTESIAN_POINT ( 'NONE',  ( -4.150000000000001243, -9.699999999999997513, 0.3999999999999957478 ) ) ;
#796 = VERTEX_POINT ( 'NONE', #215 ) ;
#797 = VERTEX_POINT ( 'NONE', #311 ) ;
#798 = LINE ( 'NONE', #52, #613 ) ;
#799 = LINE ( 'NONE', #807, #67 ) ;
#800 = DIRECTION ( 'NONE',  ( 1.156482317317872119E-15, 1.294047754256893229E-15, 1.000000000000000000 ) ) ;
#801 = VERTEX_POINT ( 'NONE', #506 ) ;
#802 = EDGE_CURVE ( 'NONE', #649, #632, #403, .T. ) ;
#803 = EDGE_CURVE ( 'NONE', #601, #1207, #409, .T. ) ;
#804 = VECTOR ( 'NONE', #210, 1000.000000000000000 ) ;
#805 = ORIENTED_EDGE ( 'NONE', *, *, #716, .T. ) ;
#806 = CARTESIAN_POINT ( 'NONE',  ( 0.0000000000000000000, 50.00000000000000000, 4.250000000000000000 ) ) ;
#807 = CARTESIAN_POINT ( 'NONE',  ( 7.699999999999998401, 0.2000000000000000111, -4.149999999999999467 ) ) ;
#808 = DIRECTION ( 'NONE',  ( 5.940833821838385408E-17, 0.0000000000000000000, 1.000000000000000000 ) ) ;
#809 = VECTOR ( 'NONE', #1180, 1000.000000000000000 ) ;
#810 = VERTEX_POINT ( 'NONE', #843 ) ;
#811 = VECTOR ( 'NONE', #306, 1000.000000000000000 ) ;
#812 = ORIENTED_EDGE ( 'NONE', *, *, #1280, .T. ) ;
#813 = EDGE_CURVE ( 'NONE', #461, #425, #1175, .T. ) ;
#814 = ORIENTED_EDGE ( 'NONE', *, *, #708, .F. ) ;
#815 = DIRECTION ( 'NONE',  ( 1.000000000000000000, 0.0000000000000000000, -2.090028284309406488E-16 ) ) ;
#816 = LINE ( 'NONE', #185, #670 ) ;
#817 = SURFACE_SIDE_STYLE ('',( #1157 ) ) ;
#818 = EDGE_LOOP ( 'NONE', ( #1253, #892, #63, #1132 ) ) ;
#819 = VERTEX_POINT ( 'NONE', #1274 ) ;
#820 = ORIENTED_EDGE ( 'NONE', *, *, #287, .T. ) ;
#821 = LINE ( 'NONE', #926, #86 ) ;
#822 = COLOUR_RGB ( '',0.7764705882352941346, 0.7568627450980391913, 0.7372549019607843590 ) ;
#823 = ORIENTED_EDGE ( 'NONE', *, *, #651, .F. ) ;
#824 = VERTEX_POINT ( 'NONE', #737 ) ;
#825 = CIRCLE ( 'NONE', #710, 5.949999999999993072 ) ;
#826 = CARTESIAN_POINT ( 'NONE',  ( 4.249999999999993783, -5.200000000000002842, -0.3999999999999954703 ) ) ;
#827 = LINE ( 'NONE', #1261, #1036 ) ;
#828 = CARTESIAN_POINT ( 'NONE',  ( 3.149999999999992362, -5.200000000000002842, -1.499999999999999556 ) ) ;
#829 = DIRECTION ( 'NONE',  ( -0.0000000000000000000, -0.7071067811865460184, -0.7071067811865490160 ) ) ;
#830 = EDGE_CURVE ( 'NONE', #1024, #70, #293, .T. ) ;
#831 = VECTOR ( 'NONE', #1309, 1000.000000000000000 ) ;
#832 = ORIENTED_EDGE ( 'NONE', *, *, #921, .F. ) ;
#833 = ORIENTED_EDGE ( 'NONE', *, *, #840, .T. ) ;
#834 = VECTOR ( 'NONE', #687, 1000.000000000000000 ) ;
#835 = CARTESIAN_POINT ( 'NONE',  ( 0.5999999999999999778, 0.0000000000000000000, -2.000000000000000000 ) ) ;
#836 = PRODUCT_DEFINITION_FORMATION_WITH_SPECIFIED_SOURCE ( 'ANY', '', #15, .NOT_KNOWN. ) ;
#837 = CARTESIAN_POINT ( 'NONE',  ( 0.5999999999999999778, 0.0000000000000000000, 2.000000000000000000 ) ) ;
#838 = CARTESIAN_POINT ( 'NONE',  ( 4.249999999999993783, -5.000000000000003553, -0.3999999999999954703 ) ) ;
#839 = FACE_OUTER_BOUND ( 'NONE', #1200, .T. ) ;
#840 = EDGE_CURVE ( 'NONE', #705, #649, #90, .T. ) ;
#841 = VECTOR ( 'NONE', #141, 1000.000000000000000 ) ;
#842 = VERTEX_POINT ( 'NONE', #636 ) ;
#843 = CARTESIAN_POINT ( 'NONE',  ( 2.099999999999998757, 0.0000000000000000000, -4.149999999999998579 ) ) ;
#844 = ORIENTED_EDGE ( 'NONE', *, *, #830, .F. ) ;
#845 = FACE_OUTER_BOUND ( 'NONE', #915, .T. ) ;
#846 = CARTESIAN_POINT ( 'NONE',  ( 7.499999999999999112, -9.699999999999997513, -4.150000000000003908 ) ) ;
#847 = ORIENTED_EDGE ( 'NONE', *, *, #870, .T. ) ;
#848 = EDGE_CURVE ( 'NONE', #259, #352, #958, .T. ) ;
#849 = EDGE_CURVE ( 'NONE', #1345, #819, #421, .T. ) ;
#850 = CARTESIAN_POINT ( 'NONE',  ( -3.950000000000002842, -6.599999999999997868, -0.3999999999999999667 ) ) ;
#851 = ORIENTED_EDGE ( 'NONE', *, *, #907, .T. ) ;
#852 = CARTESIAN_POINT ( 'NONE',  ( 7.499999999999999112, -10.59999999999999609, -3.750000000000003553 ) ) ;
#853 = SURFACE_STYLE_FILL_AREA ( #320 ) ;
#854 = VERTEX_POINT ( 'NONE', #533 ) ;
#855 = VECTOR ( 'NONE', #1334, 1000.000000000000000 ) ;
#856 = ADVANCED_FACE ( 'NONE', ( #322 ), #1222, .T. ) ;
#857 = LINE ( 'NONE', #97, #553 ) ;
#858 = VECTOR ( 'NONE', #647, 1000.000000000000000 ) ;
#859 = ORIENTED_EDGE ( 'NONE', *, *, #279, .F. ) ;
#860 = VERTEX_POINT ( 'NONE', #547 ) ;
#861 = DIRECTION ( 'NONE',  ( 0.0000000000000000000, 0.0000000000000000000, 1.000000000000000000 ) ) ;
#862 = LINE ( 'NONE', #758, #318 ) ;
#863 = LINE ( 'NONE', #313, #24 ) ;
#864 = EDGE_CURVE ( 'NONE', #343, #1209, #35, .T. ) ;
#865 = ORIENTED_EDGE ( 'NONE', *, *, #1289, .F. ) ;
#866 = CARTESIAN_POINT ( 'NONE',  ( 7.700000000000000178, -6.599999999999999645, 3.350000000000000089 ) ) ;
#867 = AXIS2_PLACEMENT_3D ( 'NONE', #772, #122, #558 ) ;
#868 = DIRECTION ( 'NONE',  ( 1.000000000000000000, 0.0000000000000000000, -1.548860246407863583E-16 ) ) ;
#869 = DIRECTION ( 'NONE',  ( -1.000000000000000000, 0.0000000000000000000, 1.156482317317872119E-15 ) ) ;
#870 = EDGE_CURVE ( 'NONE', #796, #20, #969, .T. ) ;
#871 = CARTESIAN_POINT ( 'NONE',  ( -4.150000000000003020, -9.699999999999997513, -0.3999999999999993006 ) ) ;
#872 = ORIENTED_EDGE ( 'NONE', *, *, #1393, .F. ) ;
#873 = CARTESIAN_POINT ( 'NONE',  ( -3.950000000000002842, -9.699999999999997513, -0.3999999999999995226 ) ) ;
#874 = VERTEX_POINT ( 'NONE', #994 ) ;
#875 = LINE ( 'NONE', #527, #1372 ) ;
#876 = AXIS2_PLACEMENT_3D ( 'NONE', #196, #315, #1288 ) ;
#877 = DIRECTION ( 'NONE',  ( -0.0000000000000000000, 1.000000000000000000, -1.445602896647364752E-15 ) ) ;
#878 = AXIS2_PLACEMENT_3D ( 'NONE', #1214, #142, #457 ) ;
#879 = DIRECTION ( 'NONE',  ( 0.0000000000000000000, -1.000000000000000000, -0.0000000000000000000 ) ) ;
#880 = EDGE_CURVE ( 'NONE', #1124, #657, #573, .T. ) ;
#881 = VERTEX_POINT ( 'NONE', #426 ) ;
#882 = CARTESIAN_POINT ( 'NONE',  ( 7.700000000000000178, -10.59999999999999964, 3.750000000000000000 ) ) ;
#883 = LINE ( 'NONE', #1211, #388 ) ;
#884 = CARTESIAN_POINT ( 'NONE',  ( 0.5999999999999999778, 0.2000000000000000111, 2.000000000000000000 ) ) ;
#885 = DIRECTION ( 'NONE',  ( -1.000000000000000000, 1.868876871261368823E-32, 2.090028284309405009E-16 ) ) ;
#886 = ORIENTED_EDGE ( 'NONE', *, *, #18, .F. ) ;
#887 = EDGE_CURVE ( 'NONE', #819, #874, #893, .T. ) ;
#888 = LINE ( 'NONE', #14, #307 ) ;
#889 = AXIS2_PLACEMENT_3D ( 'NONE', #965, #434, #1204 ) ;
#890 = LINE ( 'NONE', #792, #717 ) ;
#891 = CARTESIAN_POINT ( 'NONE',  ( 4.250000000000000000, -5.200000000000002842, 0.3999999999999954703 ) ) ;
#892 = ORIENTED_EDGE ( 'NONE', *, *, #1001, .T. ) ;
#893 = LINE ( 'NONE', #866, #44 ) ;
#894 = EDGE_CURVE ( 'NONE', #70, #1399, #666, .T. ) ;
#895 = DIRECTION ( 'NONE',  ( -0.0000000000000000000, -1.000000000000000000, -0.0000000000000000000 ) ) ;
#896 = LINE ( 'NONE', #564, #1021 ) ;
#897 = STYLED_ITEM ( 'NONE', ( #742 ), #771 ) ;
#898 = LINE ( 'NONE', #891, #964 ) ;
#899 = MECHANICAL_DESIGN_GEOMETRIC_PRESENTATION_REPRESENTATION (  '', ( #1106 ), #308 ) ;
#900 = EDGE_LOOP ( 'NONE', ( #440, #886, #1243, #120, #1173, #1066, #401, #1151, #741 ) ) ;
#901 = ORIENTED_EDGE ( 'NONE', *, *, #567, .F. ) ;
#902 = FACE_OUTER_BOUND ( 'NONE', #1145, .T. ) ;
#903 = FACE_OUTER_BOUND ( 'NONE', #165, .T. ) ;
#904 = VECTOR ( 'NONE', #444, 1000.000000000000000 ) ;
#905 = LINE ( 'NONE', #545, #1398 ) ;
#906 = EDGE_CURVE ( 'NONE', #182, #1223, #1208, .T. ) ;
#907 = EDGE_CURVE ( 'NONE', #172, #696, #652, .T. ) ;
#908 = EDGE_LOOP ( 'NONE', ( #64, #729, #1109, #6 ) ) ;
#909 = ORIENTED_EDGE ( 'NONE', *, *, #437, .F. ) ;
#910 =( LENGTH_UNIT ( ) NAMED_UNIT ( * ) SI_UNIT ( .MILLI., .METRE. ) );
#911 = DIRECTION ( 'NONE',  ( 0.0000000000000000000, -0.9138115486202570414, -0.4061384660534478885 ) ) ;
#912 = DIRECTION ( 'NONE',  ( -2.090028284309406488E-16, 0.0000000000000000000, -1.000000000000000000 ) ) ;
#913 = ADVANCED_FACE ( 'NONE', ( #1088 ), #1002, .T. ) ;
#914 = ORIENTED_EDGE ( 'NONE', *, *, #94, .F. ) ;
#915 = EDGE_LOOP ( 'NONE', ( #993, #937, #833, #159 ) ) ;
#916 = ORIENTED_EDGE ( 'NONE', *, *, #1380, .F. ) ;
#917 = SURFACE_SIDE_STYLE ('',( #586 ) ) ;
#918 = DIRECTION ( 'NONE',  ( -0.0000000000000000000, 1.000000000000000000, -8.941873587509321362E-17 ) ) ;
#919 =( GEOMETRIC_REPRESENTATION_CONTEXT ( 3 ) GLOBAL_UNCERTAINTY_ASSIGNED_CONTEXT ( ( #1364 ) ) GLOBAL_UNIT_ASSIGNED_CONTEXT ( ( #526, #1073, #1169 ) ) REPRESENTATION_CONTEXT ( 'NONE', 'WORKASPACE' ) );
#920 = ORIENTED_EDGE ( 'NONE', *, *, #116, .T. ) ;
#921 = EDGE_CURVE ( 'NONE', #1039, #874, #888, .T. ) ;
#922 = AXIS2_PLACEMENT_3D ( 'NONE', #988, #250, #1114 ) ;
#923 = ORIENTED_EDGE ( 'NONE', *, *, #880, .F. ) ;
#924 = ORIENTED_EDGE ( 'NONE', *, *, #625, .F. ) ;
#925 = LINE ( 'NONE', #791, #663 ) ;
#926 = CARTESIAN_POINT ( 'NONE',  ( 0.5999999999999999778, 0.2000000000000000111, -2.000000000000000000 ) ) ;
#927 = DIRECTION ( 'NONE',  ( 1.000000000000000000, 0.0000000000000000000, -2.090028284309406488E-16 ) ) ;
#928 = EDGE_LOOP ( 'NONE', ( #137, #289, #823, #261, #538, #386 ) ) ;
#929 = ORIENTED_EDGE ( 'NONE', *, *, #802, .F. ) ;
#930 = ADVANCED_FACE ( 'NONE', ( #344 ), #330, .F. ) ;
#931 = CARTESIAN_POINT ( 'NONE',  ( 5.204748896376250699E-16, 50.00000000000000000, -4.250000000000000000 ) ) ;
#932 = DIRECTION ( 'NONE',  ( -0.0000000000000000000, 1.000000000000000000, -0.0000000000000000000 ) ) ;
#933 = ORIENTED_EDGE ( 'NONE', *, *, #1045, .T. ) ;
#934 = DIRECTION ( 'NONE',  ( 0.0000000000000000000, 0.0000000000000000000, 1.000000000000000000 ) ) ;
#935 = VECTOR ( 'NONE', #449, 1000.000000000000227 ) ;
#936 = ORIENTED_EDGE ( 'NONE', *, *, #154, .T. ) ;
#937 = ORIENTED_EDGE ( 'NONE', *, *, #336, .F. ) ;
#938 = CARTESIAN_POINT ( 'NONE',  ( 4.249999999999993783, -5.200000000000002842, -0.3999999999999954703 ) ) ;
#939 = DIRECTION ( 'NONE',  ( -1.000000000000000000, 0.0000000000000000000, 1.156482317317872119E-15 ) ) ;
#940 = EDGE_CURVE ( 'NONE', #881, #1360, #1216, .T. ) ;
#941 = DIRECTION ( 'NONE',  ( -0.0000000000000000000, 1.000000000000000000, -0.0000000000000000000 ) ) ;
#942 = CYLINDRICAL_SURFACE ( 'NONE', #130, 6.950000000000001066 ) ;
#943 = AXIS2_PLACEMENT_3D ( 'NONE', #568, #1009, #42 ) ;
#944 = ORIENTED_EDGE ( 'NONE', *, *, #1289, .T. ) ;
#945 = COLOUR_RGB ( '',0.6509803921568627638, 0.6196078431372549211, 0.5882352941176470784 ) ;
#946 = DIRECTION ( 'NONE',  ( 0.0000000000000000000, 0.0000000000000000000, 1.000000000000000000 ) ) ;
#947 = CARTESIAN_POINT ( 'NONE',  ( 7.499999999999999112, -10.59999999999999609, -3.750000000000003553 ) ) ;
#948 = ORIENTED_EDGE ( 'NONE', *, *, #840, .F. ) ;
#949 = DIRECTION ( 'NONE',  ( 0.0000000000000000000, 0.0000000000000000000, 1.000000000000000000 ) ) ;
#950 = EDGE_CURVE ( 'NONE', #1367, #74, #1150, .T. ) ;
#951 = ADVANCED_FACE ( 'NONE', ( #982 ), #1203, .F. ) ;
#952 = ORIENTED_EDGE ( 'NONE', *, *, #1227, .T. ) ;
#953 = ORIENTED_EDGE ( 'NONE', *, *, #1335, .F. ) ;
#954 = DIRECTION ( 'NONE',  ( 0.0000000000000000000, 0.0000000000000000000, 1.000000000000000000 ) ) ;
#955 = LINE ( 'NONE', #537, #1016 ) ;
#956 = EDGE_CURVE ( 'NONE', #592, #420, #22, .T. ) ;
#957 = ORIENTED_EDGE ( 'NONE', *, *, #1392, .F. ) ;
#958 = LINE ( 'NONE', #751, #646 ) ;
#959 = DIRECTION ( 'NONE',  ( 0.0000000000000000000, 0.0000000000000000000, 1.000000000000000000 ) ) ;
#960 =( NAMED_UNIT ( * ) SI_UNIT ( $, .STERADIAN. ) SOLID_ANGLE_UNIT ( ) );
#961 = ORIENTED_EDGE ( 'NONE', *, *, #543, .T. ) ;
#962 = VECTOR ( 'NONE', #78, 1000.000000000000114 ) ;
#963 = DIRECTION ( 'NONE',  ( -1.000000000000000000, 0.0000000000000000000, -5.940833821838380477E-17 ) ) ;
#964 = VECTOR ( 'NONE', #342, 1000.000000000000000 ) ;
#965 = CARTESIAN_POINT ( 'NONE',  ( 0.0000000000000000000, 0.2000000000000000111, 0.0000000000000000000 ) ) ;
#966 = FACE_OUTER_BOUND ( 'NONE', #1395, .T. ) ;
#967 = AXIS2_PLACEMENT_3D ( 'NONE', #721, #1369, #174 ) ;
#968 = ORIENTED_EDGE ( 'NONE', *, *, #163, .F. ) ;
#969 = LINE ( 'NONE', #1094, #396 ) ;
#970 = EDGE_CURVE ( 'NONE', #394, #1345, #1101, .T. ) ;
#971 = CARTESIAN_POINT ( 'NONE',  ( 7.500000000000000888, -10.59999999999999964, 3.750000000000000000 ) ) ;
#972 = DIRECTION ( 'NONE',  ( 0.0000000000000000000, 0.0000000000000000000, 1.000000000000000000 ) ) ;
#973 = AXIS2_PLACEMENT_3D ( 'NONE', #1247, #1119, #168 ) ;
#974 = EDGE_LOOP ( 'NONE', ( #1266, #181, #957, #728 ) ) ;
#975 = DIRECTION ( 'NONE',  ( 0.0000000000000000000, -0.9138115486202590398, -0.4061384660534432811 ) ) ;
#976 = DIRECTION ( 'NONE',  ( 0.0000000000000000000, 0.0000000000000000000, 1.000000000000000000 ) ) ;
#977 = DIRECTION ( 'NONE',  ( -0.0000000000000000000, -1.000000000000000000, -0.0000000000000000000 ) ) ;
#978 = ADVANCED_FACE ( 'NONE', ( #562 ), #354, .T. ) ;
#979 = AXIS2_PLACEMENT_3D ( 'NONE', #29, #427, #868 ) ;
#980 = FACE_OUTER_BOUND ( 'NONE', #195, .T. ) ;
#981 = ORIENTED_EDGE ( 'NONE', *, *, #940, .T. ) ;
#982 = FACE_OUTER_BOUND ( 'NONE', #1163, .T. ) ;
#983 = VERTEX_POINT ( 'NONE', #684 ) ;
#984 = DIRECTION ( 'NONE',  ( 8.806724144501565825E-16, -0.9138115486202570414, 0.4061384660534478885 ) ) ;
#985 = AXIS2_PLACEMENT_3D ( 'NONE', #115, #539, #975 ) ;
#986 = DIRECTION ( 'NONE',  ( -1.000000000000000000, 0.0000000000000000000, 1.548860246407863583E-16 ) ) ;
#987 = VECTOR ( 'NONE', #1298, 1000.000000000000114 ) ;
#988 = CARTESIAN_POINT ( 'NONE',  ( 7.898971854500429678E-16, -0.4999999999999998890, -6.450000000000001066 ) ) ;
#989 = AXIS2_PLACEMENT_3D ( 'NONE', #641, #740, #734 ) ;
#990 = PRODUCT_CONTEXT ( 'NONE', #503, 'mechanical' ) ;
#991 = ADVANCED_FACE ( 'NONE', ( #1117 ), #146, .T. ) ;
#992 = EDGE_CURVE ( 'NONE', #860, #394, #19, .T. ) ;
#993 = ORIENTED_EDGE ( 'NONE', *, *, #1116, .F. ) ;
#994 = CARTESIAN_POINT ( 'NONE',  ( 7.700000000000000178, -5.600000000000003197, 2.350000000000000089 ) ) ;
#995 = ORIENTED_EDGE ( 'NONE', *, *, #906, .F. ) ;
#996 = LINE ( 'NONE', #331, #193 ) ;
#997 = CARTESIAN_POINT ( 'NONE',  ( -3.950000000000000178, -5.499999999999996447, 1.499999999999994449 ) ) ;
#998 = DIRECTION ( 'NONE',  ( -0.0000000000000000000, 1.000000000000000000, -0.0000000000000000000 ) ) ;
#999 = ORIENTED_EDGE ( 'NONE', *, *, #848, .T. ) ;
#1000 = EDGE_CURVE ( 'NONE', #824, #1138, #905, .T. ) ;
#1001 = EDGE_CURVE ( 'NONE', #697, #329, #1333, .T. ) ;
#1002 = PLANE ( 'NONE',  #985 ) ;
#1003 = DIRECTION ( 'NONE',  ( 0.0000000000000000000, 0.0000000000000000000, 1.000000000000000000 ) ) ;
#1004 = PRODUCT_DEFINITION_CONTEXT ( 'detailed design', #332, 'design' ) ;
#1005 = VECTOR ( 'NONE', #347, 1000.000000000000000 ) ;
#1006 = CARTESIAN_POINT ( 'NONE',  ( -3.950000000000003730, -5.499999999999999112, -1.500000000000004441 ) ) ;
#1007 = CARTESIAN_POINT ( 'NONE',  ( 0.0000000000000000000, -4.499999999999997335, 0.0000000000000000000 ) ) ;
#1008 = ORIENTED_EDGE ( 'NONE', *, *, #364, .T. ) ;
#1009 = DIRECTION ( 'NONE',  ( 8.177564888977997375E-16, -0.7071067811865479058, 0.7071067811865472397 ) ) ;
#1010 = ORIENTED_EDGE ( 'NONE', *, *, #61, .F. ) ;
#1011 = CARTESIAN_POINT ( 'NONE',  ( 2.099999999999998757, 0.0000000000000000000, -4.149999999999998579 ) ) ;
#1012 = CARTESIAN_POINT ( 'NONE',  ( 7.499999999999999112, -5.600000000000002309, -2.350000000000003642 ) ) ;
#1013 = VECTOR ( 'NONE', #1061, 1000.000000000000000 ) ;
#1014 = FACE_OUTER_BOUND ( 'NONE', #594, .T. ) ;
#1015 = VECTOR ( 'NONE', #217, 999.9999999999998863 ) ;
#1016 = VECTOR ( 'NONE', #621, 999.9999999999998863 ) ;
#1017 = ORIENTED_EDGE ( 'NONE', *, *, #1227, .F. ) ;
#1018 = ORIENTED_EDGE ( 'NONE', *, *, #551, .T. ) ;
#1019 = DIRECTION ( 'NONE',  ( 8.806724144501565825E-16, -0.9138115486202570414, 0.4061384660534478885 ) ) ;
#1020 = CARTESIAN_POINT ( 'NONE',  ( 3.149999999999999023, -5.200000000000002842, 1.499999999999999556 ) ) ;
#1021 = VECTOR ( 'NONE', #986, 1000.000000000000000 ) ;
#1022 = EDGE_CURVE ( 'NONE', #172, #1278, #1091, .T. ) ;
#1023 = CARTESIAN_POINT ( 'NONE',  ( 7.500000000000000888, -9.700000000000001066, 3.350000000000000089 ) ) ;
#1024 = VERTEX_POINT ( 'NONE', #26 ) ;
#1025 = ORIENTED_EDGE ( 'NONE', *, *, #221, .T. ) ;
#1026 = ORIENTED_EDGE ( 'NONE', *, *, #650, .F. ) ;
#1027 = LINE ( 'NONE', #65, #254 ) ;
#1028 = CARTESIAN_POINT ( 'NONE',  ( -3.950000000000001066, -9.699999999999997513, 0.3999999999999955258 ) ) ;
#1029 = CARTESIAN_POINT ( 'NONE',  ( 3.149999999999992362, -5.200000000000002842, -1.499999999999999556 ) ) ;
#1030 = EDGE_CURVE ( 'NONE', #801, #824, #1287, .T. ) ;
#1031 = ORIENTED_EDGE ( 'NONE', *, *, #887, .T. ) ;
#1032 = EDGE_LOOP ( 'NONE', ( #415, #924, #161, #1237 ) ) ;
#1033 = ORIENTED_EDGE ( 'NONE', *, *, #1064, .F. ) ;
#1034 = CARTESIAN_POINT ( 'NONE',  ( 8.511295254074106405E-16, -0.5000000000000004441, -6.950000000000001066 ) ) ;
#1035 = DIRECTION ( 'NONE',  ( 1.000000000000000000, 0.0000000000000000000, -5.940833821838385408E-17 ) ) ;
#1036 = VECTOR ( 'NONE', #463, 1000.000000000000114 ) ;
#1037 = VECTOR ( 'NONE', #200, 1000.000000000000000 ) ;
#1038 = ADVANCED_FACE ( 'NONE', ( #980 ), #1226, .F. ) ;
#1039 = VERTEX_POINT ( 'NONE', #1206 ) ;
#1040 = EDGE_LOOP ( 'NONE', ( #1095, #381, #952, #373 ) ) ;
#1041 = LINE ( 'NONE', #1160, #466 ) ;
#1042 = LINE ( 'NONE', #369, #1193 ) ;
#1043 = DIRECTION ( 'NONE',  ( 0.0000000000000000000, 0.0000000000000000000, 1.000000000000000000 ) ) ;
#1044 = ORIENTED_EDGE ( 'NONE', *, *, #849, .T. ) ;
#1045 = EDGE_CURVE ( 'NONE', #1229, #81, #898, .T. ) ;
#1046 = EDGE_LOOP ( 'NONE', ( #914, #126 ) ) ;
#1047 = CARTESIAN_POINT ( 'NONE',  ( -4.150000000000000355, -5.499999999999996447, 1.499999999999994671 ) ) ;
#1048 = DIRECTION ( 'NONE',  ( 0.0000000000000000000, 0.0000000000000000000, -1.000000000000000000 ) ) ;
#1049 = FACE_OUTER_BOUND ( 'NONE', #226, .T. ) ;
#1050 = DIRECTION ( 'NONE',  ( -0.0000000000000000000, 1.000000000000000000, -0.0000000000000000000 ) ) ;
#1051 = ORIENTED_EDGE ( 'NONE', *, *, #437, .T. ) ;
#1052 = DIRECTION ( 'NONE',  ( -0.0000000000000000000, 1.000000000000000000, -0.0000000000000000000 ) ) ;
#1053 = SURFACE_STYLE_FILL_AREA ( #1294 ) ;
#1054 = EDGE_CURVE ( 'NONE', #584, #819, #656, .T. ) ;
#1055 = ORIENTED_EDGE ( 'NONE', *, *, #672, .T. ) ;
#1056 = PLANE ( 'NONE',  #397 ) ;
#1057 = DIRECTION ( 'NONE',  ( -0.0000000000000000000, 1.000000000000000000, -0.0000000000000000000 ) ) ;
#1058 = AXIS2_PLACEMENT_3D ( 'NONE', #28, #1316, #790 ) ;
#1059 = EDGE_LOOP ( 'NONE', ( #13, #630, #694, #521, #469, #847 ) ) ;
#1060 = AXIS2_PLACEMENT_3D ( 'NONE', #1291, #536, #1276 ) ;
#1061 = DIRECTION ( 'NONE',  ( -1.000000000000000000, 0.0000000000000000000, 1.548860246407863583E-16 ) ) ;
#1062 = DIRECTION ( 'NONE',  ( -0.0000000000000000000, 1.000000000000000000, -0.0000000000000000000 ) ) ;
#1063 = DIRECTION ( 'NONE',  ( 0.0000000000000000000, -0.9138115486202572635, -0.4061384660534475555 ) ) ;
#1064 = EDGE_CURVE ( 'NONE', #1115, #352, #1337, .T. ) ;
#1065 = CARTESIAN_POINT ( 'NONE',  ( 0.5999999999999999778, 0.2000000000000000111, -2.000000000000000000 ) ) ;
#1066 = ORIENTED_EDGE ( 'NONE', *, *, #525, .T. ) ;
#1067 = CARTESIAN_POINT ( 'NONE',  ( 7.499999999999999112, -9.699999999999997513, -4.150000000000003908 ) ) ;
#1068 = LINE ( 'NONE', #620, #648 ) ;
#1069 = ADVANCED_FACE ( 'NONE', ( #1014 ), #436, .T. ) ;
#1070 = AXIS2_PLACEMENT_3D ( 'NONE', #579, #376, #462 ) ;
#1071 = VECTOR ( 'NONE', #285, 1000.000000000000000 ) ;
#1072 = EDGE_LOOP ( 'NONE', ( #467, #69, #1362, #281, #365, #995 ) ) ;
#1073 =( NAMED_UNIT ( * ) PLANE_ANGLE_UNIT ( ) SI_UNIT ( $, .RADIAN. ) );
#1074 = CARTESIAN_POINT ( 'NONE',  ( 7.500000000000000888, -9.700000000000001066, 3.350000000000000089 ) ) ;
#1075 = CARTESIAN_POINT ( 'NONE',  ( 7.500000000000000888, 0.0000000000000000000, 4.150000000000001243 ) ) ;
#1076 = CARTESIAN_POINT ( 'NONE',  ( 7.700000000000000178, -9.700000000000001066, 3.350000000000000089 ) ) ;
#1077 = ORIENTED_EDGE ( 'NONE', *, *, #1335, .T. ) ;
#1078 = ADVANCED_FACE ( 'NONE', ( #236 ), #552, .T. ) ;
#1079 = AXIS2_PLACEMENT_3D ( 'NONE', #756, #414, #861 ) ;
#1080 = CARTESIAN_POINT ( 'NONE',  ( 3.149999999999992362, -5.200000000000002842, -1.499999999999999556 ) ) ;
#1081 = TOROIDAL_SURFACE ( 'NONE', #87, 5.950000000000000178, 1.000000000000000000 ) ;
#1082 = DIRECTION ( 'NONE',  ( -0.0000000000000000000, 1.000000000000000000, -0.0000000000000000000 ) ) ;
#1083 = CARTESIAN_POINT ( 'NONE',  ( 7.699999999999998401, -9.699999999999997513, -3.350000000000003642 ) ) ;
#1084 = AXIS2_PLACEMENT_3D ( 'NONE', #1105, #1312, #679 ) ;
#1085 = ORIENTED_EDGE ( 'NONE', *, *, #171, .T. ) ;
#1086 = ADVANCED_FACE ( 'NONE', ( #565 ), #1343, .T. ) ;
#1087 = ADVANCED_FACE ( 'NONE', ( #1320 ), #134, .T. ) ;
#1088 = FACE_OUTER_BOUND ( 'NONE', #750, .T. ) ;
#1089 = FACE_OUTER_BOUND ( 'NONE', #818, .T. ) ;
#1090 = DIRECTION ( 'NONE',  ( -0.7071067811865484609, 0.0000000000000000000, -0.7071067811865465735 ) ) ;
#1091 = LINE ( 'NONE', #31, #156 ) ;
#1092 = VECTOR ( 'NONE', #155, 1000.000000000000114 ) ;
#1093 = EDGE_LOOP ( 'NONE', ( #1179, #704, #160, #203 ) ) ;
#1094 = CARTESIAN_POINT ( 'NONE',  ( 2.100000000000000089, 0.2000000000000000111, 4.150000000000000355 ) ) ;
#1095 = ORIENTED_EDGE ( 'NONE', *, *, #297, .F. ) ;
#1096 = DIRECTION ( 'NONE',  ( -2.090028284309406488E-16, 0.0000000000000000000, -1.000000000000000000 ) ) ;
#1097 = PLANE ( 'NONE',  #1271 ) ;
#1098 = EDGE_CURVE ( 'NONE', #608, #302, #239, .T. ) ;
#1099 = DIRECTION ( 'NONE',  ( 1.000000000000000000, 0.0000000000000000000, -2.090028284309406488E-16 ) ) ;
#1100 = ORIENTED_EDGE ( 'NONE', *, *, #489, .F. ) ;
#1101 = LINE ( 'NONE', #882, #153 ) ;
#1102 = VECTOR ( 'NONE', #229, 1000.000000000000000 ) ;
#1103 = FACE_OUTER_BOUND ( 'NONE', #199, .T. ) ;
#1104 = AXIS2_PLACEMENT_3D ( 'NONE', #432, #338, #782 ) ;
#1105 = CARTESIAN_POINT ( 'NONE',  ( 5.949999999999993072, -3.500000000000000444, 0.0000000000000000000 ) ) ;
#1106 = STYLED_ITEM ( 'NONE', ( #272 ), #1212 ) ;
#1107 = ADVANCED_FACE ( 'NONE', ( #40 ), #150, .T. ) ;
#1108 = DIRECTION ( 'NONE',  ( 0.0000000000000000000, 0.0000000000000000000, 1.000000000000000000 ) ) ;
#1109 = ORIENTED_EDGE ( 'NONE', *, *, #1202, .T. ) ;
#1110 = DIRECTION ( 'NONE',  ( -1.000000000000000000, 0.0000000000000000000, -5.940833821838380477E-17 ) ) ;
#1111 = ORIENTED_EDGE ( 'NONE', *, *, #163, .T. ) ;
#1112 = FILL_AREA_STYLE_COLOUR ( '', #822 ) ;
#1113 = PLANE ( 'NONE',  #653 ) ;
#1114 = DIRECTION ( 'NONE',  ( 1.224646799147353454E-16, 0.0000000000000000000, -1.000000000000000000 ) ) ;
#1115 = VERTEX_POINT ( 'NONE', #795 ) ;
#1116 = EDGE_CURVE ( 'NONE', #1275, #632, #124, .T. ) ;
#1117 = FACE_OUTER_BOUND ( 'NONE', #214, .T. ) ;
#1118 = ORIENTED_EDGE ( 'NONE', *, *, #1000, .T. ) ;
#1119 = DIRECTION ( 'NONE',  ( -0.0000000000000000000, 1.000000000000000000, -0.0000000000000000000 ) ) ;
#1120 = VECTOR ( 'NONE', #8, 999.9999999999998863 ) ;
#1121 = DIRECTION ( 'NONE',  ( 0.0000000000000000000, 0.0000000000000000000, 1.000000000000000000 ) ) ;
#1122 = DIRECTION ( 'NONE',  ( -0.0000000000000000000, 1.000000000000000000, -0.0000000000000000000 ) ) ;
#1123 = DIRECTION ( 'NONE',  ( 1.000000000000000000, 0.0000000000000000000, 0.0000000000000000000 ) ) ;
#1124 = VERTEX_POINT ( 'NONE', #170 ) ;
#1125 = EDGE_CURVE ( 'NONE', #600, #58, #612, .T. ) ;
#1126 = VERTEX_POINT ( 'NONE', #692 ) ;
#1127 = CARTESIAN_POINT ( 'NONE',  ( 7.500000000000000888, -5.600000000000003197, 2.350000000000000089 ) ) ;
#1128 = TOROIDAL_SURFACE ( 'NONE', #624, 3.749999999999999112, 0.5000000000000000000 ) ;
#1129 = CARTESIAN_POINT ( 'NONE',  ( 7.499999999999999112, -6.599999999999997868, -3.350000000000003642 ) ) ;
#1130 = AXIS2_PLACEMENT_3D ( 'NONE', #779, #560, #465 ) ;
#1131 = ORIENTED_EDGE ( 'NONE', *, *, #303, .F. ) ;
#1132 = ORIENTED_EDGE ( 'NONE', *, *, #422, .F. ) ;
#1133 = ORIENTED_EDGE ( 'NONE', *, *, #970, .T. ) ;
#1134 = CARTESIAN_POINT ( 'NONE',  ( -4.150000000000002132, -5.000000000000003553, 1.499999999999999112 ) ) ;
#1135 = DIRECTION ( 'NONE',  ( -0.0000000000000000000, 1.000000000000000000, -0.0000000000000000000 ) ) ;
#1136 = CARTESIAN_POINT ( 'NONE',  ( 3.149999999999992362, -5.200000000000002842, -1.499999999999999556 ) ) ;
#1137 = EDGE_LOOP ( 'NONE', ( #1375, #929, #524, #1307 ) ) ;
#1138 = VERTEX_POINT ( 'NONE', #1257 ) ;
#1139 = ORIENTED_EDGE ( 'NONE', *, *, #213, .F. ) ;
#1140 = LINE ( 'NONE', #1134, #50 ) ;
#1141 = FACE_OUTER_BOUND ( 'NONE', #900, .T. ) ;
#1142 = FACE_OUTER_BOUND ( 'NONE', #484, .T. ) ;
#1143 = ADVANCED_FACE ( 'NONE', ( #178 ), #942, .T. ) ;
#1144 = VECTOR ( 'NONE', #493, 1000.000000000000000 ) ;
#1145 = EDGE_LOOP ( 'NONE', ( #310, #703, #1118, #1146 ) ) ;
#1146 = ORIENTED_EDGE ( 'NONE', *, *, #577, .F. ) ;
#1147 = FACE_OUTER_BOUND ( 'NONE', #57, .T. ) ;
#1148 = DIRECTION ( 'NONE',  ( 0.8201269543011830976, 0.0000000000000000000, -0.5721815960240813626 ) ) ;
#1149 = DIRECTION ( 'NONE',  ( -0.0000000000000000000, 1.000000000000000000, -1.294047754256893032E-15 ) ) ;
#1150 = CIRCLE ( 'NONE', #528, 1.000000000000000000 ) ;
#1151 = ORIENTED_EDGE ( 'NONE', *, *, #1393, .T. ) ;
#1152 = ORIENTED_EDGE ( 'NONE', *, *, #34, .T. ) ;
#1153 = DIRECTION ( 'NONE',  ( 0.0000000000000000000, 0.0000000000000000000, -1.000000000000000000 ) ) ;
#1154 = CARTESIAN_POINT ( 'NONE',  ( 2.100000000000000089, 0.2000000000000000111, 4.150000000000000355 ) ) ;
#1155 = CARTESIAN_POINT ( 'NONE',  ( 8.511295254074105418E-16, -2.499999999999995115, -6.950000000000000178 ) ) ;
#1156 = CIRCLE ( 'NONE', #225, 4.249999999999999112 ) ;
#1157 = SURFACE_STYLE_FILL_AREA ( #715 ) ;
#1158 = ORIENTED_EDGE ( 'NONE', *, *, #1191, .T. ) ;
#1159 = ADVANCED_FACE ( 'NONE', ( #473 ), #487, .T. ) ;
#1160 = CARTESIAN_POINT ( 'NONE',  ( -4.150000000000003020, -6.599999999999997868, -0.3999999999999997446 ) ) ;
#1161 = PLANE ( 'NONE',  #1172 ) ;
#1162 = CIRCLE ( 'NONE', #1321, 4.250000000000000000 ) ;
#1163 = EDGE_LOOP ( 'NONE', ( #75, #916, #1353, #667, #89, #1344 ) ) ;
#1164 = CARTESIAN_POINT ( 'NONE',  ( -3.950000000000000178, -5.499999999999996447, 1.499999999999994449 ) ) ;
#1165 = DIRECTION ( 'NONE',  ( 0.0000000000000000000, -0.9138115486202569304, -0.4061384660534478885 ) ) ;
#1166 = VERTEX_POINT ( 'NONE', #1129 ) ;
#1167 = VECTOR ( 'NONE', #1082, 1000.000000000000000 ) ;
#1168 = ADVANCED_FACE ( 'NONE', ( #1263 ), #1081, .T. ) ;
#1169 =( NAMED_UNIT ( * ) SI_UNIT ( $, .STERADIAN. ) SOLID_ANGLE_UNIT ( ) );
#1170 = LINE ( 'NONE', #191, #804 ) ;
#1171 = DIRECTION ( 'NONE',  ( -0.7071067811865465735, 0.0000000000000000000, 0.7071067811865484609 ) ) ;
#1172 = AXIS2_PLACEMENT_3D ( 'NONE', #1377, #631, #1394 ) ;
#1173 = ORIENTED_EDGE ( 'NONE', *, *, #337, .T. ) ;
#1174 = AXIS2_PLACEMENT_3D ( 'NONE', #385, #192, #954 ) ;
#1175 = LINE ( 'NONE', #837, #262 ) ;
#1176 = EDGE_CURVE ( 'NONE', #1262, #576, #1349, .T. ) ;
#1177 = CARTESIAN_POINT ( 'NONE',  ( 4.250000000000000000, -5.000000000000003553, 0.3999999999999954703 ) ) ;
#1178 = FACE_OUTER_BOUND ( 'NONE', #188, .T. ) ;
#1179 = ORIENTED_EDGE ( 'NONE', *, *, #94, .T. ) ;
#1180 = DIRECTION ( 'NONE',  ( 1.000000000000000000, 0.0000000000000000000, -2.090028284309406488E-16 ) ) ;
#1181 = DIRECTION ( 'NONE',  ( 1.000000000000000000, 0.0000000000000000000, -2.090028284309406488E-16 ) ) ;
#1182 = FACE_OUTER_BOUND ( 'NONE', #1093, .T. ) ;
#1183 = EDGE_CURVE ( 'NONE', #1166, #58, #501, .T. ) ;
#1184 = LINE ( 'NONE', #406, #767 ) ;
#1185 = TOROIDAL_SURFACE ( 'NONE', #688, 3.749999999999999112, 0.5000000000000000000 ) ;
#1186 = ORIENTED_EDGE ( 'NONE', *, *, #769, .T. ) ;
#1187 = FACE_OUTER_BOUND ( 'NONE', #231, .T. ) ;
#1188 = DIRECTION ( 'NONE',  ( 0.0000000000000000000, -1.000000000000000000, 1.398970545142587034E-16 ) ) ;
#1189 = LINE ( 'NONE', #1296, #1037 ) ;
#1190 = ADVANCED_FACE ( 'NONE', ( #1142 ), #1366, .F. ) ;
#1191 = EDGE_CURVE ( 'NONE', #696, #259, #278, .T. ) ;
#1192 = ORIENTED_EDGE ( 'NONE', *, *, #544, .T. ) ;
#1193 = VECTOR ( 'NONE', #492, 1000.000000000000000 ) ;
#1194 = CARTESIAN_POINT ( 'NONE',  ( 3.149999999999999023, -5.000000000000003553, 1.499999999999999556 ) ) ;
#1195 = VECTOR ( 'NONE', #80, 1000.000000000000000 ) ;
#1196 = MECHANICAL_DESIGN_GEOMETRIC_PRESENTATION_REPRESENTATION (  '', ( #556 ), #418 ) ;
#1197 = LINE ( 'NONE', #104, #935 ) ;
#1198 = LINE ( 'NONE', #1012, #855 ) ;
#1199 = VECTOR ( 'NONE', #1239, 1000.000000000000000 ) ;
#1200 = EDGE_LOOP ( 'NONE', ( #530, #1010, #139, #569, #96, #1238 ) ) ;
#1201 = ADVANCED_FACE ( 'NONE', ( #839 ), #494, .F. ) ;
#1202 = EDGE_CURVE ( 'NONE', #842, #584, #581, .T. ) ;
#1203 = PLANE ( 'NONE',  #1331 ) ;
#1204 = DIRECTION ( 'NONE',  ( 0.0000000000000000000, 0.0000000000000000000, -1.000000000000000000 ) ) ;
#1205 = CARTESIAN_POINT ( 'NONE',  ( 7.700000000000000178, 0.2000000000000000111, 4.150000000000001243 ) ) ;
#1206 = CARTESIAN_POINT ( 'NONE',  ( 7.500000000000000888, -5.600000000000003197, 2.350000000000000089 ) ) ;
#1207 = VERTEX_POINT ( 'NONE', #702 ) ;
#1208 = LINE ( 'NONE', #1194, #201 ) ;
#1209 = VERTEX_POINT ( 'NONE', #1136 ) ;
#1210 = EDGE_CURVE ( 'NONE', #408, #329, #673, .T. ) ;
#1211 = CARTESIAN_POINT ( 'NONE',  ( -3.950000000000002842, -9.699999999999997513, -0.3999999999999995226 ) ) ;
#1212 = MANIFOLD_SOLID_BREP ( '??-??4', #618 ) ;
#1213 = PLANE ( 'NONE',  #1084 ) ;
#1214 = CARTESIAN_POINT ( 'NONE',  ( 7.500000000000000888, -10.59999999999999964, 3.750000000000000000 ) ) ;
#1215 = ORIENTED_EDGE ( 'NONE', *, *, #45, .F. ) ;
#1216 = LINE ( 'NONE', #873, #831 ) ;
#1217 = LINE ( 'NONE', #1295, #145 ) ;
#1218 = CIRCLE ( 'NONE', #1060, 6.449999999999997513 ) ;
#1219 = LINE ( 'NONE', #884, #534 ) ;
#1220 = DIRECTION ( 'NONE',  ( 0.0000000000000000000, -1.000000000000000000, 1.294047754256893229E-15 ) ) ;
#1221 = ORIENTED_EDGE ( 'NONE', *, *, #447, .F. ) ;
#1222 = PLANE ( 'NONE',  #1058 ) ;
#1223 = VERTEX_POINT ( 'NONE', #85 ) ;
#1224 = SURFACE_STYLE_USAGE ( .BOTH. , #917 ) ;
#1225 = CARTESIAN_POINT ( 'NONE',  ( -3.950000000000002842, -9.699999999999997513, -0.3999999999999995226 ) ) ;
#1226 = PLANE ( 'NONE',  #417 ) ;
#1227 = EDGE_CURVE ( 'NONE', #27, #608, #626, .T. ) ;
#1228 = ORIENTED_EDGE ( 'NONE', *, *, #830, .T. ) ;
#1229 = VERTEX_POINT ( 'NONE', #416 ) ;
#1230 = CARTESIAN_POINT ( 'NONE',  ( 8.205133554287265576E-16, 0.0000000000000000000, -6.449999999999997513 ) ) ;
#1231 =( GEOMETRIC_REPRESENTATION_CONTEXT ( 3 ) GLOBAL_UNCERTAINTY_ASSIGNED_CONTEXT ( ( #604 ) ) GLOBAL_UNIT_ASSIGNED_CONTEXT ( ( #910, #1254, #455 ) ) REPRESENTATION_CONTEXT ( 'NONE', 'WORKASPACE' ) );
#1232 = DIRECTION ( 'NONE',  ( 1.000000000000000000, -0.0000000000000000000, 1.548860246407863583E-16 ) ) ;
#1233 = DIRECTION ( 'NONE',  ( -0.0000000000000000000, 1.000000000000000000, -0.0000000000000000000 ) ) ;
#1234 = EDGE_LOOP ( 'NONE', ( #909, #208, #274, #1131 ) ) ;
#1235 = ADVANCED_FACE ( 'NONE', ( #1182 ), #508, .T. ) ;
#1236 = ADVANCED_FACE ( 'NONE', ( #428 ), #695, .T. ) ;
#1237 = ORIENTED_EDGE ( 'NONE', *, *, #319, .T. ) ;
#1238 = ORIENTED_EDGE ( 'NONE', *, *, #18, .T. ) ;
#1239 = DIRECTION ( 'NONE',  ( -0.0000000000000000000, 1.000000000000000000, -0.0000000000000000000 ) ) ;
#1240 = DIRECTION ( 'NONE',  ( -3.690901012716608185E-16, 1.845450506358304093E-16, -1.000000000000000000 ) ) ;
#1241 = MECHANICAL_DESIGN_GEOMETRIC_PRESENTATION_REPRESENTATION (  '', ( #897 ), #919 ) ;
#1242 = CARTESIAN_POINT ( 'NONE',  ( 7.499999999999999112, -6.599999999999997868, -3.350000000000003642 ) ) ;
#1243 = ORIENTED_EDGE ( 'NONE', *, *, #1176, .T. ) ;
#1244 = ORIENTED_EDGE ( 'NONE', *, *, #287, .F. ) ;
#1245 = ORIENTED_EDGE ( 'NONE', *, *, #1246, .T. ) ;
#1246 = EDGE_CURVE ( 'NONE', #696, #1115, #1189, .T. ) ;
#1247 = CARTESIAN_POINT ( 'NONE',  ( 0.0000000000000000000, 50.00000000000000000, 0.0000000000000000000 ) ) ;
#1248 = UNCERTAINTY_MEASURE_WITH_UNIT (LENGTH_MEASURE( 1.000000000000000082E-05 ), #88, 'distance_accuracy_value', 'NONE');
#1249 = CARTESIAN_POINT ( 'NONE',  ( 7.699999999999998401, -10.59999999999999609, -3.750000000000003553 ) ) ;
#1250 = SURFACE_STYLE_USAGE ( .BOTH. , #817 ) ;
#1251 = ORIENTED_EDGE ( 'NONE', *, *, #887, .F. ) ;
#1252 = EDGE_LOOP ( 'NONE', ( #1228, #504, #1077, #566, #1352, #152 ) ) ;
#1253 = ORIENTED_EDGE ( 'NONE', *, *, #1361, .T. ) ;
#1254 =( NAMED_UNIT ( * ) PLANE_ANGLE_UNIT ( ) SI_UNIT ( $, .RADIAN. ) );
#1255 = CARTESIAN_POINT ( 'NONE',  ( 7.499999999999999112, -10.59999999999999609, -3.750000000000003553 ) ) ;
#1256 = EDGE_CURVE ( 'NONE', #622, #592, #9, .T. ) ;
#1257 = CARTESIAN_POINT ( 'NONE',  ( 0.0000000000000000000, -0.5000000000000004441, 6.950000000000001066 ) ) ;
#1258 = ORIENTED_EDGE ( 'NONE', *, *, #864, .T. ) ;
#1259 = ORIENTED_EDGE ( 'NONE', *, *, #578, .F. ) ;
#1260 = FACE_OUTER_BOUND ( 'NONE', #974, .T. ) ;
#1261 = CARTESIAN_POINT ( 'NONE',  ( 4.250000000000000000, -5.000000000000003553, 0.3999999999999954703 ) ) ;
#1262 = VERTEX_POINT ( 'NONE', #105 ) ;
#1263 = FACE_OUTER_BOUND ( 'NONE', #1383, .T. ) ;
#1264 = COLOUR_RGB ( '',0.6509803921568627638, 0.6196078431372549211, 0.5882352941176470784 ) ;
#1265 = AXIS2_PLACEMENT_3D ( 'NONE', #111, #295, #529 ) ;
#1266 = ORIENTED_EDGE ( 'NONE', *, *, #517, .T. ) ;
#1267 = VERTEX_POINT ( 'NONE', #206 ) ;
#1268 = LINE ( 'NONE', #931, #358 ) ;
#1269 = DIRECTION ( 'NONE',  ( -0.0000000000000000000, -0.0000000000000000000, 1.000000000000000000 ) ) ;
#1270 = CARTESIAN_POINT ( 'NONE',  ( 0.0000000000000000000, -3.500000000000003109, 0.0000000000000000000 ) ) ;
#1271 = AXIS2_PLACEMENT_3D ( 'NONE', #243, #571, #784 ) ;
#1272 = ADVANCED_FACE ( 'NONE', ( #633 ), #747, .T. ) ;
#1273 = EDGE_LOOP ( 'NONE', ( #1055, #247, #475, #933 ) ) ;
#1274 = CARTESIAN_POINT ( 'NONE',  ( 7.700000000000000178, -6.599999999999999645, 3.350000000000000089 ) ) ;
#1275 = VERTEX_POINT ( 'NONE', #1083 ) ;
#1276 = DIRECTION ( 'NONE',  ( 0.0000000000000000000, 0.0000000000000000000, 1.000000000000000000 ) ) ;
#1277 = LINE ( 'NONE', #419, #1336 ) ;
#1278 = VERTEX_POINT ( 'NONE', #732 ) ;
#1279 = CLOSED_SHELL ( 'NONE', ( #1272, #532, #951, #642, #1201, #55, #454, #930, #978, #1087, #913, #591, #682, #744, #1305 ) ) ;
#1280 = EDGE_CURVE ( 'NONE', #259, #983, #1389, .T. ) ;
#1281 = CARTESIAN_POINT ( 'NONE',  ( 3.149999999999999023, -5.200000000000002842, 1.499999999999999556 ) ) ;
#1282 = CARTESIAN_POINT ( 'NONE',  ( 2.099999999999998757, 0.2000000000000000111, -4.149999999999998579 ) ) ;
#1283 =( NAMED_UNIT ( * ) SI_UNIT ( $, .STERADIAN. ) SOLID_ANGLE_UNIT ( ) );
#1284 = VECTOR ( 'NONE', #1232, 1000.000000000000000 ) ;
#1285 = VECTOR ( 'NONE', #927, 1000.000000000000000 ) ;
#1286 = ORIENTED_EDGE ( 'NONE', *, *, #372, .F. ) ;
#1287 = CIRCLE ( 'NONE', #788, 1.000000000000000000 ) ;
#1288 = DIRECTION ( 'NONE',  ( 0.0000000000000000000, 0.0000000000000000000, -1.000000000000000000 ) ) ;
#1289 = EDGE_CURVE ( 'NONE', #329, #408, #1218, .T. ) ;
#1290 = DIRECTION ( 'NONE',  ( 0.0000000000000000000, 0.9138115486202569304, -0.4061384660534478885 ) ) ;
#1291 = CARTESIAN_POINT ( 'NONE',  ( 0.0000000000000000000, 0.0000000000000000000, 0.0000000000000000000 ) ) ;
#1292 = PLANE ( 'NONE',  #989 ) ;
#1293 = ORIENTED_EDGE ( 'NONE', *, *, #207, .T. ) ;
#1294 = FILL_AREA_STYLE ('',( #299 ) ) ;
#1295 = CARTESIAN_POINT ( 'NONE',  ( 7.500000000000000888, 0.0000000000000000000, 4.150000000000001243 ) ) ;
#1296 = CARTESIAN_POINT ( 'NONE',  ( -3.950000000000001066, -9.699999999999997513, 0.3999999999999955258 ) ) ;
#1297 = EDGE_CURVE ( 'NONE', #1229, #601, #1068, .T. ) ;
#1298 = DIRECTION ( 'NONE',  ( -0.0000000000000000000, 0.9138115486202570414, -0.4061384660534478885 ) ) ;
#1299 = MECHANICAL_DESIGN_GEOMETRIC_PRESENTATION_REPRESENTATION (  '', ( #211 ), #1231 ) ;
#1300 = EDGE_LOOP ( 'NONE', ( #1368, #476, #1111, #711 ) ) ;
#1301 = CARTESIAN_POINT ( 'NONE',  ( 0.0000000000000000000, -3.500000000000003109, 0.0000000000000000000 ) ) ;
#1302 = CARTESIAN_POINT ( 'NONE',  ( 8.511295254074106405E-16, 50.00000000000000000, -6.950000000000001066 ) ) ;
#1303 = CARTESIAN_POINT ( 'NONE',  ( 4.249999999999993783, -5.000000000000003553, -0.3999999999999954703 ) ) ;
#1304 = DIRECTION ( 'NONE',  ( 0.0000000000000000000, 0.0000000000000000000, 1.000000000000000000 ) ) ;
#1305 = ADVANCED_FACE ( 'NONE', ( #966 ), #1056, .F. ) ;
#1306 = ADVANCED_FACE ( 'NONE', ( #845 ), #99, .T. ) ;
#1307 = ORIENTED_EDGE ( 'NONE', *, *, #1, .T. ) ;
#1308 = AXIS2_PLACEMENT_3D ( 'NONE', #707, #256, #1348 ) ;
#1309 = DIRECTION ( 'NONE',  ( -1.000000000000000000, 0.0000000000000000000, 1.156482317317872119E-15 ) ) ;
#1310 = AXIS2_PLACEMENT_3D ( 'NONE', #92, #638, #972 ) ;
#1311 = DIRECTION ( 'NONE',  ( 0.7071067811865465735, -0.0000000000000000000, 0.7071067811865484609 ) ) ;
#1312 = DIRECTION ( 'NONE',  ( -0.0000000000000000000, 1.000000000000000000, 0.0000000000000000000 ) ) ;
#1313 = CARTESIAN_POINT ( 'NONE',  ( 0.0000000000000000000, 0.0000000000000000000, 0.0000000000000000000 ) ) ;
#1314 = ORIENTED_EDGE ( 'NONE', *, *, #1098, .T. ) ;
#1315 = EDGE_CURVE ( 'NONE', #874, #600, #863, .T. ) ;
#1316 = DIRECTION ( 'NONE',  ( 1.477873172706863895E-16, -0.7071067811865490160, 0.7071067811865461294 ) ) ;
#1317 = ORIENTED_EDGE ( 'NONE', *, *, #297, .T. ) ;
#1318 = LINE ( 'NONE', #1302, #1167 ) ;
#1319 = LINE ( 'NONE', #559, #291 ) ;
#1320 = FACE_OUTER_BOUND ( 'NONE', #374, .T. ) ;
#1321 = AXIS2_PLACEMENT_3D ( 'NONE', #1354, #690, #1003 ) ;
#1322 = ORIENTED_EDGE ( 'NONE', *, *, #279, .T. ) ;
#1323 = AXIS2_PLACEMENT_3D ( 'NONE', #500, #84, #724 ) ;
#1324 = DIRECTION ( 'NONE',  ( 8.806724144501584561E-16, 0.9138115486202590398, 0.4061384660534433366 ) ) ;
#1325 = ORIENTED_EDGE ( 'NONE', *, *, #472, .F. ) ;
#1326 = LINE ( 'NONE', #323, #33 ) ;
#1327 = CARTESIAN_POINT ( 'NONE',  ( 7.500000000000000888, -6.599999999999999645, 3.350000000000000089 ) ) ;
#1328 = DIRECTION ( 'NONE',  ( 0.0000000000000000000, 0.0000000000000000000, 1.000000000000000000 ) ) ;
#1329 = EDGE_LOOP ( 'NONE', ( #1293, #1139, #901, #781 ) ) ;
#1330 = CARTESIAN_POINT ( 'NONE',  ( 7.500000000000000888, -9.700000000000001066, 4.150000000000000355 ) ) ;
#1331 = AXIS2_PLACEMENT_3D ( 'NONE', #227, #121, #1110 ) ;
#1332 = CARTESIAN_POINT ( 'NONE',  ( 0.0000000000000000000, -2.499999999999995115, 0.0000000000000000000 ) ) ;
#1333 = CIRCLE ( 'NONE', #922, 0.5000000000000004441 ) ;
#1334 = DIRECTION ( 'NONE',  ( 1.000000000000000000, 0.0000000000000000000, -2.090028284309406488E-16 ) ) ;
#1335 = EDGE_CURVE ( 'NONE', #1399, #1374, #411, .T. ) ;
#1336 = VECTOR ( 'NONE', #194, 1000.000000000000000 ) ;
#1337 = LINE ( 'NONE', #349, #834 ) ;
#1338 = ORIENTED_EDGE ( 'NONE', *, *, #319, .F. ) ;
#1339 = AXIS2_PLACEMENT_3D ( 'NONE', #938, #282, #1376 ) ;
#1340 = DIRECTION ( 'NONE',  ( 0.0000000000000000000, 0.0000000000000000000, 1.000000000000000000 ) ) ;
#1341 = LINE ( 'NONE', #72, #458 ) ;
#1342 = ADVANCED_FACE ( 'NONE', ( #1178 ), #522, .T. ) ;
#1343 = PLANE ( 'NONE',  #264 ) ;
#1344 = ORIENTED_EDGE ( 'NONE', *, *, #727, .T. ) ;
#1345 = VERTEX_POINT ( 'NONE', #1076 ) ;
#1346 = DIRECTION ( 'NONE',  ( 1.224646799147353454E-16, 0.0000000000000000000, -1.000000000000000000 ) ) ;
#1347 = UNCERTAINTY_MEASURE_WITH_UNIT (LENGTH_MEASURE( 1.000000000000000082E-05 ), #725, 'distance_accuracy_value', 'NONE');
#1348 = DIRECTION ( 'NONE',  ( -1.000000000000000000, 0.0000000000000000000, 1.156482317317872119E-15 ) ) ;
#1349 = LINE ( 'NONE', #73, #1195 ) ;
#1350 = ORIENTED_EDGE ( 'NONE', *, *, #407, .F. ) ;
#1351 = EDGE_CURVE ( 'NONE', #649, #689, #629, .T. ) ;
#1352 = ORIENTED_EDGE ( 'NONE', *, *, #590, .T. ) ;
#1353 = ORIENTED_EDGE ( 'NONE', *, *, #543, .F. ) ;
#1354 = CARTESIAN_POINT ( 'NONE',  ( 0.0000000000000000000, -3.500000000000003109, 0.0000000000000000000 ) ) ;
#1355 = CARTESIAN_POINT ( 'NONE',  ( 0.0000000000000000000, -4.499999999999997335, 4.249999999999999112 ) ) ;
#1356 = VECTOR ( 'NONE', #520, 999.9999999999998863 ) ;
#1357 = CARTESIAN_POINT ( 'NONE',  ( -3.950000000000001066, -6.599999999999997868, 0.3999999999999915290 ) ) ;
#1358 = AXIS2_PLACEMENT_3D ( 'NONE', #412, #113, #1304 ) ;
#1359 = ORIENTED_EDGE ( 'NONE', *, *, #1116, .T. ) ;
#1360 = VERTEX_POINT ( 'NONE', #871 ) ;
#1361 = EDGE_CURVE ( 'NONE', #1138, #697, #554, .T. ) ;
#1362 = ORIENTED_EDGE ( 'NONE', *, *, #207, .F. ) ;
#1363 = CARTESIAN_POINT ( 'NONE',  ( -4.150000000000001243, -6.599999999999997868, 0.3999999999999917510 ) ) ;
#1364 = UNCERTAINTY_MEASURE_WITH_UNIT (LENGTH_MEASURE( 1.000000000000000082E-05 ), #526, 'distance_accuracy_value', 'NONE');
#1365 = LINE ( 'NONE', #701, #764 ) ;
#1366 = PLANE ( 'NONE',  #602 ) ;
#1367 = VERTEX_POINT ( 'NONE', #11 ) ;
#1368 = ORIENTED_EDGE ( 'NONE', *, *, #1125, .F. ) ;
#1369 = DIRECTION ( 'NONE',  ( -3.857043755581971589E-32, -1.000000000000000000, -1.845450506358304093E-16 ) ) ;
#1370 = CARTESIAN_POINT ( 'NONE',  ( 7.700000000000000178, 0.0000000000000000000, 4.150000000000001243 ) ) ;
#1371 = ADVANCED_FACE ( 'NONE', ( #1386 ), #1292, .F. ) ;
#1372 = VECTOR ( 'NONE', #1188, 1000.000000000000000 ) ;
#1373 = FACE_OUTER_BOUND ( 'NONE', #1329, .T. ) ;
#1374 = VERTEX_POINT ( 'NONE', #1397 ) ;
#1375 = ORIENTED_EDGE ( 'NONE', *, *, #180, .F. ) ;
#1376 = DIRECTION ( 'NONE',  ( 8.673617379884134869E-15, 0.0000000000000000000, 1.000000000000000000 ) ) ;
#1377 = CARTESIAN_POINT ( 'NONE',  ( -3.950000000000003730, -5.499999999999999112, -1.500000000000004441 ) ) ;
#1378 = DIRECTION ( 'NONE',  ( 0.0000000000000000000, 0.0000000000000000000, 1.000000000000000000 ) ) ;
#1379 = DIRECTION ( 'NONE',  ( -0.0000000000000000000, 1.000000000000000000, -0.0000000000000000000 ) ) ;
#1380 = EDGE_CURVE ( 'NONE', #393, #1223, #1184, .T. ) ;
#1381 = VECTOR ( 'NONE', #138, 1000.000000000000000 ) ;
#1382 = AXIS2_PLACEMENT_3D ( 'NONE', #852, #628, #1063 ) ;
#1383 = EDGE_LOOP ( 'NONE', ( #442, #1186, #674, #593 ) ) ;
#1384 = LINE ( 'NONE', #1074, #780 ) ;
#1385 = CIRCLE ( 'NONE', #112, 3.749999999999996003 ) ;
#1386 = FACE_OUTER_BOUND ( 'NONE', #1059, .T. ) ;
#1387 = ORIENTED_EDGE ( 'NONE', *, *, #1202, .F. ) ;
#1388 = DIRECTION ( 'NONE',  ( -0.0000000000000000000, 1.000000000000000000, -0.0000000000000000000 ) ) ;
#1389 = LINE ( 'NONE', #1164, #1015 ) ;
#1390 = APPLICATION_PROTOCOL_DEFINITION ( 'draft international standard', 'automotive_design', 1998, #503 ) ;
#1391 = ORIENTED_EDGE ( 'NONE', *, *, #785, .F. ) ;
#1392 = EDGE_CURVE ( 'NONE', #452, #1229, #1277, .T. ) ;
#1393 = EDGE_CURVE ( 'NONE', #352, #393, #955, .T. ) ;
#1394 = DIRECTION ( 'NONE',  ( 0.0000000000000000000, 0.7071067811865459074, -0.7071067811865491270 ) ) ;
#1395 = EDGE_LOOP ( 'NONE', ( #735, #1259, #413, #433, #371, #483, #166, #321, #1215 ) ) ;
#1396 = VECTOR ( 'NONE', #963, 1000.000000000000000 ) ;
#1397 = CARTESIAN_POINT ( 'NONE',  ( 0.5999999999999999778, 0.2000000000000000111, 2.000000000000000000 ) ) ;
#1398 = VECTOR ( 'NONE', #998, 1000.000000000000000 ) ;
#1399 = VERTEX_POINT ( 'NONE', #1065 ) ;
ENDSEC;
END-ISO-10303-21;
