ISO-10303-21;
HEADER;
FILE_DESCRIPTION(('FreeCAD Model'),'2;1');
FILE_NAME('Open CASCADE Shape Model','2025-05-30T17:00:05',('Author'),(
    ''),'Open CASCADE STEP processor 7.8','FreeCAD','Unknown');
FILE_SCHEMA(('AUTOMOTIVE_DESIGN { 1 0 10303 214 1 1 1 1 }'));
ENDSEC;
DATA;
#1 = APPLICATION_PROTOCOL_DEFINITION('international standard',
  'automotive_design',2000,#2);
#2 = APPLICATION_CONTEXT(
  'core data for automotive mechanical design processes');
#3 = SHAPE_DEFINITION_REPRESENTATION(#4,#10);
#4 = PRODUCT_DEFINITION_SHAPE('','',#5);
#5 = PRODUCT_DEFINITION('design','',#6,#9);
#6 = PRODUCT_DEFINITION_FORMATION('','',#7);
#7 = PRODUCT('Unnamed','Unnamed','',(#8));
#8 = PRODUCT_CONTEXT('',#2,'mechanical');
#9 = PRODUCT_DEFINITION_CONTEXT('part definition',#2,'design');
#10 = SHAPE_REPRESENTATION('',(#11,#15,#19,#23),#27);
#11 = AXIS2_PLACEMENT_3D('',#12,#13,#14);
#12 = CARTESIAN_POINT('',(0.,0.,0.));
#13 = DIRECTION('',(0.,0.,1.));
#14 = DIRECTION('',(1.,0.,-0.));
#15 = AXIS2_PLACEMENT_3D('',#16,#17,#18);
#16 = CARTESIAN_POINT('',(0.,0.,0.));
#17 = DIRECTION('',(0.,0.,1.));
#18 = DIRECTION('',(1.,0.,0.));
#19 = AXIS2_PLACEMENT_3D('',#20,#21,#22);
#20 = CARTESIAN_POINT('',(0.,0.,11.8));
#21 = DIRECTION('',(0.,0.,1.));
#22 = DIRECTION('',(1.,0.,0.));
#23 = AXIS2_PLACEMENT_3D('',#24,#25,#26);
#24 = CARTESIAN_POINT('',(0.,0.,0.));
#25 = DIRECTION('',(0.,0.,1.));
#26 = DIRECTION('',(1.,0.,0.));
#27 = ( GEOMETRIC_REPRESENTATION_CONTEXT(3) 
GLOBAL_UNCERTAINTY_ASSIGNED_CONTEXT((#31)) GLOBAL_UNIT_ASSIGNED_CONTEXT(
(#28,#29,#30)) REPRESENTATION_CONTEXT('Context #1',
  '3D Context with UNIT and UNCERTAINTY') );
#28 = ( LENGTH_UNIT() NAMED_UNIT(*) SI_UNIT(.MILLI.,.METRE.) );
#29 = ( NAMED_UNIT(*) PLANE_ANGLE_UNIT() SI_UNIT($,.RADIAN.) );
#30 = ( NAMED_UNIT(*) SI_UNIT($,.STERADIAN.) SOLID_ANGLE_UNIT() );
#31 = UNCERTAINTY_MEASURE_WITH_UNIT(LENGTH_MEASURE(1.E-07),#28,
  'distance_accuracy_value','confusion accuracy');
#32 = PRODUCT_RELATED_PRODUCT_CATEGORY('part',$,(#7));
#33 = SHAPE_DEFINITION_REPRESENTATION(#34,#40);
#34 = PRODUCT_DEFINITION_SHAPE('','',#35);
#35 = PRODUCT_DEFINITION('design','',#36,#39);
#36 = PRODUCT_DEFINITION_FORMATION('','',#37);
#37 = PRODUCT('Pins','Pins','',(#38));
#38 = PRODUCT_CONTEXT('',#2,'mechanical');
#39 = PRODUCT_DEFINITION_CONTEXT('part definition',#2,'design');
#40 = SHAPE_REPRESENTATION('',(#11,#41,#94,#147,#200),#253);
#41 = MANIFOLD_SOLID_BREP('',#42);
#42 = CLOSED_SHELL('',(#43,#76,#85));
#43 = ADVANCED_FACE('',(#44),#71,.T.);
#44 = FACE_BOUND('',#45,.T.);
#45 = EDGE_LOOP('',(#46,#55,#63,#70));
#46 = ORIENTED_EDGE('',*,*,#47,.F.);
#47 = EDGE_CURVE('',#48,#48,#50,.T.);
#48 = VERTEX_POINT('',#49);
#49 = CARTESIAN_POINT('',(-1.4,-2.3,0.));
#50 = CIRCLE('',#51,0.4);
#51 = AXIS2_PLACEMENT_3D('',#52,#53,#54);
#52 = CARTESIAN_POINT('',(-1.8,-2.3,0.));
#53 = DIRECTION('',(0.,0.,1.));
#54 = DIRECTION('',(1.,0.,-0.));
#55 = ORIENTED_EDGE('',*,*,#56,.F.);
#56 = EDGE_CURVE('',#57,#48,#59,.T.);
#57 = VERTEX_POINT('',#58);
#58 = CARTESIAN_POINT('',(-1.4,-2.3,-4.));
#59 = LINE('',#60,#61);
#60 = CARTESIAN_POINT('',(-1.4,-2.3,-4.));
#61 = VECTOR('',#62,1.);
#62 = DIRECTION('',(0.,0.,1.));
#63 = ORIENTED_EDGE('',*,*,#64,.T.);
#64 = EDGE_CURVE('',#57,#57,#65,.T.);
#65 = CIRCLE('',#66,0.4);
#66 = AXIS2_PLACEMENT_3D('',#67,#68,#69);
#67 = CARTESIAN_POINT('',(-1.8,-2.3,-4.));
#68 = DIRECTION('',(0.,0.,1.));
#69 = DIRECTION('',(1.,0.,-0.));
#70 = ORIENTED_EDGE('',*,*,#56,.T.);
#71 = CYLINDRICAL_SURFACE('',#72,0.4);
#72 = AXIS2_PLACEMENT_3D('',#73,#74,#75);
#73 = CARTESIAN_POINT('',(-1.8,-2.3,-4.));
#74 = DIRECTION('',(0.,0.,1.));
#75 = DIRECTION('',(1.,0.,-0.));
#76 = ADVANCED_FACE('',(#77),#80,.T.);
#77 = FACE_BOUND('',#78,.T.);
#78 = EDGE_LOOP('',(#79));
#79 = ORIENTED_EDGE('',*,*,#47,.T.);
#80 = PLANE('',#81);
#81 = AXIS2_PLACEMENT_3D('',#82,#83,#84);
#82 = CARTESIAN_POINT('',(-1.8,-2.3,0.));
#83 = DIRECTION('',(0.,0.,1.));
#84 = DIRECTION('',(1.,0.,-0.));
#85 = ADVANCED_FACE('',(#86),#89,.F.);
#86 = FACE_BOUND('',#87,.T.);
#87 = EDGE_LOOP('',(#88));
#88 = ORIENTED_EDGE('',*,*,#64,.F.);
#89 = PLANE('',#90);
#90 = AXIS2_PLACEMENT_3D('',#91,#92,#93);
#91 = CARTESIAN_POINT('',(-1.8,-2.3,-4.));
#92 = DIRECTION('',(0.,0.,1.));
#93 = DIRECTION('',(1.,0.,-0.));
#94 = MANIFOLD_SOLID_BREP('',#95);
#95 = CLOSED_SHELL('',(#96,#129,#138));
#96 = ADVANCED_FACE('',(#97),#124,.T.);
#97 = FACE_BOUND('',#98,.T.);
#98 = EDGE_LOOP('',(#99,#108,#116,#123));
#99 = ORIENTED_EDGE('',*,*,#100,.F.);
#100 = EDGE_CURVE('',#101,#101,#103,.T.);
#101 = VERTEX_POINT('',#102);
#102 = CARTESIAN_POINT('',(2.2,-2.3,0.));
#103 = CIRCLE('',#104,0.4);
#104 = AXIS2_PLACEMENT_3D('',#105,#106,#107);
#105 = CARTESIAN_POINT('',(1.8,-2.3,0.));
#106 = DIRECTION('',(0.,0.,1.));
#107 = DIRECTION('',(1.,0.,-0.));
#108 = ORIENTED_EDGE('',*,*,#109,.F.);
#109 = EDGE_CURVE('',#110,#101,#112,.T.);
#110 = VERTEX_POINT('',#111);
#111 = CARTESIAN_POINT('',(2.2,-2.3,-4.));
#112 = LINE('',#113,#114);
#113 = CARTESIAN_POINT('',(2.2,-2.3,-4.));
#114 = VECTOR('',#115,1.);
#115 = DIRECTION('',(0.,0.,1.));
#116 = ORIENTED_EDGE('',*,*,#117,.T.);
#117 = EDGE_CURVE('',#110,#110,#118,.T.);
#118 = CIRCLE('',#119,0.4);
#119 = AXIS2_PLACEMENT_3D('',#120,#121,#122);
#120 = CARTESIAN_POINT('',(1.8,-2.3,-4.));
#121 = DIRECTION('',(0.,0.,1.));
#122 = DIRECTION('',(1.,0.,-0.));
#123 = ORIENTED_EDGE('',*,*,#109,.T.);
#124 = CYLINDRICAL_SURFACE('',#125,0.4);
#125 = AXIS2_PLACEMENT_3D('',#126,#127,#128);
#126 = CARTESIAN_POINT('',(1.8,-2.3,-4.));
#127 = DIRECTION('',(0.,0.,1.));
#128 = DIRECTION('',(1.,0.,-0.));
#129 = ADVANCED_FACE('',(#130),#133,.T.);
#130 = FACE_BOUND('',#131,.T.);
#131 = EDGE_LOOP('',(#132));
#132 = ORIENTED_EDGE('',*,*,#100,.T.);
#133 = PLANE('',#134);
#134 = AXIS2_PLACEMENT_3D('',#135,#136,#137);
#135 = CARTESIAN_POINT('',(1.8,-2.3,0.));
#136 = DIRECTION('',(0.,0.,1.));
#137 = DIRECTION('',(1.,0.,-0.));
#138 = ADVANCED_FACE('',(#139),#142,.F.);
#139 = FACE_BOUND('',#140,.T.);
#140 = EDGE_LOOP('',(#141));
#141 = ORIENTED_EDGE('',*,*,#117,.F.);
#142 = PLANE('',#143);
#143 = AXIS2_PLACEMENT_3D('',#144,#145,#146);
#144 = CARTESIAN_POINT('',(1.8,-2.3,-4.));
#145 = DIRECTION('',(0.,0.,1.));
#146 = DIRECTION('',(1.,0.,-0.));
#147 = MANIFOLD_SOLID_BREP('',#148);
#148 = CLOSED_SHELL('',(#149,#182,#191));
#149 = ADVANCED_FACE('',(#150),#177,.T.);
#150 = FACE_BOUND('',#151,.T.);
#151 = EDGE_LOOP('',(#152,#161,#169,#176));
#152 = ORIENTED_EDGE('',*,*,#153,.F.);
#153 = EDGE_CURVE('',#154,#154,#156,.T.);
#154 = VERTEX_POINT('',#155);
#155 = CARTESIAN_POINT('',(-1.4,2.3,0.));
#156 = CIRCLE('',#157,0.4);
#157 = AXIS2_PLACEMENT_3D('',#158,#159,#160);
#158 = CARTESIAN_POINT('',(-1.8,2.3,0.));
#159 = DIRECTION('',(0.,0.,1.));
#160 = DIRECTION('',(1.,0.,-0.));
#161 = ORIENTED_EDGE('',*,*,#162,.F.);
#162 = EDGE_CURVE('',#163,#154,#165,.T.);
#163 = VERTEX_POINT('',#164);
#164 = CARTESIAN_POINT('',(-1.4,2.3,-4.));
#165 = LINE('',#166,#167);
#166 = CARTESIAN_POINT('',(-1.4,2.3,-4.));
#167 = VECTOR('',#168,1.);
#168 = DIRECTION('',(0.,0.,1.));
#169 = ORIENTED_EDGE('',*,*,#170,.T.);
#170 = EDGE_CURVE('',#163,#163,#171,.T.);
#171 = CIRCLE('',#172,0.4);
#172 = AXIS2_PLACEMENT_3D('',#173,#174,#175);
#173 = CARTESIAN_POINT('',(-1.8,2.3,-4.));
#174 = DIRECTION('',(0.,0.,1.));
#175 = DIRECTION('',(1.,0.,-0.));
#176 = ORIENTED_EDGE('',*,*,#162,.T.);
#177 = CYLINDRICAL_SURFACE('',#178,0.4);
#178 = AXIS2_PLACEMENT_3D('',#179,#180,#181);
#179 = CARTESIAN_POINT('',(-1.8,2.3,-4.));
#180 = DIRECTION('',(0.,0.,1.));
#181 = DIRECTION('',(1.,0.,-0.));
#182 = ADVANCED_FACE('',(#183),#186,.T.);
#183 = FACE_BOUND('',#184,.T.);
#184 = EDGE_LOOP('',(#185));
#185 = ORIENTED_EDGE('',*,*,#153,.T.);
#186 = PLANE('',#187);
#187 = AXIS2_PLACEMENT_3D('',#188,#189,#190);
#188 = CARTESIAN_POINT('',(-1.8,2.3,0.));
#189 = DIRECTION('',(0.,0.,1.));
#190 = DIRECTION('',(1.,0.,-0.));
#191 = ADVANCED_FACE('',(#192),#195,.F.);
#192 = FACE_BOUND('',#193,.T.);
#193 = EDGE_LOOP('',(#194));
#194 = ORIENTED_EDGE('',*,*,#170,.F.);
#195 = PLANE('',#196);
#196 = AXIS2_PLACEMENT_3D('',#197,#198,#199);
#197 = CARTESIAN_POINT('',(-1.8,2.3,-4.));
#198 = DIRECTION('',(0.,0.,1.));
#199 = DIRECTION('',(1.,0.,-0.));
#200 = MANIFOLD_SOLID_BREP('',#201);
#201 = CLOSED_SHELL('',(#202,#235,#244));
#202 = ADVANCED_FACE('',(#203),#230,.T.);
#203 = FACE_BOUND('',#204,.T.);
#204 = EDGE_LOOP('',(#205,#214,#222,#229));
#205 = ORIENTED_EDGE('',*,*,#206,.F.);
#206 = EDGE_CURVE('',#207,#207,#209,.T.);
#207 = VERTEX_POINT('',#208);
#208 = CARTESIAN_POINT('',(2.2,2.3,0.));
#209 = CIRCLE('',#210,0.4);
#210 = AXIS2_PLACEMENT_3D('',#211,#212,#213);
#211 = CARTESIAN_POINT('',(1.8,2.3,0.));
#212 = DIRECTION('',(0.,0.,1.));
#213 = DIRECTION('',(1.,0.,-0.));
#214 = ORIENTED_EDGE('',*,*,#215,.F.);
#215 = EDGE_CURVE('',#216,#207,#218,.T.);
#216 = VERTEX_POINT('',#217);
#217 = CARTESIAN_POINT('',(2.2,2.3,-4.));
#218 = LINE('',#219,#220);
#219 = CARTESIAN_POINT('',(2.2,2.3,-4.));
#220 = VECTOR('',#221,1.);
#221 = DIRECTION('',(0.,0.,1.));
#222 = ORIENTED_EDGE('',*,*,#223,.T.);
#223 = EDGE_CURVE('',#216,#216,#224,.T.);
#224 = CIRCLE('',#225,0.4);
#225 = AXIS2_PLACEMENT_3D('',#226,#227,#228);
#226 = CARTESIAN_POINT('',(1.8,2.3,-4.));
#227 = DIRECTION('',(0.,0.,1.));
#228 = DIRECTION('',(1.,0.,-0.));
#229 = ORIENTED_EDGE('',*,*,#215,.T.);
#230 = CYLINDRICAL_SURFACE('',#231,0.4);
#231 = AXIS2_PLACEMENT_3D('',#232,#233,#234);
#232 = CARTESIAN_POINT('',(1.8,2.3,-4.));
#233 = DIRECTION('',(0.,0.,1.));
#234 = DIRECTION('',(1.,0.,-0.));
#235 = ADVANCED_FACE('',(#236),#239,.T.);
#236 = FACE_BOUND('',#237,.T.);
#237 = EDGE_LOOP('',(#238));
#238 = ORIENTED_EDGE('',*,*,#206,.T.);
#239 = PLANE('',#240);
#240 = AXIS2_PLACEMENT_3D('',#241,#242,#243);
#241 = CARTESIAN_POINT('',(1.8,2.3,0.));
#242 = DIRECTION('',(0.,0.,1.));
#243 = DIRECTION('',(1.,0.,-0.));
#244 = ADVANCED_FACE('',(#245),#248,.F.);
#245 = FACE_BOUND('',#246,.T.);
#246 = EDGE_LOOP('',(#247));
#247 = ORIENTED_EDGE('',*,*,#223,.F.);
#248 = PLANE('',#249);
#249 = AXIS2_PLACEMENT_3D('',#250,#251,#252);
#250 = CARTESIAN_POINT('',(1.8,2.3,-4.));
#251 = DIRECTION('',(0.,0.,1.));
#252 = DIRECTION('',(1.,0.,-0.));
#253 = ( GEOMETRIC_REPRESENTATION_CONTEXT(3) 
GLOBAL_UNCERTAINTY_ASSIGNED_CONTEXT((#257)) GLOBAL_UNIT_ASSIGNED_CONTEXT
((#254,#255,#256)) REPRESENTATION_CONTEXT('Context #1',
  '3D Context with UNIT and UNCERTAINTY') );
#254 = ( LENGTH_UNIT() NAMED_UNIT(*) SI_UNIT(.MILLI.,.METRE.) );
#255 = ( NAMED_UNIT(*) PLANE_ANGLE_UNIT() SI_UNIT($,.RADIAN.) );
#256 = ( NAMED_UNIT(*) SI_UNIT($,.STERADIAN.) SOLID_ANGLE_UNIT() );
#257 = UNCERTAINTY_MEASURE_WITH_UNIT(LENGTH_MEASURE(1.E-07),#254,
  'distance_accuracy_value','confusion accuracy');
#258 = CONTEXT_DEPENDENT_SHAPE_REPRESENTATION(#259,#261);
#259 = ( REPRESENTATION_RELATIONSHIP('','',#40,#10) 
REPRESENTATION_RELATIONSHIP_WITH_TRANSFORMATION(#260) 
SHAPE_REPRESENTATION_RELATIONSHIP() );
#260 = ITEM_DEFINED_TRANSFORMATION('','',#11,#15);
#261 = PRODUCT_DEFINITION_SHAPE('Placement','Placement of an item',#262
  );
#262 = NEXT_ASSEMBLY_USAGE_OCCURRENCE('7','Pins','',#5,#35,$);
#263 = PRODUCT_RELATED_PRODUCT_CATEGORY('part',$,(#37));
#264 = SHAPE_DEFINITION_REPRESENTATION(#265,#271);
#265 = PRODUCT_DEFINITION_SHAPE('','',#266);
#266 = PRODUCT_DEFINITION('design','',#267,#270);
#267 = PRODUCT_DEFINITION_FORMATION('','',#268);
#268 = PRODUCT('GrillDeepMesh','GrillDeepMesh','',(#269));
#269 = PRODUCT_CONTEXT('',#2,'mechanical');
#270 = PRODUCT_DEFINITION_CONTEXT('part definition',#2,'design');
#271 = ADVANCED_BREP_SHAPE_REPRESENTATION('',(#11,#272),#14197);
#272 = MANIFOLD_SOLID_BREP('',#273);
#273 = CLOSED_SHELL('',(#274,#307,#3784,#7261,#7283,#7300,#7317,#7329,
    #7351,#7368,#7385,#7397,#7419,#7436,#7453,#7465,#7487,#7504,#7521,
    #7533,#7555,#7572,#7589,#7601,#7623,#7640,#7657,#7669,#7691,#7708,
    #7725,#7737,#7759,#7776,#7793,#7805,#7827,#7844,#7861,#7873,#7895,
    #7912,#7929,#7941,#7963,#7980,#7997,#8009,#8031,#8048,#8065,#8077,
    #8099,#8116,#8133,#8145,#8167,#8184,#8201,#8213,#8235,#8252,#8269,
    #8281,#8303,#8320,#8337,#8349,#8371,#8388,#8405,#8417,#8439,#8456,
    #8473,#8485,#8507,#8524,#8541,#8553,#8575,#8592,#8609,#8621,#8643,
    #8660,#8677,#8689,#8711,#8728,#8745,#8757,#8779,#8796,#8813,#8825,
    #8847,#8864,#8881,#8893,#8915,#8932,#8949,#8961,#8983,#9000,#9017,
    #9029,#9051,#9068,#9085,#9097,#9119,#9136,#9153,#9165,#9187,#9204,
    #9221,#9233,#9255,#9272,#9289,#9301,#9323,#9340,#9357,#9369,#9391,
    #9408,#9425,#9437,#9459,#9476,#9493,#9505,#9527,#9544,#9561,#9573,
    #9595,#9612,#9629,#9641,#9663,#9680,#9697,#9709,#9731,#9748,#9765,
    #9777,#9799,#9816,#9833,#9845,#9867,#9884,#9901,#9913,#9935,#9952,
    #9969,#9981,#10003,#10020,#10037,#10049,#10071,#10088,#10105,#10117,
    #10139,#10156,#10173,#10185,#10207,#10224,#10241,#10253,#10275,
    #10292,#10309,#10321,#10343,#10360,#10377,#10389,#10411,#10428,
    #10445,#10457,#10479,#10496,#10513,#10525,#10547,#10564,#10581,
    #10593,#10615,#10632,#10649,#10661,#10683,#10700,#10717,#10729,
    #10751,#10768,#10785,#10797,#10819,#10836,#10853,#10865,#10887,
    #10904,#10921,#10933,#10955,#10972,#10989,#11001,#11023,#11040,
    #11057,#11069,#11091,#11108,#11125,#11137,#11159,#11176,#11193,
    #11205,#11227,#11244,#11261,#11273,#11295,#11312,#11329,#11341,
    #11363,#11380,#11397,#11409,#11431,#11448,#11465,#11477,#11499,
    #11516,#11533,#11545,#11567,#11584,#11601,#11613,#11635,#11652,
    #11669,#11681,#11703,#11720,#11737,#11749,#11771,#11788,#11805,
    #11817,#11839,#11856,#11873,#11885,#11907,#11924,#11941,#11953,
    #11975,#11992,#12009,#12021,#12043,#12060,#12077,#12089,#12111,
    #12128,#12145,#12157,#12179,#12196,#12213,#12225,#12247,#12264,
    #12281,#12293,#12315,#12332,#12349,#12361,#12383,#12400,#12417,
    #12429,#12451,#12468,#12485,#12497,#12519,#12536,#12553,#12565,
    #12587,#12604,#12621,#12633,#12655,#12672,#12689,#12701,#12723,
    #12740,#12757,#12769,#12791,#12808,#12825,#12837,#12859,#12876,
    #12893,#12905,#12927,#12944,#12961,#12973,#12995,#13012,#13029,
    #13041,#13063,#13080,#13097,#13109,#13131,#13148,#13165,#13177,
    #13199,#13216,#13233,#13245,#13267,#13284,#13301,#13313,#13335,
    #13352,#13369,#13381,#13403,#13420,#13437,#13449,#13471,#13488,
    #13505,#13517,#13539,#13556,#13573,#13585,#13607,#13624,#13641,
    #13653,#13675,#13692,#13709,#13721,#13743,#13760,#13777,#13789,
    #13811,#13828,#13845,#13857,#13879,#13896,#13913,#13925,#13947,
    #13964,#13981,#13993,#14015,#14032,#14049,#14061,#14083,#14100,
    #14117,#14129,#14151,#14168,#14185));
#274 = ADVANCED_FACE('',(#275),#302,.T.);
#275 = FACE_BOUND('',#276,.T.);
#276 = EDGE_LOOP('',(#277,#286,#294,#301));
#277 = ORIENTED_EDGE('',*,*,#278,.F.);
#278 = EDGE_CURVE('',#279,#279,#281,.T.);
#279 = VERTEX_POINT('',#280);
#280 = CARTESIAN_POINT('',(3.75,-9.184850993605E-16,0.3));
#281 = CIRCLE('',#282,3.75);
#282 = AXIS2_PLACEMENT_3D('',#283,#284,#285);
#283 = CARTESIAN_POINT('',(0.,0.,0.3));
#284 = DIRECTION('',(0.,0.,1.));
#285 = DIRECTION('',(1.,0.,-0.));
#286 = ORIENTED_EDGE('',*,*,#287,.F.);
#287 = EDGE_CURVE('',#288,#279,#290,.T.);
#288 = VERTEX_POINT('',#289);
#289 = CARTESIAN_POINT('',(3.75,-9.184850993605E-16,0.));
#290 = LINE('',#291,#292);
#291 = CARTESIAN_POINT('',(3.75,-9.184850993605E-16,0.));
#292 = VECTOR('',#293,1.);
#293 = DIRECTION('',(0.,0.,1.));
#294 = ORIENTED_EDGE('',*,*,#295,.T.);
#295 = EDGE_CURVE('',#288,#288,#296,.T.);
#296 = CIRCLE('',#297,3.75);
#297 = AXIS2_PLACEMENT_3D('',#298,#299,#300);
#298 = CARTESIAN_POINT('',(0.,0.,0.));
#299 = DIRECTION('',(0.,0.,1.));
#300 = DIRECTION('',(1.,0.,-0.));
#301 = ORIENTED_EDGE('',*,*,#287,.T.);
#302 = CYLINDRICAL_SURFACE('',#303,3.75);
#303 = AXIS2_PLACEMENT_3D('',#304,#305,#306);
#304 = CARTESIAN_POINT('',(0.,0.,0.));
#305 = DIRECTION('',(0.,0.,1.));
#306 = DIRECTION('',(1.,0.,-0.));
#307 = ADVANCED_FACE('',(#308,#311,#345,#379,#413,#447,#481,#515,#549,
    #583,#617,#651,#685,#719,#753,#787,#821,#855,#889,#923,#957,#991,
    #1025,#1059,#1093,#1127,#1161,#1195,#1229,#1263,#1297,#1331,#1365,
    #1399,#1433,#1467,#1501,#1535,#1569,#1603,#1637,#1671,#1705,#1739,
    #1773,#1807,#1841,#1875,#1909,#1943,#1977,#2011,#2045,#2079,#2113,
    #2147,#2181,#2215,#2249,#2283,#2317,#2351,#2385,#2419,#2453,#2487,
    #2521,#2555,#2589,#2623,#2657,#2691,#2725,#2759,#2793,#2827,#2861,
    #2895,#2929,#2963,#2997,#3031,#3065,#3099,#3133,#3167,#3201,#3235,
    #3269,#3303,#3337,#3371,#3405,#3439,#3473,#3507,#3541,#3575,#3609,
    #3643,#3677,#3711,#3745),#3779,.T.);
#308 = FACE_BOUND('',#309,.T.);
#309 = EDGE_LOOP('',(#310));
#310 = ORIENTED_EDGE('',*,*,#278,.T.);
#311 = FACE_BOUND('',#312,.T.);
#312 = EDGE_LOOP('',(#313,#323,#331,#339));
#313 = ORIENTED_EDGE('',*,*,#314,.T.);
#314 = EDGE_CURVE('',#315,#317,#319,.T.);
#315 = VERTEX_POINT('',#316);
#316 = CARTESIAN_POINT('',(-1.8,-2.7,0.3));
#317 = VERTEX_POINT('',#318);
#318 = CARTESIAN_POINT('',(-2.1,-2.7,0.3));
#319 = LINE('',#320,#321);
#320 = CARTESIAN_POINT('',(-1.05,-2.7,0.3));
#321 = VECTOR('',#322,1.);
#322 = DIRECTION('',(-1.,-0.,0.));
#323 = ORIENTED_EDGE('',*,*,#324,.T.);
#324 = EDGE_CURVE('',#317,#325,#327,.T.);
#325 = VERTEX_POINT('',#326);
#326 = CARTESIAN_POINT('',(-2.1,-2.4,0.3));
#327 = LINE('',#328,#329);
#328 = CARTESIAN_POINT('',(-2.1,-1.35,0.3));
#329 = VECTOR('',#330,1.);
#330 = DIRECTION('',(-0.,1.,0.));
#331 = ORIENTED_EDGE('',*,*,#332,.F.);
#332 = EDGE_CURVE('',#333,#325,#335,.T.);
#333 = VERTEX_POINT('',#334);
#334 = CARTESIAN_POINT('',(-1.8,-2.4,0.3));
#335 = LINE('',#336,#337);
#336 = CARTESIAN_POINT('',(-1.05,-2.4,0.3));
#337 = VECTOR('',#338,1.);
#338 = DIRECTION('',(-1.,-0.,0.));
#339 = ORIENTED_EDGE('',*,*,#340,.F.);
#340 = EDGE_CURVE('',#315,#333,#341,.T.);
#341 = LINE('',#342,#343);
#342 = CARTESIAN_POINT('',(-1.8,-1.35,0.3));
#343 = VECTOR('',#344,1.);
#344 = DIRECTION('',(-0.,1.,0.));
#345 = FACE_BOUND('',#346,.T.);
#346 = EDGE_LOOP('',(#347,#357,#365,#373));
#347 = ORIENTED_EDGE('',*,*,#348,.T.);
#348 = EDGE_CURVE('',#349,#351,#353,.T.);
#349 = VERTEX_POINT('',#350);
#350 = CARTESIAN_POINT('',(-2.4,-2.1,0.3));
#351 = VERTEX_POINT('',#352);
#352 = CARTESIAN_POINT('',(-2.7,-2.1,0.3));
#353 = LINE('',#354,#355);
#354 = CARTESIAN_POINT('',(-1.35,-2.1,0.3));
#355 = VECTOR('',#356,1.);
#356 = DIRECTION('',(-1.,-0.,0.));
#357 = ORIENTED_EDGE('',*,*,#358,.T.);
#358 = EDGE_CURVE('',#351,#359,#361,.T.);
#359 = VERTEX_POINT('',#360);
#360 = CARTESIAN_POINT('',(-2.7,-1.8,0.3));
#361 = LINE('',#362,#363);
#362 = CARTESIAN_POINT('',(-2.7,-1.05,0.3));
#363 = VECTOR('',#364,1.);
#364 = DIRECTION('',(-0.,1.,0.));
#365 = ORIENTED_EDGE('',*,*,#366,.F.);
#366 = EDGE_CURVE('',#367,#359,#369,.T.);
#367 = VERTEX_POINT('',#368);
#368 = CARTESIAN_POINT('',(-2.4,-1.8,0.3));
#369 = LINE('',#370,#371);
#370 = CARTESIAN_POINT('',(-1.35,-1.8,0.3));
#371 = VECTOR('',#372,1.);
#372 = DIRECTION('',(-1.,-0.,0.));
#373 = ORIENTED_EDGE('',*,*,#374,.F.);
#374 = EDGE_CURVE('',#349,#367,#375,.T.);
#375 = LINE('',#376,#377);
#376 = CARTESIAN_POINT('',(-2.4,-1.05,0.3));
#377 = VECTOR('',#378,1.);
#378 = DIRECTION('',(-0.,1.,0.));
#379 = FACE_BOUND('',#380,.T.);
#380 = EDGE_LOOP('',(#381,#391,#399,#407));
#381 = ORIENTED_EDGE('',*,*,#382,.T.);
#382 = EDGE_CURVE('',#383,#385,#387,.T.);
#383 = VERTEX_POINT('',#384);
#384 = CARTESIAN_POINT('',(-1.8,-2.1,0.3));
#385 = VERTEX_POINT('',#386);
#386 = CARTESIAN_POINT('',(-2.1,-2.1,0.3));
#387 = LINE('',#388,#389);
#388 = CARTESIAN_POINT('',(-1.05,-2.1,0.3));
#389 = VECTOR('',#390,1.);
#390 = DIRECTION('',(-1.,-0.,0.));
#391 = ORIENTED_EDGE('',*,*,#392,.T.);
#392 = EDGE_CURVE('',#385,#393,#395,.T.);
#393 = VERTEX_POINT('',#394);
#394 = CARTESIAN_POINT('',(-2.1,-1.8,0.3));
#395 = LINE('',#396,#397);
#396 = CARTESIAN_POINT('',(-2.1,-1.05,0.3));
#397 = VECTOR('',#398,1.);
#398 = DIRECTION('',(-0.,1.,0.));
#399 = ORIENTED_EDGE('',*,*,#400,.F.);
#400 = EDGE_CURVE('',#401,#393,#403,.T.);
#401 = VERTEX_POINT('',#402);
#402 = CARTESIAN_POINT('',(-1.8,-1.8,0.3));
#403 = LINE('',#404,#405);
#404 = CARTESIAN_POINT('',(-1.05,-1.8,0.3));
#405 = VECTOR('',#406,1.);
#406 = DIRECTION('',(-1.,-0.,0.));
#407 = ORIENTED_EDGE('',*,*,#408,.F.);
#408 = EDGE_CURVE('',#383,#401,#409,.T.);
#409 = LINE('',#410,#411);
#410 = CARTESIAN_POINT('',(-1.8,-1.05,0.3));
#411 = VECTOR('',#412,1.);
#412 = DIRECTION('',(-0.,1.,0.));
#413 = FACE_BOUND('',#414,.T.);
#414 = EDGE_LOOP('',(#415,#425,#433,#441));
#415 = ORIENTED_EDGE('',*,*,#416,.T.);
#416 = EDGE_CURVE('',#417,#419,#421,.T.);
#417 = VERTEX_POINT('',#418);
#418 = CARTESIAN_POINT('',(-1.2,-3.3,0.3));
#419 = VERTEX_POINT('',#420);
#420 = CARTESIAN_POINT('',(-1.5,-3.3,0.3));
#421 = LINE('',#422,#423);
#422 = CARTESIAN_POINT('',(-0.75,-3.3,0.3));
#423 = VECTOR('',#424,1.);
#424 = DIRECTION('',(-1.,-0.,0.));
#425 = ORIENTED_EDGE('',*,*,#426,.T.);
#426 = EDGE_CURVE('',#419,#427,#429,.T.);
#427 = VERTEX_POINT('',#428);
#428 = CARTESIAN_POINT('',(-1.5,-3.,0.3));
#429 = LINE('',#430,#431);
#430 = CARTESIAN_POINT('',(-1.5,-1.65,0.3));
#431 = VECTOR('',#432,1.);
#432 = DIRECTION('',(-0.,1.,0.));
#433 = ORIENTED_EDGE('',*,*,#434,.F.);
#434 = EDGE_CURVE('',#435,#427,#437,.T.);
#435 = VERTEX_POINT('',#436);
#436 = CARTESIAN_POINT('',(-1.2,-3.,0.3));
#437 = LINE('',#438,#439);
#438 = CARTESIAN_POINT('',(-0.75,-3.,0.3));
#439 = VECTOR('',#440,1.);
#440 = DIRECTION('',(-1.,-0.,0.));
#441 = ORIENTED_EDGE('',*,*,#442,.F.);
#442 = EDGE_CURVE('',#417,#435,#443,.T.);
#443 = LINE('',#444,#445);
#444 = CARTESIAN_POINT('',(-1.2,-1.65,0.3));
#445 = VECTOR('',#446,1.);
#446 = DIRECTION('',(-0.,1.,0.));
#447 = FACE_BOUND('',#448,.T.);
#448 = EDGE_LOOP('',(#449,#459,#467,#475));
#449 = ORIENTED_EDGE('',*,*,#450,.T.);
#450 = EDGE_CURVE('',#451,#453,#455,.T.);
#451 = VERTEX_POINT('',#452);
#452 = CARTESIAN_POINT('',(-1.2,-2.7,0.3));
#453 = VERTEX_POINT('',#454);
#454 = CARTESIAN_POINT('',(-1.5,-2.7,0.3));
#455 = LINE('',#456,#457);
#456 = CARTESIAN_POINT('',(-0.75,-2.7,0.3));
#457 = VECTOR('',#458,1.);
#458 = DIRECTION('',(-1.,-0.,0.));
#459 = ORIENTED_EDGE('',*,*,#460,.T.);
#460 = EDGE_CURVE('',#453,#461,#463,.T.);
#461 = VERTEX_POINT('',#462);
#462 = CARTESIAN_POINT('',(-1.5,-2.4,0.3));
#463 = LINE('',#464,#465);
#464 = CARTESIAN_POINT('',(-1.5,-1.35,0.3));
#465 = VECTOR('',#466,1.);
#466 = DIRECTION('',(-0.,1.,0.));
#467 = ORIENTED_EDGE('',*,*,#468,.F.);
#468 = EDGE_CURVE('',#469,#461,#471,.T.);
#469 = VERTEX_POINT('',#470);
#470 = CARTESIAN_POINT('',(-1.2,-2.4,0.3));
#471 = LINE('',#472,#473);
#472 = CARTESIAN_POINT('',(-0.75,-2.4,0.3));
#473 = VECTOR('',#474,1.);
#474 = DIRECTION('',(-1.,-0.,0.));
#475 = ORIENTED_EDGE('',*,*,#476,.F.);
#476 = EDGE_CURVE('',#451,#469,#477,.T.);
#477 = LINE('',#478,#479);
#478 = CARTESIAN_POINT('',(-1.2,-1.35,0.3));
#479 = VECTOR('',#480,1.);
#480 = DIRECTION('',(-0.,1.,0.));
#481 = FACE_BOUND('',#482,.T.);
#482 = EDGE_LOOP('',(#483,#493,#501,#509));
#483 = ORIENTED_EDGE('',*,*,#484,.T.);
#484 = EDGE_CURVE('',#485,#487,#489,.T.);
#485 = VERTEX_POINT('',#486);
#486 = CARTESIAN_POINT('',(-0.6,-3.3,0.3));
#487 = VERTEX_POINT('',#488);
#488 = CARTESIAN_POINT('',(-0.9,-3.3,0.3));
#489 = LINE('',#490,#491);
#490 = CARTESIAN_POINT('',(-0.45,-3.3,0.3));
#491 = VECTOR('',#492,1.);
#492 = DIRECTION('',(-1.,-0.,0.));
#493 = ORIENTED_EDGE('',*,*,#494,.T.);
#494 = EDGE_CURVE('',#487,#495,#497,.T.);
#495 = VERTEX_POINT('',#496);
#496 = CARTESIAN_POINT('',(-0.9,-3.,0.3));
#497 = LINE('',#498,#499);
#498 = CARTESIAN_POINT('',(-0.9,-1.65,0.3));
#499 = VECTOR('',#500,1.);
#500 = DIRECTION('',(-0.,1.,0.));
#501 = ORIENTED_EDGE('',*,*,#502,.F.);
#502 = EDGE_CURVE('',#503,#495,#505,.T.);
#503 = VERTEX_POINT('',#504);
#504 = CARTESIAN_POINT('',(-0.6,-3.,0.3));
#505 = LINE('',#506,#507);
#506 = CARTESIAN_POINT('',(-0.45,-3.,0.3));
#507 = VECTOR('',#508,1.);
#508 = DIRECTION('',(-1.,-0.,0.));
#509 = ORIENTED_EDGE('',*,*,#510,.F.);
#510 = EDGE_CURVE('',#485,#503,#511,.T.);
#511 = LINE('',#512,#513);
#512 = CARTESIAN_POINT('',(-0.6,-1.65,0.3));
#513 = VECTOR('',#514,1.);
#514 = DIRECTION('',(-0.,1.,0.));
#515 = FACE_BOUND('',#516,.T.);
#516 = EDGE_LOOP('',(#517,#527,#535,#543));
#517 = ORIENTED_EDGE('',*,*,#518,.T.);
#518 = EDGE_CURVE('',#519,#521,#523,.T.);
#519 = VERTEX_POINT('',#520);
#520 = CARTESIAN_POINT('',(2.775557561563E-16,-3.3,0.3));
#521 = VERTEX_POINT('',#522);
#522 = CARTESIAN_POINT('',(-0.3,-3.3,0.3));
#523 = LINE('',#524,#525);
#524 = CARTESIAN_POINT('',(-0.15,-3.3,0.3));
#525 = VECTOR('',#526,1.);
#526 = DIRECTION('',(-1.,-0.,0.));
#527 = ORIENTED_EDGE('',*,*,#528,.T.);
#528 = EDGE_CURVE('',#521,#529,#531,.T.);
#529 = VERTEX_POINT('',#530);
#530 = CARTESIAN_POINT('',(-0.3,-3.,0.3));
#531 = LINE('',#532,#533);
#532 = CARTESIAN_POINT('',(-0.3,-1.65,0.3));
#533 = VECTOR('',#534,1.);
#534 = DIRECTION('',(-0.,1.,0.));
#535 = ORIENTED_EDGE('',*,*,#536,.F.);
#536 = EDGE_CURVE('',#537,#529,#539,.T.);
#537 = VERTEX_POINT('',#538);
#538 = CARTESIAN_POINT('',(2.775557561563E-16,-3.,0.3));
#539 = LINE('',#540,#541);
#540 = CARTESIAN_POINT('',(-0.15,-3.,0.3));
#541 = VECTOR('',#542,1.);
#542 = DIRECTION('',(-1.,-0.,0.));
#543 = ORIENTED_EDGE('',*,*,#544,.F.);
#544 = EDGE_CURVE('',#519,#537,#545,.T.);
#545 = LINE('',#546,#547);
#546 = CARTESIAN_POINT('',(2.775557561563E-16,-1.65,0.3));
#547 = VECTOR('',#548,1.);
#548 = DIRECTION('',(-0.,1.,0.));
#549 = FACE_BOUND('',#550,.T.);
#550 = EDGE_LOOP('',(#551,#561,#569,#577));
#551 = ORIENTED_EDGE('',*,*,#552,.T.);
#552 = EDGE_CURVE('',#553,#555,#557,.T.);
#553 = VERTEX_POINT('',#554);
#554 = CARTESIAN_POINT('',(-0.6,-2.7,0.3));
#555 = VERTEX_POINT('',#556);
#556 = CARTESIAN_POINT('',(-0.9,-2.7,0.3));
#557 = LINE('',#558,#559);
#558 = CARTESIAN_POINT('',(-0.45,-2.7,0.3));
#559 = VECTOR('',#560,1.);
#560 = DIRECTION('',(-1.,-0.,0.));
#561 = ORIENTED_EDGE('',*,*,#562,.T.);
#562 = EDGE_CURVE('',#555,#563,#565,.T.);
#563 = VERTEX_POINT('',#564);
#564 = CARTESIAN_POINT('',(-0.9,-2.4,0.3));
#565 = LINE('',#566,#567);
#566 = CARTESIAN_POINT('',(-0.9,-1.35,0.3));
#567 = VECTOR('',#568,1.);
#568 = DIRECTION('',(-0.,1.,0.));
#569 = ORIENTED_EDGE('',*,*,#570,.F.);
#570 = EDGE_CURVE('',#571,#563,#573,.T.);
#571 = VERTEX_POINT('',#572);
#572 = CARTESIAN_POINT('',(-0.6,-2.4,0.3));
#573 = LINE('',#574,#575);
#574 = CARTESIAN_POINT('',(-0.45,-2.4,0.3));
#575 = VECTOR('',#576,1.);
#576 = DIRECTION('',(-1.,-0.,0.));
#577 = ORIENTED_EDGE('',*,*,#578,.F.);
#578 = EDGE_CURVE('',#553,#571,#579,.T.);
#579 = LINE('',#580,#581);
#580 = CARTESIAN_POINT('',(-0.6,-1.35,0.3));
#581 = VECTOR('',#582,1.);
#582 = DIRECTION('',(-0.,1.,0.));
#583 = FACE_BOUND('',#584,.T.);
#584 = EDGE_LOOP('',(#585,#595,#603,#611));
#585 = ORIENTED_EDGE('',*,*,#586,.T.);
#586 = EDGE_CURVE('',#587,#589,#591,.T.);
#587 = VERTEX_POINT('',#588);
#588 = CARTESIAN_POINT('',(2.775557561563E-16,-2.7,0.3));
#589 = VERTEX_POINT('',#590);
#590 = CARTESIAN_POINT('',(-0.3,-2.7,0.3));
#591 = LINE('',#592,#593);
#592 = CARTESIAN_POINT('',(-0.15,-2.7,0.3));
#593 = VECTOR('',#594,1.);
#594 = DIRECTION('',(-1.,-0.,0.));
#595 = ORIENTED_EDGE('',*,*,#596,.T.);
#596 = EDGE_CURVE('',#589,#597,#599,.T.);
#597 = VERTEX_POINT('',#598);
#598 = CARTESIAN_POINT('',(-0.3,-2.4,0.3));
#599 = LINE('',#600,#601);
#600 = CARTESIAN_POINT('',(-0.3,-1.35,0.3));
#601 = VECTOR('',#602,1.);
#602 = DIRECTION('',(-0.,1.,0.));
#603 = ORIENTED_EDGE('',*,*,#604,.F.);
#604 = EDGE_CURVE('',#605,#597,#607,.T.);
#605 = VERTEX_POINT('',#606);
#606 = CARTESIAN_POINT('',(2.775557561563E-16,-2.4,0.3));
#607 = LINE('',#608,#609);
#608 = CARTESIAN_POINT('',(-0.15,-2.4,0.3));
#609 = VECTOR('',#610,1.);
#610 = DIRECTION('',(-1.,-0.,0.));
#611 = ORIENTED_EDGE('',*,*,#612,.F.);
#612 = EDGE_CURVE('',#587,#605,#613,.T.);
#613 = LINE('',#614,#615);
#614 = CARTESIAN_POINT('',(2.775557561563E-16,-1.35,0.3));
#615 = VECTOR('',#616,1.);
#616 = DIRECTION('',(-0.,1.,0.));
#617 = FACE_BOUND('',#618,.T.);
#618 = EDGE_LOOP('',(#619,#629,#637,#645));
#619 = ORIENTED_EDGE('',*,*,#620,.T.);
#620 = EDGE_CURVE('',#621,#623,#625,.T.);
#621 = VERTEX_POINT('',#622);
#622 = CARTESIAN_POINT('',(-1.2,-2.1,0.3));
#623 = VERTEX_POINT('',#624);
#624 = CARTESIAN_POINT('',(-1.5,-2.1,0.3));
#625 = LINE('',#626,#627);
#626 = CARTESIAN_POINT('',(-0.75,-2.1,0.3));
#627 = VECTOR('',#628,1.);
#628 = DIRECTION('',(-1.,-0.,0.));
#629 = ORIENTED_EDGE('',*,*,#630,.T.);
#630 = EDGE_CURVE('',#623,#631,#633,.T.);
#631 = VERTEX_POINT('',#632);
#632 = CARTESIAN_POINT('',(-1.5,-1.8,0.3));
#633 = LINE('',#634,#635);
#634 = CARTESIAN_POINT('',(-1.5,-1.05,0.3));
#635 = VECTOR('',#636,1.);
#636 = DIRECTION('',(-0.,1.,0.));
#637 = ORIENTED_EDGE('',*,*,#638,.F.);
#638 = EDGE_CURVE('',#639,#631,#641,.T.);
#639 = VERTEX_POINT('',#640);
#640 = CARTESIAN_POINT('',(-1.2,-1.8,0.3));
#641 = LINE('',#642,#643);
#642 = CARTESIAN_POINT('',(-0.75,-1.8,0.3));
#643 = VECTOR('',#644,1.);
#644 = DIRECTION('',(-1.,-0.,0.));
#645 = ORIENTED_EDGE('',*,*,#646,.F.);
#646 = EDGE_CURVE('',#621,#639,#647,.T.);
#647 = LINE('',#648,#649);
#648 = CARTESIAN_POINT('',(-1.2,-1.05,0.3));
#649 = VECTOR('',#650,1.);
#650 = DIRECTION('',(-0.,1.,0.));
#651 = FACE_BOUND('',#652,.T.);
#652 = EDGE_LOOP('',(#653,#663,#671,#679));
#653 = ORIENTED_EDGE('',*,*,#654,.T.);
#654 = EDGE_CURVE('',#655,#657,#659,.T.);
#655 = VERTEX_POINT('',#656);
#656 = CARTESIAN_POINT('',(-0.6,-2.1,0.3));
#657 = VERTEX_POINT('',#658);
#658 = CARTESIAN_POINT('',(-0.9,-2.1,0.3));
#659 = LINE('',#660,#661);
#660 = CARTESIAN_POINT('',(-0.45,-2.1,0.3));
#661 = VECTOR('',#662,1.);
#662 = DIRECTION('',(-1.,-0.,0.));
#663 = ORIENTED_EDGE('',*,*,#664,.T.);
#664 = EDGE_CURVE('',#657,#665,#667,.T.);
#665 = VERTEX_POINT('',#666);
#666 = CARTESIAN_POINT('',(-0.9,-1.8,0.3));
#667 = LINE('',#668,#669);
#668 = CARTESIAN_POINT('',(-0.9,-1.05,0.3));
#669 = VECTOR('',#670,1.);
#670 = DIRECTION('',(-0.,1.,0.));
#671 = ORIENTED_EDGE('',*,*,#672,.F.);
#672 = EDGE_CURVE('',#673,#665,#675,.T.);
#673 = VERTEX_POINT('',#674);
#674 = CARTESIAN_POINT('',(-0.6,-1.8,0.3));
#675 = LINE('',#676,#677);
#676 = CARTESIAN_POINT('',(-0.45,-1.8,0.3));
#677 = VECTOR('',#678,1.);
#678 = DIRECTION('',(-1.,-0.,0.));
#679 = ORIENTED_EDGE('',*,*,#680,.F.);
#680 = EDGE_CURVE('',#655,#673,#681,.T.);
#681 = LINE('',#682,#683);
#682 = CARTESIAN_POINT('',(-0.6,-1.05,0.3));
#683 = VECTOR('',#684,1.);
#684 = DIRECTION('',(-0.,1.,0.));
#685 = FACE_BOUND('',#686,.T.);
#686 = EDGE_LOOP('',(#687,#697,#705,#713));
#687 = ORIENTED_EDGE('',*,*,#688,.T.);
#688 = EDGE_CURVE('',#689,#691,#693,.T.);
#689 = VERTEX_POINT('',#690);
#690 = CARTESIAN_POINT('',(2.775557561563E-16,-2.1,0.3));
#691 = VERTEX_POINT('',#692);
#692 = CARTESIAN_POINT('',(-0.3,-2.1,0.3));
#693 = LINE('',#694,#695);
#694 = CARTESIAN_POINT('',(-0.15,-2.1,0.3));
#695 = VECTOR('',#696,1.);
#696 = DIRECTION('',(-1.,-0.,0.));
#697 = ORIENTED_EDGE('',*,*,#698,.T.);
#698 = EDGE_CURVE('',#691,#699,#701,.T.);
#699 = VERTEX_POINT('',#700);
#700 = CARTESIAN_POINT('',(-0.3,-1.8,0.3));
#701 = LINE('',#702,#703);
#702 = CARTESIAN_POINT('',(-0.3,-1.05,0.3));
#703 = VECTOR('',#704,1.);
#704 = DIRECTION('',(-0.,1.,0.));
#705 = ORIENTED_EDGE('',*,*,#706,.F.);
#706 = EDGE_CURVE('',#707,#699,#709,.T.);
#707 = VERTEX_POINT('',#708);
#708 = CARTESIAN_POINT('',(2.775557561563E-16,-1.8,0.3));
#709 = LINE('',#710,#711);
#710 = CARTESIAN_POINT('',(-0.15,-1.8,0.3));
#711 = VECTOR('',#712,1.);
#712 = DIRECTION('',(-1.,-0.,0.));
#713 = ORIENTED_EDGE('',*,*,#714,.F.);
#714 = EDGE_CURVE('',#689,#707,#715,.T.);
#715 = LINE('',#716,#717);
#716 = CARTESIAN_POINT('',(2.775557561563E-16,-1.05,0.3));
#717 = VECTOR('',#718,1.);
#718 = DIRECTION('',(-0.,1.,0.));
#719 = FACE_BOUND('',#720,.T.);
#720 = EDGE_LOOP('',(#721,#731,#739,#747));
#721 = ORIENTED_EDGE('',*,*,#722,.T.);
#722 = EDGE_CURVE('',#723,#725,#727,.T.);
#723 = VERTEX_POINT('',#724);
#724 = CARTESIAN_POINT('',(-3.,-1.5,0.3));
#725 = VERTEX_POINT('',#726);
#726 = CARTESIAN_POINT('',(-3.3,-1.5,0.3));
#727 = LINE('',#728,#729);
#728 = CARTESIAN_POINT('',(-1.65,-1.5,0.3));
#729 = VECTOR('',#730,1.);
#730 = DIRECTION('',(-1.,-0.,0.));
#731 = ORIENTED_EDGE('',*,*,#732,.T.);
#732 = EDGE_CURVE('',#725,#733,#735,.T.);
#733 = VERTEX_POINT('',#734);
#734 = CARTESIAN_POINT('',(-3.3,-1.2,0.3));
#735 = LINE('',#736,#737);
#736 = CARTESIAN_POINT('',(-3.3,-0.75,0.3));
#737 = VECTOR('',#738,1.);
#738 = DIRECTION('',(-0.,1.,0.));
#739 = ORIENTED_EDGE('',*,*,#740,.F.);
#740 = EDGE_CURVE('',#741,#733,#743,.T.);
#741 = VERTEX_POINT('',#742);
#742 = CARTESIAN_POINT('',(-3.,-1.2,0.3));
#743 = LINE('',#744,#745);
#744 = CARTESIAN_POINT('',(-1.65,-1.2,0.3));
#745 = VECTOR('',#746,1.);
#746 = DIRECTION('',(-1.,-0.,0.));
#747 = ORIENTED_EDGE('',*,*,#748,.F.);
#748 = EDGE_CURVE('',#723,#741,#749,.T.);
#749 = LINE('',#750,#751);
#750 = CARTESIAN_POINT('',(-3.,-0.75,0.3));
#751 = VECTOR('',#752,1.);
#752 = DIRECTION('',(-0.,1.,0.));
#753 = FACE_BOUND('',#754,.T.);
#754 = EDGE_LOOP('',(#755,#765,#773,#781));
#755 = ORIENTED_EDGE('',*,*,#756,.T.);
#756 = EDGE_CURVE('',#757,#759,#761,.T.);
#757 = VERTEX_POINT('',#758);
#758 = CARTESIAN_POINT('',(-2.4,-1.5,0.3));
#759 = VERTEX_POINT('',#760);
#760 = CARTESIAN_POINT('',(-2.7,-1.5,0.3));
#761 = LINE('',#762,#763);
#762 = CARTESIAN_POINT('',(-1.35,-1.5,0.3));
#763 = VECTOR('',#764,1.);
#764 = DIRECTION('',(-1.,-0.,0.));
#765 = ORIENTED_EDGE('',*,*,#766,.T.);
#766 = EDGE_CURVE('',#759,#767,#769,.T.);
#767 = VERTEX_POINT('',#768);
#768 = CARTESIAN_POINT('',(-2.7,-1.2,0.3));
#769 = LINE('',#770,#771);
#770 = CARTESIAN_POINT('',(-2.7,-0.75,0.3));
#771 = VECTOR('',#772,1.);
#772 = DIRECTION('',(-0.,1.,0.));
#773 = ORIENTED_EDGE('',*,*,#774,.F.);
#774 = EDGE_CURVE('',#775,#767,#777,.T.);
#775 = VERTEX_POINT('',#776);
#776 = CARTESIAN_POINT('',(-2.4,-1.2,0.3));
#777 = LINE('',#778,#779);
#778 = CARTESIAN_POINT('',(-1.35,-1.2,0.3));
#779 = VECTOR('',#780,1.);
#780 = DIRECTION('',(-1.,-0.,0.));
#781 = ORIENTED_EDGE('',*,*,#782,.F.);
#782 = EDGE_CURVE('',#757,#775,#783,.T.);
#783 = LINE('',#784,#785);
#784 = CARTESIAN_POINT('',(-2.4,-0.75,0.3));
#785 = VECTOR('',#786,1.);
#786 = DIRECTION('',(-0.,1.,0.));
#787 = FACE_BOUND('',#788,.T.);
#788 = EDGE_LOOP('',(#789,#799,#807,#815));
#789 = ORIENTED_EDGE('',*,*,#790,.T.);
#790 = EDGE_CURVE('',#791,#793,#795,.T.);
#791 = VERTEX_POINT('',#792);
#792 = CARTESIAN_POINT('',(-1.8,-1.5,0.3));
#793 = VERTEX_POINT('',#794);
#794 = CARTESIAN_POINT('',(-2.1,-1.5,0.3));
#795 = LINE('',#796,#797);
#796 = CARTESIAN_POINT('',(-1.05,-1.5,0.3));
#797 = VECTOR('',#798,1.);
#798 = DIRECTION('',(-1.,-0.,0.));
#799 = ORIENTED_EDGE('',*,*,#800,.T.);
#800 = EDGE_CURVE('',#793,#801,#803,.T.);
#801 = VERTEX_POINT('',#802);
#802 = CARTESIAN_POINT('',(-2.1,-1.2,0.3));
#803 = LINE('',#804,#805);
#804 = CARTESIAN_POINT('',(-2.1,-0.75,0.3));
#805 = VECTOR('',#806,1.);
#806 = DIRECTION('',(-0.,1.,0.));
#807 = ORIENTED_EDGE('',*,*,#808,.F.);
#808 = EDGE_CURVE('',#809,#801,#811,.T.);
#809 = VERTEX_POINT('',#810);
#810 = CARTESIAN_POINT('',(-1.8,-1.2,0.3));
#811 = LINE('',#812,#813);
#812 = CARTESIAN_POINT('',(-1.05,-1.2,0.3));
#813 = VECTOR('',#814,1.);
#814 = DIRECTION('',(-1.,-0.,0.));
#815 = ORIENTED_EDGE('',*,*,#816,.F.);
#816 = EDGE_CURVE('',#791,#809,#817,.T.);
#817 = LINE('',#818,#819);
#818 = CARTESIAN_POINT('',(-1.8,-0.75,0.3));
#819 = VECTOR('',#820,1.);
#820 = DIRECTION('',(-0.,1.,0.));
#821 = FACE_BOUND('',#822,.T.);
#822 = EDGE_LOOP('',(#823,#833,#841,#849));
#823 = ORIENTED_EDGE('',*,*,#824,.T.);
#824 = EDGE_CURVE('',#825,#827,#829,.T.);
#825 = VERTEX_POINT('',#826);
#826 = CARTESIAN_POINT('',(-3.,-0.9,0.3));
#827 = VERTEX_POINT('',#828);
#828 = CARTESIAN_POINT('',(-3.3,-0.9,0.3));
#829 = LINE('',#830,#831);
#830 = CARTESIAN_POINT('',(-1.65,-0.9,0.3));
#831 = VECTOR('',#832,1.);
#832 = DIRECTION('',(-1.,-0.,0.));
#833 = ORIENTED_EDGE('',*,*,#834,.T.);
#834 = EDGE_CURVE('',#827,#835,#837,.T.);
#835 = VERTEX_POINT('',#836);
#836 = CARTESIAN_POINT('',(-3.3,-0.6,0.3));
#837 = LINE('',#838,#839);
#838 = CARTESIAN_POINT('',(-3.3,-0.45,0.3));
#839 = VECTOR('',#840,1.);
#840 = DIRECTION('',(-0.,1.,0.));
#841 = ORIENTED_EDGE('',*,*,#842,.F.);
#842 = EDGE_CURVE('',#843,#835,#845,.T.);
#843 = VERTEX_POINT('',#844);
#844 = CARTESIAN_POINT('',(-3.,-0.6,0.3));
#845 = LINE('',#846,#847);
#846 = CARTESIAN_POINT('',(-1.65,-0.6,0.3));
#847 = VECTOR('',#848,1.);
#848 = DIRECTION('',(-1.,-0.,0.));
#849 = ORIENTED_EDGE('',*,*,#850,.F.);
#850 = EDGE_CURVE('',#825,#843,#851,.T.);
#851 = LINE('',#852,#853);
#852 = CARTESIAN_POINT('',(-3.,-0.45,0.3));
#853 = VECTOR('',#854,1.);
#854 = DIRECTION('',(-0.,1.,0.));
#855 = FACE_BOUND('',#856,.T.);
#856 = EDGE_LOOP('',(#857,#867,#875,#883));
#857 = ORIENTED_EDGE('',*,*,#858,.T.);
#858 = EDGE_CURVE('',#859,#861,#863,.T.);
#859 = VERTEX_POINT('',#860);
#860 = CARTESIAN_POINT('',(-2.4,-0.9,0.3));
#861 = VERTEX_POINT('',#862);
#862 = CARTESIAN_POINT('',(-2.7,-0.9,0.3));
#863 = LINE('',#864,#865);
#864 = CARTESIAN_POINT('',(-1.35,-0.9,0.3));
#865 = VECTOR('',#866,1.);
#866 = DIRECTION('',(-1.,-0.,0.));
#867 = ORIENTED_EDGE('',*,*,#868,.T.);
#868 = EDGE_CURVE('',#861,#869,#871,.T.);
#869 = VERTEX_POINT('',#870);
#870 = CARTESIAN_POINT('',(-2.7,-0.6,0.3));
#871 = LINE('',#872,#873);
#872 = CARTESIAN_POINT('',(-2.7,-0.45,0.3));
#873 = VECTOR('',#874,1.);
#874 = DIRECTION('',(-0.,1.,0.));
#875 = ORIENTED_EDGE('',*,*,#876,.F.);
#876 = EDGE_CURVE('',#877,#869,#879,.T.);
#877 = VERTEX_POINT('',#878);
#878 = CARTESIAN_POINT('',(-2.4,-0.6,0.3));
#879 = LINE('',#880,#881);
#880 = CARTESIAN_POINT('',(-1.35,-0.6,0.3));
#881 = VECTOR('',#882,1.);
#882 = DIRECTION('',(-1.,-0.,0.));
#883 = ORIENTED_EDGE('',*,*,#884,.F.);
#884 = EDGE_CURVE('',#859,#877,#885,.T.);
#885 = LINE('',#886,#887);
#886 = CARTESIAN_POINT('',(-2.4,-0.45,0.3));
#887 = VECTOR('',#888,1.);
#888 = DIRECTION('',(-0.,1.,0.));
#889 = FACE_BOUND('',#890,.T.);
#890 = EDGE_LOOP('',(#891,#901,#909,#917));
#891 = ORIENTED_EDGE('',*,*,#892,.T.);
#892 = EDGE_CURVE('',#893,#895,#897,.T.);
#893 = VERTEX_POINT('',#894);
#894 = CARTESIAN_POINT('',(-3.,-0.3,0.3));
#895 = VERTEX_POINT('',#896);
#896 = CARTESIAN_POINT('',(-3.3,-0.3,0.3));
#897 = LINE('',#898,#899);
#898 = CARTESIAN_POINT('',(-1.65,-0.3,0.3));
#899 = VECTOR('',#900,1.);
#900 = DIRECTION('',(-1.,-0.,0.));
#901 = ORIENTED_EDGE('',*,*,#902,.T.);
#902 = EDGE_CURVE('',#895,#903,#905,.T.);
#903 = VERTEX_POINT('',#904);
#904 = CARTESIAN_POINT('',(-3.3,2.775557561563E-16,0.3));
#905 = LINE('',#906,#907);
#906 = CARTESIAN_POINT('',(-3.3,-0.15,0.3));
#907 = VECTOR('',#908,1.);
#908 = DIRECTION('',(-0.,1.,0.));
#909 = ORIENTED_EDGE('',*,*,#910,.F.);
#910 = EDGE_CURVE('',#911,#903,#913,.T.);
#911 = VERTEX_POINT('',#912);
#912 = CARTESIAN_POINT('',(-3.,2.775557561563E-16,0.3));
#913 = LINE('',#914,#915);
#914 = CARTESIAN_POINT('',(-1.65,2.775557561563E-16,0.3));
#915 = VECTOR('',#916,1.);
#916 = DIRECTION('',(-1.,-0.,0.));
#917 = ORIENTED_EDGE('',*,*,#918,.F.);
#918 = EDGE_CURVE('',#893,#911,#919,.T.);
#919 = LINE('',#920,#921);
#920 = CARTESIAN_POINT('',(-3.,-0.15,0.3));
#921 = VECTOR('',#922,1.);
#922 = DIRECTION('',(-0.,1.,0.));
#923 = FACE_BOUND('',#924,.T.);
#924 = EDGE_LOOP('',(#925,#935,#943,#951));
#925 = ORIENTED_EDGE('',*,*,#926,.T.);
#926 = EDGE_CURVE('',#927,#929,#931,.T.);
#927 = VERTEX_POINT('',#928);
#928 = CARTESIAN_POINT('',(-2.4,-0.3,0.3));
#929 = VERTEX_POINT('',#930);
#930 = CARTESIAN_POINT('',(-2.7,-0.3,0.3));
#931 = LINE('',#932,#933);
#932 = CARTESIAN_POINT('',(-1.35,-0.3,0.3));
#933 = VECTOR('',#934,1.);
#934 = DIRECTION('',(-1.,-0.,0.));
#935 = ORIENTED_EDGE('',*,*,#936,.T.);
#936 = EDGE_CURVE('',#929,#937,#939,.T.);
#937 = VERTEX_POINT('',#938);
#938 = CARTESIAN_POINT('',(-2.7,2.775557561563E-16,0.3));
#939 = LINE('',#940,#941);
#940 = CARTESIAN_POINT('',(-2.7,-0.15,0.3));
#941 = VECTOR('',#942,1.);
#942 = DIRECTION('',(-0.,1.,0.));
#943 = ORIENTED_EDGE('',*,*,#944,.F.);
#944 = EDGE_CURVE('',#945,#937,#947,.T.);
#945 = VERTEX_POINT('',#946);
#946 = CARTESIAN_POINT('',(-2.4,2.775557561563E-16,0.3));
#947 = LINE('',#948,#949);
#948 = CARTESIAN_POINT('',(-1.35,2.775557561563E-16,0.3));
#949 = VECTOR('',#950,1.);
#950 = DIRECTION('',(-1.,-0.,0.));
#951 = ORIENTED_EDGE('',*,*,#952,.F.);
#952 = EDGE_CURVE('',#927,#945,#953,.T.);
#953 = LINE('',#954,#955);
#954 = CARTESIAN_POINT('',(-2.4,-0.15,0.3));
#955 = VECTOR('',#956,1.);
#956 = DIRECTION('',(-0.,1.,0.));
#957 = FACE_BOUND('',#958,.T.);
#958 = EDGE_LOOP('',(#959,#969,#977,#985));
#959 = ORIENTED_EDGE('',*,*,#960,.T.);
#960 = EDGE_CURVE('',#961,#963,#965,.T.);
#961 = VERTEX_POINT('',#962);
#962 = CARTESIAN_POINT('',(-1.8,-0.9,0.3));
#963 = VERTEX_POINT('',#964);
#964 = CARTESIAN_POINT('',(-2.1,-0.9,0.3));
#965 = LINE('',#966,#967);
#966 = CARTESIAN_POINT('',(-1.05,-0.9,0.3));
#967 = VECTOR('',#968,1.);
#968 = DIRECTION('',(-1.,-0.,0.));
#969 = ORIENTED_EDGE('',*,*,#970,.T.);
#970 = EDGE_CURVE('',#963,#971,#973,.T.);
#971 = VERTEX_POINT('',#972);
#972 = CARTESIAN_POINT('',(-2.1,-0.6,0.3));
#973 = LINE('',#974,#975);
#974 = CARTESIAN_POINT('',(-2.1,-0.45,0.3));
#975 = VECTOR('',#976,1.);
#976 = DIRECTION('',(-0.,1.,0.));
#977 = ORIENTED_EDGE('',*,*,#978,.F.);
#978 = EDGE_CURVE('',#979,#971,#981,.T.);
#979 = VERTEX_POINT('',#980);
#980 = CARTESIAN_POINT('',(-1.8,-0.6,0.3));
#981 = LINE('',#982,#983);
#982 = CARTESIAN_POINT('',(-1.05,-0.6,0.3));
#983 = VECTOR('',#984,1.);
#984 = DIRECTION('',(-1.,-0.,0.));
#985 = ORIENTED_EDGE('',*,*,#986,.F.);
#986 = EDGE_CURVE('',#961,#979,#987,.T.);
#987 = LINE('',#988,#989);
#988 = CARTESIAN_POINT('',(-1.8,-0.45,0.3));
#989 = VECTOR('',#990,1.);
#990 = DIRECTION('',(-0.,1.,0.));
#991 = FACE_BOUND('',#992,.T.);
#992 = EDGE_LOOP('',(#993,#1003,#1011,#1019));
#993 = ORIENTED_EDGE('',*,*,#994,.T.);
#994 = EDGE_CURVE('',#995,#997,#999,.T.);
#995 = VERTEX_POINT('',#996);
#996 = CARTESIAN_POINT('',(-1.8,-0.3,0.3));
#997 = VERTEX_POINT('',#998);
#998 = CARTESIAN_POINT('',(-2.1,-0.3,0.3));
#999 = LINE('',#1000,#1001);
#1000 = CARTESIAN_POINT('',(-1.05,-0.3,0.3));
#1001 = VECTOR('',#1002,1.);
#1002 = DIRECTION('',(-1.,-0.,0.));
#1003 = ORIENTED_EDGE('',*,*,#1004,.T.);
#1004 = EDGE_CURVE('',#997,#1005,#1007,.T.);
#1005 = VERTEX_POINT('',#1006);
#1006 = CARTESIAN_POINT('',(-2.1,2.775557561563E-16,0.3));
#1007 = LINE('',#1008,#1009);
#1008 = CARTESIAN_POINT('',(-2.1,-0.15,0.3));
#1009 = VECTOR('',#1010,1.);
#1010 = DIRECTION('',(-0.,1.,0.));
#1011 = ORIENTED_EDGE('',*,*,#1012,.F.);
#1012 = EDGE_CURVE('',#1013,#1005,#1015,.T.);
#1013 = VERTEX_POINT('',#1014);
#1014 = CARTESIAN_POINT('',(-1.8,2.775557561563E-16,0.3));
#1015 = LINE('',#1016,#1017);
#1016 = CARTESIAN_POINT('',(-1.05,2.775557561563E-16,0.3));
#1017 = VECTOR('',#1018,1.);
#1018 = DIRECTION('',(-1.,-0.,0.));
#1019 = ORIENTED_EDGE('',*,*,#1020,.F.);
#1020 = EDGE_CURVE('',#995,#1013,#1021,.T.);
#1021 = LINE('',#1022,#1023);
#1022 = CARTESIAN_POINT('',(-1.8,-0.15,0.3));
#1023 = VECTOR('',#1024,1.);
#1024 = DIRECTION('',(-0.,1.,0.));
#1025 = FACE_BOUND('',#1026,.T.);
#1026 = EDGE_LOOP('',(#1027,#1037,#1045,#1053));
#1027 = ORIENTED_EDGE('',*,*,#1028,.T.);
#1028 = EDGE_CURVE('',#1029,#1031,#1033,.T.);
#1029 = VERTEX_POINT('',#1030);
#1030 = CARTESIAN_POINT('',(-1.2,-1.5,0.3));
#1031 = VERTEX_POINT('',#1032);
#1032 = CARTESIAN_POINT('',(-1.5,-1.5,0.3));
#1033 = LINE('',#1034,#1035);
#1034 = CARTESIAN_POINT('',(-0.75,-1.5,0.3));
#1035 = VECTOR('',#1036,1.);
#1036 = DIRECTION('',(-1.,-0.,0.));
#1037 = ORIENTED_EDGE('',*,*,#1038,.T.);
#1038 = EDGE_CURVE('',#1031,#1039,#1041,.T.);
#1039 = VERTEX_POINT('',#1040);
#1040 = CARTESIAN_POINT('',(-1.5,-1.2,0.3));
#1041 = LINE('',#1042,#1043);
#1042 = CARTESIAN_POINT('',(-1.5,-0.75,0.3));
#1043 = VECTOR('',#1044,1.);
#1044 = DIRECTION('',(-0.,1.,0.));
#1045 = ORIENTED_EDGE('',*,*,#1046,.F.);
#1046 = EDGE_CURVE('',#1047,#1039,#1049,.T.);
#1047 = VERTEX_POINT('',#1048);
#1048 = CARTESIAN_POINT('',(-1.2,-1.2,0.3));
#1049 = LINE('',#1050,#1051);
#1050 = CARTESIAN_POINT('',(-0.75,-1.2,0.3));
#1051 = VECTOR('',#1052,1.);
#1052 = DIRECTION('',(-1.,-0.,0.));
#1053 = ORIENTED_EDGE('',*,*,#1054,.F.);
#1054 = EDGE_CURVE('',#1029,#1047,#1055,.T.);
#1055 = LINE('',#1056,#1057);
#1056 = CARTESIAN_POINT('',(-1.2,-0.75,0.3));
#1057 = VECTOR('',#1058,1.);
#1058 = DIRECTION('',(-0.,1.,0.));
#1059 = FACE_BOUND('',#1060,.T.);
#1060 = EDGE_LOOP('',(#1061,#1071,#1079,#1087));
#1061 = ORIENTED_EDGE('',*,*,#1062,.T.);
#1062 = EDGE_CURVE('',#1063,#1065,#1067,.T.);
#1063 = VERTEX_POINT('',#1064);
#1064 = CARTESIAN_POINT('',(-0.6,-1.5,0.3));
#1065 = VERTEX_POINT('',#1066);
#1066 = CARTESIAN_POINT('',(-0.9,-1.5,0.3));
#1067 = LINE('',#1068,#1069);
#1068 = CARTESIAN_POINT('',(-0.45,-1.5,0.3));
#1069 = VECTOR('',#1070,1.);
#1070 = DIRECTION('',(-1.,-0.,0.));
#1071 = ORIENTED_EDGE('',*,*,#1072,.T.);
#1072 = EDGE_CURVE('',#1065,#1073,#1075,.T.);
#1073 = VERTEX_POINT('',#1074);
#1074 = CARTESIAN_POINT('',(-0.9,-1.2,0.3));
#1075 = LINE('',#1076,#1077);
#1076 = CARTESIAN_POINT('',(-0.9,-0.75,0.3));
#1077 = VECTOR('',#1078,1.);
#1078 = DIRECTION('',(-0.,1.,0.));
#1079 = ORIENTED_EDGE('',*,*,#1080,.F.);
#1080 = EDGE_CURVE('',#1081,#1073,#1083,.T.);
#1081 = VERTEX_POINT('',#1082);
#1082 = CARTESIAN_POINT('',(-0.6,-1.2,0.3));
#1083 = LINE('',#1084,#1085);
#1084 = CARTESIAN_POINT('',(-0.45,-1.2,0.3));
#1085 = VECTOR('',#1086,1.);
#1086 = DIRECTION('',(-1.,-0.,0.));
#1087 = ORIENTED_EDGE('',*,*,#1088,.F.);
#1088 = EDGE_CURVE('',#1063,#1081,#1089,.T.);
#1089 = LINE('',#1090,#1091);
#1090 = CARTESIAN_POINT('',(-0.6,-0.75,0.3));
#1091 = VECTOR('',#1092,1.);
#1092 = DIRECTION('',(-0.,1.,0.));
#1093 = FACE_BOUND('',#1094,.T.);
#1094 = EDGE_LOOP('',(#1095,#1105,#1113,#1121));
#1095 = ORIENTED_EDGE('',*,*,#1096,.T.);
#1096 = EDGE_CURVE('',#1097,#1099,#1101,.T.);
#1097 = VERTEX_POINT('',#1098);
#1098 = CARTESIAN_POINT('',(2.775557561563E-16,-1.5,0.3));
#1099 = VERTEX_POINT('',#1100);
#1100 = CARTESIAN_POINT('',(-0.3,-1.5,0.3));
#1101 = LINE('',#1102,#1103);
#1102 = CARTESIAN_POINT('',(-0.15,-1.5,0.3));
#1103 = VECTOR('',#1104,1.);
#1104 = DIRECTION('',(-1.,-0.,0.));
#1105 = ORIENTED_EDGE('',*,*,#1106,.T.);
#1106 = EDGE_CURVE('',#1099,#1107,#1109,.T.);
#1107 = VERTEX_POINT('',#1108);
#1108 = CARTESIAN_POINT('',(-0.3,-1.2,0.3));
#1109 = LINE('',#1110,#1111);
#1110 = CARTESIAN_POINT('',(-0.3,-0.75,0.3));
#1111 = VECTOR('',#1112,1.);
#1112 = DIRECTION('',(-0.,1.,0.));
#1113 = ORIENTED_EDGE('',*,*,#1114,.F.);
#1114 = EDGE_CURVE('',#1115,#1107,#1117,.T.);
#1115 = VERTEX_POINT('',#1116);
#1116 = CARTESIAN_POINT('',(2.775557561563E-16,-1.2,0.3));
#1117 = LINE('',#1118,#1119);
#1118 = CARTESIAN_POINT('',(-0.15,-1.2,0.3));
#1119 = VECTOR('',#1120,1.);
#1120 = DIRECTION('',(-1.,-0.,0.));
#1121 = ORIENTED_EDGE('',*,*,#1122,.F.);
#1122 = EDGE_CURVE('',#1097,#1115,#1123,.T.);
#1123 = LINE('',#1124,#1125);
#1124 = CARTESIAN_POINT('',(2.775557561563E-16,-0.75,0.3));
#1125 = VECTOR('',#1126,1.);
#1126 = DIRECTION('',(-0.,1.,0.));
#1127 = FACE_BOUND('',#1128,.T.);
#1128 = EDGE_LOOP('',(#1129,#1139,#1147,#1155));
#1129 = ORIENTED_EDGE('',*,*,#1130,.T.);
#1130 = EDGE_CURVE('',#1131,#1133,#1135,.T.);
#1131 = VERTEX_POINT('',#1132);
#1132 = CARTESIAN_POINT('',(-1.2,-0.9,0.3));
#1133 = VERTEX_POINT('',#1134);
#1134 = CARTESIAN_POINT('',(-1.5,-0.9,0.3));
#1135 = LINE('',#1136,#1137);
#1136 = CARTESIAN_POINT('',(-0.75,-0.9,0.3));
#1137 = VECTOR('',#1138,1.);
#1138 = DIRECTION('',(-1.,-0.,0.));
#1139 = ORIENTED_EDGE('',*,*,#1140,.T.);
#1140 = EDGE_CURVE('',#1133,#1141,#1143,.T.);
#1141 = VERTEX_POINT('',#1142);
#1142 = CARTESIAN_POINT('',(-1.5,-0.6,0.3));
#1143 = LINE('',#1144,#1145);
#1144 = CARTESIAN_POINT('',(-1.5,-0.45,0.3));
#1145 = VECTOR('',#1146,1.);
#1146 = DIRECTION('',(-0.,1.,0.));
#1147 = ORIENTED_EDGE('',*,*,#1148,.F.);
#1148 = EDGE_CURVE('',#1149,#1141,#1151,.T.);
#1149 = VERTEX_POINT('',#1150);
#1150 = CARTESIAN_POINT('',(-1.2,-0.6,0.3));
#1151 = LINE('',#1152,#1153);
#1152 = CARTESIAN_POINT('',(-0.75,-0.6,0.3));
#1153 = VECTOR('',#1154,1.);
#1154 = DIRECTION('',(-1.,-0.,0.));
#1155 = ORIENTED_EDGE('',*,*,#1156,.F.);
#1156 = EDGE_CURVE('',#1131,#1149,#1157,.T.);
#1157 = LINE('',#1158,#1159);
#1158 = CARTESIAN_POINT('',(-1.2,-0.45,0.3));
#1159 = VECTOR('',#1160,1.);
#1160 = DIRECTION('',(-0.,1.,0.));
#1161 = FACE_BOUND('',#1162,.T.);
#1162 = EDGE_LOOP('',(#1163,#1173,#1181,#1189));
#1163 = ORIENTED_EDGE('',*,*,#1164,.T.);
#1164 = EDGE_CURVE('',#1165,#1167,#1169,.T.);
#1165 = VERTEX_POINT('',#1166);
#1166 = CARTESIAN_POINT('',(-1.2,-0.3,0.3));
#1167 = VERTEX_POINT('',#1168);
#1168 = CARTESIAN_POINT('',(-1.5,-0.3,0.3));
#1169 = LINE('',#1170,#1171);
#1170 = CARTESIAN_POINT('',(-0.75,-0.3,0.3));
#1171 = VECTOR('',#1172,1.);
#1172 = DIRECTION('',(-1.,-0.,0.));
#1173 = ORIENTED_EDGE('',*,*,#1174,.T.);
#1174 = EDGE_CURVE('',#1167,#1175,#1177,.T.);
#1175 = VERTEX_POINT('',#1176);
#1176 = CARTESIAN_POINT('',(-1.5,2.775557561563E-16,0.3));
#1177 = LINE('',#1178,#1179);
#1178 = CARTESIAN_POINT('',(-1.5,-0.15,0.3));
#1179 = VECTOR('',#1180,1.);
#1180 = DIRECTION('',(-0.,1.,0.));
#1181 = ORIENTED_EDGE('',*,*,#1182,.F.);
#1182 = EDGE_CURVE('',#1183,#1175,#1185,.T.);
#1183 = VERTEX_POINT('',#1184);
#1184 = CARTESIAN_POINT('',(-1.2,2.775557561563E-16,0.3));
#1185 = LINE('',#1186,#1187);
#1186 = CARTESIAN_POINT('',(-0.75,2.775557561563E-16,0.3));
#1187 = VECTOR('',#1188,1.);
#1188 = DIRECTION('',(-1.,-0.,0.));
#1189 = ORIENTED_EDGE('',*,*,#1190,.F.);
#1190 = EDGE_CURVE('',#1165,#1183,#1191,.T.);
#1191 = LINE('',#1192,#1193);
#1192 = CARTESIAN_POINT('',(-1.2,-0.15,0.3));
#1193 = VECTOR('',#1194,1.);
#1194 = DIRECTION('',(-0.,1.,0.));
#1195 = FACE_BOUND('',#1196,.T.);
#1196 = EDGE_LOOP('',(#1197,#1207,#1215,#1223));
#1197 = ORIENTED_EDGE('',*,*,#1198,.T.);
#1198 = EDGE_CURVE('',#1199,#1201,#1203,.T.);
#1199 = VERTEX_POINT('',#1200);
#1200 = CARTESIAN_POINT('',(-0.6,-0.9,0.3));
#1201 = VERTEX_POINT('',#1202);
#1202 = CARTESIAN_POINT('',(-0.9,-0.9,0.3));
#1203 = LINE('',#1204,#1205);
#1204 = CARTESIAN_POINT('',(-0.45,-0.9,0.3));
#1205 = VECTOR('',#1206,1.);
#1206 = DIRECTION('',(-1.,-0.,0.));
#1207 = ORIENTED_EDGE('',*,*,#1208,.T.);
#1208 = EDGE_CURVE('',#1201,#1209,#1211,.T.);
#1209 = VERTEX_POINT('',#1210);
#1210 = CARTESIAN_POINT('',(-0.9,-0.6,0.3));
#1211 = LINE('',#1212,#1213);
#1212 = CARTESIAN_POINT('',(-0.9,-0.45,0.3));
#1213 = VECTOR('',#1214,1.);
#1214 = DIRECTION('',(-0.,1.,0.));
#1215 = ORIENTED_EDGE('',*,*,#1216,.F.);
#1216 = EDGE_CURVE('',#1217,#1209,#1219,.T.);
#1217 = VERTEX_POINT('',#1218);
#1218 = CARTESIAN_POINT('',(-0.6,-0.6,0.3));
#1219 = LINE('',#1220,#1221);
#1220 = CARTESIAN_POINT('',(-0.45,-0.6,0.3));
#1221 = VECTOR('',#1222,1.);
#1222 = DIRECTION('',(-1.,-0.,0.));
#1223 = ORIENTED_EDGE('',*,*,#1224,.F.);
#1224 = EDGE_CURVE('',#1199,#1217,#1225,.T.);
#1225 = LINE('',#1226,#1227);
#1226 = CARTESIAN_POINT('',(-0.6,-0.45,0.3));
#1227 = VECTOR('',#1228,1.);
#1228 = DIRECTION('',(-0.,1.,0.));
#1229 = FACE_BOUND('',#1230,.T.);
#1230 = EDGE_LOOP('',(#1231,#1241,#1249,#1257));
#1231 = ORIENTED_EDGE('',*,*,#1232,.T.);
#1232 = EDGE_CURVE('',#1233,#1235,#1237,.T.);
#1233 = VERTEX_POINT('',#1234);
#1234 = CARTESIAN_POINT('',(2.775557561563E-16,-0.9,0.3));
#1235 = VERTEX_POINT('',#1236);
#1236 = CARTESIAN_POINT('',(-0.3,-0.9,0.3));
#1237 = LINE('',#1238,#1239);
#1238 = CARTESIAN_POINT('',(-0.15,-0.9,0.3));
#1239 = VECTOR('',#1240,1.);
#1240 = DIRECTION('',(-1.,-0.,0.));
#1241 = ORIENTED_EDGE('',*,*,#1242,.T.);
#1242 = EDGE_CURVE('',#1235,#1243,#1245,.T.);
#1243 = VERTEX_POINT('',#1244);
#1244 = CARTESIAN_POINT('',(-0.3,-0.6,0.3));
#1245 = LINE('',#1246,#1247);
#1246 = CARTESIAN_POINT('',(-0.3,-0.45,0.3));
#1247 = VECTOR('',#1248,1.);
#1248 = DIRECTION('',(-0.,1.,0.));
#1249 = ORIENTED_EDGE('',*,*,#1250,.F.);
#1250 = EDGE_CURVE('',#1251,#1243,#1253,.T.);
#1251 = VERTEX_POINT('',#1252);
#1252 = CARTESIAN_POINT('',(2.775557561563E-16,-0.6,0.3));
#1253 = LINE('',#1254,#1255);
#1254 = CARTESIAN_POINT('',(-0.15,-0.6,0.3));
#1255 = VECTOR('',#1256,1.);
#1256 = DIRECTION('',(-1.,-0.,0.));
#1257 = ORIENTED_EDGE('',*,*,#1258,.F.);
#1258 = EDGE_CURVE('',#1233,#1251,#1259,.T.);
#1259 = LINE('',#1260,#1261);
#1260 = CARTESIAN_POINT('',(2.775557561563E-16,-0.45,0.3));
#1261 = VECTOR('',#1262,1.);
#1262 = DIRECTION('',(-0.,1.,0.));
#1263 = FACE_BOUND('',#1264,.T.);
#1264 = EDGE_LOOP('',(#1265,#1275,#1283,#1291));
#1265 = ORIENTED_EDGE('',*,*,#1266,.T.);
#1266 = EDGE_CURVE('',#1267,#1269,#1271,.T.);
#1267 = VERTEX_POINT('',#1268);
#1268 = CARTESIAN_POINT('',(-0.6,-0.3,0.3));
#1269 = VERTEX_POINT('',#1270);
#1270 = CARTESIAN_POINT('',(-0.9,-0.3,0.3));
#1271 = LINE('',#1272,#1273);
#1272 = CARTESIAN_POINT('',(-0.45,-0.3,0.3));
#1273 = VECTOR('',#1274,1.);
#1274 = DIRECTION('',(-1.,-0.,0.));
#1275 = ORIENTED_EDGE('',*,*,#1276,.T.);
#1276 = EDGE_CURVE('',#1269,#1277,#1279,.T.);
#1277 = VERTEX_POINT('',#1278);
#1278 = CARTESIAN_POINT('',(-0.9,2.775557561563E-16,0.3));
#1279 = LINE('',#1280,#1281);
#1280 = CARTESIAN_POINT('',(-0.9,-0.15,0.3));
#1281 = VECTOR('',#1282,1.);
#1282 = DIRECTION('',(-0.,1.,0.));
#1283 = ORIENTED_EDGE('',*,*,#1284,.F.);
#1284 = EDGE_CURVE('',#1285,#1277,#1287,.T.);
#1285 = VERTEX_POINT('',#1286);
#1286 = CARTESIAN_POINT('',(-0.6,2.775557561563E-16,0.3));
#1287 = LINE('',#1288,#1289);
#1288 = CARTESIAN_POINT('',(-0.45,2.775557561563E-16,0.3));
#1289 = VECTOR('',#1290,1.);
#1290 = DIRECTION('',(-1.,-0.,0.));
#1291 = ORIENTED_EDGE('',*,*,#1292,.F.);
#1292 = EDGE_CURVE('',#1267,#1285,#1293,.T.);
#1293 = LINE('',#1294,#1295);
#1294 = CARTESIAN_POINT('',(-0.6,-0.15,0.3));
#1295 = VECTOR('',#1296,1.);
#1296 = DIRECTION('',(-0.,1.,0.));
#1297 = FACE_BOUND('',#1298,.T.);
#1298 = EDGE_LOOP('',(#1299,#1309,#1317,#1325));
#1299 = ORIENTED_EDGE('',*,*,#1300,.T.);
#1300 = EDGE_CURVE('',#1301,#1303,#1305,.T.);
#1301 = VERTEX_POINT('',#1302);
#1302 = CARTESIAN_POINT('',(2.775557561563E-16,-0.3,0.3));
#1303 = VERTEX_POINT('',#1304);
#1304 = CARTESIAN_POINT('',(-0.3,-0.3,0.3));
#1305 = LINE('',#1306,#1307);
#1306 = CARTESIAN_POINT('',(-0.15,-0.3,0.3));
#1307 = VECTOR('',#1308,1.);
#1308 = DIRECTION('',(-1.,-0.,0.));
#1309 = ORIENTED_EDGE('',*,*,#1310,.T.);
#1310 = EDGE_CURVE('',#1303,#1311,#1313,.T.);
#1311 = VERTEX_POINT('',#1312);
#1312 = CARTESIAN_POINT('',(-0.3,2.775557561563E-16,0.3));
#1313 = LINE('',#1314,#1315);
#1314 = CARTESIAN_POINT('',(-0.3,-0.15,0.3));
#1315 = VECTOR('',#1316,1.);
#1316 = DIRECTION('',(-0.,1.,0.));
#1317 = ORIENTED_EDGE('',*,*,#1318,.F.);
#1318 = EDGE_CURVE('',#1319,#1311,#1321,.T.);
#1319 = VERTEX_POINT('',#1320);
#1320 = CARTESIAN_POINT('',(2.775557561563E-16,2.775557561563E-16,0.3));
#1321 = LINE('',#1322,#1323);
#1322 = CARTESIAN_POINT('',(-0.15,2.775557561563E-16,0.3));
#1323 = VECTOR('',#1324,1.);
#1324 = DIRECTION('',(-1.,-0.,0.));
#1325 = ORIENTED_EDGE('',*,*,#1326,.F.);
#1326 = EDGE_CURVE('',#1301,#1319,#1327,.T.);
#1327 = LINE('',#1328,#1329);
#1328 = CARTESIAN_POINT('',(2.775557561563E-16,-0.15,0.3));
#1329 = VECTOR('',#1330,1.);
#1330 = DIRECTION('',(-0.,1.,0.));
#1331 = FACE_BOUND('',#1332,.T.);
#1332 = EDGE_LOOP('',(#1333,#1343,#1351,#1359));
#1333 = ORIENTED_EDGE('',*,*,#1334,.T.);
#1334 = EDGE_CURVE('',#1335,#1337,#1339,.T.);
#1335 = VERTEX_POINT('',#1336);
#1336 = CARTESIAN_POINT('',(0.6,-3.3,0.3));
#1337 = VERTEX_POINT('',#1338);
#1338 = CARTESIAN_POINT('',(0.3,-3.3,0.3));
#1339 = LINE('',#1340,#1341);
#1340 = CARTESIAN_POINT('',(0.15,-3.3,0.3));
#1341 = VECTOR('',#1342,1.);
#1342 = DIRECTION('',(-1.,-0.,0.));
#1343 = ORIENTED_EDGE('',*,*,#1344,.T.);
#1344 = EDGE_CURVE('',#1337,#1345,#1347,.T.);
#1345 = VERTEX_POINT('',#1346);
#1346 = CARTESIAN_POINT('',(0.3,-3.,0.3));
#1347 = LINE('',#1348,#1349);
#1348 = CARTESIAN_POINT('',(0.3,-1.65,0.3));
#1349 = VECTOR('',#1350,1.);
#1350 = DIRECTION('',(-0.,1.,0.));
#1351 = ORIENTED_EDGE('',*,*,#1352,.F.);
#1352 = EDGE_CURVE('',#1353,#1345,#1355,.T.);
#1353 = VERTEX_POINT('',#1354);
#1354 = CARTESIAN_POINT('',(0.6,-3.,0.3));
#1355 = LINE('',#1356,#1357);
#1356 = CARTESIAN_POINT('',(0.15,-3.,0.3));
#1357 = VECTOR('',#1358,1.);
#1358 = DIRECTION('',(-1.,-0.,0.));
#1359 = ORIENTED_EDGE('',*,*,#1360,.F.);
#1360 = EDGE_CURVE('',#1335,#1353,#1361,.T.);
#1361 = LINE('',#1362,#1363);
#1362 = CARTESIAN_POINT('',(0.6,-1.65,0.3));
#1363 = VECTOR('',#1364,1.);
#1364 = DIRECTION('',(-0.,1.,0.));
#1365 = FACE_BOUND('',#1366,.T.);
#1366 = EDGE_LOOP('',(#1367,#1377,#1385,#1393));
#1367 = ORIENTED_EDGE('',*,*,#1368,.T.);
#1368 = EDGE_CURVE('',#1369,#1371,#1373,.T.);
#1369 = VERTEX_POINT('',#1370);
#1370 = CARTESIAN_POINT('',(0.6,-2.7,0.3));
#1371 = VERTEX_POINT('',#1372);
#1372 = CARTESIAN_POINT('',(0.3,-2.7,0.3));
#1373 = LINE('',#1374,#1375);
#1374 = CARTESIAN_POINT('',(0.15,-2.7,0.3));
#1375 = VECTOR('',#1376,1.);
#1376 = DIRECTION('',(-1.,-0.,0.));
#1377 = ORIENTED_EDGE('',*,*,#1378,.T.);
#1378 = EDGE_CURVE('',#1371,#1379,#1381,.T.);
#1379 = VERTEX_POINT('',#1380);
#1380 = CARTESIAN_POINT('',(0.3,-2.4,0.3));
#1381 = LINE('',#1382,#1383);
#1382 = CARTESIAN_POINT('',(0.3,-1.35,0.3));
#1383 = VECTOR('',#1384,1.);
#1384 = DIRECTION('',(-0.,1.,0.));
#1385 = ORIENTED_EDGE('',*,*,#1386,.F.);
#1386 = EDGE_CURVE('',#1387,#1379,#1389,.T.);
#1387 = VERTEX_POINT('',#1388);
#1388 = CARTESIAN_POINT('',(0.6,-2.4,0.3));
#1389 = LINE('',#1390,#1391);
#1390 = CARTESIAN_POINT('',(0.15,-2.4,0.3));
#1391 = VECTOR('',#1392,1.);
#1392 = DIRECTION('',(-1.,-0.,0.));
#1393 = ORIENTED_EDGE('',*,*,#1394,.F.);
#1394 = EDGE_CURVE('',#1369,#1387,#1395,.T.);
#1395 = LINE('',#1396,#1397);
#1396 = CARTESIAN_POINT('',(0.6,-1.35,0.3));
#1397 = VECTOR('',#1398,1.);
#1398 = DIRECTION('',(-0.,1.,0.));
#1399 = FACE_BOUND('',#1400,.T.);
#1400 = EDGE_LOOP('',(#1401,#1411,#1419,#1427));
#1401 = ORIENTED_EDGE('',*,*,#1402,.T.);
#1402 = EDGE_CURVE('',#1403,#1405,#1407,.T.);
#1403 = VERTEX_POINT('',#1404);
#1404 = CARTESIAN_POINT('',(1.2,-3.3,0.3));
#1405 = VERTEX_POINT('',#1406);
#1406 = CARTESIAN_POINT('',(0.9,-3.3,0.3));
#1407 = LINE('',#1408,#1409);
#1408 = CARTESIAN_POINT('',(0.45,-3.3,0.3));
#1409 = VECTOR('',#1410,1.);
#1410 = DIRECTION('',(-1.,-0.,0.));
#1411 = ORIENTED_EDGE('',*,*,#1412,.T.);
#1412 = EDGE_CURVE('',#1405,#1413,#1415,.T.);
#1413 = VERTEX_POINT('',#1414);
#1414 = CARTESIAN_POINT('',(0.9,-3.,0.3));
#1415 = LINE('',#1416,#1417);
#1416 = CARTESIAN_POINT('',(0.9,-1.65,0.3));
#1417 = VECTOR('',#1418,1.);
#1418 = DIRECTION('',(-0.,1.,0.));
#1419 = ORIENTED_EDGE('',*,*,#1420,.F.);
#1420 = EDGE_CURVE('',#1421,#1413,#1423,.T.);
#1421 = VERTEX_POINT('',#1422);
#1422 = CARTESIAN_POINT('',(1.2,-3.,0.3));
#1423 = LINE('',#1424,#1425);
#1424 = CARTESIAN_POINT('',(0.45,-3.,0.3));
#1425 = VECTOR('',#1426,1.);
#1426 = DIRECTION('',(-1.,-0.,0.));
#1427 = ORIENTED_EDGE('',*,*,#1428,.F.);
#1428 = EDGE_CURVE('',#1403,#1421,#1429,.T.);
#1429 = LINE('',#1430,#1431);
#1430 = CARTESIAN_POINT('',(1.2,-1.65,0.3));
#1431 = VECTOR('',#1432,1.);
#1432 = DIRECTION('',(-0.,1.,0.));
#1433 = FACE_BOUND('',#1434,.T.);
#1434 = EDGE_LOOP('',(#1435,#1445,#1453,#1461));
#1435 = ORIENTED_EDGE('',*,*,#1436,.T.);
#1436 = EDGE_CURVE('',#1437,#1439,#1441,.T.);
#1437 = VERTEX_POINT('',#1438);
#1438 = CARTESIAN_POINT('',(1.2,-2.7,0.3));
#1439 = VERTEX_POINT('',#1440);
#1440 = CARTESIAN_POINT('',(0.9,-2.7,0.3));
#1441 = LINE('',#1442,#1443);
#1442 = CARTESIAN_POINT('',(0.45,-2.7,0.3));
#1443 = VECTOR('',#1444,1.);
#1444 = DIRECTION('',(-1.,-0.,0.));
#1445 = ORIENTED_EDGE('',*,*,#1446,.T.);
#1446 = EDGE_CURVE('',#1439,#1447,#1449,.T.);
#1447 = VERTEX_POINT('',#1448);
#1448 = CARTESIAN_POINT('',(0.9,-2.4,0.3));
#1449 = LINE('',#1450,#1451);
#1450 = CARTESIAN_POINT('',(0.9,-1.35,0.3));
#1451 = VECTOR('',#1452,1.);
#1452 = DIRECTION('',(-0.,1.,0.));
#1453 = ORIENTED_EDGE('',*,*,#1454,.F.);
#1454 = EDGE_CURVE('',#1455,#1447,#1457,.T.);
#1455 = VERTEX_POINT('',#1456);
#1456 = CARTESIAN_POINT('',(1.2,-2.4,0.3));
#1457 = LINE('',#1458,#1459);
#1458 = CARTESIAN_POINT('',(0.45,-2.4,0.3));
#1459 = VECTOR('',#1460,1.);
#1460 = DIRECTION('',(-1.,-0.,0.));
#1461 = ORIENTED_EDGE('',*,*,#1462,.F.);
#1462 = EDGE_CURVE('',#1437,#1455,#1463,.T.);
#1463 = LINE('',#1464,#1465);
#1464 = CARTESIAN_POINT('',(1.2,-1.35,0.3));
#1465 = VECTOR('',#1466,1.);
#1466 = DIRECTION('',(-0.,1.,0.));
#1467 = FACE_BOUND('',#1468,.T.);
#1468 = EDGE_LOOP('',(#1469,#1479,#1487,#1495));
#1469 = ORIENTED_EDGE('',*,*,#1470,.T.);
#1470 = EDGE_CURVE('',#1471,#1473,#1475,.T.);
#1471 = VERTEX_POINT('',#1472);
#1472 = CARTESIAN_POINT('',(0.6,-2.1,0.3));
#1473 = VERTEX_POINT('',#1474);
#1474 = CARTESIAN_POINT('',(0.3,-2.1,0.3));
#1475 = LINE('',#1476,#1477);
#1476 = CARTESIAN_POINT('',(0.15,-2.1,0.3));
#1477 = VECTOR('',#1478,1.);
#1478 = DIRECTION('',(-1.,-0.,0.));
#1479 = ORIENTED_EDGE('',*,*,#1480,.T.);
#1480 = EDGE_CURVE('',#1473,#1481,#1483,.T.);
#1481 = VERTEX_POINT('',#1482);
#1482 = CARTESIAN_POINT('',(0.3,-1.8,0.3));
#1483 = LINE('',#1484,#1485);
#1484 = CARTESIAN_POINT('',(0.3,-1.05,0.3));
#1485 = VECTOR('',#1486,1.);
#1486 = DIRECTION('',(-0.,1.,0.));
#1487 = ORIENTED_EDGE('',*,*,#1488,.F.);
#1488 = EDGE_CURVE('',#1489,#1481,#1491,.T.);
#1489 = VERTEX_POINT('',#1490);
#1490 = CARTESIAN_POINT('',(0.6,-1.8,0.3));
#1491 = LINE('',#1492,#1493);
#1492 = CARTESIAN_POINT('',(0.15,-1.8,0.3));
#1493 = VECTOR('',#1494,1.);
#1494 = DIRECTION('',(-1.,-0.,0.));
#1495 = ORIENTED_EDGE('',*,*,#1496,.F.);
#1496 = EDGE_CURVE('',#1471,#1489,#1497,.T.);
#1497 = LINE('',#1498,#1499);
#1498 = CARTESIAN_POINT('',(0.6,-1.05,0.3));
#1499 = VECTOR('',#1500,1.);
#1500 = DIRECTION('',(-0.,1.,0.));
#1501 = FACE_BOUND('',#1502,.T.);
#1502 = EDGE_LOOP('',(#1503,#1513,#1521,#1529));
#1503 = ORIENTED_EDGE('',*,*,#1504,.T.);
#1504 = EDGE_CURVE('',#1505,#1507,#1509,.T.);
#1505 = VERTEX_POINT('',#1506);
#1506 = CARTESIAN_POINT('',(1.2,-2.1,0.3));
#1507 = VERTEX_POINT('',#1508);
#1508 = CARTESIAN_POINT('',(0.9,-2.1,0.3));
#1509 = LINE('',#1510,#1511);
#1510 = CARTESIAN_POINT('',(0.45,-2.1,0.3));
#1511 = VECTOR('',#1512,1.);
#1512 = DIRECTION('',(-1.,-0.,0.));
#1513 = ORIENTED_EDGE('',*,*,#1514,.T.);
#1514 = EDGE_CURVE('',#1507,#1515,#1517,.T.);
#1515 = VERTEX_POINT('',#1516);
#1516 = CARTESIAN_POINT('',(0.9,-1.8,0.3));
#1517 = LINE('',#1518,#1519);
#1518 = CARTESIAN_POINT('',(0.9,-1.05,0.3));
#1519 = VECTOR('',#1520,1.);
#1520 = DIRECTION('',(-0.,1.,0.));
#1521 = ORIENTED_EDGE('',*,*,#1522,.F.);
#1522 = EDGE_CURVE('',#1523,#1515,#1525,.T.);
#1523 = VERTEX_POINT('',#1524);
#1524 = CARTESIAN_POINT('',(1.2,-1.8,0.3));
#1525 = LINE('',#1526,#1527);
#1526 = CARTESIAN_POINT('',(0.45,-1.8,0.3));
#1527 = VECTOR('',#1528,1.);
#1528 = DIRECTION('',(-1.,-0.,0.));
#1529 = ORIENTED_EDGE('',*,*,#1530,.F.);
#1530 = EDGE_CURVE('',#1505,#1523,#1531,.T.);
#1531 = LINE('',#1532,#1533);
#1532 = CARTESIAN_POINT('',(1.2,-1.05,0.3));
#1533 = VECTOR('',#1534,1.);
#1534 = DIRECTION('',(-0.,1.,0.));
#1535 = FACE_BOUND('',#1536,.T.);
#1536 = EDGE_LOOP('',(#1537,#1547,#1555,#1563));
#1537 = ORIENTED_EDGE('',*,*,#1538,.T.);
#1538 = EDGE_CURVE('',#1539,#1541,#1543,.T.);
#1539 = VERTEX_POINT('',#1540);
#1540 = CARTESIAN_POINT('',(1.8,-2.7,0.3));
#1541 = VERTEX_POINT('',#1542);
#1542 = CARTESIAN_POINT('',(1.5,-2.7,0.3));
#1543 = LINE('',#1544,#1545);
#1544 = CARTESIAN_POINT('',(0.75,-2.7,0.3));
#1545 = VECTOR('',#1546,1.);
#1546 = DIRECTION('',(-1.,-0.,0.));
#1547 = ORIENTED_EDGE('',*,*,#1548,.T.);
#1548 = EDGE_CURVE('',#1541,#1549,#1551,.T.);
#1549 = VERTEX_POINT('',#1550);
#1550 = CARTESIAN_POINT('',(1.5,-2.4,0.3));
#1551 = LINE('',#1552,#1553);
#1552 = CARTESIAN_POINT('',(1.5,-1.35,0.3));
#1553 = VECTOR('',#1554,1.);
#1554 = DIRECTION('',(-0.,1.,0.));
#1555 = ORIENTED_EDGE('',*,*,#1556,.F.);
#1556 = EDGE_CURVE('',#1557,#1549,#1559,.T.);
#1557 = VERTEX_POINT('',#1558);
#1558 = CARTESIAN_POINT('',(1.8,-2.4,0.3));
#1559 = LINE('',#1560,#1561);
#1560 = CARTESIAN_POINT('',(0.75,-2.4,0.3));
#1561 = VECTOR('',#1562,1.);
#1562 = DIRECTION('',(-1.,-0.,0.));
#1563 = ORIENTED_EDGE('',*,*,#1564,.F.);
#1564 = EDGE_CURVE('',#1539,#1557,#1565,.T.);
#1565 = LINE('',#1566,#1567);
#1566 = CARTESIAN_POINT('',(1.8,-1.35,0.3));
#1567 = VECTOR('',#1568,1.);
#1568 = DIRECTION('',(-0.,1.,0.));
#1569 = FACE_BOUND('',#1570,.T.);
#1570 = EDGE_LOOP('',(#1571,#1581,#1589,#1597));
#1571 = ORIENTED_EDGE('',*,*,#1572,.T.);
#1572 = EDGE_CURVE('',#1573,#1575,#1577,.T.);
#1573 = VERTEX_POINT('',#1574);
#1574 = CARTESIAN_POINT('',(2.4,-2.7,0.3));
#1575 = VERTEX_POINT('',#1576);
#1576 = CARTESIAN_POINT('',(2.1,-2.7,0.3));
#1577 = LINE('',#1578,#1579);
#1578 = CARTESIAN_POINT('',(1.05,-2.7,0.3));
#1579 = VECTOR('',#1580,1.);
#1580 = DIRECTION('',(-1.,-0.,0.));
#1581 = ORIENTED_EDGE('',*,*,#1582,.T.);
#1582 = EDGE_CURVE('',#1575,#1583,#1585,.T.);
#1583 = VERTEX_POINT('',#1584);
#1584 = CARTESIAN_POINT('',(2.1,-2.4,0.3));
#1585 = LINE('',#1586,#1587);
#1586 = CARTESIAN_POINT('',(2.1,-1.35,0.3));
#1587 = VECTOR('',#1588,1.);
#1588 = DIRECTION('',(-0.,1.,0.));
#1589 = ORIENTED_EDGE('',*,*,#1590,.F.);
#1590 = EDGE_CURVE('',#1591,#1583,#1593,.T.);
#1591 = VERTEX_POINT('',#1592);
#1592 = CARTESIAN_POINT('',(2.4,-2.4,0.3));
#1593 = LINE('',#1594,#1595);
#1594 = CARTESIAN_POINT('',(1.05,-2.4,0.3));
#1595 = VECTOR('',#1596,1.);
#1596 = DIRECTION('',(-1.,-0.,0.));
#1597 = ORIENTED_EDGE('',*,*,#1598,.F.);
#1598 = EDGE_CURVE('',#1573,#1591,#1599,.T.);
#1599 = LINE('',#1600,#1601);
#1600 = CARTESIAN_POINT('',(2.4,-1.35,0.3));
#1601 = VECTOR('',#1602,1.);
#1602 = DIRECTION('',(-0.,1.,0.));
#1603 = FACE_BOUND('',#1604,.T.);
#1604 = EDGE_LOOP('',(#1605,#1615,#1623,#1631));
#1605 = ORIENTED_EDGE('',*,*,#1606,.T.);
#1606 = EDGE_CURVE('',#1607,#1609,#1611,.T.);
#1607 = VERTEX_POINT('',#1608);
#1608 = CARTESIAN_POINT('',(1.8,-2.1,0.3));
#1609 = VERTEX_POINT('',#1610);
#1610 = CARTESIAN_POINT('',(1.5,-2.1,0.3));
#1611 = LINE('',#1612,#1613);
#1612 = CARTESIAN_POINT('',(0.75,-2.1,0.3));
#1613 = VECTOR('',#1614,1.);
#1614 = DIRECTION('',(-1.,-0.,0.));
#1615 = ORIENTED_EDGE('',*,*,#1616,.T.);
#1616 = EDGE_CURVE('',#1609,#1617,#1619,.T.);
#1617 = VERTEX_POINT('',#1618);
#1618 = CARTESIAN_POINT('',(1.5,-1.8,0.3));
#1619 = LINE('',#1620,#1621);
#1620 = CARTESIAN_POINT('',(1.5,-1.05,0.3));
#1621 = VECTOR('',#1622,1.);
#1622 = DIRECTION('',(-0.,1.,0.));
#1623 = ORIENTED_EDGE('',*,*,#1624,.F.);
#1624 = EDGE_CURVE('',#1625,#1617,#1627,.T.);
#1625 = VERTEX_POINT('',#1626);
#1626 = CARTESIAN_POINT('',(1.8,-1.8,0.3));
#1627 = LINE('',#1628,#1629);
#1628 = CARTESIAN_POINT('',(0.75,-1.8,0.3));
#1629 = VECTOR('',#1630,1.);
#1630 = DIRECTION('',(-1.,-0.,0.));
#1631 = ORIENTED_EDGE('',*,*,#1632,.F.);
#1632 = EDGE_CURVE('',#1607,#1625,#1633,.T.);
#1633 = LINE('',#1634,#1635);
#1634 = CARTESIAN_POINT('',(1.8,-1.05,0.3));
#1635 = VECTOR('',#1636,1.);
#1636 = DIRECTION('',(-0.,1.,0.));
#1637 = FACE_BOUND('',#1638,.T.);
#1638 = EDGE_LOOP('',(#1639,#1649,#1657,#1665));
#1639 = ORIENTED_EDGE('',*,*,#1640,.T.);
#1640 = EDGE_CURVE('',#1641,#1643,#1645,.T.);
#1641 = VERTEX_POINT('',#1642);
#1642 = CARTESIAN_POINT('',(2.4,-2.1,0.3));
#1643 = VERTEX_POINT('',#1644);
#1644 = CARTESIAN_POINT('',(2.1,-2.1,0.3));
#1645 = LINE('',#1646,#1647);
#1646 = CARTESIAN_POINT('',(1.05,-2.1,0.3));
#1647 = VECTOR('',#1648,1.);
#1648 = DIRECTION('',(-1.,-0.,0.));
#1649 = ORIENTED_EDGE('',*,*,#1650,.T.);
#1650 = EDGE_CURVE('',#1643,#1651,#1653,.T.);
#1651 = VERTEX_POINT('',#1652);
#1652 = CARTESIAN_POINT('',(2.1,-1.8,0.3));
#1653 = LINE('',#1654,#1655);
#1654 = CARTESIAN_POINT('',(2.1,-1.05,0.3));
#1655 = VECTOR('',#1656,1.);
#1656 = DIRECTION('',(-0.,1.,0.));
#1657 = ORIENTED_EDGE('',*,*,#1658,.F.);
#1658 = EDGE_CURVE('',#1659,#1651,#1661,.T.);
#1659 = VERTEX_POINT('',#1660);
#1660 = CARTESIAN_POINT('',(2.4,-1.8,0.3));
#1661 = LINE('',#1662,#1663);
#1662 = CARTESIAN_POINT('',(1.05,-1.8,0.3));
#1663 = VECTOR('',#1664,1.);
#1664 = DIRECTION('',(-1.,-0.,0.));
#1665 = ORIENTED_EDGE('',*,*,#1666,.F.);
#1666 = EDGE_CURVE('',#1641,#1659,#1667,.T.);
#1667 = LINE('',#1668,#1669);
#1668 = CARTESIAN_POINT('',(2.4,-1.05,0.3));
#1669 = VECTOR('',#1670,1.);
#1670 = DIRECTION('',(-0.,1.,0.));
#1671 = FACE_BOUND('',#1672,.T.);
#1672 = EDGE_LOOP('',(#1673,#1683,#1691,#1699));
#1673 = ORIENTED_EDGE('',*,*,#1674,.T.);
#1674 = EDGE_CURVE('',#1675,#1677,#1679,.T.);
#1675 = VERTEX_POINT('',#1676);
#1676 = CARTESIAN_POINT('',(0.6,-1.5,0.3));
#1677 = VERTEX_POINT('',#1678);
#1678 = CARTESIAN_POINT('',(0.3,-1.5,0.3));
#1679 = LINE('',#1680,#1681);
#1680 = CARTESIAN_POINT('',(0.15,-1.5,0.3));
#1681 = VECTOR('',#1682,1.);
#1682 = DIRECTION('',(-1.,-0.,0.));
#1683 = ORIENTED_EDGE('',*,*,#1684,.T.);
#1684 = EDGE_CURVE('',#1677,#1685,#1687,.T.);
#1685 = VERTEX_POINT('',#1686);
#1686 = CARTESIAN_POINT('',(0.3,-1.2,0.3));
#1687 = LINE('',#1688,#1689);
#1688 = CARTESIAN_POINT('',(0.3,-0.75,0.3));
#1689 = VECTOR('',#1690,1.);
#1690 = DIRECTION('',(-0.,1.,0.));
#1691 = ORIENTED_EDGE('',*,*,#1692,.F.);
#1692 = EDGE_CURVE('',#1693,#1685,#1695,.T.);
#1693 = VERTEX_POINT('',#1694);
#1694 = CARTESIAN_POINT('',(0.6,-1.2,0.3));
#1695 = LINE('',#1696,#1697);
#1696 = CARTESIAN_POINT('',(0.15,-1.2,0.3));
#1697 = VECTOR('',#1698,1.);
#1698 = DIRECTION('',(-1.,-0.,0.));
#1699 = ORIENTED_EDGE('',*,*,#1700,.F.);
#1700 = EDGE_CURVE('',#1675,#1693,#1701,.T.);
#1701 = LINE('',#1702,#1703);
#1702 = CARTESIAN_POINT('',(0.6,-0.75,0.3));
#1703 = VECTOR('',#1704,1.);
#1704 = DIRECTION('',(-0.,1.,0.));
#1705 = FACE_BOUND('',#1706,.T.);
#1706 = EDGE_LOOP('',(#1707,#1717,#1725,#1733));
#1707 = ORIENTED_EDGE('',*,*,#1708,.T.);
#1708 = EDGE_CURVE('',#1709,#1711,#1713,.T.);
#1709 = VERTEX_POINT('',#1710);
#1710 = CARTESIAN_POINT('',(1.2,-1.5,0.3));
#1711 = VERTEX_POINT('',#1712);
#1712 = CARTESIAN_POINT('',(0.9,-1.5,0.3));
#1713 = LINE('',#1714,#1715);
#1714 = CARTESIAN_POINT('',(0.45,-1.5,0.3));
#1715 = VECTOR('',#1716,1.);
#1716 = DIRECTION('',(-1.,-0.,0.));
#1717 = ORIENTED_EDGE('',*,*,#1718,.T.);
#1718 = EDGE_CURVE('',#1711,#1719,#1721,.T.);
#1719 = VERTEX_POINT('',#1720);
#1720 = CARTESIAN_POINT('',(0.9,-1.2,0.3));
#1721 = LINE('',#1722,#1723);
#1722 = CARTESIAN_POINT('',(0.9,-0.75,0.3));
#1723 = VECTOR('',#1724,1.);
#1724 = DIRECTION('',(-0.,1.,0.));
#1725 = ORIENTED_EDGE('',*,*,#1726,.F.);
#1726 = EDGE_CURVE('',#1727,#1719,#1729,.T.);
#1727 = VERTEX_POINT('',#1728);
#1728 = CARTESIAN_POINT('',(1.2,-1.2,0.3));
#1729 = LINE('',#1730,#1731);
#1730 = CARTESIAN_POINT('',(0.45,-1.2,0.3));
#1731 = VECTOR('',#1732,1.);
#1732 = DIRECTION('',(-1.,-0.,0.));
#1733 = ORIENTED_EDGE('',*,*,#1734,.F.);
#1734 = EDGE_CURVE('',#1709,#1727,#1735,.T.);
#1735 = LINE('',#1736,#1737);
#1736 = CARTESIAN_POINT('',(1.2,-0.75,0.3));
#1737 = VECTOR('',#1738,1.);
#1738 = DIRECTION('',(-0.,1.,0.));
#1739 = FACE_BOUND('',#1740,.T.);
#1740 = EDGE_LOOP('',(#1741,#1751,#1759,#1767));
#1741 = ORIENTED_EDGE('',*,*,#1742,.T.);
#1742 = EDGE_CURVE('',#1743,#1745,#1747,.T.);
#1743 = VERTEX_POINT('',#1744);
#1744 = CARTESIAN_POINT('',(0.6,-0.9,0.3));
#1745 = VERTEX_POINT('',#1746);
#1746 = CARTESIAN_POINT('',(0.3,-0.9,0.3));
#1747 = LINE('',#1748,#1749);
#1748 = CARTESIAN_POINT('',(0.15,-0.9,0.3));
#1749 = VECTOR('',#1750,1.);
#1750 = DIRECTION('',(-1.,-0.,0.));
#1751 = ORIENTED_EDGE('',*,*,#1752,.T.);
#1752 = EDGE_CURVE('',#1745,#1753,#1755,.T.);
#1753 = VERTEX_POINT('',#1754);
#1754 = CARTESIAN_POINT('',(0.3,-0.6,0.3));
#1755 = LINE('',#1756,#1757);
#1756 = CARTESIAN_POINT('',(0.3,-0.45,0.3));
#1757 = VECTOR('',#1758,1.);
#1758 = DIRECTION('',(-0.,1.,0.));
#1759 = ORIENTED_EDGE('',*,*,#1760,.F.);
#1760 = EDGE_CURVE('',#1761,#1753,#1763,.T.);
#1761 = VERTEX_POINT('',#1762);
#1762 = CARTESIAN_POINT('',(0.6,-0.6,0.3));
#1763 = LINE('',#1764,#1765);
#1764 = CARTESIAN_POINT('',(0.15,-0.6,0.3));
#1765 = VECTOR('',#1766,1.);
#1766 = DIRECTION('',(-1.,-0.,0.));
#1767 = ORIENTED_EDGE('',*,*,#1768,.F.);
#1768 = EDGE_CURVE('',#1743,#1761,#1769,.T.);
#1769 = LINE('',#1770,#1771);
#1770 = CARTESIAN_POINT('',(0.6,-0.45,0.3));
#1771 = VECTOR('',#1772,1.);
#1772 = DIRECTION('',(-0.,1.,0.));
#1773 = FACE_BOUND('',#1774,.T.);
#1774 = EDGE_LOOP('',(#1775,#1785,#1793,#1801));
#1775 = ORIENTED_EDGE('',*,*,#1776,.T.);
#1776 = EDGE_CURVE('',#1777,#1779,#1781,.T.);
#1777 = VERTEX_POINT('',#1778);
#1778 = CARTESIAN_POINT('',(0.6,-0.3,0.3));
#1779 = VERTEX_POINT('',#1780);
#1780 = CARTESIAN_POINT('',(0.3,-0.3,0.3));
#1781 = LINE('',#1782,#1783);
#1782 = CARTESIAN_POINT('',(0.15,-0.3,0.3));
#1783 = VECTOR('',#1784,1.);
#1784 = DIRECTION('',(-1.,-0.,0.));
#1785 = ORIENTED_EDGE('',*,*,#1786,.T.);
#1786 = EDGE_CURVE('',#1779,#1787,#1789,.T.);
#1787 = VERTEX_POINT('',#1788);
#1788 = CARTESIAN_POINT('',(0.3,2.775557561563E-16,0.3));
#1789 = LINE('',#1790,#1791);
#1790 = CARTESIAN_POINT('',(0.3,-0.15,0.3));
#1791 = VECTOR('',#1792,1.);
#1792 = DIRECTION('',(-0.,1.,0.));
#1793 = ORIENTED_EDGE('',*,*,#1794,.F.);
#1794 = EDGE_CURVE('',#1795,#1787,#1797,.T.);
#1795 = VERTEX_POINT('',#1796);
#1796 = CARTESIAN_POINT('',(0.6,2.775557561563E-16,0.3));
#1797 = LINE('',#1798,#1799);
#1798 = CARTESIAN_POINT('',(0.15,2.775557561563E-16,0.3));
#1799 = VECTOR('',#1800,1.);
#1800 = DIRECTION('',(-1.,-0.,0.));
#1801 = ORIENTED_EDGE('',*,*,#1802,.F.);
#1802 = EDGE_CURVE('',#1777,#1795,#1803,.T.);
#1803 = LINE('',#1804,#1805);
#1804 = CARTESIAN_POINT('',(0.6,-0.15,0.3));
#1805 = VECTOR('',#1806,1.);
#1806 = DIRECTION('',(-0.,1.,0.));
#1807 = FACE_BOUND('',#1808,.T.);
#1808 = EDGE_LOOP('',(#1809,#1819,#1827,#1835));
#1809 = ORIENTED_EDGE('',*,*,#1810,.T.);
#1810 = EDGE_CURVE('',#1811,#1813,#1815,.T.);
#1811 = VERTEX_POINT('',#1812);
#1812 = CARTESIAN_POINT('',(1.2,-0.9,0.3));
#1813 = VERTEX_POINT('',#1814);
#1814 = CARTESIAN_POINT('',(0.9,-0.9,0.3));
#1815 = LINE('',#1816,#1817);
#1816 = CARTESIAN_POINT('',(0.45,-0.9,0.3));
#1817 = VECTOR('',#1818,1.);
#1818 = DIRECTION('',(-1.,-0.,0.));
#1819 = ORIENTED_EDGE('',*,*,#1820,.T.);
#1820 = EDGE_CURVE('',#1813,#1821,#1823,.T.);
#1821 = VERTEX_POINT('',#1822);
#1822 = CARTESIAN_POINT('',(0.9,-0.6,0.3));
#1823 = LINE('',#1824,#1825);
#1824 = CARTESIAN_POINT('',(0.9,-0.45,0.3));
#1825 = VECTOR('',#1826,1.);
#1826 = DIRECTION('',(-0.,1.,0.));
#1827 = ORIENTED_EDGE('',*,*,#1828,.F.);
#1828 = EDGE_CURVE('',#1829,#1821,#1831,.T.);
#1829 = VERTEX_POINT('',#1830);
#1830 = CARTESIAN_POINT('',(1.2,-0.6,0.3));
#1831 = LINE('',#1832,#1833);
#1832 = CARTESIAN_POINT('',(0.45,-0.6,0.3));
#1833 = VECTOR('',#1834,1.);
#1834 = DIRECTION('',(-1.,-0.,0.));
#1835 = ORIENTED_EDGE('',*,*,#1836,.F.);
#1836 = EDGE_CURVE('',#1811,#1829,#1837,.T.);
#1837 = LINE('',#1838,#1839);
#1838 = CARTESIAN_POINT('',(1.2,-0.45,0.3));
#1839 = VECTOR('',#1840,1.);
#1840 = DIRECTION('',(-0.,1.,0.));
#1841 = FACE_BOUND('',#1842,.T.);
#1842 = EDGE_LOOP('',(#1843,#1853,#1861,#1869));
#1843 = ORIENTED_EDGE('',*,*,#1844,.T.);
#1844 = EDGE_CURVE('',#1845,#1847,#1849,.T.);
#1845 = VERTEX_POINT('',#1846);
#1846 = CARTESIAN_POINT('',(1.2,-0.3,0.3));
#1847 = VERTEX_POINT('',#1848);
#1848 = CARTESIAN_POINT('',(0.9,-0.3,0.3));
#1849 = LINE('',#1850,#1851);
#1850 = CARTESIAN_POINT('',(0.45,-0.3,0.3));
#1851 = VECTOR('',#1852,1.);
#1852 = DIRECTION('',(-1.,-0.,0.));
#1853 = ORIENTED_EDGE('',*,*,#1854,.T.);
#1854 = EDGE_CURVE('',#1847,#1855,#1857,.T.);
#1855 = VERTEX_POINT('',#1856);
#1856 = CARTESIAN_POINT('',(0.9,2.775557561563E-16,0.3));
#1857 = LINE('',#1858,#1859);
#1858 = CARTESIAN_POINT('',(0.9,-0.15,0.3));
#1859 = VECTOR('',#1860,1.);
#1860 = DIRECTION('',(-0.,1.,0.));
#1861 = ORIENTED_EDGE('',*,*,#1862,.F.);
#1862 = EDGE_CURVE('',#1863,#1855,#1865,.T.);
#1863 = VERTEX_POINT('',#1864);
#1864 = CARTESIAN_POINT('',(1.2,2.775557561563E-16,0.3));
#1865 = LINE('',#1866,#1867);
#1866 = CARTESIAN_POINT('',(0.45,2.775557561563E-16,0.3));
#1867 = VECTOR('',#1868,1.);
#1868 = DIRECTION('',(-1.,-0.,0.));
#1869 = ORIENTED_EDGE('',*,*,#1870,.F.);
#1870 = EDGE_CURVE('',#1845,#1863,#1871,.T.);
#1871 = LINE('',#1872,#1873);
#1872 = CARTESIAN_POINT('',(1.2,-0.15,0.3));
#1873 = VECTOR('',#1874,1.);
#1874 = DIRECTION('',(-0.,1.,0.));
#1875 = FACE_BOUND('',#1876,.T.);
#1876 = EDGE_LOOP('',(#1877,#1887,#1895,#1903));
#1877 = ORIENTED_EDGE('',*,*,#1878,.T.);
#1878 = EDGE_CURVE('',#1879,#1881,#1883,.T.);
#1879 = VERTEX_POINT('',#1880);
#1880 = CARTESIAN_POINT('',(1.8,-1.5,0.3));
#1881 = VERTEX_POINT('',#1882);
#1882 = CARTESIAN_POINT('',(1.5,-1.5,0.3));
#1883 = LINE('',#1884,#1885);
#1884 = CARTESIAN_POINT('',(0.75,-1.5,0.3));
#1885 = VECTOR('',#1886,1.);
#1886 = DIRECTION('',(-1.,-0.,0.));
#1887 = ORIENTED_EDGE('',*,*,#1888,.T.);
#1888 = EDGE_CURVE('',#1881,#1889,#1891,.T.);
#1889 = VERTEX_POINT('',#1890);
#1890 = CARTESIAN_POINT('',(1.5,-1.2,0.3));
#1891 = LINE('',#1892,#1893);
#1892 = CARTESIAN_POINT('',(1.5,-0.75,0.3));
#1893 = VECTOR('',#1894,1.);
#1894 = DIRECTION('',(-0.,1.,0.));
#1895 = ORIENTED_EDGE('',*,*,#1896,.F.);
#1896 = EDGE_CURVE('',#1897,#1889,#1899,.T.);
#1897 = VERTEX_POINT('',#1898);
#1898 = CARTESIAN_POINT('',(1.8,-1.2,0.3));
#1899 = LINE('',#1900,#1901);
#1900 = CARTESIAN_POINT('',(0.75,-1.2,0.3));
#1901 = VECTOR('',#1902,1.);
#1902 = DIRECTION('',(-1.,-0.,0.));
#1903 = ORIENTED_EDGE('',*,*,#1904,.F.);
#1904 = EDGE_CURVE('',#1879,#1897,#1905,.T.);
#1905 = LINE('',#1906,#1907);
#1906 = CARTESIAN_POINT('',(1.8,-0.75,0.3));
#1907 = VECTOR('',#1908,1.);
#1908 = DIRECTION('',(-0.,1.,0.));
#1909 = FACE_BOUND('',#1910,.T.);
#1910 = EDGE_LOOP('',(#1911,#1921,#1929,#1937));
#1911 = ORIENTED_EDGE('',*,*,#1912,.T.);
#1912 = EDGE_CURVE('',#1913,#1915,#1917,.T.);
#1913 = VERTEX_POINT('',#1914);
#1914 = CARTESIAN_POINT('',(2.4,-1.5,0.3));
#1915 = VERTEX_POINT('',#1916);
#1916 = CARTESIAN_POINT('',(2.1,-1.5,0.3));
#1917 = LINE('',#1918,#1919);
#1918 = CARTESIAN_POINT('',(1.05,-1.5,0.3));
#1919 = VECTOR('',#1920,1.);
#1920 = DIRECTION('',(-1.,-0.,0.));
#1921 = ORIENTED_EDGE('',*,*,#1922,.T.);
#1922 = EDGE_CURVE('',#1915,#1923,#1925,.T.);
#1923 = VERTEX_POINT('',#1924);
#1924 = CARTESIAN_POINT('',(2.1,-1.2,0.3));
#1925 = LINE('',#1926,#1927);
#1926 = CARTESIAN_POINT('',(2.1,-0.75,0.3));
#1927 = VECTOR('',#1928,1.);
#1928 = DIRECTION('',(-0.,1.,0.));
#1929 = ORIENTED_EDGE('',*,*,#1930,.F.);
#1930 = EDGE_CURVE('',#1931,#1923,#1933,.T.);
#1931 = VERTEX_POINT('',#1932);
#1932 = CARTESIAN_POINT('',(2.4,-1.2,0.3));
#1933 = LINE('',#1934,#1935);
#1934 = CARTESIAN_POINT('',(1.05,-1.2,0.3));
#1935 = VECTOR('',#1936,1.);
#1936 = DIRECTION('',(-1.,-0.,0.));
#1937 = ORIENTED_EDGE('',*,*,#1938,.F.);
#1938 = EDGE_CURVE('',#1913,#1931,#1939,.T.);
#1939 = LINE('',#1940,#1941);
#1940 = CARTESIAN_POINT('',(2.4,-0.75,0.3));
#1941 = VECTOR('',#1942,1.);
#1942 = DIRECTION('',(-0.,1.,0.));
#1943 = FACE_BOUND('',#1944,.T.);
#1944 = EDGE_LOOP('',(#1945,#1955,#1963,#1971));
#1945 = ORIENTED_EDGE('',*,*,#1946,.T.);
#1946 = EDGE_CURVE('',#1947,#1949,#1951,.T.);
#1947 = VERTEX_POINT('',#1948);
#1948 = CARTESIAN_POINT('',(3.,-1.5,0.3));
#1949 = VERTEX_POINT('',#1950);
#1950 = CARTESIAN_POINT('',(2.7,-1.5,0.3));
#1951 = LINE('',#1952,#1953);
#1952 = CARTESIAN_POINT('',(1.35,-1.5,0.3));
#1953 = VECTOR('',#1954,1.);
#1954 = DIRECTION('',(-1.,-0.,0.));
#1955 = ORIENTED_EDGE('',*,*,#1956,.T.);
#1956 = EDGE_CURVE('',#1949,#1957,#1959,.T.);
#1957 = VERTEX_POINT('',#1958);
#1958 = CARTESIAN_POINT('',(2.7,-1.2,0.3));
#1959 = LINE('',#1960,#1961);
#1960 = CARTESIAN_POINT('',(2.7,-0.75,0.3));
#1961 = VECTOR('',#1962,1.);
#1962 = DIRECTION('',(-0.,1.,0.));
#1963 = ORIENTED_EDGE('',*,*,#1964,.F.);
#1964 = EDGE_CURVE('',#1965,#1957,#1967,.T.);
#1965 = VERTEX_POINT('',#1966);
#1966 = CARTESIAN_POINT('',(3.,-1.2,0.3));
#1967 = LINE('',#1968,#1969);
#1968 = CARTESIAN_POINT('',(1.35,-1.2,0.3));
#1969 = VECTOR('',#1970,1.);
#1970 = DIRECTION('',(-1.,-0.,0.));
#1971 = ORIENTED_EDGE('',*,*,#1972,.F.);
#1972 = EDGE_CURVE('',#1947,#1965,#1973,.T.);
#1973 = LINE('',#1974,#1975);
#1974 = CARTESIAN_POINT('',(3.,-0.75,0.3));
#1975 = VECTOR('',#1976,1.);
#1976 = DIRECTION('',(-0.,1.,0.));
#1977 = FACE_BOUND('',#1978,.T.);
#1978 = EDGE_LOOP('',(#1979,#1989,#1997,#2005));
#1979 = ORIENTED_EDGE('',*,*,#1980,.T.);
#1980 = EDGE_CURVE('',#1981,#1983,#1985,.T.);
#1981 = VERTEX_POINT('',#1982);
#1982 = CARTESIAN_POINT('',(1.8,-0.9,0.3));
#1983 = VERTEX_POINT('',#1984);
#1984 = CARTESIAN_POINT('',(1.5,-0.9,0.3));
#1985 = LINE('',#1986,#1987);
#1986 = CARTESIAN_POINT('',(0.75,-0.9,0.3));
#1987 = VECTOR('',#1988,1.);
#1988 = DIRECTION('',(-1.,-0.,0.));
#1989 = ORIENTED_EDGE('',*,*,#1990,.T.);
#1990 = EDGE_CURVE('',#1983,#1991,#1993,.T.);
#1991 = VERTEX_POINT('',#1992);
#1992 = CARTESIAN_POINT('',(1.5,-0.6,0.3));
#1993 = LINE('',#1994,#1995);
#1994 = CARTESIAN_POINT('',(1.5,-0.45,0.3));
#1995 = VECTOR('',#1996,1.);
#1996 = DIRECTION('',(-0.,1.,0.));
#1997 = ORIENTED_EDGE('',*,*,#1998,.F.);
#1998 = EDGE_CURVE('',#1999,#1991,#2001,.T.);
#1999 = VERTEX_POINT('',#2000);
#2000 = CARTESIAN_POINT('',(1.8,-0.6,0.3));
#2001 = LINE('',#2002,#2003);
#2002 = CARTESIAN_POINT('',(0.75,-0.6,0.3));
#2003 = VECTOR('',#2004,1.);
#2004 = DIRECTION('',(-1.,-0.,0.));
#2005 = ORIENTED_EDGE('',*,*,#2006,.F.);
#2006 = EDGE_CURVE('',#1981,#1999,#2007,.T.);
#2007 = LINE('',#2008,#2009);
#2008 = CARTESIAN_POINT('',(1.8,-0.45,0.3));
#2009 = VECTOR('',#2010,1.);
#2010 = DIRECTION('',(-0.,1.,0.));
#2011 = FACE_BOUND('',#2012,.T.);
#2012 = EDGE_LOOP('',(#2013,#2023,#2031,#2039));
#2013 = ORIENTED_EDGE('',*,*,#2014,.T.);
#2014 = EDGE_CURVE('',#2015,#2017,#2019,.T.);
#2015 = VERTEX_POINT('',#2016);
#2016 = CARTESIAN_POINT('',(1.8,-0.3,0.3));
#2017 = VERTEX_POINT('',#2018);
#2018 = CARTESIAN_POINT('',(1.5,-0.3,0.3));
#2019 = LINE('',#2020,#2021);
#2020 = CARTESIAN_POINT('',(0.75,-0.3,0.3));
#2021 = VECTOR('',#2022,1.);
#2022 = DIRECTION('',(-1.,-0.,0.));
#2023 = ORIENTED_EDGE('',*,*,#2024,.T.);
#2024 = EDGE_CURVE('',#2017,#2025,#2027,.T.);
#2025 = VERTEX_POINT('',#2026);
#2026 = CARTESIAN_POINT('',(1.5,2.775557561563E-16,0.3));
#2027 = LINE('',#2028,#2029);
#2028 = CARTESIAN_POINT('',(1.5,-0.15,0.3));
#2029 = VECTOR('',#2030,1.);
#2030 = DIRECTION('',(-0.,1.,0.));
#2031 = ORIENTED_EDGE('',*,*,#2032,.F.);
#2032 = EDGE_CURVE('',#2033,#2025,#2035,.T.);
#2033 = VERTEX_POINT('',#2034);
#2034 = CARTESIAN_POINT('',(1.8,2.775557561563E-16,0.3));
#2035 = LINE('',#2036,#2037);
#2036 = CARTESIAN_POINT('',(0.75,2.775557561563E-16,0.3));
#2037 = VECTOR('',#2038,1.);
#2038 = DIRECTION('',(-1.,-0.,0.));
#2039 = ORIENTED_EDGE('',*,*,#2040,.F.);
#2040 = EDGE_CURVE('',#2015,#2033,#2041,.T.);
#2041 = LINE('',#2042,#2043);
#2042 = CARTESIAN_POINT('',(1.8,-0.15,0.3));
#2043 = VECTOR('',#2044,1.);
#2044 = DIRECTION('',(-0.,1.,0.));
#2045 = FACE_BOUND('',#2046,.T.);
#2046 = EDGE_LOOP('',(#2047,#2057,#2065,#2073));
#2047 = ORIENTED_EDGE('',*,*,#2048,.T.);
#2048 = EDGE_CURVE('',#2049,#2051,#2053,.T.);
#2049 = VERTEX_POINT('',#2050);
#2050 = CARTESIAN_POINT('',(2.4,-0.9,0.3));
#2051 = VERTEX_POINT('',#2052);
#2052 = CARTESIAN_POINT('',(2.1,-0.9,0.3));
#2053 = LINE('',#2054,#2055);
#2054 = CARTESIAN_POINT('',(1.05,-0.9,0.3));
#2055 = VECTOR('',#2056,1.);
#2056 = DIRECTION('',(-1.,-0.,0.));
#2057 = ORIENTED_EDGE('',*,*,#2058,.T.);
#2058 = EDGE_CURVE('',#2051,#2059,#2061,.T.);
#2059 = VERTEX_POINT('',#2060);
#2060 = CARTESIAN_POINT('',(2.1,-0.6,0.3));
#2061 = LINE('',#2062,#2063);
#2062 = CARTESIAN_POINT('',(2.1,-0.45,0.3));
#2063 = VECTOR('',#2064,1.);
#2064 = DIRECTION('',(-0.,1.,0.));
#2065 = ORIENTED_EDGE('',*,*,#2066,.F.);
#2066 = EDGE_CURVE('',#2067,#2059,#2069,.T.);
#2067 = VERTEX_POINT('',#2068);
#2068 = CARTESIAN_POINT('',(2.4,-0.6,0.3));
#2069 = LINE('',#2070,#2071);
#2070 = CARTESIAN_POINT('',(1.05,-0.6,0.3));
#2071 = VECTOR('',#2072,1.);
#2072 = DIRECTION('',(-1.,-0.,0.));
#2073 = ORIENTED_EDGE('',*,*,#2074,.F.);
#2074 = EDGE_CURVE('',#2049,#2067,#2075,.T.);
#2075 = LINE('',#2076,#2077);
#2076 = CARTESIAN_POINT('',(2.4,-0.45,0.3));
#2077 = VECTOR('',#2078,1.);
#2078 = DIRECTION('',(-0.,1.,0.));
#2079 = FACE_BOUND('',#2080,.T.);
#2080 = EDGE_LOOP('',(#2081,#2091,#2099,#2107));
#2081 = ORIENTED_EDGE('',*,*,#2082,.T.);
#2082 = EDGE_CURVE('',#2083,#2085,#2087,.T.);
#2083 = VERTEX_POINT('',#2084);
#2084 = CARTESIAN_POINT('',(3.,-0.9,0.3));
#2085 = VERTEX_POINT('',#2086);
#2086 = CARTESIAN_POINT('',(2.7,-0.9,0.3));
#2087 = LINE('',#2088,#2089);
#2088 = CARTESIAN_POINT('',(1.35,-0.9,0.3));
#2089 = VECTOR('',#2090,1.);
#2090 = DIRECTION('',(-1.,-0.,0.));
#2091 = ORIENTED_EDGE('',*,*,#2092,.T.);
#2092 = EDGE_CURVE('',#2085,#2093,#2095,.T.);
#2093 = VERTEX_POINT('',#2094);
#2094 = CARTESIAN_POINT('',(2.7,-0.6,0.3));
#2095 = LINE('',#2096,#2097);
#2096 = CARTESIAN_POINT('',(2.7,-0.45,0.3));
#2097 = VECTOR('',#2098,1.);
#2098 = DIRECTION('',(-0.,1.,0.));
#2099 = ORIENTED_EDGE('',*,*,#2100,.F.);
#2100 = EDGE_CURVE('',#2101,#2093,#2103,.T.);
#2101 = VERTEX_POINT('',#2102);
#2102 = CARTESIAN_POINT('',(3.,-0.6,0.3));
#2103 = LINE('',#2104,#2105);
#2104 = CARTESIAN_POINT('',(1.35,-0.6,0.3));
#2105 = VECTOR('',#2106,1.);
#2106 = DIRECTION('',(-1.,-0.,0.));
#2107 = ORIENTED_EDGE('',*,*,#2108,.F.);
#2108 = EDGE_CURVE('',#2083,#2101,#2109,.T.);
#2109 = LINE('',#2110,#2111);
#2110 = CARTESIAN_POINT('',(3.,-0.45,0.3));
#2111 = VECTOR('',#2112,1.);
#2112 = DIRECTION('',(-0.,1.,0.));
#2113 = FACE_BOUND('',#2114,.T.);
#2114 = EDGE_LOOP('',(#2115,#2125,#2133,#2141));
#2115 = ORIENTED_EDGE('',*,*,#2116,.T.);
#2116 = EDGE_CURVE('',#2117,#2119,#2121,.T.);
#2117 = VERTEX_POINT('',#2118);
#2118 = CARTESIAN_POINT('',(2.4,-0.3,0.3));
#2119 = VERTEX_POINT('',#2120);
#2120 = CARTESIAN_POINT('',(2.1,-0.3,0.3));
#2121 = LINE('',#2122,#2123);
#2122 = CARTESIAN_POINT('',(1.05,-0.3,0.3));
#2123 = VECTOR('',#2124,1.);
#2124 = DIRECTION('',(-1.,-0.,0.));
#2125 = ORIENTED_EDGE('',*,*,#2126,.T.);
#2126 = EDGE_CURVE('',#2119,#2127,#2129,.T.);
#2127 = VERTEX_POINT('',#2128);
#2128 = CARTESIAN_POINT('',(2.1,2.775557561563E-16,0.3));
#2129 = LINE('',#2130,#2131);
#2130 = CARTESIAN_POINT('',(2.1,-0.15,0.3));
#2131 = VECTOR('',#2132,1.);
#2132 = DIRECTION('',(-0.,1.,0.));
#2133 = ORIENTED_EDGE('',*,*,#2134,.F.);
#2134 = EDGE_CURVE('',#2135,#2127,#2137,.T.);
#2135 = VERTEX_POINT('',#2136);
#2136 = CARTESIAN_POINT('',(2.4,2.775557561563E-16,0.3));
#2137 = LINE('',#2138,#2139);
#2138 = CARTESIAN_POINT('',(1.05,2.775557561563E-16,0.3));
#2139 = VECTOR('',#2140,1.);
#2140 = DIRECTION('',(-1.,-0.,0.));
#2141 = ORIENTED_EDGE('',*,*,#2142,.F.);
#2142 = EDGE_CURVE('',#2117,#2135,#2143,.T.);
#2143 = LINE('',#2144,#2145);
#2144 = CARTESIAN_POINT('',(2.4,-0.15,0.3));
#2145 = VECTOR('',#2146,1.);
#2146 = DIRECTION('',(-0.,1.,0.));
#2147 = FACE_BOUND('',#2148,.T.);
#2148 = EDGE_LOOP('',(#2149,#2159,#2167,#2175));
#2149 = ORIENTED_EDGE('',*,*,#2150,.T.);
#2150 = EDGE_CURVE('',#2151,#2153,#2155,.T.);
#2151 = VERTEX_POINT('',#2152);
#2152 = CARTESIAN_POINT('',(3.,-0.3,0.3));
#2153 = VERTEX_POINT('',#2154);
#2154 = CARTESIAN_POINT('',(2.7,-0.3,0.3));
#2155 = LINE('',#2156,#2157);
#2156 = CARTESIAN_POINT('',(1.35,-0.3,0.3));
#2157 = VECTOR('',#2158,1.);
#2158 = DIRECTION('',(-1.,-0.,0.));
#2159 = ORIENTED_EDGE('',*,*,#2160,.T.);
#2160 = EDGE_CURVE('',#2153,#2161,#2163,.T.);
#2161 = VERTEX_POINT('',#2162);
#2162 = CARTESIAN_POINT('',(2.7,2.775557561563E-16,0.3));
#2163 = LINE('',#2164,#2165);
#2164 = CARTESIAN_POINT('',(2.7,-0.15,0.3));
#2165 = VECTOR('',#2166,1.);
#2166 = DIRECTION('',(-0.,1.,0.));
#2167 = ORIENTED_EDGE('',*,*,#2168,.F.);
#2168 = EDGE_CURVE('',#2169,#2161,#2171,.T.);
#2169 = VERTEX_POINT('',#2170);
#2170 = CARTESIAN_POINT('',(3.,2.775557561563E-16,0.3));
#2171 = LINE('',#2172,#2173);
#2172 = CARTESIAN_POINT('',(1.35,2.775557561563E-16,0.3));
#2173 = VECTOR('',#2174,1.);
#2174 = DIRECTION('',(-1.,-0.,0.));
#2175 = ORIENTED_EDGE('',*,*,#2176,.F.);
#2176 = EDGE_CURVE('',#2151,#2169,#2177,.T.);
#2177 = LINE('',#2178,#2179);
#2178 = CARTESIAN_POINT('',(3.,-0.15,0.3));
#2179 = VECTOR('',#2180,1.);
#2180 = DIRECTION('',(-0.,1.,0.));
#2181 = FACE_BOUND('',#2182,.T.);
#2182 = EDGE_LOOP('',(#2183,#2193,#2201,#2209));
#2183 = ORIENTED_EDGE('',*,*,#2184,.T.);
#2184 = EDGE_CURVE('',#2185,#2187,#2189,.T.);
#2185 = VERTEX_POINT('',#2186);
#2186 = CARTESIAN_POINT('',(-3.,0.3,0.3));
#2187 = VERTEX_POINT('',#2188);
#2188 = CARTESIAN_POINT('',(-3.3,0.3,0.3));
#2189 = LINE('',#2190,#2191);
#2190 = CARTESIAN_POINT('',(-1.65,0.3,0.3));
#2191 = VECTOR('',#2192,1.);
#2192 = DIRECTION('',(-1.,-0.,0.));
#2193 = ORIENTED_EDGE('',*,*,#2194,.T.);
#2194 = EDGE_CURVE('',#2187,#2195,#2197,.T.);
#2195 = VERTEX_POINT('',#2196);
#2196 = CARTESIAN_POINT('',(-3.3,0.6,0.3));
#2197 = LINE('',#2198,#2199);
#2198 = CARTESIAN_POINT('',(-3.3,0.15,0.3));
#2199 = VECTOR('',#2200,1.);
#2200 = DIRECTION('',(-0.,1.,0.));
#2201 = ORIENTED_EDGE('',*,*,#2202,.F.);
#2202 = EDGE_CURVE('',#2203,#2195,#2205,.T.);
#2203 = VERTEX_POINT('',#2204);
#2204 = CARTESIAN_POINT('',(-3.,0.6,0.3));
#2205 = LINE('',#2206,#2207);
#2206 = CARTESIAN_POINT('',(-1.65,0.6,0.3));
#2207 = VECTOR('',#2208,1.);
#2208 = DIRECTION('',(-1.,-0.,0.));
#2209 = ORIENTED_EDGE('',*,*,#2210,.F.);
#2210 = EDGE_CURVE('',#2185,#2203,#2211,.T.);
#2211 = LINE('',#2212,#2213);
#2212 = CARTESIAN_POINT('',(-3.,0.15,0.3));
#2213 = VECTOR('',#2214,1.);
#2214 = DIRECTION('',(-0.,1.,0.));
#2215 = FACE_BOUND('',#2216,.T.);
#2216 = EDGE_LOOP('',(#2217,#2227,#2235,#2243));
#2217 = ORIENTED_EDGE('',*,*,#2218,.T.);
#2218 = EDGE_CURVE('',#2219,#2221,#2223,.T.);
#2219 = VERTEX_POINT('',#2220);
#2220 = CARTESIAN_POINT('',(-2.4,0.3,0.3));
#2221 = VERTEX_POINT('',#2222);
#2222 = CARTESIAN_POINT('',(-2.7,0.3,0.3));
#2223 = LINE('',#2224,#2225);
#2224 = CARTESIAN_POINT('',(-1.35,0.3,0.3));
#2225 = VECTOR('',#2226,1.);
#2226 = DIRECTION('',(-1.,-0.,0.));
#2227 = ORIENTED_EDGE('',*,*,#2228,.T.);
#2228 = EDGE_CURVE('',#2221,#2229,#2231,.T.);
#2229 = VERTEX_POINT('',#2230);
#2230 = CARTESIAN_POINT('',(-2.7,0.6,0.3));
#2231 = LINE('',#2232,#2233);
#2232 = CARTESIAN_POINT('',(-2.7,0.15,0.3));
#2233 = VECTOR('',#2234,1.);
#2234 = DIRECTION('',(-0.,1.,0.));
#2235 = ORIENTED_EDGE('',*,*,#2236,.F.);
#2236 = EDGE_CURVE('',#2237,#2229,#2239,.T.);
#2237 = VERTEX_POINT('',#2238);
#2238 = CARTESIAN_POINT('',(-2.4,0.6,0.3));
#2239 = LINE('',#2240,#2241);
#2240 = CARTESIAN_POINT('',(-1.35,0.6,0.3));
#2241 = VECTOR('',#2242,1.);
#2242 = DIRECTION('',(-1.,-0.,0.));
#2243 = ORIENTED_EDGE('',*,*,#2244,.F.);
#2244 = EDGE_CURVE('',#2219,#2237,#2245,.T.);
#2245 = LINE('',#2246,#2247);
#2246 = CARTESIAN_POINT('',(-2.4,0.15,0.3));
#2247 = VECTOR('',#2248,1.);
#2248 = DIRECTION('',(-0.,1.,0.));
#2249 = FACE_BOUND('',#2250,.T.);
#2250 = EDGE_LOOP('',(#2251,#2261,#2269,#2277));
#2251 = ORIENTED_EDGE('',*,*,#2252,.T.);
#2252 = EDGE_CURVE('',#2253,#2255,#2257,.T.);
#2253 = VERTEX_POINT('',#2254);
#2254 = CARTESIAN_POINT('',(-1.8,0.3,0.3));
#2255 = VERTEX_POINT('',#2256);
#2256 = CARTESIAN_POINT('',(-2.1,0.3,0.3));
#2257 = LINE('',#2258,#2259);
#2258 = CARTESIAN_POINT('',(-1.05,0.3,0.3));
#2259 = VECTOR('',#2260,1.);
#2260 = DIRECTION('',(-1.,-0.,0.));
#2261 = ORIENTED_EDGE('',*,*,#2262,.T.);
#2262 = EDGE_CURVE('',#2255,#2263,#2265,.T.);
#2263 = VERTEX_POINT('',#2264);
#2264 = CARTESIAN_POINT('',(-2.1,0.6,0.3));
#2265 = LINE('',#2266,#2267);
#2266 = CARTESIAN_POINT('',(-2.1,0.15,0.3));
#2267 = VECTOR('',#2268,1.);
#2268 = DIRECTION('',(-0.,1.,0.));
#2269 = ORIENTED_EDGE('',*,*,#2270,.F.);
#2270 = EDGE_CURVE('',#2271,#2263,#2273,.T.);
#2271 = VERTEX_POINT('',#2272);
#2272 = CARTESIAN_POINT('',(-1.8,0.6,0.3));
#2273 = LINE('',#2274,#2275);
#2274 = CARTESIAN_POINT('',(-1.05,0.6,0.3));
#2275 = VECTOR('',#2276,1.);
#2276 = DIRECTION('',(-1.,-0.,0.));
#2277 = ORIENTED_EDGE('',*,*,#2278,.F.);
#2278 = EDGE_CURVE('',#2253,#2271,#2279,.T.);
#2279 = LINE('',#2280,#2281);
#2280 = CARTESIAN_POINT('',(-1.8,0.15,0.3));
#2281 = VECTOR('',#2282,1.);
#2282 = DIRECTION('',(-0.,1.,0.));
#2283 = FACE_BOUND('',#2284,.T.);
#2284 = EDGE_LOOP('',(#2285,#2295,#2303,#2311));
#2285 = ORIENTED_EDGE('',*,*,#2286,.T.);
#2286 = EDGE_CURVE('',#2287,#2289,#2291,.T.);
#2287 = VERTEX_POINT('',#2288);
#2288 = CARTESIAN_POINT('',(-3.,0.9,0.3));
#2289 = VERTEX_POINT('',#2290);
#2290 = CARTESIAN_POINT('',(-3.3,0.9,0.3));
#2291 = LINE('',#2292,#2293);
#2292 = CARTESIAN_POINT('',(-1.65,0.9,0.3));
#2293 = VECTOR('',#2294,1.);
#2294 = DIRECTION('',(-1.,-0.,0.));
#2295 = ORIENTED_EDGE('',*,*,#2296,.T.);
#2296 = EDGE_CURVE('',#2289,#2297,#2299,.T.);
#2297 = VERTEX_POINT('',#2298);
#2298 = CARTESIAN_POINT('',(-3.3,1.2,0.3));
#2299 = LINE('',#2300,#2301);
#2300 = CARTESIAN_POINT('',(-3.3,0.45,0.3));
#2301 = VECTOR('',#2302,1.);
#2302 = DIRECTION('',(-0.,1.,0.));
#2303 = ORIENTED_EDGE('',*,*,#2304,.F.);
#2304 = EDGE_CURVE('',#2305,#2297,#2307,.T.);
#2305 = VERTEX_POINT('',#2306);
#2306 = CARTESIAN_POINT('',(-3.,1.2,0.3));
#2307 = LINE('',#2308,#2309);
#2308 = CARTESIAN_POINT('',(-1.65,1.2,0.3));
#2309 = VECTOR('',#2310,1.);
#2310 = DIRECTION('',(-1.,-0.,0.));
#2311 = ORIENTED_EDGE('',*,*,#2312,.F.);
#2312 = EDGE_CURVE('',#2287,#2305,#2313,.T.);
#2313 = LINE('',#2314,#2315);
#2314 = CARTESIAN_POINT('',(-3.,0.45,0.3));
#2315 = VECTOR('',#2316,1.);
#2316 = DIRECTION('',(-0.,1.,0.));
#2317 = FACE_BOUND('',#2318,.T.);
#2318 = EDGE_LOOP('',(#2319,#2329,#2337,#2345));
#2319 = ORIENTED_EDGE('',*,*,#2320,.T.);
#2320 = EDGE_CURVE('',#2321,#2323,#2325,.T.);
#2321 = VERTEX_POINT('',#2322);
#2322 = CARTESIAN_POINT('',(-2.4,0.9,0.3));
#2323 = VERTEX_POINT('',#2324);
#2324 = CARTESIAN_POINT('',(-2.7,0.9,0.3));
#2325 = LINE('',#2326,#2327);
#2326 = CARTESIAN_POINT('',(-1.35,0.9,0.3));
#2327 = VECTOR('',#2328,1.);
#2328 = DIRECTION('',(-1.,-0.,0.));
#2329 = ORIENTED_EDGE('',*,*,#2330,.T.);
#2330 = EDGE_CURVE('',#2323,#2331,#2333,.T.);
#2331 = VERTEX_POINT('',#2332);
#2332 = CARTESIAN_POINT('',(-2.7,1.2,0.3));
#2333 = LINE('',#2334,#2335);
#2334 = CARTESIAN_POINT('',(-2.7,0.45,0.3));
#2335 = VECTOR('',#2336,1.);
#2336 = DIRECTION('',(-0.,1.,0.));
#2337 = ORIENTED_EDGE('',*,*,#2338,.F.);
#2338 = EDGE_CURVE('',#2339,#2331,#2341,.T.);
#2339 = VERTEX_POINT('',#2340);
#2340 = CARTESIAN_POINT('',(-2.4,1.2,0.3));
#2341 = LINE('',#2342,#2343);
#2342 = CARTESIAN_POINT('',(-1.35,1.2,0.3));
#2343 = VECTOR('',#2344,1.);
#2344 = DIRECTION('',(-1.,-0.,0.));
#2345 = ORIENTED_EDGE('',*,*,#2346,.F.);
#2346 = EDGE_CURVE('',#2321,#2339,#2347,.T.);
#2347 = LINE('',#2348,#2349);
#2348 = CARTESIAN_POINT('',(-2.4,0.45,0.3));
#2349 = VECTOR('',#2350,1.);
#2350 = DIRECTION('',(-0.,1.,0.));
#2351 = FACE_BOUND('',#2352,.T.);
#2352 = EDGE_LOOP('',(#2353,#2363,#2371,#2379));
#2353 = ORIENTED_EDGE('',*,*,#2354,.T.);
#2354 = EDGE_CURVE('',#2355,#2357,#2359,.T.);
#2355 = VERTEX_POINT('',#2356);
#2356 = CARTESIAN_POINT('',(-1.8,0.9,0.3));
#2357 = VERTEX_POINT('',#2358);
#2358 = CARTESIAN_POINT('',(-2.1,0.9,0.3));
#2359 = LINE('',#2360,#2361);
#2360 = CARTESIAN_POINT('',(-1.05,0.9,0.3));
#2361 = VECTOR('',#2362,1.);
#2362 = DIRECTION('',(-1.,-0.,0.));
#2363 = ORIENTED_EDGE('',*,*,#2364,.T.);
#2364 = EDGE_CURVE('',#2357,#2365,#2367,.T.);
#2365 = VERTEX_POINT('',#2366);
#2366 = CARTESIAN_POINT('',(-2.1,1.2,0.3));
#2367 = LINE('',#2368,#2369);
#2368 = CARTESIAN_POINT('',(-2.1,0.45,0.3));
#2369 = VECTOR('',#2370,1.);
#2370 = DIRECTION('',(-0.,1.,0.));
#2371 = ORIENTED_EDGE('',*,*,#2372,.F.);
#2372 = EDGE_CURVE('',#2373,#2365,#2375,.T.);
#2373 = VERTEX_POINT('',#2374);
#2374 = CARTESIAN_POINT('',(-1.8,1.2,0.3));
#2375 = LINE('',#2376,#2377);
#2376 = CARTESIAN_POINT('',(-1.05,1.2,0.3));
#2377 = VECTOR('',#2378,1.);
#2378 = DIRECTION('',(-1.,-0.,0.));
#2379 = ORIENTED_EDGE('',*,*,#2380,.F.);
#2380 = EDGE_CURVE('',#2355,#2373,#2381,.T.);
#2381 = LINE('',#2382,#2383);
#2382 = CARTESIAN_POINT('',(-1.8,0.45,0.3));
#2383 = VECTOR('',#2384,1.);
#2384 = DIRECTION('',(-0.,1.,0.));
#2385 = FACE_BOUND('',#2386,.T.);
#2386 = EDGE_LOOP('',(#2387,#2397,#2405,#2413));
#2387 = ORIENTED_EDGE('',*,*,#2388,.T.);
#2388 = EDGE_CURVE('',#2389,#2391,#2393,.T.);
#2389 = VERTEX_POINT('',#2390);
#2390 = CARTESIAN_POINT('',(-1.2,0.3,0.3));
#2391 = VERTEX_POINT('',#2392);
#2392 = CARTESIAN_POINT('',(-1.5,0.3,0.3));
#2393 = LINE('',#2394,#2395);
#2394 = CARTESIAN_POINT('',(-0.75,0.3,0.3));
#2395 = VECTOR('',#2396,1.);
#2396 = DIRECTION('',(-1.,-0.,0.));
#2397 = ORIENTED_EDGE('',*,*,#2398,.T.);
#2398 = EDGE_CURVE('',#2391,#2399,#2401,.T.);
#2399 = VERTEX_POINT('',#2400);
#2400 = CARTESIAN_POINT('',(-1.5,0.6,0.3));
#2401 = LINE('',#2402,#2403);
#2402 = CARTESIAN_POINT('',(-1.5,0.15,0.3));
#2403 = VECTOR('',#2404,1.);
#2404 = DIRECTION('',(-0.,1.,0.));
#2405 = ORIENTED_EDGE('',*,*,#2406,.F.);
#2406 = EDGE_CURVE('',#2407,#2399,#2409,.T.);
#2407 = VERTEX_POINT('',#2408);
#2408 = CARTESIAN_POINT('',(-1.2,0.6,0.3));
#2409 = LINE('',#2410,#2411);
#2410 = CARTESIAN_POINT('',(-0.75,0.6,0.3));
#2411 = VECTOR('',#2412,1.);
#2412 = DIRECTION('',(-1.,-0.,0.));
#2413 = ORIENTED_EDGE('',*,*,#2414,.F.);
#2414 = EDGE_CURVE('',#2389,#2407,#2415,.T.);
#2415 = LINE('',#2416,#2417);
#2416 = CARTESIAN_POINT('',(-1.2,0.15,0.3));
#2417 = VECTOR('',#2418,1.);
#2418 = DIRECTION('',(-0.,1.,0.));
#2419 = FACE_BOUND('',#2420,.T.);
#2420 = EDGE_LOOP('',(#2421,#2431,#2439,#2447));
#2421 = ORIENTED_EDGE('',*,*,#2422,.T.);
#2422 = EDGE_CURVE('',#2423,#2425,#2427,.T.);
#2423 = VERTEX_POINT('',#2424);
#2424 = CARTESIAN_POINT('',(-0.6,0.3,0.3));
#2425 = VERTEX_POINT('',#2426);
#2426 = CARTESIAN_POINT('',(-0.9,0.3,0.3));
#2427 = LINE('',#2428,#2429);
#2428 = CARTESIAN_POINT('',(-0.45,0.3,0.3));
#2429 = VECTOR('',#2430,1.);
#2430 = DIRECTION('',(-1.,-0.,0.));
#2431 = ORIENTED_EDGE('',*,*,#2432,.T.);
#2432 = EDGE_CURVE('',#2425,#2433,#2435,.T.);
#2433 = VERTEX_POINT('',#2434);
#2434 = CARTESIAN_POINT('',(-0.9,0.6,0.3));
#2435 = LINE('',#2436,#2437);
#2436 = CARTESIAN_POINT('',(-0.9,0.15,0.3));
#2437 = VECTOR('',#2438,1.);
#2438 = DIRECTION('',(-0.,1.,0.));
#2439 = ORIENTED_EDGE('',*,*,#2440,.F.);
#2440 = EDGE_CURVE('',#2441,#2433,#2443,.T.);
#2441 = VERTEX_POINT('',#2442);
#2442 = CARTESIAN_POINT('',(-0.6,0.6,0.3));
#2443 = LINE('',#2444,#2445);
#2444 = CARTESIAN_POINT('',(-0.45,0.6,0.3));
#2445 = VECTOR('',#2446,1.);
#2446 = DIRECTION('',(-1.,-0.,0.));
#2447 = ORIENTED_EDGE('',*,*,#2448,.F.);
#2448 = EDGE_CURVE('',#2423,#2441,#2449,.T.);
#2449 = LINE('',#2450,#2451);
#2450 = CARTESIAN_POINT('',(-0.6,0.15,0.3));
#2451 = VECTOR('',#2452,1.);
#2452 = DIRECTION('',(-0.,1.,0.));
#2453 = FACE_BOUND('',#2454,.T.);
#2454 = EDGE_LOOP('',(#2455,#2465,#2473,#2481));
#2455 = ORIENTED_EDGE('',*,*,#2456,.T.);
#2456 = EDGE_CURVE('',#2457,#2459,#2461,.T.);
#2457 = VERTEX_POINT('',#2458);
#2458 = CARTESIAN_POINT('',(2.775557561563E-16,0.3,0.3));
#2459 = VERTEX_POINT('',#2460);
#2460 = CARTESIAN_POINT('',(-0.3,0.3,0.3));
#2461 = LINE('',#2462,#2463);
#2462 = CARTESIAN_POINT('',(-0.15,0.3,0.3));
#2463 = VECTOR('',#2464,1.);
#2464 = DIRECTION('',(-1.,-0.,0.));
#2465 = ORIENTED_EDGE('',*,*,#2466,.T.);
#2466 = EDGE_CURVE('',#2459,#2467,#2469,.T.);
#2467 = VERTEX_POINT('',#2468);
#2468 = CARTESIAN_POINT('',(-0.3,0.6,0.3));
#2469 = LINE('',#2470,#2471);
#2470 = CARTESIAN_POINT('',(-0.3,0.15,0.3));
#2471 = VECTOR('',#2472,1.);
#2472 = DIRECTION('',(-0.,1.,0.));
#2473 = ORIENTED_EDGE('',*,*,#2474,.F.);
#2474 = EDGE_CURVE('',#2475,#2467,#2477,.T.);
#2475 = VERTEX_POINT('',#2476);
#2476 = CARTESIAN_POINT('',(2.775557561563E-16,0.6,0.3));
#2477 = LINE('',#2478,#2479);
#2478 = CARTESIAN_POINT('',(-0.15,0.6,0.3));
#2479 = VECTOR('',#2480,1.);
#2480 = DIRECTION('',(-1.,-0.,0.));
#2481 = ORIENTED_EDGE('',*,*,#2482,.F.);
#2482 = EDGE_CURVE('',#2457,#2475,#2483,.T.);
#2483 = LINE('',#2484,#2485);
#2484 = CARTESIAN_POINT('',(2.775557561563E-16,0.15,0.3));
#2485 = VECTOR('',#2486,1.);
#2486 = DIRECTION('',(-0.,1.,0.));
#2487 = FACE_BOUND('',#2488,.T.);
#2488 = EDGE_LOOP('',(#2489,#2499,#2507,#2515));
#2489 = ORIENTED_EDGE('',*,*,#2490,.T.);
#2490 = EDGE_CURVE('',#2491,#2493,#2495,.T.);
#2491 = VERTEX_POINT('',#2492);
#2492 = CARTESIAN_POINT('',(-1.2,0.9,0.3));
#2493 = VERTEX_POINT('',#2494);
#2494 = CARTESIAN_POINT('',(-1.5,0.9,0.3));
#2495 = LINE('',#2496,#2497);
#2496 = CARTESIAN_POINT('',(-0.75,0.9,0.3));
#2497 = VECTOR('',#2498,1.);
#2498 = DIRECTION('',(-1.,-0.,0.));
#2499 = ORIENTED_EDGE('',*,*,#2500,.T.);
#2500 = EDGE_CURVE('',#2493,#2501,#2503,.T.);
#2501 = VERTEX_POINT('',#2502);
#2502 = CARTESIAN_POINT('',(-1.5,1.2,0.3));
#2503 = LINE('',#2504,#2505);
#2504 = CARTESIAN_POINT('',(-1.5,0.45,0.3));
#2505 = VECTOR('',#2506,1.);
#2506 = DIRECTION('',(-0.,1.,0.));
#2507 = ORIENTED_EDGE('',*,*,#2508,.F.);
#2508 = EDGE_CURVE('',#2509,#2501,#2511,.T.);
#2509 = VERTEX_POINT('',#2510);
#2510 = CARTESIAN_POINT('',(-1.2,1.2,0.3));
#2511 = LINE('',#2512,#2513);
#2512 = CARTESIAN_POINT('',(-0.75,1.2,0.3));
#2513 = VECTOR('',#2514,1.);
#2514 = DIRECTION('',(-1.,-0.,0.));
#2515 = ORIENTED_EDGE('',*,*,#2516,.F.);
#2516 = EDGE_CURVE('',#2491,#2509,#2517,.T.);
#2517 = LINE('',#2518,#2519);
#2518 = CARTESIAN_POINT('',(-1.2,0.45,0.3));
#2519 = VECTOR('',#2520,1.);
#2520 = DIRECTION('',(-0.,1.,0.));
#2521 = FACE_BOUND('',#2522,.T.);
#2522 = EDGE_LOOP('',(#2523,#2533,#2541,#2549));
#2523 = ORIENTED_EDGE('',*,*,#2524,.T.);
#2524 = EDGE_CURVE('',#2525,#2527,#2529,.T.);
#2525 = VERTEX_POINT('',#2526);
#2526 = CARTESIAN_POINT('',(-0.6,0.9,0.3));
#2527 = VERTEX_POINT('',#2528);
#2528 = CARTESIAN_POINT('',(-0.9,0.9,0.3));
#2529 = LINE('',#2530,#2531);
#2530 = CARTESIAN_POINT('',(-0.45,0.9,0.3));
#2531 = VECTOR('',#2532,1.);
#2532 = DIRECTION('',(-1.,-0.,0.));
#2533 = ORIENTED_EDGE('',*,*,#2534,.T.);
#2534 = EDGE_CURVE('',#2527,#2535,#2537,.T.);
#2535 = VERTEX_POINT('',#2536);
#2536 = CARTESIAN_POINT('',(-0.9,1.2,0.3));
#2537 = LINE('',#2538,#2539);
#2538 = CARTESIAN_POINT('',(-0.9,0.45,0.3));
#2539 = VECTOR('',#2540,1.);
#2540 = DIRECTION('',(-0.,1.,0.));
#2541 = ORIENTED_EDGE('',*,*,#2542,.F.);
#2542 = EDGE_CURVE('',#2543,#2535,#2545,.T.);
#2543 = VERTEX_POINT('',#2544);
#2544 = CARTESIAN_POINT('',(-0.6,1.2,0.3));
#2545 = LINE('',#2546,#2547);
#2546 = CARTESIAN_POINT('',(-0.45,1.2,0.3));
#2547 = VECTOR('',#2548,1.);
#2548 = DIRECTION('',(-1.,-0.,0.));
#2549 = ORIENTED_EDGE('',*,*,#2550,.F.);
#2550 = EDGE_CURVE('',#2525,#2543,#2551,.T.);
#2551 = LINE('',#2552,#2553);
#2552 = CARTESIAN_POINT('',(-0.6,0.45,0.3));
#2553 = VECTOR('',#2554,1.);
#2554 = DIRECTION('',(-0.,1.,0.));
#2555 = FACE_BOUND('',#2556,.T.);
#2556 = EDGE_LOOP('',(#2557,#2567,#2575,#2583));
#2557 = ORIENTED_EDGE('',*,*,#2558,.T.);
#2558 = EDGE_CURVE('',#2559,#2561,#2563,.T.);
#2559 = VERTEX_POINT('',#2560);
#2560 = CARTESIAN_POINT('',(2.775557561563E-16,0.9,0.3));
#2561 = VERTEX_POINT('',#2562);
#2562 = CARTESIAN_POINT('',(-0.3,0.9,0.3));
#2563 = LINE('',#2564,#2565);
#2564 = CARTESIAN_POINT('',(-0.15,0.9,0.3));
#2565 = VECTOR('',#2566,1.);
#2566 = DIRECTION('',(-1.,-0.,0.));
#2567 = ORIENTED_EDGE('',*,*,#2568,.T.);
#2568 = EDGE_CURVE('',#2561,#2569,#2571,.T.);
#2569 = VERTEX_POINT('',#2570);
#2570 = CARTESIAN_POINT('',(-0.3,1.2,0.3));
#2571 = LINE('',#2572,#2573);
#2572 = CARTESIAN_POINT('',(-0.3,0.45,0.3));
#2573 = VECTOR('',#2574,1.);
#2574 = DIRECTION('',(-0.,1.,0.));
#2575 = ORIENTED_EDGE('',*,*,#2576,.F.);
#2576 = EDGE_CURVE('',#2577,#2569,#2579,.T.);
#2577 = VERTEX_POINT('',#2578);
#2578 = CARTESIAN_POINT('',(2.775557561563E-16,1.2,0.3));
#2579 = LINE('',#2580,#2581);
#2580 = CARTESIAN_POINT('',(-0.15,1.2,0.3));
#2581 = VECTOR('',#2582,1.);
#2582 = DIRECTION('',(-1.,-0.,0.));
#2583 = ORIENTED_EDGE('',*,*,#2584,.F.);
#2584 = EDGE_CURVE('',#2559,#2577,#2585,.T.);
#2585 = LINE('',#2586,#2587);
#2586 = CARTESIAN_POINT('',(2.775557561563E-16,0.45,0.3));
#2587 = VECTOR('',#2588,1.);
#2588 = DIRECTION('',(-0.,1.,0.));
#2589 = FACE_BOUND('',#2590,.T.);
#2590 = EDGE_LOOP('',(#2591,#2601,#2609,#2617));
#2591 = ORIENTED_EDGE('',*,*,#2592,.T.);
#2592 = EDGE_CURVE('',#2593,#2595,#2597,.T.);
#2593 = VERTEX_POINT('',#2594);
#2594 = CARTESIAN_POINT('',(-2.4,1.5,0.3));
#2595 = VERTEX_POINT('',#2596);
#2596 = CARTESIAN_POINT('',(-2.7,1.5,0.3));
#2597 = LINE('',#2598,#2599);
#2598 = CARTESIAN_POINT('',(-1.35,1.5,0.3));
#2599 = VECTOR('',#2600,1.);
#2600 = DIRECTION('',(-1.,-0.,0.));
#2601 = ORIENTED_EDGE('',*,*,#2602,.T.);
#2602 = EDGE_CURVE('',#2595,#2603,#2605,.T.);
#2603 = VERTEX_POINT('',#2604);
#2604 = CARTESIAN_POINT('',(-2.7,1.8,0.3));
#2605 = LINE('',#2606,#2607);
#2606 = CARTESIAN_POINT('',(-2.7,0.75,0.3));
#2607 = VECTOR('',#2608,1.);
#2608 = DIRECTION('',(-0.,1.,0.));
#2609 = ORIENTED_EDGE('',*,*,#2610,.F.);
#2610 = EDGE_CURVE('',#2611,#2603,#2613,.T.);
#2611 = VERTEX_POINT('',#2612);
#2612 = CARTESIAN_POINT('',(-2.4,1.8,0.3));
#2613 = LINE('',#2614,#2615);
#2614 = CARTESIAN_POINT('',(-1.35,1.8,0.3));
#2615 = VECTOR('',#2616,1.);
#2616 = DIRECTION('',(-1.,-0.,0.));
#2617 = ORIENTED_EDGE('',*,*,#2618,.F.);
#2618 = EDGE_CURVE('',#2593,#2611,#2619,.T.);
#2619 = LINE('',#2620,#2621);
#2620 = CARTESIAN_POINT('',(-2.4,0.75,0.3));
#2621 = VECTOR('',#2622,1.);
#2622 = DIRECTION('',(-0.,1.,0.));
#2623 = FACE_BOUND('',#2624,.T.);
#2624 = EDGE_LOOP('',(#2625,#2635,#2643,#2651));
#2625 = ORIENTED_EDGE('',*,*,#2626,.T.);
#2626 = EDGE_CURVE('',#2627,#2629,#2631,.T.);
#2627 = VERTEX_POINT('',#2628);
#2628 = CARTESIAN_POINT('',(-1.8,1.5,0.3));
#2629 = VERTEX_POINT('',#2630);
#2630 = CARTESIAN_POINT('',(-2.1,1.5,0.3));
#2631 = LINE('',#2632,#2633);
#2632 = CARTESIAN_POINT('',(-1.05,1.5,0.3));
#2633 = VECTOR('',#2634,1.);
#2634 = DIRECTION('',(-1.,-0.,0.));
#2635 = ORIENTED_EDGE('',*,*,#2636,.T.);
#2636 = EDGE_CURVE('',#2629,#2637,#2639,.T.);
#2637 = VERTEX_POINT('',#2638);
#2638 = CARTESIAN_POINT('',(-2.1,1.8,0.3));
#2639 = LINE('',#2640,#2641);
#2640 = CARTESIAN_POINT('',(-2.1,0.75,0.3));
#2641 = VECTOR('',#2642,1.);
#2642 = DIRECTION('',(-0.,1.,0.));
#2643 = ORIENTED_EDGE('',*,*,#2644,.F.);
#2644 = EDGE_CURVE('',#2645,#2637,#2647,.T.);
#2645 = VERTEX_POINT('',#2646);
#2646 = CARTESIAN_POINT('',(-1.8,1.8,0.3));
#2647 = LINE('',#2648,#2649);
#2648 = CARTESIAN_POINT('',(-1.05,1.8,0.3));
#2649 = VECTOR('',#2650,1.);
#2650 = DIRECTION('',(-1.,-0.,0.));
#2651 = ORIENTED_EDGE('',*,*,#2652,.F.);
#2652 = EDGE_CURVE('',#2627,#2645,#2653,.T.);
#2653 = LINE('',#2654,#2655);
#2654 = CARTESIAN_POINT('',(-1.8,0.75,0.3));
#2655 = VECTOR('',#2656,1.);
#2656 = DIRECTION('',(-0.,1.,0.));
#2657 = FACE_BOUND('',#2658,.T.);
#2658 = EDGE_LOOP('',(#2659,#2669,#2677,#2685));
#2659 = ORIENTED_EDGE('',*,*,#2660,.T.);
#2660 = EDGE_CURVE('',#2661,#2663,#2665,.T.);
#2661 = VERTEX_POINT('',#2662);
#2662 = CARTESIAN_POINT('',(-2.4,2.1,0.3));
#2663 = VERTEX_POINT('',#2664);
#2664 = CARTESIAN_POINT('',(-2.7,2.1,0.3));
#2665 = LINE('',#2666,#2667);
#2666 = CARTESIAN_POINT('',(-1.35,2.1,0.3));
#2667 = VECTOR('',#2668,1.);
#2668 = DIRECTION('',(-1.,-0.,0.));
#2669 = ORIENTED_EDGE('',*,*,#2670,.T.);
#2670 = EDGE_CURVE('',#2663,#2671,#2673,.T.);
#2671 = VERTEX_POINT('',#2672);
#2672 = CARTESIAN_POINT('',(-2.7,2.4,0.3));
#2673 = LINE('',#2674,#2675);
#2674 = CARTESIAN_POINT('',(-2.7,1.05,0.3));
#2675 = VECTOR('',#2676,1.);
#2676 = DIRECTION('',(-0.,1.,0.));
#2677 = ORIENTED_EDGE('',*,*,#2678,.F.);
#2678 = EDGE_CURVE('',#2679,#2671,#2681,.T.);
#2679 = VERTEX_POINT('',#2680);
#2680 = CARTESIAN_POINT('',(-2.4,2.4,0.3));
#2681 = LINE('',#2682,#2683);
#2682 = CARTESIAN_POINT('',(-1.35,2.4,0.3));
#2683 = VECTOR('',#2684,1.);
#2684 = DIRECTION('',(-1.,-0.,0.));
#2685 = ORIENTED_EDGE('',*,*,#2686,.F.);
#2686 = EDGE_CURVE('',#2661,#2679,#2687,.T.);
#2687 = LINE('',#2688,#2689);
#2688 = CARTESIAN_POINT('',(-2.4,1.05,0.3));
#2689 = VECTOR('',#2690,1.);
#2690 = DIRECTION('',(-0.,1.,0.));
#2691 = FACE_BOUND('',#2692,.T.);
#2692 = EDGE_LOOP('',(#2693,#2703,#2711,#2719));
#2693 = ORIENTED_EDGE('',*,*,#2694,.T.);
#2694 = EDGE_CURVE('',#2695,#2697,#2699,.T.);
#2695 = VERTEX_POINT('',#2696);
#2696 = CARTESIAN_POINT('',(-1.8,2.1,0.3));
#2697 = VERTEX_POINT('',#2698);
#2698 = CARTESIAN_POINT('',(-2.1,2.1,0.3));
#2699 = LINE('',#2700,#2701);
#2700 = CARTESIAN_POINT('',(-1.05,2.1,0.3));
#2701 = VECTOR('',#2702,1.);
#2702 = DIRECTION('',(-1.,-0.,0.));
#2703 = ORIENTED_EDGE('',*,*,#2704,.T.);
#2704 = EDGE_CURVE('',#2697,#2705,#2707,.T.);
#2705 = VERTEX_POINT('',#2706);
#2706 = CARTESIAN_POINT('',(-2.1,2.4,0.3));
#2707 = LINE('',#2708,#2709);
#2708 = CARTESIAN_POINT('',(-2.1,1.05,0.3));
#2709 = VECTOR('',#2710,1.);
#2710 = DIRECTION('',(-0.,1.,0.));
#2711 = ORIENTED_EDGE('',*,*,#2712,.F.);
#2712 = EDGE_CURVE('',#2713,#2705,#2715,.T.);
#2713 = VERTEX_POINT('',#2714);
#2714 = CARTESIAN_POINT('',(-1.8,2.4,0.3));
#2715 = LINE('',#2716,#2717);
#2716 = CARTESIAN_POINT('',(-1.05,2.4,0.3));
#2717 = VECTOR('',#2718,1.);
#2718 = DIRECTION('',(-1.,-0.,0.));
#2719 = ORIENTED_EDGE('',*,*,#2720,.F.);
#2720 = EDGE_CURVE('',#2695,#2713,#2721,.T.);
#2721 = LINE('',#2722,#2723);
#2722 = CARTESIAN_POINT('',(-1.8,1.05,0.3));
#2723 = VECTOR('',#2724,1.);
#2724 = DIRECTION('',(-0.,1.,0.));
#2725 = FACE_BOUND('',#2726,.T.);
#2726 = EDGE_LOOP('',(#2727,#2737,#2745,#2753));
#2727 = ORIENTED_EDGE('',*,*,#2728,.T.);
#2728 = EDGE_CURVE('',#2729,#2731,#2733,.T.);
#2729 = VERTEX_POINT('',#2730);
#2730 = CARTESIAN_POINT('',(-1.2,1.5,0.3));
#2731 = VERTEX_POINT('',#2732);
#2732 = CARTESIAN_POINT('',(-1.5,1.5,0.3));
#2733 = LINE('',#2734,#2735);
#2734 = CARTESIAN_POINT('',(-0.75,1.5,0.3));
#2735 = VECTOR('',#2736,1.);
#2736 = DIRECTION('',(-1.,-0.,0.));
#2737 = ORIENTED_EDGE('',*,*,#2738,.T.);
#2738 = EDGE_CURVE('',#2731,#2739,#2741,.T.);
#2739 = VERTEX_POINT('',#2740);
#2740 = CARTESIAN_POINT('',(-1.5,1.8,0.3));
#2741 = LINE('',#2742,#2743);
#2742 = CARTESIAN_POINT('',(-1.5,0.75,0.3));
#2743 = VECTOR('',#2744,1.);
#2744 = DIRECTION('',(-0.,1.,0.));
#2745 = ORIENTED_EDGE('',*,*,#2746,.F.);
#2746 = EDGE_CURVE('',#2747,#2739,#2749,.T.);
#2747 = VERTEX_POINT('',#2748);
#2748 = CARTESIAN_POINT('',(-1.2,1.8,0.3));
#2749 = LINE('',#2750,#2751);
#2750 = CARTESIAN_POINT('',(-0.75,1.8,0.3));
#2751 = VECTOR('',#2752,1.);
#2752 = DIRECTION('',(-1.,-0.,0.));
#2753 = ORIENTED_EDGE('',*,*,#2754,.F.);
#2754 = EDGE_CURVE('',#2729,#2747,#2755,.T.);
#2755 = LINE('',#2756,#2757);
#2756 = CARTESIAN_POINT('',(-1.2,0.75,0.3));
#2757 = VECTOR('',#2758,1.);
#2758 = DIRECTION('',(-0.,1.,0.));
#2759 = FACE_BOUND('',#2760,.T.);
#2760 = EDGE_LOOP('',(#2761,#2771,#2779,#2787));
#2761 = ORIENTED_EDGE('',*,*,#2762,.T.);
#2762 = EDGE_CURVE('',#2763,#2765,#2767,.T.);
#2763 = VERTEX_POINT('',#2764);
#2764 = CARTESIAN_POINT('',(-0.6,1.5,0.3));
#2765 = VERTEX_POINT('',#2766);
#2766 = CARTESIAN_POINT('',(-0.9,1.5,0.3));
#2767 = LINE('',#2768,#2769);
#2768 = CARTESIAN_POINT('',(-0.45,1.5,0.3));
#2769 = VECTOR('',#2770,1.);
#2770 = DIRECTION('',(-1.,-0.,0.));
#2771 = ORIENTED_EDGE('',*,*,#2772,.T.);
#2772 = EDGE_CURVE('',#2765,#2773,#2775,.T.);
#2773 = VERTEX_POINT('',#2774);
#2774 = CARTESIAN_POINT('',(-0.9,1.8,0.3));
#2775 = LINE('',#2776,#2777);
#2776 = CARTESIAN_POINT('',(-0.9,0.75,0.3));
#2777 = VECTOR('',#2778,1.);
#2778 = DIRECTION('',(-0.,1.,0.));
#2779 = ORIENTED_EDGE('',*,*,#2780,.F.);
#2780 = EDGE_CURVE('',#2781,#2773,#2783,.T.);
#2781 = VERTEX_POINT('',#2782);
#2782 = CARTESIAN_POINT('',(-0.6,1.8,0.3));
#2783 = LINE('',#2784,#2785);
#2784 = CARTESIAN_POINT('',(-0.45,1.8,0.3));
#2785 = VECTOR('',#2786,1.);
#2786 = DIRECTION('',(-1.,-0.,0.));
#2787 = ORIENTED_EDGE('',*,*,#2788,.F.);
#2788 = EDGE_CURVE('',#2763,#2781,#2789,.T.);
#2789 = LINE('',#2790,#2791);
#2790 = CARTESIAN_POINT('',(-0.6,0.75,0.3));
#2791 = VECTOR('',#2792,1.);
#2792 = DIRECTION('',(-0.,1.,0.));
#2793 = FACE_BOUND('',#2794,.T.);
#2794 = EDGE_LOOP('',(#2795,#2805,#2813,#2821));
#2795 = ORIENTED_EDGE('',*,*,#2796,.T.);
#2796 = EDGE_CURVE('',#2797,#2799,#2801,.T.);
#2797 = VERTEX_POINT('',#2798);
#2798 = CARTESIAN_POINT('',(2.775557561563E-16,1.5,0.3));
#2799 = VERTEX_POINT('',#2800);
#2800 = CARTESIAN_POINT('',(-0.3,1.5,0.3));
#2801 = LINE('',#2802,#2803);
#2802 = CARTESIAN_POINT('',(-0.15,1.5,0.3));
#2803 = VECTOR('',#2804,1.);
#2804 = DIRECTION('',(-1.,-0.,0.));
#2805 = ORIENTED_EDGE('',*,*,#2806,.T.);
#2806 = EDGE_CURVE('',#2799,#2807,#2809,.T.);
#2807 = VERTEX_POINT('',#2808);
#2808 = CARTESIAN_POINT('',(-0.3,1.8,0.3));
#2809 = LINE('',#2810,#2811);
#2810 = CARTESIAN_POINT('',(-0.3,0.75,0.3));
#2811 = VECTOR('',#2812,1.);
#2812 = DIRECTION('',(-0.,1.,0.));
#2813 = ORIENTED_EDGE('',*,*,#2814,.F.);
#2814 = EDGE_CURVE('',#2815,#2807,#2817,.T.);
#2815 = VERTEX_POINT('',#2816);
#2816 = CARTESIAN_POINT('',(2.775557561563E-16,1.8,0.3));
#2817 = LINE('',#2818,#2819);
#2818 = CARTESIAN_POINT('',(-0.15,1.8,0.3));
#2819 = VECTOR('',#2820,1.);
#2820 = DIRECTION('',(-1.,-0.,0.));
#2821 = ORIENTED_EDGE('',*,*,#2822,.F.);
#2822 = EDGE_CURVE('',#2797,#2815,#2823,.T.);
#2823 = LINE('',#2824,#2825);
#2824 = CARTESIAN_POINT('',(2.775557561563E-16,0.75,0.3));
#2825 = VECTOR('',#2826,1.);
#2826 = DIRECTION('',(-0.,1.,0.));
#2827 = FACE_BOUND('',#2828,.T.);
#2828 = EDGE_LOOP('',(#2829,#2839,#2847,#2855));
#2829 = ORIENTED_EDGE('',*,*,#2830,.T.);
#2830 = EDGE_CURVE('',#2831,#2833,#2835,.T.);
#2831 = VERTEX_POINT('',#2832);
#2832 = CARTESIAN_POINT('',(-1.2,2.1,0.3));
#2833 = VERTEX_POINT('',#2834);
#2834 = CARTESIAN_POINT('',(-1.5,2.1,0.3));
#2835 = LINE('',#2836,#2837);
#2836 = CARTESIAN_POINT('',(-0.75,2.1,0.3));
#2837 = VECTOR('',#2838,1.);
#2838 = DIRECTION('',(-1.,-0.,0.));
#2839 = ORIENTED_EDGE('',*,*,#2840,.T.);
#2840 = EDGE_CURVE('',#2833,#2841,#2843,.T.);
#2841 = VERTEX_POINT('',#2842);
#2842 = CARTESIAN_POINT('',(-1.5,2.4,0.3));
#2843 = LINE('',#2844,#2845);
#2844 = CARTESIAN_POINT('',(-1.5,1.05,0.3));
#2845 = VECTOR('',#2846,1.);
#2846 = DIRECTION('',(-0.,1.,0.));
#2847 = ORIENTED_EDGE('',*,*,#2848,.F.);
#2848 = EDGE_CURVE('',#2849,#2841,#2851,.T.);
#2849 = VERTEX_POINT('',#2850);
#2850 = CARTESIAN_POINT('',(-1.2,2.4,0.3));
#2851 = LINE('',#2852,#2853);
#2852 = CARTESIAN_POINT('',(-0.75,2.4,0.3));
#2853 = VECTOR('',#2854,1.);
#2854 = DIRECTION('',(-1.,-0.,0.));
#2855 = ORIENTED_EDGE('',*,*,#2856,.F.);
#2856 = EDGE_CURVE('',#2831,#2849,#2857,.T.);
#2857 = LINE('',#2858,#2859);
#2858 = CARTESIAN_POINT('',(-1.2,1.05,0.3));
#2859 = VECTOR('',#2860,1.);
#2860 = DIRECTION('',(-0.,1.,0.));
#2861 = FACE_BOUND('',#2862,.T.);
#2862 = EDGE_LOOP('',(#2863,#2873,#2881,#2889));
#2863 = ORIENTED_EDGE('',*,*,#2864,.T.);
#2864 = EDGE_CURVE('',#2865,#2867,#2869,.T.);
#2865 = VERTEX_POINT('',#2866);
#2866 = CARTESIAN_POINT('',(-1.2,2.7,0.3));
#2867 = VERTEX_POINT('',#2868);
#2868 = CARTESIAN_POINT('',(-1.5,2.7,0.3));
#2869 = LINE('',#2870,#2871);
#2870 = CARTESIAN_POINT('',(-0.75,2.7,0.3));
#2871 = VECTOR('',#2872,1.);
#2872 = DIRECTION('',(-1.,-0.,0.));
#2873 = ORIENTED_EDGE('',*,*,#2874,.T.);
#2874 = EDGE_CURVE('',#2867,#2875,#2877,.T.);
#2875 = VERTEX_POINT('',#2876);
#2876 = CARTESIAN_POINT('',(-1.5,3.,0.3));
#2877 = LINE('',#2878,#2879);
#2878 = CARTESIAN_POINT('',(-1.5,1.35,0.3));
#2879 = VECTOR('',#2880,1.);
#2880 = DIRECTION('',(-0.,1.,0.));
#2881 = ORIENTED_EDGE('',*,*,#2882,.F.);
#2882 = EDGE_CURVE('',#2883,#2875,#2885,.T.);
#2883 = VERTEX_POINT('',#2884);
#2884 = CARTESIAN_POINT('',(-1.2,3.,0.3));
#2885 = LINE('',#2886,#2887);
#2886 = CARTESIAN_POINT('',(-0.75,3.,0.3));
#2887 = VECTOR('',#2888,1.);
#2888 = DIRECTION('',(-1.,-0.,0.));
#2889 = ORIENTED_EDGE('',*,*,#2890,.F.);
#2890 = EDGE_CURVE('',#2865,#2883,#2891,.T.);
#2891 = LINE('',#2892,#2893);
#2892 = CARTESIAN_POINT('',(-1.2,1.35,0.3));
#2893 = VECTOR('',#2894,1.);
#2894 = DIRECTION('',(-0.,1.,0.));
#2895 = FACE_BOUND('',#2896,.T.);
#2896 = EDGE_LOOP('',(#2897,#2907,#2915,#2923));
#2897 = ORIENTED_EDGE('',*,*,#2898,.T.);
#2898 = EDGE_CURVE('',#2899,#2901,#2903,.T.);
#2899 = VERTEX_POINT('',#2900);
#2900 = CARTESIAN_POINT('',(-0.6,2.1,0.3));
#2901 = VERTEX_POINT('',#2902);
#2902 = CARTESIAN_POINT('',(-0.9,2.1,0.3));
#2903 = LINE('',#2904,#2905);
#2904 = CARTESIAN_POINT('',(-0.45,2.1,0.3));
#2905 = VECTOR('',#2906,1.);
#2906 = DIRECTION('',(-1.,-0.,0.));
#2907 = ORIENTED_EDGE('',*,*,#2908,.T.);
#2908 = EDGE_CURVE('',#2901,#2909,#2911,.T.);
#2909 = VERTEX_POINT('',#2910);
#2910 = CARTESIAN_POINT('',(-0.9,2.4,0.3));
#2911 = LINE('',#2912,#2913);
#2912 = CARTESIAN_POINT('',(-0.9,1.05,0.3));
#2913 = VECTOR('',#2914,1.);
#2914 = DIRECTION('',(-0.,1.,0.));
#2915 = ORIENTED_EDGE('',*,*,#2916,.F.);
#2916 = EDGE_CURVE('',#2917,#2909,#2919,.T.);
#2917 = VERTEX_POINT('',#2918);
#2918 = CARTESIAN_POINT('',(-0.6,2.4,0.3));
#2919 = LINE('',#2920,#2921);
#2920 = CARTESIAN_POINT('',(-0.45,2.4,0.3));
#2921 = VECTOR('',#2922,1.);
#2922 = DIRECTION('',(-1.,-0.,0.));
#2923 = ORIENTED_EDGE('',*,*,#2924,.F.);
#2924 = EDGE_CURVE('',#2899,#2917,#2925,.T.);
#2925 = LINE('',#2926,#2927);
#2926 = CARTESIAN_POINT('',(-0.6,1.05,0.3));
#2927 = VECTOR('',#2928,1.);
#2928 = DIRECTION('',(-0.,1.,0.));
#2929 = FACE_BOUND('',#2930,.T.);
#2930 = EDGE_LOOP('',(#2931,#2941,#2949,#2957));
#2931 = ORIENTED_EDGE('',*,*,#2932,.T.);
#2932 = EDGE_CURVE('',#2933,#2935,#2937,.T.);
#2933 = VERTEX_POINT('',#2934);
#2934 = CARTESIAN_POINT('',(2.775557561563E-16,2.1,0.3));
#2935 = VERTEX_POINT('',#2936);
#2936 = CARTESIAN_POINT('',(-0.3,2.1,0.3));
#2937 = LINE('',#2938,#2939);
#2938 = CARTESIAN_POINT('',(-0.15,2.1,0.3));
#2939 = VECTOR('',#2940,1.);
#2940 = DIRECTION('',(-1.,-0.,0.));
#2941 = ORIENTED_EDGE('',*,*,#2942,.T.);
#2942 = EDGE_CURVE('',#2935,#2943,#2945,.T.);
#2943 = VERTEX_POINT('',#2944);
#2944 = CARTESIAN_POINT('',(-0.3,2.4,0.3));
#2945 = LINE('',#2946,#2947);
#2946 = CARTESIAN_POINT('',(-0.3,1.05,0.3));
#2947 = VECTOR('',#2948,1.);
#2948 = DIRECTION('',(-0.,1.,0.));
#2949 = ORIENTED_EDGE('',*,*,#2950,.F.);
#2950 = EDGE_CURVE('',#2951,#2943,#2953,.T.);
#2951 = VERTEX_POINT('',#2952);
#2952 = CARTESIAN_POINT('',(2.775557561563E-16,2.4,0.3));
#2953 = LINE('',#2954,#2955);
#2954 = CARTESIAN_POINT('',(-0.15,2.4,0.3));
#2955 = VECTOR('',#2956,1.);
#2956 = DIRECTION('',(-1.,-0.,0.));
#2957 = ORIENTED_EDGE('',*,*,#2958,.F.);
#2958 = EDGE_CURVE('',#2933,#2951,#2959,.T.);
#2959 = LINE('',#2960,#2961);
#2960 = CARTESIAN_POINT('',(2.775557561563E-16,1.05,0.3));
#2961 = VECTOR('',#2962,1.);
#2962 = DIRECTION('',(-0.,1.,0.));
#2963 = FACE_BOUND('',#2964,.T.);
#2964 = EDGE_LOOP('',(#2965,#2975,#2983,#2991));
#2965 = ORIENTED_EDGE('',*,*,#2966,.T.);
#2966 = EDGE_CURVE('',#2967,#2969,#2971,.T.);
#2967 = VERTEX_POINT('',#2968);
#2968 = CARTESIAN_POINT('',(-0.6,2.7,0.3));
#2969 = VERTEX_POINT('',#2970);
#2970 = CARTESIAN_POINT('',(-0.9,2.7,0.3));
#2971 = LINE('',#2972,#2973);
#2972 = CARTESIAN_POINT('',(-0.45,2.7,0.3));
#2973 = VECTOR('',#2974,1.);
#2974 = DIRECTION('',(-1.,-0.,0.));
#2975 = ORIENTED_EDGE('',*,*,#2976,.T.);
#2976 = EDGE_CURVE('',#2969,#2977,#2979,.T.);
#2977 = VERTEX_POINT('',#2978);
#2978 = CARTESIAN_POINT('',(-0.9,3.,0.3));
#2979 = LINE('',#2980,#2981);
#2980 = CARTESIAN_POINT('',(-0.9,1.35,0.3));
#2981 = VECTOR('',#2982,1.);
#2982 = DIRECTION('',(-0.,1.,0.));
#2983 = ORIENTED_EDGE('',*,*,#2984,.F.);
#2984 = EDGE_CURVE('',#2985,#2977,#2987,.T.);
#2985 = VERTEX_POINT('',#2986);
#2986 = CARTESIAN_POINT('',(-0.6,3.,0.3));
#2987 = LINE('',#2988,#2989);
#2988 = CARTESIAN_POINT('',(-0.45,3.,0.3));
#2989 = VECTOR('',#2990,1.);
#2990 = DIRECTION('',(-1.,-0.,0.));
#2991 = ORIENTED_EDGE('',*,*,#2992,.F.);
#2992 = EDGE_CURVE('',#2967,#2985,#2993,.T.);
#2993 = LINE('',#2994,#2995);
#2994 = CARTESIAN_POINT('',(-0.6,1.35,0.3));
#2995 = VECTOR('',#2996,1.);
#2996 = DIRECTION('',(-0.,1.,0.));
#2997 = FACE_BOUND('',#2998,.T.);
#2998 = EDGE_LOOP('',(#2999,#3009,#3017,#3025));
#2999 = ORIENTED_EDGE('',*,*,#3000,.T.);
#3000 = EDGE_CURVE('',#3001,#3003,#3005,.T.);
#3001 = VERTEX_POINT('',#3002);
#3002 = CARTESIAN_POINT('',(2.775557561563E-16,2.7,0.3));
#3003 = VERTEX_POINT('',#3004);
#3004 = CARTESIAN_POINT('',(-0.3,2.7,0.3));
#3005 = LINE('',#3006,#3007);
#3006 = CARTESIAN_POINT('',(-0.15,2.7,0.3));
#3007 = VECTOR('',#3008,1.);
#3008 = DIRECTION('',(-1.,-0.,0.));
#3009 = ORIENTED_EDGE('',*,*,#3010,.T.);
#3010 = EDGE_CURVE('',#3003,#3011,#3013,.T.);
#3011 = VERTEX_POINT('',#3012);
#3012 = CARTESIAN_POINT('',(-0.3,3.,0.3));
#3013 = LINE('',#3014,#3015);
#3014 = CARTESIAN_POINT('',(-0.3,1.35,0.3));
#3015 = VECTOR('',#3016,1.);
#3016 = DIRECTION('',(-0.,1.,0.));
#3017 = ORIENTED_EDGE('',*,*,#3018,.F.);
#3018 = EDGE_CURVE('',#3019,#3011,#3021,.T.);
#3019 = VERTEX_POINT('',#3020);
#3020 = CARTESIAN_POINT('',(2.775557561563E-16,3.,0.3));
#3021 = LINE('',#3022,#3023);
#3022 = CARTESIAN_POINT('',(-0.15,3.,0.3));
#3023 = VECTOR('',#3024,1.);
#3024 = DIRECTION('',(-1.,-0.,0.));
#3025 = ORIENTED_EDGE('',*,*,#3026,.F.);
#3026 = EDGE_CURVE('',#3001,#3019,#3027,.T.);
#3027 = LINE('',#3028,#3029);
#3028 = CARTESIAN_POINT('',(2.775557561563E-16,1.35,0.3));
#3029 = VECTOR('',#3030,1.);
#3030 = DIRECTION('',(-0.,1.,0.));
#3031 = FACE_BOUND('',#3032,.T.);
#3032 = EDGE_LOOP('',(#3033,#3043,#3051,#3059));
#3033 = ORIENTED_EDGE('',*,*,#3034,.T.);
#3034 = EDGE_CURVE('',#3035,#3037,#3039,.T.);
#3035 = VERTEX_POINT('',#3036);
#3036 = CARTESIAN_POINT('',(0.6,0.3,0.3));
#3037 = VERTEX_POINT('',#3038);
#3038 = CARTESIAN_POINT('',(0.3,0.3,0.3));
#3039 = LINE('',#3040,#3041);
#3040 = CARTESIAN_POINT('',(0.15,0.3,0.3));
#3041 = VECTOR('',#3042,1.);
#3042 = DIRECTION('',(-1.,-0.,0.));
#3043 = ORIENTED_EDGE('',*,*,#3044,.T.);
#3044 = EDGE_CURVE('',#3037,#3045,#3047,.T.);
#3045 = VERTEX_POINT('',#3046);
#3046 = CARTESIAN_POINT('',(0.3,0.6,0.3));
#3047 = LINE('',#3048,#3049);
#3048 = CARTESIAN_POINT('',(0.3,0.15,0.3));
#3049 = VECTOR('',#3050,1.);
#3050 = DIRECTION('',(-0.,1.,0.));
#3051 = ORIENTED_EDGE('',*,*,#3052,.F.);
#3052 = EDGE_CURVE('',#3053,#3045,#3055,.T.);
#3053 = VERTEX_POINT('',#3054);
#3054 = CARTESIAN_POINT('',(0.6,0.6,0.3));
#3055 = LINE('',#3056,#3057);
#3056 = CARTESIAN_POINT('',(0.15,0.6,0.3));
#3057 = VECTOR('',#3058,1.);
#3058 = DIRECTION('',(-1.,-0.,0.));
#3059 = ORIENTED_EDGE('',*,*,#3060,.F.);
#3060 = EDGE_CURVE('',#3035,#3053,#3061,.T.);
#3061 = LINE('',#3062,#3063);
#3062 = CARTESIAN_POINT('',(0.6,0.15,0.3));
#3063 = VECTOR('',#3064,1.);
#3064 = DIRECTION('',(-0.,1.,0.));
#3065 = FACE_BOUND('',#3066,.T.);
#3066 = EDGE_LOOP('',(#3067,#3077,#3085,#3093));
#3067 = ORIENTED_EDGE('',*,*,#3068,.T.);
#3068 = EDGE_CURVE('',#3069,#3071,#3073,.T.);
#3069 = VERTEX_POINT('',#3070);
#3070 = CARTESIAN_POINT('',(1.2,0.3,0.3));
#3071 = VERTEX_POINT('',#3072);
#3072 = CARTESIAN_POINT('',(0.9,0.3,0.3));
#3073 = LINE('',#3074,#3075);
#3074 = CARTESIAN_POINT('',(0.45,0.3,0.3));
#3075 = VECTOR('',#3076,1.);
#3076 = DIRECTION('',(-1.,-0.,0.));
#3077 = ORIENTED_EDGE('',*,*,#3078,.T.);
#3078 = EDGE_CURVE('',#3071,#3079,#3081,.T.);
#3079 = VERTEX_POINT('',#3080);
#3080 = CARTESIAN_POINT('',(0.9,0.6,0.3));
#3081 = LINE('',#3082,#3083);
#3082 = CARTESIAN_POINT('',(0.9,0.15,0.3));
#3083 = VECTOR('',#3084,1.);
#3084 = DIRECTION('',(-0.,1.,0.));
#3085 = ORIENTED_EDGE('',*,*,#3086,.F.);
#3086 = EDGE_CURVE('',#3087,#3079,#3089,.T.);
#3087 = VERTEX_POINT('',#3088);
#3088 = CARTESIAN_POINT('',(1.2,0.6,0.3));
#3089 = LINE('',#3090,#3091);
#3090 = CARTESIAN_POINT('',(0.45,0.6,0.3));
#3091 = VECTOR('',#3092,1.);
#3092 = DIRECTION('',(-1.,-0.,0.));
#3093 = ORIENTED_EDGE('',*,*,#3094,.F.);
#3094 = EDGE_CURVE('',#3069,#3087,#3095,.T.);
#3095 = LINE('',#3096,#3097);
#3096 = CARTESIAN_POINT('',(1.2,0.15,0.3));
#3097 = VECTOR('',#3098,1.);
#3098 = DIRECTION('',(-0.,1.,0.));
#3099 = FACE_BOUND('',#3100,.T.);
#3100 = EDGE_LOOP('',(#3101,#3111,#3119,#3127));
#3101 = ORIENTED_EDGE('',*,*,#3102,.T.);
#3102 = EDGE_CURVE('',#3103,#3105,#3107,.T.);
#3103 = VERTEX_POINT('',#3104);
#3104 = CARTESIAN_POINT('',(0.6,0.9,0.3));
#3105 = VERTEX_POINT('',#3106);
#3106 = CARTESIAN_POINT('',(0.3,0.9,0.3));
#3107 = LINE('',#3108,#3109);
#3108 = CARTESIAN_POINT('',(0.15,0.9,0.3));
#3109 = VECTOR('',#3110,1.);
#3110 = DIRECTION('',(-1.,-0.,0.));
#3111 = ORIENTED_EDGE('',*,*,#3112,.T.);
#3112 = EDGE_CURVE('',#3105,#3113,#3115,.T.);
#3113 = VERTEX_POINT('',#3114);
#3114 = CARTESIAN_POINT('',(0.3,1.2,0.3));
#3115 = LINE('',#3116,#3117);
#3116 = CARTESIAN_POINT('',(0.3,0.45,0.3));
#3117 = VECTOR('',#3118,1.);
#3118 = DIRECTION('',(-0.,1.,0.));
#3119 = ORIENTED_EDGE('',*,*,#3120,.F.);
#3120 = EDGE_CURVE('',#3121,#3113,#3123,.T.);
#3121 = VERTEX_POINT('',#3122);
#3122 = CARTESIAN_POINT('',(0.6,1.2,0.3));
#3123 = LINE('',#3124,#3125);
#3124 = CARTESIAN_POINT('',(0.15,1.2,0.3));
#3125 = VECTOR('',#3126,1.);
#3126 = DIRECTION('',(-1.,-0.,0.));
#3127 = ORIENTED_EDGE('',*,*,#3128,.F.);
#3128 = EDGE_CURVE('',#3103,#3121,#3129,.T.);
#3129 = LINE('',#3130,#3131);
#3130 = CARTESIAN_POINT('',(0.6,0.45,0.3));
#3131 = VECTOR('',#3132,1.);
#3132 = DIRECTION('',(-0.,1.,0.));
#3133 = FACE_BOUND('',#3134,.T.);
#3134 = EDGE_LOOP('',(#3135,#3145,#3153,#3161));
#3135 = ORIENTED_EDGE('',*,*,#3136,.T.);
#3136 = EDGE_CURVE('',#3137,#3139,#3141,.T.);
#3137 = VERTEX_POINT('',#3138);
#3138 = CARTESIAN_POINT('',(1.2,0.9,0.3));
#3139 = VERTEX_POINT('',#3140);
#3140 = CARTESIAN_POINT('',(0.9,0.9,0.3));
#3141 = LINE('',#3142,#3143);
#3142 = CARTESIAN_POINT('',(0.45,0.9,0.3));
#3143 = VECTOR('',#3144,1.);
#3144 = DIRECTION('',(-1.,-0.,0.));
#3145 = ORIENTED_EDGE('',*,*,#3146,.T.);
#3146 = EDGE_CURVE('',#3139,#3147,#3149,.T.);
#3147 = VERTEX_POINT('',#3148);
#3148 = CARTESIAN_POINT('',(0.9,1.2,0.3));
#3149 = LINE('',#3150,#3151);
#3150 = CARTESIAN_POINT('',(0.9,0.45,0.3));
#3151 = VECTOR('',#3152,1.);
#3152 = DIRECTION('',(-0.,1.,0.));
#3153 = ORIENTED_EDGE('',*,*,#3154,.F.);
#3154 = EDGE_CURVE('',#3155,#3147,#3157,.T.);
#3155 = VERTEX_POINT('',#3156);
#3156 = CARTESIAN_POINT('',(1.2,1.2,0.3));
#3157 = LINE('',#3158,#3159);
#3158 = CARTESIAN_POINT('',(0.45,1.2,0.3));
#3159 = VECTOR('',#3160,1.);
#3160 = DIRECTION('',(-1.,-0.,0.));
#3161 = ORIENTED_EDGE('',*,*,#3162,.F.);
#3162 = EDGE_CURVE('',#3137,#3155,#3163,.T.);
#3163 = LINE('',#3164,#3165);
#3164 = CARTESIAN_POINT('',(1.2,0.45,0.3));
#3165 = VECTOR('',#3166,1.);
#3166 = DIRECTION('',(-0.,1.,0.));
#3167 = FACE_BOUND('',#3168,.T.);
#3168 = EDGE_LOOP('',(#3169,#3179,#3187,#3195));
#3169 = ORIENTED_EDGE('',*,*,#3170,.T.);
#3170 = EDGE_CURVE('',#3171,#3173,#3175,.T.);
#3171 = VERTEX_POINT('',#3172);
#3172 = CARTESIAN_POINT('',(1.8,0.3,0.3));
#3173 = VERTEX_POINT('',#3174);
#3174 = CARTESIAN_POINT('',(1.5,0.3,0.3));
#3175 = LINE('',#3176,#3177);
#3176 = CARTESIAN_POINT('',(0.75,0.3,0.3));
#3177 = VECTOR('',#3178,1.);
#3178 = DIRECTION('',(-1.,-0.,0.));
#3179 = ORIENTED_EDGE('',*,*,#3180,.T.);
#3180 = EDGE_CURVE('',#3173,#3181,#3183,.T.);
#3181 = VERTEX_POINT('',#3182);
#3182 = CARTESIAN_POINT('',(1.5,0.6,0.3));
#3183 = LINE('',#3184,#3185);
#3184 = CARTESIAN_POINT('',(1.5,0.15,0.3));
#3185 = VECTOR('',#3186,1.);
#3186 = DIRECTION('',(-0.,1.,0.));
#3187 = ORIENTED_EDGE('',*,*,#3188,.F.);
#3188 = EDGE_CURVE('',#3189,#3181,#3191,.T.);
#3189 = VERTEX_POINT('',#3190);
#3190 = CARTESIAN_POINT('',(1.8,0.6,0.3));
#3191 = LINE('',#3192,#3193);
#3192 = CARTESIAN_POINT('',(0.75,0.6,0.3));
#3193 = VECTOR('',#3194,1.);
#3194 = DIRECTION('',(-1.,-0.,0.));
#3195 = ORIENTED_EDGE('',*,*,#3196,.F.);
#3196 = EDGE_CURVE('',#3171,#3189,#3197,.T.);
#3197 = LINE('',#3198,#3199);
#3198 = CARTESIAN_POINT('',(1.8,0.15,0.3));
#3199 = VECTOR('',#3200,1.);
#3200 = DIRECTION('',(-0.,1.,0.));
#3201 = FACE_BOUND('',#3202,.T.);
#3202 = EDGE_LOOP('',(#3203,#3213,#3221,#3229));
#3203 = ORIENTED_EDGE('',*,*,#3204,.T.);
#3204 = EDGE_CURVE('',#3205,#3207,#3209,.T.);
#3205 = VERTEX_POINT('',#3206);
#3206 = CARTESIAN_POINT('',(2.4,0.3,0.3));
#3207 = VERTEX_POINT('',#3208);
#3208 = CARTESIAN_POINT('',(2.1,0.3,0.3));
#3209 = LINE('',#3210,#3211);
#3210 = CARTESIAN_POINT('',(1.05,0.3,0.3));
#3211 = VECTOR('',#3212,1.);
#3212 = DIRECTION('',(-1.,-0.,0.));
#3213 = ORIENTED_EDGE('',*,*,#3214,.T.);
#3214 = EDGE_CURVE('',#3207,#3215,#3217,.T.);
#3215 = VERTEX_POINT('',#3216);
#3216 = CARTESIAN_POINT('',(2.1,0.6,0.3));
#3217 = LINE('',#3218,#3219);
#3218 = CARTESIAN_POINT('',(2.1,0.15,0.3));
#3219 = VECTOR('',#3220,1.);
#3220 = DIRECTION('',(-0.,1.,0.));
#3221 = ORIENTED_EDGE('',*,*,#3222,.F.);
#3222 = EDGE_CURVE('',#3223,#3215,#3225,.T.);
#3223 = VERTEX_POINT('',#3224);
#3224 = CARTESIAN_POINT('',(2.4,0.6,0.3));
#3225 = LINE('',#3226,#3227);
#3226 = CARTESIAN_POINT('',(1.05,0.6,0.3));
#3227 = VECTOR('',#3228,1.);
#3228 = DIRECTION('',(-1.,-0.,0.));
#3229 = ORIENTED_EDGE('',*,*,#3230,.F.);
#3230 = EDGE_CURVE('',#3205,#3223,#3231,.T.);
#3231 = LINE('',#3232,#3233);
#3232 = CARTESIAN_POINT('',(2.4,0.15,0.3));
#3233 = VECTOR('',#3234,1.);
#3234 = DIRECTION('',(-0.,1.,0.));
#3235 = FACE_BOUND('',#3236,.T.);
#3236 = EDGE_LOOP('',(#3237,#3247,#3255,#3263));
#3237 = ORIENTED_EDGE('',*,*,#3238,.T.);
#3238 = EDGE_CURVE('',#3239,#3241,#3243,.T.);
#3239 = VERTEX_POINT('',#3240);
#3240 = CARTESIAN_POINT('',(3.,0.3,0.3));
#3241 = VERTEX_POINT('',#3242);
#3242 = CARTESIAN_POINT('',(2.7,0.3,0.3));
#3243 = LINE('',#3244,#3245);
#3244 = CARTESIAN_POINT('',(1.35,0.3,0.3));
#3245 = VECTOR('',#3246,1.);
#3246 = DIRECTION('',(-1.,-0.,0.));
#3247 = ORIENTED_EDGE('',*,*,#3248,.T.);
#3248 = EDGE_CURVE('',#3241,#3249,#3251,.T.);
#3249 = VERTEX_POINT('',#3250);
#3250 = CARTESIAN_POINT('',(2.7,0.6,0.3));
#3251 = LINE('',#3252,#3253);
#3252 = CARTESIAN_POINT('',(2.7,0.15,0.3));
#3253 = VECTOR('',#3254,1.);
#3254 = DIRECTION('',(-0.,1.,0.));
#3255 = ORIENTED_EDGE('',*,*,#3256,.F.);
#3256 = EDGE_CURVE('',#3257,#3249,#3259,.T.);
#3257 = VERTEX_POINT('',#3258);
#3258 = CARTESIAN_POINT('',(3.,0.6,0.3));
#3259 = LINE('',#3260,#3261);
#3260 = CARTESIAN_POINT('',(1.35,0.6,0.3));
#3261 = VECTOR('',#3262,1.);
#3262 = DIRECTION('',(-1.,-0.,0.));
#3263 = ORIENTED_EDGE('',*,*,#3264,.F.);
#3264 = EDGE_CURVE('',#3239,#3257,#3265,.T.);
#3265 = LINE('',#3266,#3267);
#3266 = CARTESIAN_POINT('',(3.,0.15,0.3));
#3267 = VECTOR('',#3268,1.);
#3268 = DIRECTION('',(-0.,1.,0.));
#3269 = FACE_BOUND('',#3270,.T.);
#3270 = EDGE_LOOP('',(#3271,#3281,#3289,#3297));
#3271 = ORIENTED_EDGE('',*,*,#3272,.T.);
#3272 = EDGE_CURVE('',#3273,#3275,#3277,.T.);
#3273 = VERTEX_POINT('',#3274);
#3274 = CARTESIAN_POINT('',(1.8,0.9,0.3));
#3275 = VERTEX_POINT('',#3276);
#3276 = CARTESIAN_POINT('',(1.5,0.9,0.3));
#3277 = LINE('',#3278,#3279);
#3278 = CARTESIAN_POINT('',(0.75,0.9,0.3));
#3279 = VECTOR('',#3280,1.);
#3280 = DIRECTION('',(-1.,-0.,0.));
#3281 = ORIENTED_EDGE('',*,*,#3282,.T.);
#3282 = EDGE_CURVE('',#3275,#3283,#3285,.T.);
#3283 = VERTEX_POINT('',#3284);
#3284 = CARTESIAN_POINT('',(1.5,1.2,0.3));
#3285 = LINE('',#3286,#3287);
#3286 = CARTESIAN_POINT('',(1.5,0.45,0.3));
#3287 = VECTOR('',#3288,1.);
#3288 = DIRECTION('',(-0.,1.,0.));
#3289 = ORIENTED_EDGE('',*,*,#3290,.F.);
#3290 = EDGE_CURVE('',#3291,#3283,#3293,.T.);
#3291 = VERTEX_POINT('',#3292);
#3292 = CARTESIAN_POINT('',(1.8,1.2,0.3));
#3293 = LINE('',#3294,#3295);
#3294 = CARTESIAN_POINT('',(0.75,1.2,0.3));
#3295 = VECTOR('',#3296,1.);
#3296 = DIRECTION('',(-1.,-0.,0.));
#3297 = ORIENTED_EDGE('',*,*,#3298,.F.);
#3298 = EDGE_CURVE('',#3273,#3291,#3299,.T.);
#3299 = LINE('',#3300,#3301);
#3300 = CARTESIAN_POINT('',(1.8,0.45,0.3));
#3301 = VECTOR('',#3302,1.);
#3302 = DIRECTION('',(-0.,1.,0.));
#3303 = FACE_BOUND('',#3304,.T.);
#3304 = EDGE_LOOP('',(#3305,#3315,#3323,#3331));
#3305 = ORIENTED_EDGE('',*,*,#3306,.T.);
#3306 = EDGE_CURVE('',#3307,#3309,#3311,.T.);
#3307 = VERTEX_POINT('',#3308);
#3308 = CARTESIAN_POINT('',(2.4,0.9,0.3));
#3309 = VERTEX_POINT('',#3310);
#3310 = CARTESIAN_POINT('',(2.1,0.9,0.3));
#3311 = LINE('',#3312,#3313);
#3312 = CARTESIAN_POINT('',(1.05,0.9,0.3));
#3313 = VECTOR('',#3314,1.);
#3314 = DIRECTION('',(-1.,-0.,0.));
#3315 = ORIENTED_EDGE('',*,*,#3316,.T.);
#3316 = EDGE_CURVE('',#3309,#3317,#3319,.T.);
#3317 = VERTEX_POINT('',#3318);
#3318 = CARTESIAN_POINT('',(2.1,1.2,0.3));
#3319 = LINE('',#3320,#3321);
#3320 = CARTESIAN_POINT('',(2.1,0.45,0.3));
#3321 = VECTOR('',#3322,1.);
#3322 = DIRECTION('',(-0.,1.,0.));
#3323 = ORIENTED_EDGE('',*,*,#3324,.F.);
#3324 = EDGE_CURVE('',#3325,#3317,#3327,.T.);
#3325 = VERTEX_POINT('',#3326);
#3326 = CARTESIAN_POINT('',(2.4,1.2,0.3));
#3327 = LINE('',#3328,#3329);
#3328 = CARTESIAN_POINT('',(1.05,1.2,0.3));
#3329 = VECTOR('',#3330,1.);
#3330 = DIRECTION('',(-1.,-0.,0.));
#3331 = ORIENTED_EDGE('',*,*,#3332,.F.);
#3332 = EDGE_CURVE('',#3307,#3325,#3333,.T.);
#3333 = LINE('',#3334,#3335);
#3334 = CARTESIAN_POINT('',(2.4,0.45,0.3));
#3335 = VECTOR('',#3336,1.);
#3336 = DIRECTION('',(-0.,1.,0.));
#3337 = FACE_BOUND('',#3338,.T.);
#3338 = EDGE_LOOP('',(#3339,#3349,#3357,#3365));
#3339 = ORIENTED_EDGE('',*,*,#3340,.T.);
#3340 = EDGE_CURVE('',#3341,#3343,#3345,.T.);
#3341 = VERTEX_POINT('',#3342);
#3342 = CARTESIAN_POINT('',(3.,0.9,0.3));
#3343 = VERTEX_POINT('',#3344);
#3344 = CARTESIAN_POINT('',(2.7,0.9,0.3));
#3345 = LINE('',#3346,#3347);
#3346 = CARTESIAN_POINT('',(1.35,0.9,0.3));
#3347 = VECTOR('',#3348,1.);
#3348 = DIRECTION('',(-1.,-0.,0.));
#3349 = ORIENTED_EDGE('',*,*,#3350,.T.);
#3350 = EDGE_CURVE('',#3343,#3351,#3353,.T.);
#3351 = VERTEX_POINT('',#3352);
#3352 = CARTESIAN_POINT('',(2.7,1.2,0.3));
#3353 = LINE('',#3354,#3355);
#3354 = CARTESIAN_POINT('',(2.7,0.45,0.3));
#3355 = VECTOR('',#3356,1.);
#3356 = DIRECTION('',(-0.,1.,0.));
#3357 = ORIENTED_EDGE('',*,*,#3358,.F.);
#3358 = EDGE_CURVE('',#3359,#3351,#3361,.T.);
#3359 = VERTEX_POINT('',#3360);
#3360 = CARTESIAN_POINT('',(3.,1.2,0.3));
#3361 = LINE('',#3362,#3363);
#3362 = CARTESIAN_POINT('',(1.35,1.2,0.3));
#3363 = VECTOR('',#3364,1.);
#3364 = DIRECTION('',(-1.,-0.,0.));
#3365 = ORIENTED_EDGE('',*,*,#3366,.F.);
#3366 = EDGE_CURVE('',#3341,#3359,#3367,.T.);
#3367 = LINE('',#3368,#3369);
#3368 = CARTESIAN_POINT('',(3.,0.45,0.3));
#3369 = VECTOR('',#3370,1.);
#3370 = DIRECTION('',(-0.,1.,0.));
#3371 = FACE_BOUND('',#3372,.T.);
#3372 = EDGE_LOOP('',(#3373,#3383,#3391,#3399));
#3373 = ORIENTED_EDGE('',*,*,#3374,.T.);
#3374 = EDGE_CURVE('',#3375,#3377,#3379,.T.);
#3375 = VERTEX_POINT('',#3376);
#3376 = CARTESIAN_POINT('',(0.6,1.5,0.3));
#3377 = VERTEX_POINT('',#3378);
#3378 = CARTESIAN_POINT('',(0.3,1.5,0.3));
#3379 = LINE('',#3380,#3381);
#3380 = CARTESIAN_POINT('',(0.15,1.5,0.3));
#3381 = VECTOR('',#3382,1.);
#3382 = DIRECTION('',(-1.,-0.,0.));
#3383 = ORIENTED_EDGE('',*,*,#3384,.T.);
#3384 = EDGE_CURVE('',#3377,#3385,#3387,.T.);
#3385 = VERTEX_POINT('',#3386);
#3386 = CARTESIAN_POINT('',(0.3,1.8,0.3));
#3387 = LINE('',#3388,#3389);
#3388 = CARTESIAN_POINT('',(0.3,0.75,0.3));
#3389 = VECTOR('',#3390,1.);
#3390 = DIRECTION('',(-0.,1.,0.));
#3391 = ORIENTED_EDGE('',*,*,#3392,.F.);
#3392 = EDGE_CURVE('',#3393,#3385,#3395,.T.);
#3393 = VERTEX_POINT('',#3394);
#3394 = CARTESIAN_POINT('',(0.6,1.8,0.3));
#3395 = LINE('',#3396,#3397);
#3396 = CARTESIAN_POINT('',(0.15,1.8,0.3));
#3397 = VECTOR('',#3398,1.);
#3398 = DIRECTION('',(-1.,-0.,0.));
#3399 = ORIENTED_EDGE('',*,*,#3400,.F.);
#3400 = EDGE_CURVE('',#3375,#3393,#3401,.T.);
#3401 = LINE('',#3402,#3403);
#3402 = CARTESIAN_POINT('',(0.6,0.75,0.3));
#3403 = VECTOR('',#3404,1.);
#3404 = DIRECTION('',(-0.,1.,0.));
#3405 = FACE_BOUND('',#3406,.T.);
#3406 = EDGE_LOOP('',(#3407,#3417,#3425,#3433));
#3407 = ORIENTED_EDGE('',*,*,#3408,.T.);
#3408 = EDGE_CURVE('',#3409,#3411,#3413,.T.);
#3409 = VERTEX_POINT('',#3410);
#3410 = CARTESIAN_POINT('',(1.2,1.5,0.3));
#3411 = VERTEX_POINT('',#3412);
#3412 = CARTESIAN_POINT('',(0.9,1.5,0.3));
#3413 = LINE('',#3414,#3415);
#3414 = CARTESIAN_POINT('',(0.45,1.5,0.3));
#3415 = VECTOR('',#3416,1.);
#3416 = DIRECTION('',(-1.,-0.,0.));
#3417 = ORIENTED_EDGE('',*,*,#3418,.T.);
#3418 = EDGE_CURVE('',#3411,#3419,#3421,.T.);
#3419 = VERTEX_POINT('',#3420);
#3420 = CARTESIAN_POINT('',(0.9,1.8,0.3));
#3421 = LINE('',#3422,#3423);
#3422 = CARTESIAN_POINT('',(0.9,0.75,0.3));
#3423 = VECTOR('',#3424,1.);
#3424 = DIRECTION('',(-0.,1.,0.));
#3425 = ORIENTED_EDGE('',*,*,#3426,.F.);
#3426 = EDGE_CURVE('',#3427,#3419,#3429,.T.);
#3427 = VERTEX_POINT('',#3428);
#3428 = CARTESIAN_POINT('',(1.2,1.8,0.3));
#3429 = LINE('',#3430,#3431);
#3430 = CARTESIAN_POINT('',(0.45,1.8,0.3));
#3431 = VECTOR('',#3432,1.);
#3432 = DIRECTION('',(-1.,-0.,0.));
#3433 = ORIENTED_EDGE('',*,*,#3434,.F.);
#3434 = EDGE_CURVE('',#3409,#3427,#3435,.T.);
#3435 = LINE('',#3436,#3437);
#3436 = CARTESIAN_POINT('',(1.2,0.75,0.3));
#3437 = VECTOR('',#3438,1.);
#3438 = DIRECTION('',(-0.,1.,0.));
#3439 = FACE_BOUND('',#3440,.T.);
#3440 = EDGE_LOOP('',(#3441,#3451,#3459,#3467));
#3441 = ORIENTED_EDGE('',*,*,#3442,.T.);
#3442 = EDGE_CURVE('',#3443,#3445,#3447,.T.);
#3443 = VERTEX_POINT('',#3444);
#3444 = CARTESIAN_POINT('',(0.6,2.1,0.3));
#3445 = VERTEX_POINT('',#3446);
#3446 = CARTESIAN_POINT('',(0.3,2.1,0.3));
#3447 = LINE('',#3448,#3449);
#3448 = CARTESIAN_POINT('',(0.15,2.1,0.3));
#3449 = VECTOR('',#3450,1.);
#3450 = DIRECTION('',(-1.,-0.,0.));
#3451 = ORIENTED_EDGE('',*,*,#3452,.T.);
#3452 = EDGE_CURVE('',#3445,#3453,#3455,.T.);
#3453 = VERTEX_POINT('',#3454);
#3454 = CARTESIAN_POINT('',(0.3,2.4,0.3));
#3455 = LINE('',#3456,#3457);
#3456 = CARTESIAN_POINT('',(0.3,1.05,0.3));
#3457 = VECTOR('',#3458,1.);
#3458 = DIRECTION('',(-0.,1.,0.));
#3459 = ORIENTED_EDGE('',*,*,#3460,.F.);
#3460 = EDGE_CURVE('',#3461,#3453,#3463,.T.);
#3461 = VERTEX_POINT('',#3462);
#3462 = CARTESIAN_POINT('',(0.6,2.4,0.3));
#3463 = LINE('',#3464,#3465);
#3464 = CARTESIAN_POINT('',(0.15,2.4,0.3));
#3465 = VECTOR('',#3466,1.);
#3466 = DIRECTION('',(-1.,-0.,0.));
#3467 = ORIENTED_EDGE('',*,*,#3468,.F.);
#3468 = EDGE_CURVE('',#3443,#3461,#3469,.T.);
#3469 = LINE('',#3470,#3471);
#3470 = CARTESIAN_POINT('',(0.6,1.05,0.3));
#3471 = VECTOR('',#3472,1.);
#3472 = DIRECTION('',(-0.,1.,0.));
#3473 = FACE_BOUND('',#3474,.T.);
#3474 = EDGE_LOOP('',(#3475,#3485,#3493,#3501));
#3475 = ORIENTED_EDGE('',*,*,#3476,.T.);
#3476 = EDGE_CURVE('',#3477,#3479,#3481,.T.);
#3477 = VERTEX_POINT('',#3478);
#3478 = CARTESIAN_POINT('',(0.6,2.7,0.3));
#3479 = VERTEX_POINT('',#3480);
#3480 = CARTESIAN_POINT('',(0.3,2.7,0.3));
#3481 = LINE('',#3482,#3483);
#3482 = CARTESIAN_POINT('',(0.15,2.7,0.3));
#3483 = VECTOR('',#3484,1.);
#3484 = DIRECTION('',(-1.,-0.,0.));
#3485 = ORIENTED_EDGE('',*,*,#3486,.T.);
#3486 = EDGE_CURVE('',#3479,#3487,#3489,.T.);
#3487 = VERTEX_POINT('',#3488);
#3488 = CARTESIAN_POINT('',(0.3,3.,0.3));
#3489 = LINE('',#3490,#3491);
#3490 = CARTESIAN_POINT('',(0.3,1.35,0.3));
#3491 = VECTOR('',#3492,1.);
#3492 = DIRECTION('',(-0.,1.,0.));
#3493 = ORIENTED_EDGE('',*,*,#3494,.F.);
#3494 = EDGE_CURVE('',#3495,#3487,#3497,.T.);
#3495 = VERTEX_POINT('',#3496);
#3496 = CARTESIAN_POINT('',(0.6,3.,0.3));
#3497 = LINE('',#3498,#3499);
#3498 = CARTESIAN_POINT('',(0.15,3.,0.3));
#3499 = VECTOR('',#3500,1.);
#3500 = DIRECTION('',(-1.,-0.,0.));
#3501 = ORIENTED_EDGE('',*,*,#3502,.F.);
#3502 = EDGE_CURVE('',#3477,#3495,#3503,.T.);
#3503 = LINE('',#3504,#3505);
#3504 = CARTESIAN_POINT('',(0.6,1.35,0.3));
#3505 = VECTOR('',#3506,1.);
#3506 = DIRECTION('',(-0.,1.,0.));
#3507 = FACE_BOUND('',#3508,.T.);
#3508 = EDGE_LOOP('',(#3509,#3519,#3527,#3535));
#3509 = ORIENTED_EDGE('',*,*,#3510,.T.);
#3510 = EDGE_CURVE('',#3511,#3513,#3515,.T.);
#3511 = VERTEX_POINT('',#3512);
#3512 = CARTESIAN_POINT('',(1.2,2.1,0.3));
#3513 = VERTEX_POINT('',#3514);
#3514 = CARTESIAN_POINT('',(0.9,2.1,0.3));
#3515 = LINE('',#3516,#3517);
#3516 = CARTESIAN_POINT('',(0.45,2.1,0.3));
#3517 = VECTOR('',#3518,1.);
#3518 = DIRECTION('',(-1.,-0.,0.));
#3519 = ORIENTED_EDGE('',*,*,#3520,.T.);
#3520 = EDGE_CURVE('',#3513,#3521,#3523,.T.);
#3521 = VERTEX_POINT('',#3522);
#3522 = CARTESIAN_POINT('',(0.9,2.4,0.3));
#3523 = LINE('',#3524,#3525);
#3524 = CARTESIAN_POINT('',(0.9,1.05,0.3));
#3525 = VECTOR('',#3526,1.);
#3526 = DIRECTION('',(-0.,1.,0.));
#3527 = ORIENTED_EDGE('',*,*,#3528,.F.);
#3528 = EDGE_CURVE('',#3529,#3521,#3531,.T.);
#3529 = VERTEX_POINT('',#3530);
#3530 = CARTESIAN_POINT('',(1.2,2.4,0.3));
#3531 = LINE('',#3532,#3533);
#3532 = CARTESIAN_POINT('',(0.45,2.4,0.3));
#3533 = VECTOR('',#3534,1.);
#3534 = DIRECTION('',(-1.,-0.,0.));
#3535 = ORIENTED_EDGE('',*,*,#3536,.F.);
#3536 = EDGE_CURVE('',#3511,#3529,#3537,.T.);
#3537 = LINE('',#3538,#3539);
#3538 = CARTESIAN_POINT('',(1.2,1.05,0.3));
#3539 = VECTOR('',#3540,1.);
#3540 = DIRECTION('',(-0.,1.,0.));
#3541 = FACE_BOUND('',#3542,.T.);
#3542 = EDGE_LOOP('',(#3543,#3553,#3561,#3569));
#3543 = ORIENTED_EDGE('',*,*,#3544,.T.);
#3544 = EDGE_CURVE('',#3545,#3547,#3549,.T.);
#3545 = VERTEX_POINT('',#3546);
#3546 = CARTESIAN_POINT('',(1.2,2.7,0.3));
#3547 = VERTEX_POINT('',#3548);
#3548 = CARTESIAN_POINT('',(0.9,2.7,0.3));
#3549 = LINE('',#3550,#3551);
#3550 = CARTESIAN_POINT('',(0.45,2.7,0.3));
#3551 = VECTOR('',#3552,1.);
#3552 = DIRECTION('',(-1.,-0.,0.));
#3553 = ORIENTED_EDGE('',*,*,#3554,.T.);
#3554 = EDGE_CURVE('',#3547,#3555,#3557,.T.);
#3555 = VERTEX_POINT('',#3556);
#3556 = CARTESIAN_POINT('',(0.9,3.,0.3));
#3557 = LINE('',#3558,#3559);
#3558 = CARTESIAN_POINT('',(0.9,1.35,0.3));
#3559 = VECTOR('',#3560,1.);
#3560 = DIRECTION('',(-0.,1.,0.));
#3561 = ORIENTED_EDGE('',*,*,#3562,.F.);
#3562 = EDGE_CURVE('',#3563,#3555,#3565,.T.);
#3563 = VERTEX_POINT('',#3564);
#3564 = CARTESIAN_POINT('',(1.2,3.,0.3));
#3565 = LINE('',#3566,#3567);
#3566 = CARTESIAN_POINT('',(0.45,3.,0.3));
#3567 = VECTOR('',#3568,1.);
#3568 = DIRECTION('',(-1.,-0.,0.));
#3569 = ORIENTED_EDGE('',*,*,#3570,.F.);
#3570 = EDGE_CURVE('',#3545,#3563,#3571,.T.);
#3571 = LINE('',#3572,#3573);
#3572 = CARTESIAN_POINT('',(1.2,1.35,0.3));
#3573 = VECTOR('',#3574,1.);
#3574 = DIRECTION('',(-0.,1.,0.));
#3575 = FACE_BOUND('',#3576,.T.);
#3576 = EDGE_LOOP('',(#3577,#3587,#3595,#3603));
#3577 = ORIENTED_EDGE('',*,*,#3578,.T.);
#3578 = EDGE_CURVE('',#3579,#3581,#3583,.T.);
#3579 = VERTEX_POINT('',#3580);
#3580 = CARTESIAN_POINT('',(1.8,1.5,0.3));
#3581 = VERTEX_POINT('',#3582);
#3582 = CARTESIAN_POINT('',(1.5,1.5,0.3));
#3583 = LINE('',#3584,#3585);
#3584 = CARTESIAN_POINT('',(0.75,1.5,0.3));
#3585 = VECTOR('',#3586,1.);
#3586 = DIRECTION('',(-1.,-0.,0.));
#3587 = ORIENTED_EDGE('',*,*,#3588,.T.);
#3588 = EDGE_CURVE('',#3581,#3589,#3591,.T.);
#3589 = VERTEX_POINT('',#3590);
#3590 = CARTESIAN_POINT('',(1.5,1.8,0.3));
#3591 = LINE('',#3592,#3593);
#3592 = CARTESIAN_POINT('',(1.5,0.75,0.3));
#3593 = VECTOR('',#3594,1.);
#3594 = DIRECTION('',(-0.,1.,0.));
#3595 = ORIENTED_EDGE('',*,*,#3596,.F.);
#3596 = EDGE_CURVE('',#3597,#3589,#3599,.T.);
#3597 = VERTEX_POINT('',#3598);
#3598 = CARTESIAN_POINT('',(1.8,1.8,0.3));
#3599 = LINE('',#3600,#3601);
#3600 = CARTESIAN_POINT('',(0.75,1.8,0.3));
#3601 = VECTOR('',#3602,1.);
#3602 = DIRECTION('',(-1.,-0.,0.));
#3603 = ORIENTED_EDGE('',*,*,#3604,.F.);
#3604 = EDGE_CURVE('',#3579,#3597,#3605,.T.);
#3605 = LINE('',#3606,#3607);
#3606 = CARTESIAN_POINT('',(1.8,0.75,0.3));
#3607 = VECTOR('',#3608,1.);
#3608 = DIRECTION('',(-0.,1.,0.));
#3609 = FACE_BOUND('',#3610,.T.);
#3610 = EDGE_LOOP('',(#3611,#3621,#3629,#3637));
#3611 = ORIENTED_EDGE('',*,*,#3612,.T.);
#3612 = EDGE_CURVE('',#3613,#3615,#3617,.T.);
#3613 = VERTEX_POINT('',#3614);
#3614 = CARTESIAN_POINT('',(2.4,1.5,0.3));
#3615 = VERTEX_POINT('',#3616);
#3616 = CARTESIAN_POINT('',(2.1,1.5,0.3));
#3617 = LINE('',#3618,#3619);
#3618 = CARTESIAN_POINT('',(1.05,1.5,0.3));
#3619 = VECTOR('',#3620,1.);
#3620 = DIRECTION('',(-1.,-0.,0.));
#3621 = ORIENTED_EDGE('',*,*,#3622,.T.);
#3622 = EDGE_CURVE('',#3615,#3623,#3625,.T.);
#3623 = VERTEX_POINT('',#3624);
#3624 = CARTESIAN_POINT('',(2.1,1.8,0.3));
#3625 = LINE('',#3626,#3627);
#3626 = CARTESIAN_POINT('',(2.1,0.75,0.3));
#3627 = VECTOR('',#3628,1.);
#3628 = DIRECTION('',(-0.,1.,0.));
#3629 = ORIENTED_EDGE('',*,*,#3630,.F.);
#3630 = EDGE_CURVE('',#3631,#3623,#3633,.T.);
#3631 = VERTEX_POINT('',#3632);
#3632 = CARTESIAN_POINT('',(2.4,1.8,0.3));
#3633 = LINE('',#3634,#3635);
#3634 = CARTESIAN_POINT('',(1.05,1.8,0.3));
#3635 = VECTOR('',#3636,1.);
#3636 = DIRECTION('',(-1.,-0.,0.));
#3637 = ORIENTED_EDGE('',*,*,#3638,.F.);
#3638 = EDGE_CURVE('',#3613,#3631,#3639,.T.);
#3639 = LINE('',#3640,#3641);
#3640 = CARTESIAN_POINT('',(2.4,0.75,0.3));
#3641 = VECTOR('',#3642,1.);
#3642 = DIRECTION('',(-0.,1.,0.));
#3643 = FACE_BOUND('',#3644,.T.);
#3644 = EDGE_LOOP('',(#3645,#3655,#3663,#3671));
#3645 = ORIENTED_EDGE('',*,*,#3646,.T.);
#3646 = EDGE_CURVE('',#3647,#3649,#3651,.T.);
#3647 = VERTEX_POINT('',#3648);
#3648 = CARTESIAN_POINT('',(3.,1.5,0.3));
#3649 = VERTEX_POINT('',#3650);
#3650 = CARTESIAN_POINT('',(2.7,1.5,0.3));
#3651 = LINE('',#3652,#3653);
#3652 = CARTESIAN_POINT('',(1.35,1.5,0.3));
#3653 = VECTOR('',#3654,1.);
#3654 = DIRECTION('',(-1.,-0.,0.));
#3655 = ORIENTED_EDGE('',*,*,#3656,.T.);
#3656 = EDGE_CURVE('',#3649,#3657,#3659,.T.);
#3657 = VERTEX_POINT('',#3658);
#3658 = CARTESIAN_POINT('',(2.7,1.8,0.3));
#3659 = LINE('',#3660,#3661);
#3660 = CARTESIAN_POINT('',(2.7,0.75,0.3));
#3661 = VECTOR('',#3662,1.);
#3662 = DIRECTION('',(-0.,1.,0.));
#3663 = ORIENTED_EDGE('',*,*,#3664,.F.);
#3664 = EDGE_CURVE('',#3665,#3657,#3667,.T.);
#3665 = VERTEX_POINT('',#3666);
#3666 = CARTESIAN_POINT('',(3.,1.8,0.3));
#3667 = LINE('',#3668,#3669);
#3668 = CARTESIAN_POINT('',(1.35,1.8,0.3));
#3669 = VECTOR('',#3670,1.);
#3670 = DIRECTION('',(-1.,-0.,0.));
#3671 = ORIENTED_EDGE('',*,*,#3672,.F.);
#3672 = EDGE_CURVE('',#3647,#3665,#3673,.T.);
#3673 = LINE('',#3674,#3675);
#3674 = CARTESIAN_POINT('',(3.,0.75,0.3));
#3675 = VECTOR('',#3676,1.);
#3676 = DIRECTION('',(-0.,1.,0.));
#3677 = FACE_BOUND('',#3678,.T.);
#3678 = EDGE_LOOP('',(#3679,#3689,#3697,#3705));
#3679 = ORIENTED_EDGE('',*,*,#3680,.T.);
#3680 = EDGE_CURVE('',#3681,#3683,#3685,.T.);
#3681 = VERTEX_POINT('',#3682);
#3682 = CARTESIAN_POINT('',(1.8,2.1,0.3));
#3683 = VERTEX_POINT('',#3684);
#3684 = CARTESIAN_POINT('',(1.5,2.1,0.3));
#3685 = LINE('',#3686,#3687);
#3686 = CARTESIAN_POINT('',(0.75,2.1,0.3));
#3687 = VECTOR('',#3688,1.);
#3688 = DIRECTION('',(-1.,-0.,0.));
#3689 = ORIENTED_EDGE('',*,*,#3690,.T.);
#3690 = EDGE_CURVE('',#3683,#3691,#3693,.T.);
#3691 = VERTEX_POINT('',#3692);
#3692 = CARTESIAN_POINT('',(1.5,2.4,0.3));
#3693 = LINE('',#3694,#3695);
#3694 = CARTESIAN_POINT('',(1.5,1.05,0.3));
#3695 = VECTOR('',#3696,1.);
#3696 = DIRECTION('',(-0.,1.,0.));
#3697 = ORIENTED_EDGE('',*,*,#3698,.F.);
#3698 = EDGE_CURVE('',#3699,#3691,#3701,.T.);
#3699 = VERTEX_POINT('',#3700);
#3700 = CARTESIAN_POINT('',(1.8,2.4,0.3));
#3701 = LINE('',#3702,#3703);
#3702 = CARTESIAN_POINT('',(0.75,2.4,0.3));
#3703 = VECTOR('',#3704,1.);
#3704 = DIRECTION('',(-1.,-0.,0.));
#3705 = ORIENTED_EDGE('',*,*,#3706,.F.);
#3706 = EDGE_CURVE('',#3681,#3699,#3707,.T.);
#3707 = LINE('',#3708,#3709);
#3708 = CARTESIAN_POINT('',(1.8,1.05,0.3));
#3709 = VECTOR('',#3710,1.);
#3710 = DIRECTION('',(-0.,1.,0.));
#3711 = FACE_BOUND('',#3712,.T.);
#3712 = EDGE_LOOP('',(#3713,#3723,#3731,#3739));
#3713 = ORIENTED_EDGE('',*,*,#3714,.T.);
#3714 = EDGE_CURVE('',#3715,#3717,#3719,.T.);
#3715 = VERTEX_POINT('',#3716);
#3716 = CARTESIAN_POINT('',(1.8,2.7,0.3));
#3717 = VERTEX_POINT('',#3718);
#3718 = CARTESIAN_POINT('',(1.5,2.7,0.3));
#3719 = LINE('',#3720,#3721);
#3720 = CARTESIAN_POINT('',(0.75,2.7,0.3));
#3721 = VECTOR('',#3722,1.);
#3722 = DIRECTION('',(-1.,-0.,0.));
#3723 = ORIENTED_EDGE('',*,*,#3724,.T.);
#3724 = EDGE_CURVE('',#3717,#3725,#3727,.T.);
#3725 = VERTEX_POINT('',#3726);
#3726 = CARTESIAN_POINT('',(1.5,3.,0.3));
#3727 = LINE('',#3728,#3729);
#3728 = CARTESIAN_POINT('',(1.5,1.35,0.3));
#3729 = VECTOR('',#3730,1.);
#3730 = DIRECTION('',(-0.,1.,0.));
#3731 = ORIENTED_EDGE('',*,*,#3732,.F.);
#3732 = EDGE_CURVE('',#3733,#3725,#3735,.T.);
#3733 = VERTEX_POINT('',#3734);
#3734 = CARTESIAN_POINT('',(1.8,3.,0.3));
#3735 = LINE('',#3736,#3737);
#3736 = CARTESIAN_POINT('',(0.75,3.,0.3));
#3737 = VECTOR('',#3738,1.);
#3738 = DIRECTION('',(-1.,-0.,0.));
#3739 = ORIENTED_EDGE('',*,*,#3740,.F.);
#3740 = EDGE_CURVE('',#3715,#3733,#3741,.T.);
#3741 = LINE('',#3742,#3743);
#3742 = CARTESIAN_POINT('',(1.8,1.35,0.3));
#3743 = VECTOR('',#3744,1.);
#3744 = DIRECTION('',(-0.,1.,0.));
#3745 = FACE_BOUND('',#3746,.T.);
#3746 = EDGE_LOOP('',(#3747,#3757,#3765,#3773));
#3747 = ORIENTED_EDGE('',*,*,#3748,.T.);
#3748 = EDGE_CURVE('',#3749,#3751,#3753,.T.);
#3749 = VERTEX_POINT('',#3750);
#3750 = CARTESIAN_POINT('',(2.4,2.1,0.3));
#3751 = VERTEX_POINT('',#3752);
#3752 = CARTESIAN_POINT('',(2.1,2.1,0.3));
#3753 = LINE('',#3754,#3755);
#3754 = CARTESIAN_POINT('',(1.05,2.1,0.3));
#3755 = VECTOR('',#3756,1.);
#3756 = DIRECTION('',(-1.,-0.,0.));
#3757 = ORIENTED_EDGE('',*,*,#3758,.T.);
#3758 = EDGE_CURVE('',#3751,#3759,#3761,.T.);
#3759 = VERTEX_POINT('',#3760);
#3760 = CARTESIAN_POINT('',(2.1,2.4,0.3));
#3761 = LINE('',#3762,#3763);
#3762 = CARTESIAN_POINT('',(2.1,1.05,0.3));
#3763 = VECTOR('',#3764,1.);
#3764 = DIRECTION('',(-0.,1.,0.));
#3765 = ORIENTED_EDGE('',*,*,#3766,.F.);
#3766 = EDGE_CURVE('',#3767,#3759,#3769,.T.);
#3767 = VERTEX_POINT('',#3768);
#3768 = CARTESIAN_POINT('',(2.4,2.4,0.3));
#3769 = LINE('',#3770,#3771);
#3770 = CARTESIAN_POINT('',(1.05,2.4,0.3));
#3771 = VECTOR('',#3772,1.);
#3772 = DIRECTION('',(-1.,-0.,0.));
#3773 = ORIENTED_EDGE('',*,*,#3774,.F.);
#3774 = EDGE_CURVE('',#3749,#3767,#3775,.T.);
#3775 = LINE('',#3776,#3777);
#3776 = CARTESIAN_POINT('',(2.4,1.05,0.3));
#3777 = VECTOR('',#3778,1.);
#3778 = DIRECTION('',(-0.,1.,0.));
#3779 = PLANE('',#3780);
#3780 = AXIS2_PLACEMENT_3D('',#3781,#3782,#3783);
#3781 = CARTESIAN_POINT('',(0.,0.,0.3));
#3782 = DIRECTION('',(0.,0.,1.));
#3783 = DIRECTION('',(1.,0.,-0.));
#3784 = ADVANCED_FACE('',(#3785,#3788,#3822,#3856,#3890,#3924,#3958,
    #3992,#4026,#4060,#4094,#4128,#4162,#4196,#4230,#4264,#4298,#4332,
    #4366,#4400,#4434,#4468,#4502,#4536,#4570,#4604,#4638,#4672,#4706,
    #4740,#4774,#4808,#4842,#4876,#4910,#4944,#4978,#5012,#5046,#5080,
    #5114,#5148,#5182,#5216,#5250,#5284,#5318,#5352,#5386,#5420,#5454,
    #5488,#5522,#5556,#5590,#5624,#5658,#5692,#5726,#5760,#5794,#5828,
    #5862,#5896,#5930,#5964,#5998,#6032,#6066,#6100,#6134,#6168,#6202,
    #6236,#6270,#6304,#6338,#6372,#6406,#6440,#6474,#6508,#6542,#6576,
    #6610,#6644,#6678,#6712,#6746,#6780,#6814,#6848,#6882,#6916,#6950,
    #6984,#7018,#7052,#7086,#7120,#7154,#7188,#7222),#7256,.F.);
#3785 = FACE_BOUND('',#3786,.F.);
#3786 = EDGE_LOOP('',(#3787));
#3787 = ORIENTED_EDGE('',*,*,#295,.T.);
#3788 = FACE_BOUND('',#3789,.F.);
#3789 = EDGE_LOOP('',(#3790,#3800,#3808,#3816));
#3790 = ORIENTED_EDGE('',*,*,#3791,.F.);
#3791 = EDGE_CURVE('',#3792,#3794,#3796,.T.);
#3792 = VERTEX_POINT('',#3793);
#3793 = CARTESIAN_POINT('',(-2.1,-2.7,0.));
#3794 = VERTEX_POINT('',#3795);
#3795 = CARTESIAN_POINT('',(-1.8,-2.7,0.));
#3796 = LINE('',#3797,#3798);
#3797 = CARTESIAN_POINT('',(-2.1,-2.7,0.));
#3798 = VECTOR('',#3799,1.);
#3799 = DIRECTION('',(1.,0.,-0.));
#3800 = ORIENTED_EDGE('',*,*,#3801,.T.);
#3801 = EDGE_CURVE('',#3792,#3802,#3804,.T.);
#3802 = VERTEX_POINT('',#3803);
#3803 = CARTESIAN_POINT('',(-2.1,-2.4,0.));
#3804 = LINE('',#3805,#3806);
#3805 = CARTESIAN_POINT('',(-2.1,-2.7,0.));
#3806 = VECTOR('',#3807,1.);
#3807 = DIRECTION('',(-0.,1.,0.));
#3808 = ORIENTED_EDGE('',*,*,#3809,.T.);
#3809 = EDGE_CURVE('',#3802,#3810,#3812,.T.);
#3810 = VERTEX_POINT('',#3811);
#3811 = CARTESIAN_POINT('',(-1.8,-2.4,0.));
#3812 = LINE('',#3813,#3814);
#3813 = CARTESIAN_POINT('',(-2.1,-2.4,0.));
#3814 = VECTOR('',#3815,1.);
#3815 = DIRECTION('',(1.,0.,-0.));
#3816 = ORIENTED_EDGE('',*,*,#3817,.F.);
#3817 = EDGE_CURVE('',#3794,#3810,#3818,.T.);
#3818 = LINE('',#3819,#3820);
#3819 = CARTESIAN_POINT('',(-1.8,-2.7,0.));
#3820 = VECTOR('',#3821,1.);
#3821 = DIRECTION('',(-0.,1.,0.));
#3822 = FACE_BOUND('',#3823,.F.);
#3823 = EDGE_LOOP('',(#3824,#3834,#3842,#3850));
#3824 = ORIENTED_EDGE('',*,*,#3825,.F.);
#3825 = EDGE_CURVE('',#3826,#3828,#3830,.T.);
#3826 = VERTEX_POINT('',#3827);
#3827 = CARTESIAN_POINT('',(-2.7,-2.1,0.));
#3828 = VERTEX_POINT('',#3829);
#3829 = CARTESIAN_POINT('',(-2.4,-2.1,0.));
#3830 = LINE('',#3831,#3832);
#3831 = CARTESIAN_POINT('',(-2.7,-2.1,0.));
#3832 = VECTOR('',#3833,1.);
#3833 = DIRECTION('',(1.,0.,-0.));
#3834 = ORIENTED_EDGE('',*,*,#3835,.T.);
#3835 = EDGE_CURVE('',#3826,#3836,#3838,.T.);
#3836 = VERTEX_POINT('',#3837);
#3837 = CARTESIAN_POINT('',(-2.7,-1.8,0.));
#3838 = LINE('',#3839,#3840);
#3839 = CARTESIAN_POINT('',(-2.7,-2.1,0.));
#3840 = VECTOR('',#3841,1.);
#3841 = DIRECTION('',(-0.,1.,0.));
#3842 = ORIENTED_EDGE('',*,*,#3843,.T.);
#3843 = EDGE_CURVE('',#3836,#3844,#3846,.T.);
#3844 = VERTEX_POINT('',#3845);
#3845 = CARTESIAN_POINT('',(-2.4,-1.8,0.));
#3846 = LINE('',#3847,#3848);
#3847 = CARTESIAN_POINT('',(-2.7,-1.8,0.));
#3848 = VECTOR('',#3849,1.);
#3849 = DIRECTION('',(1.,0.,-0.));
#3850 = ORIENTED_EDGE('',*,*,#3851,.F.);
#3851 = EDGE_CURVE('',#3828,#3844,#3852,.T.);
#3852 = LINE('',#3853,#3854);
#3853 = CARTESIAN_POINT('',(-2.4,-2.1,0.));
#3854 = VECTOR('',#3855,1.);
#3855 = DIRECTION('',(-0.,1.,0.));
#3856 = FACE_BOUND('',#3857,.F.);
#3857 = EDGE_LOOP('',(#3858,#3868,#3876,#3884));
#3858 = ORIENTED_EDGE('',*,*,#3859,.F.);
#3859 = EDGE_CURVE('',#3860,#3862,#3864,.T.);
#3860 = VERTEX_POINT('',#3861);
#3861 = CARTESIAN_POINT('',(-2.1,-2.1,0.));
#3862 = VERTEX_POINT('',#3863);
#3863 = CARTESIAN_POINT('',(-1.8,-2.1,0.));
#3864 = LINE('',#3865,#3866);
#3865 = CARTESIAN_POINT('',(-2.1,-2.1,0.));
#3866 = VECTOR('',#3867,1.);
#3867 = DIRECTION('',(1.,0.,-0.));
#3868 = ORIENTED_EDGE('',*,*,#3869,.T.);
#3869 = EDGE_CURVE('',#3860,#3870,#3872,.T.);
#3870 = VERTEX_POINT('',#3871);
#3871 = CARTESIAN_POINT('',(-2.1,-1.8,0.));
#3872 = LINE('',#3873,#3874);
#3873 = CARTESIAN_POINT('',(-2.1,-2.1,0.));
#3874 = VECTOR('',#3875,1.);
#3875 = DIRECTION('',(-0.,1.,0.));
#3876 = ORIENTED_EDGE('',*,*,#3877,.T.);
#3877 = EDGE_CURVE('',#3870,#3878,#3880,.T.);
#3878 = VERTEX_POINT('',#3879);
#3879 = CARTESIAN_POINT('',(-1.8,-1.8,0.));
#3880 = LINE('',#3881,#3882);
#3881 = CARTESIAN_POINT('',(-2.1,-1.8,0.));
#3882 = VECTOR('',#3883,1.);
#3883 = DIRECTION('',(1.,0.,-0.));
#3884 = ORIENTED_EDGE('',*,*,#3885,.F.);
#3885 = EDGE_CURVE('',#3862,#3878,#3886,.T.);
#3886 = LINE('',#3887,#3888);
#3887 = CARTESIAN_POINT('',(-1.8,-2.1,0.));
#3888 = VECTOR('',#3889,1.);
#3889 = DIRECTION('',(-0.,1.,0.));
#3890 = FACE_BOUND('',#3891,.F.);
#3891 = EDGE_LOOP('',(#3892,#3902,#3910,#3918));
#3892 = ORIENTED_EDGE('',*,*,#3893,.F.);
#3893 = EDGE_CURVE('',#3894,#3896,#3898,.T.);
#3894 = VERTEX_POINT('',#3895);
#3895 = CARTESIAN_POINT('',(-1.5,-3.3,0.));
#3896 = VERTEX_POINT('',#3897);
#3897 = CARTESIAN_POINT('',(-1.2,-3.3,0.));
#3898 = LINE('',#3899,#3900);
#3899 = CARTESIAN_POINT('',(-1.5,-3.3,0.));
#3900 = VECTOR('',#3901,1.);
#3901 = DIRECTION('',(1.,0.,-0.));
#3902 = ORIENTED_EDGE('',*,*,#3903,.T.);
#3903 = EDGE_CURVE('',#3894,#3904,#3906,.T.);
#3904 = VERTEX_POINT('',#3905);
#3905 = CARTESIAN_POINT('',(-1.5,-3.,0.));
#3906 = LINE('',#3907,#3908);
#3907 = CARTESIAN_POINT('',(-1.5,-3.3,0.));
#3908 = VECTOR('',#3909,1.);
#3909 = DIRECTION('',(-0.,1.,0.));
#3910 = ORIENTED_EDGE('',*,*,#3911,.T.);
#3911 = EDGE_CURVE('',#3904,#3912,#3914,.T.);
#3912 = VERTEX_POINT('',#3913);
#3913 = CARTESIAN_POINT('',(-1.2,-3.,0.));
#3914 = LINE('',#3915,#3916);
#3915 = CARTESIAN_POINT('',(-1.5,-3.,0.));
#3916 = VECTOR('',#3917,1.);
#3917 = DIRECTION('',(1.,0.,-0.));
#3918 = ORIENTED_EDGE('',*,*,#3919,.F.);
#3919 = EDGE_CURVE('',#3896,#3912,#3920,.T.);
#3920 = LINE('',#3921,#3922);
#3921 = CARTESIAN_POINT('',(-1.2,-3.3,0.));
#3922 = VECTOR('',#3923,1.);
#3923 = DIRECTION('',(-0.,1.,0.));
#3924 = FACE_BOUND('',#3925,.F.);
#3925 = EDGE_LOOP('',(#3926,#3936,#3944,#3952));
#3926 = ORIENTED_EDGE('',*,*,#3927,.F.);
#3927 = EDGE_CURVE('',#3928,#3930,#3932,.T.);
#3928 = VERTEX_POINT('',#3929);
#3929 = CARTESIAN_POINT('',(-1.5,-2.7,0.));
#3930 = VERTEX_POINT('',#3931);
#3931 = CARTESIAN_POINT('',(-1.2,-2.7,0.));
#3932 = LINE('',#3933,#3934);
#3933 = CARTESIAN_POINT('',(-1.5,-2.7,0.));
#3934 = VECTOR('',#3935,1.);
#3935 = DIRECTION('',(1.,0.,-0.));
#3936 = ORIENTED_EDGE('',*,*,#3937,.T.);
#3937 = EDGE_CURVE('',#3928,#3938,#3940,.T.);
#3938 = VERTEX_POINT('',#3939);
#3939 = CARTESIAN_POINT('',(-1.5,-2.4,0.));
#3940 = LINE('',#3941,#3942);
#3941 = CARTESIAN_POINT('',(-1.5,-2.7,0.));
#3942 = VECTOR('',#3943,1.);
#3943 = DIRECTION('',(-0.,1.,0.));
#3944 = ORIENTED_EDGE('',*,*,#3945,.T.);
#3945 = EDGE_CURVE('',#3938,#3946,#3948,.T.);
#3946 = VERTEX_POINT('',#3947);
#3947 = CARTESIAN_POINT('',(-1.2,-2.4,0.));
#3948 = LINE('',#3949,#3950);
#3949 = CARTESIAN_POINT('',(-1.5,-2.4,0.));
#3950 = VECTOR('',#3951,1.);
#3951 = DIRECTION('',(1.,0.,-0.));
#3952 = ORIENTED_EDGE('',*,*,#3953,.F.);
#3953 = EDGE_CURVE('',#3930,#3946,#3954,.T.);
#3954 = LINE('',#3955,#3956);
#3955 = CARTESIAN_POINT('',(-1.2,-2.7,0.));
#3956 = VECTOR('',#3957,1.);
#3957 = DIRECTION('',(-0.,1.,0.));
#3958 = FACE_BOUND('',#3959,.F.);
#3959 = EDGE_LOOP('',(#3960,#3970,#3978,#3986));
#3960 = ORIENTED_EDGE('',*,*,#3961,.F.);
#3961 = EDGE_CURVE('',#3962,#3964,#3966,.T.);
#3962 = VERTEX_POINT('',#3963);
#3963 = CARTESIAN_POINT('',(-0.9,-3.3,0.));
#3964 = VERTEX_POINT('',#3965);
#3965 = CARTESIAN_POINT('',(-0.6,-3.3,0.));
#3966 = LINE('',#3967,#3968);
#3967 = CARTESIAN_POINT('',(-0.9,-3.3,0.));
#3968 = VECTOR('',#3969,1.);
#3969 = DIRECTION('',(1.,0.,-0.));
#3970 = ORIENTED_EDGE('',*,*,#3971,.T.);
#3971 = EDGE_CURVE('',#3962,#3972,#3974,.T.);
#3972 = VERTEX_POINT('',#3973);
#3973 = CARTESIAN_POINT('',(-0.9,-3.,0.));
#3974 = LINE('',#3975,#3976);
#3975 = CARTESIAN_POINT('',(-0.9,-3.3,0.));
#3976 = VECTOR('',#3977,1.);
#3977 = DIRECTION('',(-0.,1.,0.));
#3978 = ORIENTED_EDGE('',*,*,#3979,.T.);
#3979 = EDGE_CURVE('',#3972,#3980,#3982,.T.);
#3980 = VERTEX_POINT('',#3981);
#3981 = CARTESIAN_POINT('',(-0.6,-3.,0.));
#3982 = LINE('',#3983,#3984);
#3983 = CARTESIAN_POINT('',(-0.9,-3.,0.));
#3984 = VECTOR('',#3985,1.);
#3985 = DIRECTION('',(1.,0.,-0.));
#3986 = ORIENTED_EDGE('',*,*,#3987,.F.);
#3987 = EDGE_CURVE('',#3964,#3980,#3988,.T.);
#3988 = LINE('',#3989,#3990);
#3989 = CARTESIAN_POINT('',(-0.6,-3.3,0.));
#3990 = VECTOR('',#3991,1.);
#3991 = DIRECTION('',(-0.,1.,0.));
#3992 = FACE_BOUND('',#3993,.F.);
#3993 = EDGE_LOOP('',(#3994,#4004,#4012,#4020));
#3994 = ORIENTED_EDGE('',*,*,#3995,.F.);
#3995 = EDGE_CURVE('',#3996,#3998,#4000,.T.);
#3996 = VERTEX_POINT('',#3997);
#3997 = CARTESIAN_POINT('',(-0.3,-3.3,0.));
#3998 = VERTEX_POINT('',#3999);
#3999 = CARTESIAN_POINT('',(2.775557561563E-16,-3.3,0.));
#4000 = LINE('',#4001,#4002);
#4001 = CARTESIAN_POINT('',(-0.3,-3.3,0.));
#4002 = VECTOR('',#4003,1.);
#4003 = DIRECTION('',(1.,0.,-0.));
#4004 = ORIENTED_EDGE('',*,*,#4005,.T.);
#4005 = EDGE_CURVE('',#3996,#4006,#4008,.T.);
#4006 = VERTEX_POINT('',#4007);
#4007 = CARTESIAN_POINT('',(-0.3,-3.,0.));
#4008 = LINE('',#4009,#4010);
#4009 = CARTESIAN_POINT('',(-0.3,-3.3,0.));
#4010 = VECTOR('',#4011,1.);
#4011 = DIRECTION('',(-0.,1.,0.));
#4012 = ORIENTED_EDGE('',*,*,#4013,.T.);
#4013 = EDGE_CURVE('',#4006,#4014,#4016,.T.);
#4014 = VERTEX_POINT('',#4015);
#4015 = CARTESIAN_POINT('',(2.775557561563E-16,-3.,0.));
#4016 = LINE('',#4017,#4018);
#4017 = CARTESIAN_POINT('',(-0.3,-3.,0.));
#4018 = VECTOR('',#4019,1.);
#4019 = DIRECTION('',(1.,0.,-0.));
#4020 = ORIENTED_EDGE('',*,*,#4021,.F.);
#4021 = EDGE_CURVE('',#3998,#4014,#4022,.T.);
#4022 = LINE('',#4023,#4024);
#4023 = CARTESIAN_POINT('',(2.775557561563E-16,-3.3,0.));
#4024 = VECTOR('',#4025,1.);
#4025 = DIRECTION('',(-0.,1.,0.));
#4026 = FACE_BOUND('',#4027,.F.);
#4027 = EDGE_LOOP('',(#4028,#4038,#4046,#4054));
#4028 = ORIENTED_EDGE('',*,*,#4029,.F.);
#4029 = EDGE_CURVE('',#4030,#4032,#4034,.T.);
#4030 = VERTEX_POINT('',#4031);
#4031 = CARTESIAN_POINT('',(-0.9,-2.7,0.));
#4032 = VERTEX_POINT('',#4033);
#4033 = CARTESIAN_POINT('',(-0.6,-2.7,0.));
#4034 = LINE('',#4035,#4036);
#4035 = CARTESIAN_POINT('',(-0.9,-2.7,0.));
#4036 = VECTOR('',#4037,1.);
#4037 = DIRECTION('',(1.,0.,-0.));
#4038 = ORIENTED_EDGE('',*,*,#4039,.T.);
#4039 = EDGE_CURVE('',#4030,#4040,#4042,.T.);
#4040 = VERTEX_POINT('',#4041);
#4041 = CARTESIAN_POINT('',(-0.9,-2.4,0.));
#4042 = LINE('',#4043,#4044);
#4043 = CARTESIAN_POINT('',(-0.9,-2.7,0.));
#4044 = VECTOR('',#4045,1.);
#4045 = DIRECTION('',(-0.,1.,0.));
#4046 = ORIENTED_EDGE('',*,*,#4047,.T.);
#4047 = EDGE_CURVE('',#4040,#4048,#4050,.T.);
#4048 = VERTEX_POINT('',#4049);
#4049 = CARTESIAN_POINT('',(-0.6,-2.4,0.));
#4050 = LINE('',#4051,#4052);
#4051 = CARTESIAN_POINT('',(-0.9,-2.4,0.));
#4052 = VECTOR('',#4053,1.);
#4053 = DIRECTION('',(1.,0.,-0.));
#4054 = ORIENTED_EDGE('',*,*,#4055,.F.);
#4055 = EDGE_CURVE('',#4032,#4048,#4056,.T.);
#4056 = LINE('',#4057,#4058);
#4057 = CARTESIAN_POINT('',(-0.6,-2.7,0.));
#4058 = VECTOR('',#4059,1.);
#4059 = DIRECTION('',(-0.,1.,0.));
#4060 = FACE_BOUND('',#4061,.F.);
#4061 = EDGE_LOOP('',(#4062,#4072,#4080,#4088));
#4062 = ORIENTED_EDGE('',*,*,#4063,.F.);
#4063 = EDGE_CURVE('',#4064,#4066,#4068,.T.);
#4064 = VERTEX_POINT('',#4065);
#4065 = CARTESIAN_POINT('',(-0.3,-2.7,0.));
#4066 = VERTEX_POINT('',#4067);
#4067 = CARTESIAN_POINT('',(2.775557561563E-16,-2.7,0.));
#4068 = LINE('',#4069,#4070);
#4069 = CARTESIAN_POINT('',(-0.3,-2.7,0.));
#4070 = VECTOR('',#4071,1.);
#4071 = DIRECTION('',(1.,0.,-0.));
#4072 = ORIENTED_EDGE('',*,*,#4073,.T.);
#4073 = EDGE_CURVE('',#4064,#4074,#4076,.T.);
#4074 = VERTEX_POINT('',#4075);
#4075 = CARTESIAN_POINT('',(-0.3,-2.4,0.));
#4076 = LINE('',#4077,#4078);
#4077 = CARTESIAN_POINT('',(-0.3,-2.7,0.));
#4078 = VECTOR('',#4079,1.);
#4079 = DIRECTION('',(-0.,1.,0.));
#4080 = ORIENTED_EDGE('',*,*,#4081,.T.);
#4081 = EDGE_CURVE('',#4074,#4082,#4084,.T.);
#4082 = VERTEX_POINT('',#4083);
#4083 = CARTESIAN_POINT('',(2.775557561563E-16,-2.4,0.));
#4084 = LINE('',#4085,#4086);
#4085 = CARTESIAN_POINT('',(-0.3,-2.4,0.));
#4086 = VECTOR('',#4087,1.);
#4087 = DIRECTION('',(1.,0.,-0.));
#4088 = ORIENTED_EDGE('',*,*,#4089,.F.);
#4089 = EDGE_CURVE('',#4066,#4082,#4090,.T.);
#4090 = LINE('',#4091,#4092);
#4091 = CARTESIAN_POINT('',(2.775557561563E-16,-2.7,0.));
#4092 = VECTOR('',#4093,1.);
#4093 = DIRECTION('',(-0.,1.,0.));
#4094 = FACE_BOUND('',#4095,.F.);
#4095 = EDGE_LOOP('',(#4096,#4106,#4114,#4122));
#4096 = ORIENTED_EDGE('',*,*,#4097,.F.);
#4097 = EDGE_CURVE('',#4098,#4100,#4102,.T.);
#4098 = VERTEX_POINT('',#4099);
#4099 = CARTESIAN_POINT('',(-1.5,-2.1,0.));
#4100 = VERTEX_POINT('',#4101);
#4101 = CARTESIAN_POINT('',(-1.2,-2.1,0.));
#4102 = LINE('',#4103,#4104);
#4103 = CARTESIAN_POINT('',(-1.5,-2.1,0.));
#4104 = VECTOR('',#4105,1.);
#4105 = DIRECTION('',(1.,0.,-0.));
#4106 = ORIENTED_EDGE('',*,*,#4107,.T.);
#4107 = EDGE_CURVE('',#4098,#4108,#4110,.T.);
#4108 = VERTEX_POINT('',#4109);
#4109 = CARTESIAN_POINT('',(-1.5,-1.8,0.));
#4110 = LINE('',#4111,#4112);
#4111 = CARTESIAN_POINT('',(-1.5,-2.1,0.));
#4112 = VECTOR('',#4113,1.);
#4113 = DIRECTION('',(-0.,1.,0.));
#4114 = ORIENTED_EDGE('',*,*,#4115,.T.);
#4115 = EDGE_CURVE('',#4108,#4116,#4118,.T.);
#4116 = VERTEX_POINT('',#4117);
#4117 = CARTESIAN_POINT('',(-1.2,-1.8,0.));
#4118 = LINE('',#4119,#4120);
#4119 = CARTESIAN_POINT('',(-1.5,-1.8,0.));
#4120 = VECTOR('',#4121,1.);
#4121 = DIRECTION('',(1.,0.,-0.));
#4122 = ORIENTED_EDGE('',*,*,#4123,.F.);
#4123 = EDGE_CURVE('',#4100,#4116,#4124,.T.);
#4124 = LINE('',#4125,#4126);
#4125 = CARTESIAN_POINT('',(-1.2,-2.1,0.));
#4126 = VECTOR('',#4127,1.);
#4127 = DIRECTION('',(-0.,1.,0.));
#4128 = FACE_BOUND('',#4129,.F.);
#4129 = EDGE_LOOP('',(#4130,#4140,#4148,#4156));
#4130 = ORIENTED_EDGE('',*,*,#4131,.F.);
#4131 = EDGE_CURVE('',#4132,#4134,#4136,.T.);
#4132 = VERTEX_POINT('',#4133);
#4133 = CARTESIAN_POINT('',(-0.9,-2.1,0.));
#4134 = VERTEX_POINT('',#4135);
#4135 = CARTESIAN_POINT('',(-0.6,-2.1,0.));
#4136 = LINE('',#4137,#4138);
#4137 = CARTESIAN_POINT('',(-0.9,-2.1,0.));
#4138 = VECTOR('',#4139,1.);
#4139 = DIRECTION('',(1.,0.,-0.));
#4140 = ORIENTED_EDGE('',*,*,#4141,.T.);
#4141 = EDGE_CURVE('',#4132,#4142,#4144,.T.);
#4142 = VERTEX_POINT('',#4143);
#4143 = CARTESIAN_POINT('',(-0.9,-1.8,0.));
#4144 = LINE('',#4145,#4146);
#4145 = CARTESIAN_POINT('',(-0.9,-2.1,0.));
#4146 = VECTOR('',#4147,1.);
#4147 = DIRECTION('',(-0.,1.,0.));
#4148 = ORIENTED_EDGE('',*,*,#4149,.T.);
#4149 = EDGE_CURVE('',#4142,#4150,#4152,.T.);
#4150 = VERTEX_POINT('',#4151);
#4151 = CARTESIAN_POINT('',(-0.6,-1.8,0.));
#4152 = LINE('',#4153,#4154);
#4153 = CARTESIAN_POINT('',(-0.9,-1.8,0.));
#4154 = VECTOR('',#4155,1.);
#4155 = DIRECTION('',(1.,0.,-0.));
#4156 = ORIENTED_EDGE('',*,*,#4157,.F.);
#4157 = EDGE_CURVE('',#4134,#4150,#4158,.T.);
#4158 = LINE('',#4159,#4160);
#4159 = CARTESIAN_POINT('',(-0.6,-2.1,0.));
#4160 = VECTOR('',#4161,1.);
#4161 = DIRECTION('',(-0.,1.,0.));
#4162 = FACE_BOUND('',#4163,.F.);
#4163 = EDGE_LOOP('',(#4164,#4174,#4182,#4190));
#4164 = ORIENTED_EDGE('',*,*,#4165,.F.);
#4165 = EDGE_CURVE('',#4166,#4168,#4170,.T.);
#4166 = VERTEX_POINT('',#4167);
#4167 = CARTESIAN_POINT('',(-0.3,-2.1,0.));
#4168 = VERTEX_POINT('',#4169);
#4169 = CARTESIAN_POINT('',(2.775557561563E-16,-2.1,0.));
#4170 = LINE('',#4171,#4172);
#4171 = CARTESIAN_POINT('',(-0.3,-2.1,0.));
#4172 = VECTOR('',#4173,1.);
#4173 = DIRECTION('',(1.,0.,-0.));
#4174 = ORIENTED_EDGE('',*,*,#4175,.T.);
#4175 = EDGE_CURVE('',#4166,#4176,#4178,.T.);
#4176 = VERTEX_POINT('',#4177);
#4177 = CARTESIAN_POINT('',(-0.3,-1.8,0.));
#4178 = LINE('',#4179,#4180);
#4179 = CARTESIAN_POINT('',(-0.3,-2.1,0.));
#4180 = VECTOR('',#4181,1.);
#4181 = DIRECTION('',(-0.,1.,0.));
#4182 = ORIENTED_EDGE('',*,*,#4183,.T.);
#4183 = EDGE_CURVE('',#4176,#4184,#4186,.T.);
#4184 = VERTEX_POINT('',#4185);
#4185 = CARTESIAN_POINT('',(2.775557561563E-16,-1.8,0.));
#4186 = LINE('',#4187,#4188);
#4187 = CARTESIAN_POINT('',(-0.3,-1.8,0.));
#4188 = VECTOR('',#4189,1.);
#4189 = DIRECTION('',(1.,0.,-0.));
#4190 = ORIENTED_EDGE('',*,*,#4191,.F.);
#4191 = EDGE_CURVE('',#4168,#4184,#4192,.T.);
#4192 = LINE('',#4193,#4194);
#4193 = CARTESIAN_POINT('',(2.775557561563E-16,-2.1,0.));
#4194 = VECTOR('',#4195,1.);
#4195 = DIRECTION('',(-0.,1.,0.));
#4196 = FACE_BOUND('',#4197,.F.);
#4197 = EDGE_LOOP('',(#4198,#4208,#4216,#4224));
#4198 = ORIENTED_EDGE('',*,*,#4199,.F.);
#4199 = EDGE_CURVE('',#4200,#4202,#4204,.T.);
#4200 = VERTEX_POINT('',#4201);
#4201 = CARTESIAN_POINT('',(-3.3,-1.5,0.));
#4202 = VERTEX_POINT('',#4203);
#4203 = CARTESIAN_POINT('',(-3.,-1.5,0.));
#4204 = LINE('',#4205,#4206);
#4205 = CARTESIAN_POINT('',(-3.3,-1.5,0.));
#4206 = VECTOR('',#4207,1.);
#4207 = DIRECTION('',(1.,0.,-0.));
#4208 = ORIENTED_EDGE('',*,*,#4209,.T.);
#4209 = EDGE_CURVE('',#4200,#4210,#4212,.T.);
#4210 = VERTEX_POINT('',#4211);
#4211 = CARTESIAN_POINT('',(-3.3,-1.2,0.));
#4212 = LINE('',#4213,#4214);
#4213 = CARTESIAN_POINT('',(-3.3,-1.5,0.));
#4214 = VECTOR('',#4215,1.);
#4215 = DIRECTION('',(-0.,1.,0.));
#4216 = ORIENTED_EDGE('',*,*,#4217,.T.);
#4217 = EDGE_CURVE('',#4210,#4218,#4220,.T.);
#4218 = VERTEX_POINT('',#4219);
#4219 = CARTESIAN_POINT('',(-3.,-1.2,0.));
#4220 = LINE('',#4221,#4222);
#4221 = CARTESIAN_POINT('',(-3.3,-1.2,0.));
#4222 = VECTOR('',#4223,1.);
#4223 = DIRECTION('',(1.,0.,-0.));
#4224 = ORIENTED_EDGE('',*,*,#4225,.F.);
#4225 = EDGE_CURVE('',#4202,#4218,#4226,.T.);
#4226 = LINE('',#4227,#4228);
#4227 = CARTESIAN_POINT('',(-3.,-1.5,0.));
#4228 = VECTOR('',#4229,1.);
#4229 = DIRECTION('',(-0.,1.,0.));
#4230 = FACE_BOUND('',#4231,.F.);
#4231 = EDGE_LOOP('',(#4232,#4242,#4250,#4258));
#4232 = ORIENTED_EDGE('',*,*,#4233,.F.);
#4233 = EDGE_CURVE('',#4234,#4236,#4238,.T.);
#4234 = VERTEX_POINT('',#4235);
#4235 = CARTESIAN_POINT('',(-2.7,-1.5,0.));
#4236 = VERTEX_POINT('',#4237);
#4237 = CARTESIAN_POINT('',(-2.4,-1.5,0.));
#4238 = LINE('',#4239,#4240);
#4239 = CARTESIAN_POINT('',(-2.7,-1.5,0.));
#4240 = VECTOR('',#4241,1.);
#4241 = DIRECTION('',(1.,0.,-0.));
#4242 = ORIENTED_EDGE('',*,*,#4243,.T.);
#4243 = EDGE_CURVE('',#4234,#4244,#4246,.T.);
#4244 = VERTEX_POINT('',#4245);
#4245 = CARTESIAN_POINT('',(-2.7,-1.2,0.));
#4246 = LINE('',#4247,#4248);
#4247 = CARTESIAN_POINT('',(-2.7,-1.5,0.));
#4248 = VECTOR('',#4249,1.);
#4249 = DIRECTION('',(-0.,1.,0.));
#4250 = ORIENTED_EDGE('',*,*,#4251,.T.);
#4251 = EDGE_CURVE('',#4244,#4252,#4254,.T.);
#4252 = VERTEX_POINT('',#4253);
#4253 = CARTESIAN_POINT('',(-2.4,-1.2,0.));
#4254 = LINE('',#4255,#4256);
#4255 = CARTESIAN_POINT('',(-2.7,-1.2,0.));
#4256 = VECTOR('',#4257,1.);
#4257 = DIRECTION('',(1.,0.,-0.));
#4258 = ORIENTED_EDGE('',*,*,#4259,.F.);
#4259 = EDGE_CURVE('',#4236,#4252,#4260,.T.);
#4260 = LINE('',#4261,#4262);
#4261 = CARTESIAN_POINT('',(-2.4,-1.5,0.));
#4262 = VECTOR('',#4263,1.);
#4263 = DIRECTION('',(-0.,1.,0.));
#4264 = FACE_BOUND('',#4265,.F.);
#4265 = EDGE_LOOP('',(#4266,#4276,#4284,#4292));
#4266 = ORIENTED_EDGE('',*,*,#4267,.F.);
#4267 = EDGE_CURVE('',#4268,#4270,#4272,.T.);
#4268 = VERTEX_POINT('',#4269);
#4269 = CARTESIAN_POINT('',(-2.1,-1.5,0.));
#4270 = VERTEX_POINT('',#4271);
#4271 = CARTESIAN_POINT('',(-1.8,-1.5,0.));
#4272 = LINE('',#4273,#4274);
#4273 = CARTESIAN_POINT('',(-2.1,-1.5,0.));
#4274 = VECTOR('',#4275,1.);
#4275 = DIRECTION('',(1.,0.,-0.));
#4276 = ORIENTED_EDGE('',*,*,#4277,.T.);
#4277 = EDGE_CURVE('',#4268,#4278,#4280,.T.);
#4278 = VERTEX_POINT('',#4279);
#4279 = CARTESIAN_POINT('',(-2.1,-1.2,0.));
#4280 = LINE('',#4281,#4282);
#4281 = CARTESIAN_POINT('',(-2.1,-1.5,0.));
#4282 = VECTOR('',#4283,1.);
#4283 = DIRECTION('',(-0.,1.,0.));
#4284 = ORIENTED_EDGE('',*,*,#4285,.T.);
#4285 = EDGE_CURVE('',#4278,#4286,#4288,.T.);
#4286 = VERTEX_POINT('',#4287);
#4287 = CARTESIAN_POINT('',(-1.8,-1.2,0.));
#4288 = LINE('',#4289,#4290);
#4289 = CARTESIAN_POINT('',(-2.1,-1.2,0.));
#4290 = VECTOR('',#4291,1.);
#4291 = DIRECTION('',(1.,0.,-0.));
#4292 = ORIENTED_EDGE('',*,*,#4293,.F.);
#4293 = EDGE_CURVE('',#4270,#4286,#4294,.T.);
#4294 = LINE('',#4295,#4296);
#4295 = CARTESIAN_POINT('',(-1.8,-1.5,0.));
#4296 = VECTOR('',#4297,1.);
#4297 = DIRECTION('',(-0.,1.,0.));
#4298 = FACE_BOUND('',#4299,.F.);
#4299 = EDGE_LOOP('',(#4300,#4310,#4318,#4326));
#4300 = ORIENTED_EDGE('',*,*,#4301,.F.);
#4301 = EDGE_CURVE('',#4302,#4304,#4306,.T.);
#4302 = VERTEX_POINT('',#4303);
#4303 = CARTESIAN_POINT('',(-3.3,-0.9,0.));
#4304 = VERTEX_POINT('',#4305);
#4305 = CARTESIAN_POINT('',(-3.,-0.9,0.));
#4306 = LINE('',#4307,#4308);
#4307 = CARTESIAN_POINT('',(-3.3,-0.9,0.));
#4308 = VECTOR('',#4309,1.);
#4309 = DIRECTION('',(1.,0.,-0.));
#4310 = ORIENTED_EDGE('',*,*,#4311,.T.);
#4311 = EDGE_CURVE('',#4302,#4312,#4314,.T.);
#4312 = VERTEX_POINT('',#4313);
#4313 = CARTESIAN_POINT('',(-3.3,-0.6,0.));
#4314 = LINE('',#4315,#4316);
#4315 = CARTESIAN_POINT('',(-3.3,-0.9,0.));
#4316 = VECTOR('',#4317,1.);
#4317 = DIRECTION('',(-0.,1.,0.));
#4318 = ORIENTED_EDGE('',*,*,#4319,.T.);
#4319 = EDGE_CURVE('',#4312,#4320,#4322,.T.);
#4320 = VERTEX_POINT('',#4321);
#4321 = CARTESIAN_POINT('',(-3.,-0.6,0.));
#4322 = LINE('',#4323,#4324);
#4323 = CARTESIAN_POINT('',(-3.3,-0.6,0.));
#4324 = VECTOR('',#4325,1.);
#4325 = DIRECTION('',(1.,0.,-0.));
#4326 = ORIENTED_EDGE('',*,*,#4327,.F.);
#4327 = EDGE_CURVE('',#4304,#4320,#4328,.T.);
#4328 = LINE('',#4329,#4330);
#4329 = CARTESIAN_POINT('',(-3.,-0.9,0.));
#4330 = VECTOR('',#4331,1.);
#4331 = DIRECTION('',(-0.,1.,0.));
#4332 = FACE_BOUND('',#4333,.F.);
#4333 = EDGE_LOOP('',(#4334,#4344,#4352,#4360));
#4334 = ORIENTED_EDGE('',*,*,#4335,.F.);
#4335 = EDGE_CURVE('',#4336,#4338,#4340,.T.);
#4336 = VERTEX_POINT('',#4337);
#4337 = CARTESIAN_POINT('',(-2.7,-0.9,0.));
#4338 = VERTEX_POINT('',#4339);
#4339 = CARTESIAN_POINT('',(-2.4,-0.9,0.));
#4340 = LINE('',#4341,#4342);
#4341 = CARTESIAN_POINT('',(-2.7,-0.9,0.));
#4342 = VECTOR('',#4343,1.);
#4343 = DIRECTION('',(1.,0.,-0.));
#4344 = ORIENTED_EDGE('',*,*,#4345,.T.);
#4345 = EDGE_CURVE('',#4336,#4346,#4348,.T.);
#4346 = VERTEX_POINT('',#4347);
#4347 = CARTESIAN_POINT('',(-2.7,-0.6,0.));
#4348 = LINE('',#4349,#4350);
#4349 = CARTESIAN_POINT('',(-2.7,-0.9,0.));
#4350 = VECTOR('',#4351,1.);
#4351 = DIRECTION('',(-0.,1.,0.));
#4352 = ORIENTED_EDGE('',*,*,#4353,.T.);
#4353 = EDGE_CURVE('',#4346,#4354,#4356,.T.);
#4354 = VERTEX_POINT('',#4355);
#4355 = CARTESIAN_POINT('',(-2.4,-0.6,0.));
#4356 = LINE('',#4357,#4358);
#4357 = CARTESIAN_POINT('',(-2.7,-0.6,0.));
#4358 = VECTOR('',#4359,1.);
#4359 = DIRECTION('',(1.,0.,-0.));
#4360 = ORIENTED_EDGE('',*,*,#4361,.F.);
#4361 = EDGE_CURVE('',#4338,#4354,#4362,.T.);
#4362 = LINE('',#4363,#4364);
#4363 = CARTESIAN_POINT('',(-2.4,-0.9,0.));
#4364 = VECTOR('',#4365,1.);
#4365 = DIRECTION('',(-0.,1.,0.));
#4366 = FACE_BOUND('',#4367,.F.);
#4367 = EDGE_LOOP('',(#4368,#4378,#4386,#4394));
#4368 = ORIENTED_EDGE('',*,*,#4369,.F.);
#4369 = EDGE_CURVE('',#4370,#4372,#4374,.T.);
#4370 = VERTEX_POINT('',#4371);
#4371 = CARTESIAN_POINT('',(-3.3,-0.3,0.));
#4372 = VERTEX_POINT('',#4373);
#4373 = CARTESIAN_POINT('',(-3.,-0.3,0.));
#4374 = LINE('',#4375,#4376);
#4375 = CARTESIAN_POINT('',(-3.3,-0.3,0.));
#4376 = VECTOR('',#4377,1.);
#4377 = DIRECTION('',(1.,0.,-0.));
#4378 = ORIENTED_EDGE('',*,*,#4379,.T.);
#4379 = EDGE_CURVE('',#4370,#4380,#4382,.T.);
#4380 = VERTEX_POINT('',#4381);
#4381 = CARTESIAN_POINT('',(-3.3,2.775557561563E-16,0.));
#4382 = LINE('',#4383,#4384);
#4383 = CARTESIAN_POINT('',(-3.3,-0.3,0.));
#4384 = VECTOR('',#4385,1.);
#4385 = DIRECTION('',(-0.,1.,0.));
#4386 = ORIENTED_EDGE('',*,*,#4387,.T.);
#4387 = EDGE_CURVE('',#4380,#4388,#4390,.T.);
#4388 = VERTEX_POINT('',#4389);
#4389 = CARTESIAN_POINT('',(-3.,2.775557561563E-16,0.));
#4390 = LINE('',#4391,#4392);
#4391 = CARTESIAN_POINT('',(-3.3,2.775557561563E-16,0.));
#4392 = VECTOR('',#4393,1.);
#4393 = DIRECTION('',(1.,0.,-0.));
#4394 = ORIENTED_EDGE('',*,*,#4395,.F.);
#4395 = EDGE_CURVE('',#4372,#4388,#4396,.T.);
#4396 = LINE('',#4397,#4398);
#4397 = CARTESIAN_POINT('',(-3.,-0.3,0.));
#4398 = VECTOR('',#4399,1.);
#4399 = DIRECTION('',(-0.,1.,0.));
#4400 = FACE_BOUND('',#4401,.F.);
#4401 = EDGE_LOOP('',(#4402,#4412,#4420,#4428));
#4402 = ORIENTED_EDGE('',*,*,#4403,.F.);
#4403 = EDGE_CURVE('',#4404,#4406,#4408,.T.);
#4404 = VERTEX_POINT('',#4405);
#4405 = CARTESIAN_POINT('',(-2.7,-0.3,0.));
#4406 = VERTEX_POINT('',#4407);
#4407 = CARTESIAN_POINT('',(-2.4,-0.3,0.));
#4408 = LINE('',#4409,#4410);
#4409 = CARTESIAN_POINT('',(-2.7,-0.3,0.));
#4410 = VECTOR('',#4411,1.);
#4411 = DIRECTION('',(1.,0.,-0.));
#4412 = ORIENTED_EDGE('',*,*,#4413,.T.);
#4413 = EDGE_CURVE('',#4404,#4414,#4416,.T.);
#4414 = VERTEX_POINT('',#4415);
#4415 = CARTESIAN_POINT('',(-2.7,2.775557561563E-16,0.));
#4416 = LINE('',#4417,#4418);
#4417 = CARTESIAN_POINT('',(-2.7,-0.3,0.));
#4418 = VECTOR('',#4419,1.);
#4419 = DIRECTION('',(-0.,1.,0.));
#4420 = ORIENTED_EDGE('',*,*,#4421,.T.);
#4421 = EDGE_CURVE('',#4414,#4422,#4424,.T.);
#4422 = VERTEX_POINT('',#4423);
#4423 = CARTESIAN_POINT('',(-2.4,2.775557561563E-16,0.));
#4424 = LINE('',#4425,#4426);
#4425 = CARTESIAN_POINT('',(-2.7,2.775557561563E-16,0.));
#4426 = VECTOR('',#4427,1.);
#4427 = DIRECTION('',(1.,0.,-0.));
#4428 = ORIENTED_EDGE('',*,*,#4429,.F.);
#4429 = EDGE_CURVE('',#4406,#4422,#4430,.T.);
#4430 = LINE('',#4431,#4432);
#4431 = CARTESIAN_POINT('',(-2.4,-0.3,0.));
#4432 = VECTOR('',#4433,1.);
#4433 = DIRECTION('',(-0.,1.,0.));
#4434 = FACE_BOUND('',#4435,.F.);
#4435 = EDGE_LOOP('',(#4436,#4446,#4454,#4462));
#4436 = ORIENTED_EDGE('',*,*,#4437,.F.);
#4437 = EDGE_CURVE('',#4438,#4440,#4442,.T.);
#4438 = VERTEX_POINT('',#4439);
#4439 = CARTESIAN_POINT('',(-2.1,-0.9,0.));
#4440 = VERTEX_POINT('',#4441);
#4441 = CARTESIAN_POINT('',(-1.8,-0.9,0.));
#4442 = LINE('',#4443,#4444);
#4443 = CARTESIAN_POINT('',(-2.1,-0.9,0.));
#4444 = VECTOR('',#4445,1.);
#4445 = DIRECTION('',(1.,0.,-0.));
#4446 = ORIENTED_EDGE('',*,*,#4447,.T.);
#4447 = EDGE_CURVE('',#4438,#4448,#4450,.T.);
#4448 = VERTEX_POINT('',#4449);
#4449 = CARTESIAN_POINT('',(-2.1,-0.6,0.));
#4450 = LINE('',#4451,#4452);
#4451 = CARTESIAN_POINT('',(-2.1,-0.9,0.));
#4452 = VECTOR('',#4453,1.);
#4453 = DIRECTION('',(-0.,1.,0.));
#4454 = ORIENTED_EDGE('',*,*,#4455,.T.);
#4455 = EDGE_CURVE('',#4448,#4456,#4458,.T.);
#4456 = VERTEX_POINT('',#4457);
#4457 = CARTESIAN_POINT('',(-1.8,-0.6,0.));
#4458 = LINE('',#4459,#4460);
#4459 = CARTESIAN_POINT('',(-2.1,-0.6,0.));
#4460 = VECTOR('',#4461,1.);
#4461 = DIRECTION('',(1.,0.,-0.));
#4462 = ORIENTED_EDGE('',*,*,#4463,.F.);
#4463 = EDGE_CURVE('',#4440,#4456,#4464,.T.);
#4464 = LINE('',#4465,#4466);
#4465 = CARTESIAN_POINT('',(-1.8,-0.9,0.));
#4466 = VECTOR('',#4467,1.);
#4467 = DIRECTION('',(-0.,1.,0.));
#4468 = FACE_BOUND('',#4469,.F.);
#4469 = EDGE_LOOP('',(#4470,#4480,#4488,#4496));
#4470 = ORIENTED_EDGE('',*,*,#4471,.F.);
#4471 = EDGE_CURVE('',#4472,#4474,#4476,.T.);
#4472 = VERTEX_POINT('',#4473);
#4473 = CARTESIAN_POINT('',(-2.1,-0.3,0.));
#4474 = VERTEX_POINT('',#4475);
#4475 = CARTESIAN_POINT('',(-1.8,-0.3,0.));
#4476 = LINE('',#4477,#4478);
#4477 = CARTESIAN_POINT('',(-2.1,-0.3,0.));
#4478 = VECTOR('',#4479,1.);
#4479 = DIRECTION('',(1.,0.,-0.));
#4480 = ORIENTED_EDGE('',*,*,#4481,.T.);
#4481 = EDGE_CURVE('',#4472,#4482,#4484,.T.);
#4482 = VERTEX_POINT('',#4483);
#4483 = CARTESIAN_POINT('',(-2.1,2.775557561563E-16,0.));
#4484 = LINE('',#4485,#4486);
#4485 = CARTESIAN_POINT('',(-2.1,-0.3,0.));
#4486 = VECTOR('',#4487,1.);
#4487 = DIRECTION('',(-0.,1.,0.));
#4488 = ORIENTED_EDGE('',*,*,#4489,.T.);
#4489 = EDGE_CURVE('',#4482,#4490,#4492,.T.);
#4490 = VERTEX_POINT('',#4491);
#4491 = CARTESIAN_POINT('',(-1.8,2.775557561563E-16,0.));
#4492 = LINE('',#4493,#4494);
#4493 = CARTESIAN_POINT('',(-2.1,2.775557561563E-16,0.));
#4494 = VECTOR('',#4495,1.);
#4495 = DIRECTION('',(1.,0.,-0.));
#4496 = ORIENTED_EDGE('',*,*,#4497,.F.);
#4497 = EDGE_CURVE('',#4474,#4490,#4498,.T.);
#4498 = LINE('',#4499,#4500);
#4499 = CARTESIAN_POINT('',(-1.8,-0.3,0.));
#4500 = VECTOR('',#4501,1.);
#4501 = DIRECTION('',(-0.,1.,0.));
#4502 = FACE_BOUND('',#4503,.F.);
#4503 = EDGE_LOOP('',(#4504,#4514,#4522,#4530));
#4504 = ORIENTED_EDGE('',*,*,#4505,.F.);
#4505 = EDGE_CURVE('',#4506,#4508,#4510,.T.);
#4506 = VERTEX_POINT('',#4507);
#4507 = CARTESIAN_POINT('',(-1.5,-1.5,0.));
#4508 = VERTEX_POINT('',#4509);
#4509 = CARTESIAN_POINT('',(-1.2,-1.5,0.));
#4510 = LINE('',#4511,#4512);
#4511 = CARTESIAN_POINT('',(-1.5,-1.5,0.));
#4512 = VECTOR('',#4513,1.);
#4513 = DIRECTION('',(1.,0.,-0.));
#4514 = ORIENTED_EDGE('',*,*,#4515,.T.);
#4515 = EDGE_CURVE('',#4506,#4516,#4518,.T.);
#4516 = VERTEX_POINT('',#4517);
#4517 = CARTESIAN_POINT('',(-1.5,-1.2,0.));
#4518 = LINE('',#4519,#4520);
#4519 = CARTESIAN_POINT('',(-1.5,-1.5,0.));
#4520 = VECTOR('',#4521,1.);
#4521 = DIRECTION('',(-0.,1.,0.));
#4522 = ORIENTED_EDGE('',*,*,#4523,.T.);
#4523 = EDGE_CURVE('',#4516,#4524,#4526,.T.);
#4524 = VERTEX_POINT('',#4525);
#4525 = CARTESIAN_POINT('',(-1.2,-1.2,0.));
#4526 = LINE('',#4527,#4528);
#4527 = CARTESIAN_POINT('',(-1.5,-1.2,0.));
#4528 = VECTOR('',#4529,1.);
#4529 = DIRECTION('',(1.,0.,-0.));
#4530 = ORIENTED_EDGE('',*,*,#4531,.F.);
#4531 = EDGE_CURVE('',#4508,#4524,#4532,.T.);
#4532 = LINE('',#4533,#4534);
#4533 = CARTESIAN_POINT('',(-1.2,-1.5,0.));
#4534 = VECTOR('',#4535,1.);
#4535 = DIRECTION('',(-0.,1.,0.));
#4536 = FACE_BOUND('',#4537,.F.);
#4537 = EDGE_LOOP('',(#4538,#4548,#4556,#4564));
#4538 = ORIENTED_EDGE('',*,*,#4539,.F.);
#4539 = EDGE_CURVE('',#4540,#4542,#4544,.T.);
#4540 = VERTEX_POINT('',#4541);
#4541 = CARTESIAN_POINT('',(-0.9,-1.5,0.));
#4542 = VERTEX_POINT('',#4543);
#4543 = CARTESIAN_POINT('',(-0.6,-1.5,0.));
#4544 = LINE('',#4545,#4546);
#4545 = CARTESIAN_POINT('',(-0.9,-1.5,0.));
#4546 = VECTOR('',#4547,1.);
#4547 = DIRECTION('',(1.,0.,-0.));
#4548 = ORIENTED_EDGE('',*,*,#4549,.T.);
#4549 = EDGE_CURVE('',#4540,#4550,#4552,.T.);
#4550 = VERTEX_POINT('',#4551);
#4551 = CARTESIAN_POINT('',(-0.9,-1.2,0.));
#4552 = LINE('',#4553,#4554);
#4553 = CARTESIAN_POINT('',(-0.9,-1.5,0.));
#4554 = VECTOR('',#4555,1.);
#4555 = DIRECTION('',(-0.,1.,0.));
#4556 = ORIENTED_EDGE('',*,*,#4557,.T.);
#4557 = EDGE_CURVE('',#4550,#4558,#4560,.T.);
#4558 = VERTEX_POINT('',#4559);
#4559 = CARTESIAN_POINT('',(-0.6,-1.2,0.));
#4560 = LINE('',#4561,#4562);
#4561 = CARTESIAN_POINT('',(-0.9,-1.2,0.));
#4562 = VECTOR('',#4563,1.);
#4563 = DIRECTION('',(1.,0.,-0.));
#4564 = ORIENTED_EDGE('',*,*,#4565,.F.);
#4565 = EDGE_CURVE('',#4542,#4558,#4566,.T.);
#4566 = LINE('',#4567,#4568);
#4567 = CARTESIAN_POINT('',(-0.6,-1.5,0.));
#4568 = VECTOR('',#4569,1.);
#4569 = DIRECTION('',(-0.,1.,0.));
#4570 = FACE_BOUND('',#4571,.F.);
#4571 = EDGE_LOOP('',(#4572,#4582,#4590,#4598));
#4572 = ORIENTED_EDGE('',*,*,#4573,.F.);
#4573 = EDGE_CURVE('',#4574,#4576,#4578,.T.);
#4574 = VERTEX_POINT('',#4575);
#4575 = CARTESIAN_POINT('',(-0.3,-1.5,0.));
#4576 = VERTEX_POINT('',#4577);
#4577 = CARTESIAN_POINT('',(2.775557561563E-16,-1.5,0.));
#4578 = LINE('',#4579,#4580);
#4579 = CARTESIAN_POINT('',(-0.3,-1.5,0.));
#4580 = VECTOR('',#4581,1.);
#4581 = DIRECTION('',(1.,0.,-0.));
#4582 = ORIENTED_EDGE('',*,*,#4583,.T.);
#4583 = EDGE_CURVE('',#4574,#4584,#4586,.T.);
#4584 = VERTEX_POINT('',#4585);
#4585 = CARTESIAN_POINT('',(-0.3,-1.2,0.));
#4586 = LINE('',#4587,#4588);
#4587 = CARTESIAN_POINT('',(-0.3,-1.5,0.));
#4588 = VECTOR('',#4589,1.);
#4589 = DIRECTION('',(-0.,1.,0.));
#4590 = ORIENTED_EDGE('',*,*,#4591,.T.);
#4591 = EDGE_CURVE('',#4584,#4592,#4594,.T.);
#4592 = VERTEX_POINT('',#4593);
#4593 = CARTESIAN_POINT('',(2.775557561563E-16,-1.2,0.));
#4594 = LINE('',#4595,#4596);
#4595 = CARTESIAN_POINT('',(-0.3,-1.2,0.));
#4596 = VECTOR('',#4597,1.);
#4597 = DIRECTION('',(1.,0.,-0.));
#4598 = ORIENTED_EDGE('',*,*,#4599,.F.);
#4599 = EDGE_CURVE('',#4576,#4592,#4600,.T.);
#4600 = LINE('',#4601,#4602);
#4601 = CARTESIAN_POINT('',(2.775557561563E-16,-1.5,0.));
#4602 = VECTOR('',#4603,1.);
#4603 = DIRECTION('',(-0.,1.,0.));
#4604 = FACE_BOUND('',#4605,.F.);
#4605 = EDGE_LOOP('',(#4606,#4616,#4624,#4632));
#4606 = ORIENTED_EDGE('',*,*,#4607,.F.);
#4607 = EDGE_CURVE('',#4608,#4610,#4612,.T.);
#4608 = VERTEX_POINT('',#4609);
#4609 = CARTESIAN_POINT('',(-1.5,-0.9,0.));
#4610 = VERTEX_POINT('',#4611);
#4611 = CARTESIAN_POINT('',(-1.2,-0.9,0.));
#4612 = LINE('',#4613,#4614);
#4613 = CARTESIAN_POINT('',(-1.5,-0.9,0.));
#4614 = VECTOR('',#4615,1.);
#4615 = DIRECTION('',(1.,0.,-0.));
#4616 = ORIENTED_EDGE('',*,*,#4617,.T.);
#4617 = EDGE_CURVE('',#4608,#4618,#4620,.T.);
#4618 = VERTEX_POINT('',#4619);
#4619 = CARTESIAN_POINT('',(-1.5,-0.6,0.));
#4620 = LINE('',#4621,#4622);
#4621 = CARTESIAN_POINT('',(-1.5,-0.9,0.));
#4622 = VECTOR('',#4623,1.);
#4623 = DIRECTION('',(-0.,1.,0.));
#4624 = ORIENTED_EDGE('',*,*,#4625,.T.);
#4625 = EDGE_CURVE('',#4618,#4626,#4628,.T.);
#4626 = VERTEX_POINT('',#4627);
#4627 = CARTESIAN_POINT('',(-1.2,-0.6,0.));
#4628 = LINE('',#4629,#4630);
#4629 = CARTESIAN_POINT('',(-1.5,-0.6,0.));
#4630 = VECTOR('',#4631,1.);
#4631 = DIRECTION('',(1.,0.,-0.));
#4632 = ORIENTED_EDGE('',*,*,#4633,.F.);
#4633 = EDGE_CURVE('',#4610,#4626,#4634,.T.);
#4634 = LINE('',#4635,#4636);
#4635 = CARTESIAN_POINT('',(-1.2,-0.9,0.));
#4636 = VECTOR('',#4637,1.);
#4637 = DIRECTION('',(-0.,1.,0.));
#4638 = FACE_BOUND('',#4639,.F.);
#4639 = EDGE_LOOP('',(#4640,#4650,#4658,#4666));
#4640 = ORIENTED_EDGE('',*,*,#4641,.F.);
#4641 = EDGE_CURVE('',#4642,#4644,#4646,.T.);
#4642 = VERTEX_POINT('',#4643);
#4643 = CARTESIAN_POINT('',(-1.5,-0.3,0.));
#4644 = VERTEX_POINT('',#4645);
#4645 = CARTESIAN_POINT('',(-1.2,-0.3,0.));
#4646 = LINE('',#4647,#4648);
#4647 = CARTESIAN_POINT('',(-1.5,-0.3,0.));
#4648 = VECTOR('',#4649,1.);
#4649 = DIRECTION('',(1.,0.,-0.));
#4650 = ORIENTED_EDGE('',*,*,#4651,.T.);
#4651 = EDGE_CURVE('',#4642,#4652,#4654,.T.);
#4652 = VERTEX_POINT('',#4653);
#4653 = CARTESIAN_POINT('',(-1.5,2.775557561563E-16,0.));
#4654 = LINE('',#4655,#4656);
#4655 = CARTESIAN_POINT('',(-1.5,-0.3,0.));
#4656 = VECTOR('',#4657,1.);
#4657 = DIRECTION('',(-0.,1.,0.));
#4658 = ORIENTED_EDGE('',*,*,#4659,.T.);
#4659 = EDGE_CURVE('',#4652,#4660,#4662,.T.);
#4660 = VERTEX_POINT('',#4661);
#4661 = CARTESIAN_POINT('',(-1.2,2.775557561563E-16,0.));
#4662 = LINE('',#4663,#4664);
#4663 = CARTESIAN_POINT('',(-1.5,2.775557561563E-16,0.));
#4664 = VECTOR('',#4665,1.);
#4665 = DIRECTION('',(1.,0.,-0.));
#4666 = ORIENTED_EDGE('',*,*,#4667,.F.);
#4667 = EDGE_CURVE('',#4644,#4660,#4668,.T.);
#4668 = LINE('',#4669,#4670);
#4669 = CARTESIAN_POINT('',(-1.2,-0.3,0.));
#4670 = VECTOR('',#4671,1.);
#4671 = DIRECTION('',(-0.,1.,0.));
#4672 = FACE_BOUND('',#4673,.F.);
#4673 = EDGE_LOOP('',(#4674,#4684,#4692,#4700));
#4674 = ORIENTED_EDGE('',*,*,#4675,.F.);
#4675 = EDGE_CURVE('',#4676,#4678,#4680,.T.);
#4676 = VERTEX_POINT('',#4677);
#4677 = CARTESIAN_POINT('',(-0.9,-0.9,0.));
#4678 = VERTEX_POINT('',#4679);
#4679 = CARTESIAN_POINT('',(-0.6,-0.9,0.));
#4680 = LINE('',#4681,#4682);
#4681 = CARTESIAN_POINT('',(-0.9,-0.9,0.));
#4682 = VECTOR('',#4683,1.);
#4683 = DIRECTION('',(1.,0.,-0.));
#4684 = ORIENTED_EDGE('',*,*,#4685,.T.);
#4685 = EDGE_CURVE('',#4676,#4686,#4688,.T.);
#4686 = VERTEX_POINT('',#4687);
#4687 = CARTESIAN_POINT('',(-0.9,-0.6,0.));
#4688 = LINE('',#4689,#4690);
#4689 = CARTESIAN_POINT('',(-0.9,-0.9,0.));
#4690 = VECTOR('',#4691,1.);
#4691 = DIRECTION('',(-0.,1.,0.));
#4692 = ORIENTED_EDGE('',*,*,#4693,.T.);
#4693 = EDGE_CURVE('',#4686,#4694,#4696,.T.);
#4694 = VERTEX_POINT('',#4695);
#4695 = CARTESIAN_POINT('',(-0.6,-0.6,0.));
#4696 = LINE('',#4697,#4698);
#4697 = CARTESIAN_POINT('',(-0.9,-0.6,0.));
#4698 = VECTOR('',#4699,1.);
#4699 = DIRECTION('',(1.,0.,-0.));
#4700 = ORIENTED_EDGE('',*,*,#4701,.F.);
#4701 = EDGE_CURVE('',#4678,#4694,#4702,.T.);
#4702 = LINE('',#4703,#4704);
#4703 = CARTESIAN_POINT('',(-0.6,-0.9,0.));
#4704 = VECTOR('',#4705,1.);
#4705 = DIRECTION('',(-0.,1.,0.));
#4706 = FACE_BOUND('',#4707,.F.);
#4707 = EDGE_LOOP('',(#4708,#4718,#4726,#4734));
#4708 = ORIENTED_EDGE('',*,*,#4709,.F.);
#4709 = EDGE_CURVE('',#4710,#4712,#4714,.T.);
#4710 = VERTEX_POINT('',#4711);
#4711 = CARTESIAN_POINT('',(-0.3,-0.9,0.));
#4712 = VERTEX_POINT('',#4713);
#4713 = CARTESIAN_POINT('',(2.775557561563E-16,-0.9,0.));
#4714 = LINE('',#4715,#4716);
#4715 = CARTESIAN_POINT('',(-0.3,-0.9,0.));
#4716 = VECTOR('',#4717,1.);
#4717 = DIRECTION('',(1.,0.,-0.));
#4718 = ORIENTED_EDGE('',*,*,#4719,.T.);
#4719 = EDGE_CURVE('',#4710,#4720,#4722,.T.);
#4720 = VERTEX_POINT('',#4721);
#4721 = CARTESIAN_POINT('',(-0.3,-0.6,0.));
#4722 = LINE('',#4723,#4724);
#4723 = CARTESIAN_POINT('',(-0.3,-0.9,0.));
#4724 = VECTOR('',#4725,1.);
#4725 = DIRECTION('',(-0.,1.,0.));
#4726 = ORIENTED_EDGE('',*,*,#4727,.T.);
#4727 = EDGE_CURVE('',#4720,#4728,#4730,.T.);
#4728 = VERTEX_POINT('',#4729);
#4729 = CARTESIAN_POINT('',(2.775557561563E-16,-0.6,0.));
#4730 = LINE('',#4731,#4732);
#4731 = CARTESIAN_POINT('',(-0.3,-0.6,0.));
#4732 = VECTOR('',#4733,1.);
#4733 = DIRECTION('',(1.,0.,-0.));
#4734 = ORIENTED_EDGE('',*,*,#4735,.F.);
#4735 = EDGE_CURVE('',#4712,#4728,#4736,.T.);
#4736 = LINE('',#4737,#4738);
#4737 = CARTESIAN_POINT('',(2.775557561563E-16,-0.9,0.));
#4738 = VECTOR('',#4739,1.);
#4739 = DIRECTION('',(-0.,1.,0.));
#4740 = FACE_BOUND('',#4741,.F.);
#4741 = EDGE_LOOP('',(#4742,#4752,#4760,#4768));
#4742 = ORIENTED_EDGE('',*,*,#4743,.F.);
#4743 = EDGE_CURVE('',#4744,#4746,#4748,.T.);
#4744 = VERTEX_POINT('',#4745);
#4745 = CARTESIAN_POINT('',(-0.9,-0.3,0.));
#4746 = VERTEX_POINT('',#4747);
#4747 = CARTESIAN_POINT('',(-0.6,-0.3,0.));
#4748 = LINE('',#4749,#4750);
#4749 = CARTESIAN_POINT('',(-0.9,-0.3,0.));
#4750 = VECTOR('',#4751,1.);
#4751 = DIRECTION('',(1.,0.,-0.));
#4752 = ORIENTED_EDGE('',*,*,#4753,.T.);
#4753 = EDGE_CURVE('',#4744,#4754,#4756,.T.);
#4754 = VERTEX_POINT('',#4755);
#4755 = CARTESIAN_POINT('',(-0.9,2.775557561563E-16,0.));
#4756 = LINE('',#4757,#4758);
#4757 = CARTESIAN_POINT('',(-0.9,-0.3,0.));
#4758 = VECTOR('',#4759,1.);
#4759 = DIRECTION('',(-0.,1.,0.));
#4760 = ORIENTED_EDGE('',*,*,#4761,.T.);
#4761 = EDGE_CURVE('',#4754,#4762,#4764,.T.);
#4762 = VERTEX_POINT('',#4763);
#4763 = CARTESIAN_POINT('',(-0.6,2.775557561563E-16,0.));
#4764 = LINE('',#4765,#4766);
#4765 = CARTESIAN_POINT('',(-0.9,2.775557561563E-16,0.));
#4766 = VECTOR('',#4767,1.);
#4767 = DIRECTION('',(1.,0.,-0.));
#4768 = ORIENTED_EDGE('',*,*,#4769,.F.);
#4769 = EDGE_CURVE('',#4746,#4762,#4770,.T.);
#4770 = LINE('',#4771,#4772);
#4771 = CARTESIAN_POINT('',(-0.6,-0.3,0.));
#4772 = VECTOR('',#4773,1.);
#4773 = DIRECTION('',(-0.,1.,0.));
#4774 = FACE_BOUND('',#4775,.F.);
#4775 = EDGE_LOOP('',(#4776,#4786,#4794,#4802));
#4776 = ORIENTED_EDGE('',*,*,#4777,.F.);
#4777 = EDGE_CURVE('',#4778,#4780,#4782,.T.);
#4778 = VERTEX_POINT('',#4779);
#4779 = CARTESIAN_POINT('',(-0.3,-0.3,0.));
#4780 = VERTEX_POINT('',#4781);
#4781 = CARTESIAN_POINT('',(2.775557561563E-16,-0.3,0.));
#4782 = LINE('',#4783,#4784);
#4783 = CARTESIAN_POINT('',(-0.3,-0.3,0.));
#4784 = VECTOR('',#4785,1.);
#4785 = DIRECTION('',(1.,0.,-0.));
#4786 = ORIENTED_EDGE('',*,*,#4787,.T.);
#4787 = EDGE_CURVE('',#4778,#4788,#4790,.T.);
#4788 = VERTEX_POINT('',#4789);
#4789 = CARTESIAN_POINT('',(-0.3,2.775557561563E-16,0.));
#4790 = LINE('',#4791,#4792);
#4791 = CARTESIAN_POINT('',(-0.3,-0.3,0.));
#4792 = VECTOR('',#4793,1.);
#4793 = DIRECTION('',(-0.,1.,0.));
#4794 = ORIENTED_EDGE('',*,*,#4795,.T.);
#4795 = EDGE_CURVE('',#4788,#4796,#4798,.T.);
#4796 = VERTEX_POINT('',#4797);
#4797 = CARTESIAN_POINT('',(2.775557561563E-16,2.775557561563E-16,0.));
#4798 = LINE('',#4799,#4800);
#4799 = CARTESIAN_POINT('',(-0.3,2.775557561563E-16,0.));
#4800 = VECTOR('',#4801,1.);
#4801 = DIRECTION('',(1.,0.,-0.));
#4802 = ORIENTED_EDGE('',*,*,#4803,.F.);
#4803 = EDGE_CURVE('',#4780,#4796,#4804,.T.);
#4804 = LINE('',#4805,#4806);
#4805 = CARTESIAN_POINT('',(2.775557561563E-16,-0.3,0.));
#4806 = VECTOR('',#4807,1.);
#4807 = DIRECTION('',(-0.,1.,0.));
#4808 = FACE_BOUND('',#4809,.F.);
#4809 = EDGE_LOOP('',(#4810,#4820,#4828,#4836));
#4810 = ORIENTED_EDGE('',*,*,#4811,.F.);
#4811 = EDGE_CURVE('',#4812,#4814,#4816,.T.);
#4812 = VERTEX_POINT('',#4813);
#4813 = CARTESIAN_POINT('',(0.3,-3.3,0.));
#4814 = VERTEX_POINT('',#4815);
#4815 = CARTESIAN_POINT('',(0.6,-3.3,0.));
#4816 = LINE('',#4817,#4818);
#4817 = CARTESIAN_POINT('',(0.3,-3.3,0.));
#4818 = VECTOR('',#4819,1.);
#4819 = DIRECTION('',(1.,0.,-0.));
#4820 = ORIENTED_EDGE('',*,*,#4821,.T.);
#4821 = EDGE_CURVE('',#4812,#4822,#4824,.T.);
#4822 = VERTEX_POINT('',#4823);
#4823 = CARTESIAN_POINT('',(0.3,-3.,0.));
#4824 = LINE('',#4825,#4826);
#4825 = CARTESIAN_POINT('',(0.3,-3.3,0.));
#4826 = VECTOR('',#4827,1.);
#4827 = DIRECTION('',(-0.,1.,0.));
#4828 = ORIENTED_EDGE('',*,*,#4829,.T.);
#4829 = EDGE_CURVE('',#4822,#4830,#4832,.T.);
#4830 = VERTEX_POINT('',#4831);
#4831 = CARTESIAN_POINT('',(0.6,-3.,0.));
#4832 = LINE('',#4833,#4834);
#4833 = CARTESIAN_POINT('',(0.3,-3.,0.));
#4834 = VECTOR('',#4835,1.);
#4835 = DIRECTION('',(1.,0.,-0.));
#4836 = ORIENTED_EDGE('',*,*,#4837,.F.);
#4837 = EDGE_CURVE('',#4814,#4830,#4838,.T.);
#4838 = LINE('',#4839,#4840);
#4839 = CARTESIAN_POINT('',(0.6,-3.3,0.));
#4840 = VECTOR('',#4841,1.);
#4841 = DIRECTION('',(-0.,1.,0.));
#4842 = FACE_BOUND('',#4843,.F.);
#4843 = EDGE_LOOP('',(#4844,#4854,#4862,#4870));
#4844 = ORIENTED_EDGE('',*,*,#4845,.F.);
#4845 = EDGE_CURVE('',#4846,#4848,#4850,.T.);
#4846 = VERTEX_POINT('',#4847);
#4847 = CARTESIAN_POINT('',(0.3,-2.7,0.));
#4848 = VERTEX_POINT('',#4849);
#4849 = CARTESIAN_POINT('',(0.6,-2.7,0.));
#4850 = LINE('',#4851,#4852);
#4851 = CARTESIAN_POINT('',(0.3,-2.7,0.));
#4852 = VECTOR('',#4853,1.);
#4853 = DIRECTION('',(1.,0.,-0.));
#4854 = ORIENTED_EDGE('',*,*,#4855,.T.);
#4855 = EDGE_CURVE('',#4846,#4856,#4858,.T.);
#4856 = VERTEX_POINT('',#4857);
#4857 = CARTESIAN_POINT('',(0.3,-2.4,0.));
#4858 = LINE('',#4859,#4860);
#4859 = CARTESIAN_POINT('',(0.3,-2.7,0.));
#4860 = VECTOR('',#4861,1.);
#4861 = DIRECTION('',(-0.,1.,0.));
#4862 = ORIENTED_EDGE('',*,*,#4863,.T.);
#4863 = EDGE_CURVE('',#4856,#4864,#4866,.T.);
#4864 = VERTEX_POINT('',#4865);
#4865 = CARTESIAN_POINT('',(0.6,-2.4,0.));
#4866 = LINE('',#4867,#4868);
#4867 = CARTESIAN_POINT('',(0.3,-2.4,0.));
#4868 = VECTOR('',#4869,1.);
#4869 = DIRECTION('',(1.,0.,-0.));
#4870 = ORIENTED_EDGE('',*,*,#4871,.F.);
#4871 = EDGE_CURVE('',#4848,#4864,#4872,.T.);
#4872 = LINE('',#4873,#4874);
#4873 = CARTESIAN_POINT('',(0.6,-2.7,0.));
#4874 = VECTOR('',#4875,1.);
#4875 = DIRECTION('',(-0.,1.,0.));
#4876 = FACE_BOUND('',#4877,.F.);
#4877 = EDGE_LOOP('',(#4878,#4888,#4896,#4904));
#4878 = ORIENTED_EDGE('',*,*,#4879,.F.);
#4879 = EDGE_CURVE('',#4880,#4882,#4884,.T.);
#4880 = VERTEX_POINT('',#4881);
#4881 = CARTESIAN_POINT('',(0.9,-3.3,0.));
#4882 = VERTEX_POINT('',#4883);
#4883 = CARTESIAN_POINT('',(1.2,-3.3,0.));
#4884 = LINE('',#4885,#4886);
#4885 = CARTESIAN_POINT('',(0.9,-3.3,0.));
#4886 = VECTOR('',#4887,1.);
#4887 = DIRECTION('',(1.,0.,-0.));
#4888 = ORIENTED_EDGE('',*,*,#4889,.T.);
#4889 = EDGE_CURVE('',#4880,#4890,#4892,.T.);
#4890 = VERTEX_POINT('',#4891);
#4891 = CARTESIAN_POINT('',(0.9,-3.,0.));
#4892 = LINE('',#4893,#4894);
#4893 = CARTESIAN_POINT('',(0.9,-3.3,0.));
#4894 = VECTOR('',#4895,1.);
#4895 = DIRECTION('',(-0.,1.,0.));
#4896 = ORIENTED_EDGE('',*,*,#4897,.T.);
#4897 = EDGE_CURVE('',#4890,#4898,#4900,.T.);
#4898 = VERTEX_POINT('',#4899);
#4899 = CARTESIAN_POINT('',(1.2,-3.,0.));
#4900 = LINE('',#4901,#4902);
#4901 = CARTESIAN_POINT('',(0.9,-3.,0.));
#4902 = VECTOR('',#4903,1.);
#4903 = DIRECTION('',(1.,0.,-0.));
#4904 = ORIENTED_EDGE('',*,*,#4905,.F.);
#4905 = EDGE_CURVE('',#4882,#4898,#4906,.T.);
#4906 = LINE('',#4907,#4908);
#4907 = CARTESIAN_POINT('',(1.2,-3.3,0.));
#4908 = VECTOR('',#4909,1.);
#4909 = DIRECTION('',(-0.,1.,0.));
#4910 = FACE_BOUND('',#4911,.F.);
#4911 = EDGE_LOOP('',(#4912,#4922,#4930,#4938));
#4912 = ORIENTED_EDGE('',*,*,#4913,.F.);
#4913 = EDGE_CURVE('',#4914,#4916,#4918,.T.);
#4914 = VERTEX_POINT('',#4915);
#4915 = CARTESIAN_POINT('',(0.9,-2.7,0.));
#4916 = VERTEX_POINT('',#4917);
#4917 = CARTESIAN_POINT('',(1.2,-2.7,0.));
#4918 = LINE('',#4919,#4920);
#4919 = CARTESIAN_POINT('',(0.9,-2.7,0.));
#4920 = VECTOR('',#4921,1.);
#4921 = DIRECTION('',(1.,0.,-0.));
#4922 = ORIENTED_EDGE('',*,*,#4923,.T.);
#4923 = EDGE_CURVE('',#4914,#4924,#4926,.T.);
#4924 = VERTEX_POINT('',#4925);
#4925 = CARTESIAN_POINT('',(0.9,-2.4,0.));
#4926 = LINE('',#4927,#4928);
#4927 = CARTESIAN_POINT('',(0.9,-2.7,0.));
#4928 = VECTOR('',#4929,1.);
#4929 = DIRECTION('',(-0.,1.,0.));
#4930 = ORIENTED_EDGE('',*,*,#4931,.T.);
#4931 = EDGE_CURVE('',#4924,#4932,#4934,.T.);
#4932 = VERTEX_POINT('',#4933);
#4933 = CARTESIAN_POINT('',(1.2,-2.4,0.));
#4934 = LINE('',#4935,#4936);
#4935 = CARTESIAN_POINT('',(0.9,-2.4,0.));
#4936 = VECTOR('',#4937,1.);
#4937 = DIRECTION('',(1.,0.,-0.));
#4938 = ORIENTED_EDGE('',*,*,#4939,.F.);
#4939 = EDGE_CURVE('',#4916,#4932,#4940,.T.);
#4940 = LINE('',#4941,#4942);
#4941 = CARTESIAN_POINT('',(1.2,-2.7,0.));
#4942 = VECTOR('',#4943,1.);
#4943 = DIRECTION('',(-0.,1.,0.));
#4944 = FACE_BOUND('',#4945,.F.);
#4945 = EDGE_LOOP('',(#4946,#4956,#4964,#4972));
#4946 = ORIENTED_EDGE('',*,*,#4947,.F.);
#4947 = EDGE_CURVE('',#4948,#4950,#4952,.T.);
#4948 = VERTEX_POINT('',#4949);
#4949 = CARTESIAN_POINT('',(0.3,-2.1,0.));
#4950 = VERTEX_POINT('',#4951);
#4951 = CARTESIAN_POINT('',(0.6,-2.1,0.));
#4952 = LINE('',#4953,#4954);
#4953 = CARTESIAN_POINT('',(0.3,-2.1,0.));
#4954 = VECTOR('',#4955,1.);
#4955 = DIRECTION('',(1.,0.,-0.));
#4956 = ORIENTED_EDGE('',*,*,#4957,.T.);
#4957 = EDGE_CURVE('',#4948,#4958,#4960,.T.);
#4958 = VERTEX_POINT('',#4959);
#4959 = CARTESIAN_POINT('',(0.3,-1.8,0.));
#4960 = LINE('',#4961,#4962);
#4961 = CARTESIAN_POINT('',(0.3,-2.1,0.));
#4962 = VECTOR('',#4963,1.);
#4963 = DIRECTION('',(-0.,1.,0.));
#4964 = ORIENTED_EDGE('',*,*,#4965,.T.);
#4965 = EDGE_CURVE('',#4958,#4966,#4968,.T.);
#4966 = VERTEX_POINT('',#4967);
#4967 = CARTESIAN_POINT('',(0.6,-1.8,0.));
#4968 = LINE('',#4969,#4970);
#4969 = CARTESIAN_POINT('',(0.3,-1.8,0.));
#4970 = VECTOR('',#4971,1.);
#4971 = DIRECTION('',(1.,0.,-0.));
#4972 = ORIENTED_EDGE('',*,*,#4973,.F.);
#4973 = EDGE_CURVE('',#4950,#4966,#4974,.T.);
#4974 = LINE('',#4975,#4976);
#4975 = CARTESIAN_POINT('',(0.6,-2.1,0.));
#4976 = VECTOR('',#4977,1.);
#4977 = DIRECTION('',(-0.,1.,0.));
#4978 = FACE_BOUND('',#4979,.F.);
#4979 = EDGE_LOOP('',(#4980,#4990,#4998,#5006));
#4980 = ORIENTED_EDGE('',*,*,#4981,.F.);
#4981 = EDGE_CURVE('',#4982,#4984,#4986,.T.);
#4982 = VERTEX_POINT('',#4983);
#4983 = CARTESIAN_POINT('',(0.9,-2.1,0.));
#4984 = VERTEX_POINT('',#4985);
#4985 = CARTESIAN_POINT('',(1.2,-2.1,0.));
#4986 = LINE('',#4987,#4988);
#4987 = CARTESIAN_POINT('',(0.9,-2.1,0.));
#4988 = VECTOR('',#4989,1.);
#4989 = DIRECTION('',(1.,0.,-0.));
#4990 = ORIENTED_EDGE('',*,*,#4991,.T.);
#4991 = EDGE_CURVE('',#4982,#4992,#4994,.T.);
#4992 = VERTEX_POINT('',#4993);
#4993 = CARTESIAN_POINT('',(0.9,-1.8,0.));
#4994 = LINE('',#4995,#4996);
#4995 = CARTESIAN_POINT('',(0.9,-2.1,0.));
#4996 = VECTOR('',#4997,1.);
#4997 = DIRECTION('',(-0.,1.,0.));
#4998 = ORIENTED_EDGE('',*,*,#4999,.T.);
#4999 = EDGE_CURVE('',#4992,#5000,#5002,.T.);
#5000 = VERTEX_POINT('',#5001);
#5001 = CARTESIAN_POINT('',(1.2,-1.8,0.));
#5002 = LINE('',#5003,#5004);
#5003 = CARTESIAN_POINT('',(0.9,-1.8,0.));
#5004 = VECTOR('',#5005,1.);
#5005 = DIRECTION('',(1.,0.,-0.));
#5006 = ORIENTED_EDGE('',*,*,#5007,.F.);
#5007 = EDGE_CURVE('',#4984,#5000,#5008,.T.);
#5008 = LINE('',#5009,#5010);
#5009 = CARTESIAN_POINT('',(1.2,-2.1,0.));
#5010 = VECTOR('',#5011,1.);
#5011 = DIRECTION('',(-0.,1.,0.));
#5012 = FACE_BOUND('',#5013,.F.);
#5013 = EDGE_LOOP('',(#5014,#5024,#5032,#5040));
#5014 = ORIENTED_EDGE('',*,*,#5015,.F.);
#5015 = EDGE_CURVE('',#5016,#5018,#5020,.T.);
#5016 = VERTEX_POINT('',#5017);
#5017 = CARTESIAN_POINT('',(1.5,-2.7,0.));
#5018 = VERTEX_POINT('',#5019);
#5019 = CARTESIAN_POINT('',(1.8,-2.7,0.));
#5020 = LINE('',#5021,#5022);
#5021 = CARTESIAN_POINT('',(1.5,-2.7,0.));
#5022 = VECTOR('',#5023,1.);
#5023 = DIRECTION('',(1.,0.,-0.));
#5024 = ORIENTED_EDGE('',*,*,#5025,.T.);
#5025 = EDGE_CURVE('',#5016,#5026,#5028,.T.);
#5026 = VERTEX_POINT('',#5027);
#5027 = CARTESIAN_POINT('',(1.5,-2.4,0.));
#5028 = LINE('',#5029,#5030);
#5029 = CARTESIAN_POINT('',(1.5,-2.7,0.));
#5030 = VECTOR('',#5031,1.);
#5031 = DIRECTION('',(-0.,1.,0.));
#5032 = ORIENTED_EDGE('',*,*,#5033,.T.);
#5033 = EDGE_CURVE('',#5026,#5034,#5036,.T.);
#5034 = VERTEX_POINT('',#5035);
#5035 = CARTESIAN_POINT('',(1.8,-2.4,0.));
#5036 = LINE('',#5037,#5038);
#5037 = CARTESIAN_POINT('',(1.5,-2.4,0.));
#5038 = VECTOR('',#5039,1.);
#5039 = DIRECTION('',(1.,0.,-0.));
#5040 = ORIENTED_EDGE('',*,*,#5041,.F.);
#5041 = EDGE_CURVE('',#5018,#5034,#5042,.T.);
#5042 = LINE('',#5043,#5044);
#5043 = CARTESIAN_POINT('',(1.8,-2.7,0.));
#5044 = VECTOR('',#5045,1.);
#5045 = DIRECTION('',(-0.,1.,0.));
#5046 = FACE_BOUND('',#5047,.F.);
#5047 = EDGE_LOOP('',(#5048,#5058,#5066,#5074));
#5048 = ORIENTED_EDGE('',*,*,#5049,.F.);
#5049 = EDGE_CURVE('',#5050,#5052,#5054,.T.);
#5050 = VERTEX_POINT('',#5051);
#5051 = CARTESIAN_POINT('',(2.1,-2.7,0.));
#5052 = VERTEX_POINT('',#5053);
#5053 = CARTESIAN_POINT('',(2.4,-2.7,0.));
#5054 = LINE('',#5055,#5056);
#5055 = CARTESIAN_POINT('',(2.1,-2.7,0.));
#5056 = VECTOR('',#5057,1.);
#5057 = DIRECTION('',(1.,0.,-0.));
#5058 = ORIENTED_EDGE('',*,*,#5059,.T.);
#5059 = EDGE_CURVE('',#5050,#5060,#5062,.T.);
#5060 = VERTEX_POINT('',#5061);
#5061 = CARTESIAN_POINT('',(2.1,-2.4,0.));
#5062 = LINE('',#5063,#5064);
#5063 = CARTESIAN_POINT('',(2.1,-2.7,0.));
#5064 = VECTOR('',#5065,1.);
#5065 = DIRECTION('',(-0.,1.,0.));
#5066 = ORIENTED_EDGE('',*,*,#5067,.T.);
#5067 = EDGE_CURVE('',#5060,#5068,#5070,.T.);
#5068 = VERTEX_POINT('',#5069);
#5069 = CARTESIAN_POINT('',(2.4,-2.4,0.));
#5070 = LINE('',#5071,#5072);
#5071 = CARTESIAN_POINT('',(2.1,-2.4,0.));
#5072 = VECTOR('',#5073,1.);
#5073 = DIRECTION('',(1.,0.,-0.));
#5074 = ORIENTED_EDGE('',*,*,#5075,.F.);
#5075 = EDGE_CURVE('',#5052,#5068,#5076,.T.);
#5076 = LINE('',#5077,#5078);
#5077 = CARTESIAN_POINT('',(2.4,-2.7,0.));
#5078 = VECTOR('',#5079,1.);
#5079 = DIRECTION('',(-0.,1.,0.));
#5080 = FACE_BOUND('',#5081,.F.);
#5081 = EDGE_LOOP('',(#5082,#5092,#5100,#5108));
#5082 = ORIENTED_EDGE('',*,*,#5083,.F.);
#5083 = EDGE_CURVE('',#5084,#5086,#5088,.T.);
#5084 = VERTEX_POINT('',#5085);
#5085 = CARTESIAN_POINT('',(1.5,-2.1,0.));
#5086 = VERTEX_POINT('',#5087);
#5087 = CARTESIAN_POINT('',(1.8,-2.1,0.));
#5088 = LINE('',#5089,#5090);
#5089 = CARTESIAN_POINT('',(1.5,-2.1,0.));
#5090 = VECTOR('',#5091,1.);
#5091 = DIRECTION('',(1.,0.,-0.));
#5092 = ORIENTED_EDGE('',*,*,#5093,.T.);
#5093 = EDGE_CURVE('',#5084,#5094,#5096,.T.);
#5094 = VERTEX_POINT('',#5095);
#5095 = CARTESIAN_POINT('',(1.5,-1.8,0.));
#5096 = LINE('',#5097,#5098);
#5097 = CARTESIAN_POINT('',(1.5,-2.1,0.));
#5098 = VECTOR('',#5099,1.);
#5099 = DIRECTION('',(-0.,1.,0.));
#5100 = ORIENTED_EDGE('',*,*,#5101,.T.);
#5101 = EDGE_CURVE('',#5094,#5102,#5104,.T.);
#5102 = VERTEX_POINT('',#5103);
#5103 = CARTESIAN_POINT('',(1.8,-1.8,0.));
#5104 = LINE('',#5105,#5106);
#5105 = CARTESIAN_POINT('',(1.5,-1.8,0.));
#5106 = VECTOR('',#5107,1.);
#5107 = DIRECTION('',(1.,0.,-0.));
#5108 = ORIENTED_EDGE('',*,*,#5109,.F.);
#5109 = EDGE_CURVE('',#5086,#5102,#5110,.T.);
#5110 = LINE('',#5111,#5112);
#5111 = CARTESIAN_POINT('',(1.8,-2.1,0.));
#5112 = VECTOR('',#5113,1.);
#5113 = DIRECTION('',(-0.,1.,0.));
#5114 = FACE_BOUND('',#5115,.F.);
#5115 = EDGE_LOOP('',(#5116,#5126,#5134,#5142));
#5116 = ORIENTED_EDGE('',*,*,#5117,.F.);
#5117 = EDGE_CURVE('',#5118,#5120,#5122,.T.);
#5118 = VERTEX_POINT('',#5119);
#5119 = CARTESIAN_POINT('',(2.1,-2.1,0.));
#5120 = VERTEX_POINT('',#5121);
#5121 = CARTESIAN_POINT('',(2.4,-2.1,0.));
#5122 = LINE('',#5123,#5124);
#5123 = CARTESIAN_POINT('',(2.1,-2.1,0.));
#5124 = VECTOR('',#5125,1.);
#5125 = DIRECTION('',(1.,0.,-0.));
#5126 = ORIENTED_EDGE('',*,*,#5127,.T.);
#5127 = EDGE_CURVE('',#5118,#5128,#5130,.T.);
#5128 = VERTEX_POINT('',#5129);
#5129 = CARTESIAN_POINT('',(2.1,-1.8,0.));
#5130 = LINE('',#5131,#5132);
#5131 = CARTESIAN_POINT('',(2.1,-2.1,0.));
#5132 = VECTOR('',#5133,1.);
#5133 = DIRECTION('',(-0.,1.,0.));
#5134 = ORIENTED_EDGE('',*,*,#5135,.T.);
#5135 = EDGE_CURVE('',#5128,#5136,#5138,.T.);
#5136 = VERTEX_POINT('',#5137);
#5137 = CARTESIAN_POINT('',(2.4,-1.8,0.));
#5138 = LINE('',#5139,#5140);
#5139 = CARTESIAN_POINT('',(2.1,-1.8,0.));
#5140 = VECTOR('',#5141,1.);
#5141 = DIRECTION('',(1.,0.,-0.));
#5142 = ORIENTED_EDGE('',*,*,#5143,.F.);
#5143 = EDGE_CURVE('',#5120,#5136,#5144,.T.);
#5144 = LINE('',#5145,#5146);
#5145 = CARTESIAN_POINT('',(2.4,-2.1,0.));
#5146 = VECTOR('',#5147,1.);
#5147 = DIRECTION('',(-0.,1.,0.));
#5148 = FACE_BOUND('',#5149,.F.);
#5149 = EDGE_LOOP('',(#5150,#5160,#5168,#5176));
#5150 = ORIENTED_EDGE('',*,*,#5151,.F.);
#5151 = EDGE_CURVE('',#5152,#5154,#5156,.T.);
#5152 = VERTEX_POINT('',#5153);
#5153 = CARTESIAN_POINT('',(0.3,-1.5,0.));
#5154 = VERTEX_POINT('',#5155);
#5155 = CARTESIAN_POINT('',(0.6,-1.5,0.));
#5156 = LINE('',#5157,#5158);
#5157 = CARTESIAN_POINT('',(0.3,-1.5,0.));
#5158 = VECTOR('',#5159,1.);
#5159 = DIRECTION('',(1.,0.,-0.));
#5160 = ORIENTED_EDGE('',*,*,#5161,.T.);
#5161 = EDGE_CURVE('',#5152,#5162,#5164,.T.);
#5162 = VERTEX_POINT('',#5163);
#5163 = CARTESIAN_POINT('',(0.3,-1.2,0.));
#5164 = LINE('',#5165,#5166);
#5165 = CARTESIAN_POINT('',(0.3,-1.5,0.));
#5166 = VECTOR('',#5167,1.);
#5167 = DIRECTION('',(-0.,1.,0.));
#5168 = ORIENTED_EDGE('',*,*,#5169,.T.);
#5169 = EDGE_CURVE('',#5162,#5170,#5172,.T.);
#5170 = VERTEX_POINT('',#5171);
#5171 = CARTESIAN_POINT('',(0.6,-1.2,0.));
#5172 = LINE('',#5173,#5174);
#5173 = CARTESIAN_POINT('',(0.3,-1.2,0.));
#5174 = VECTOR('',#5175,1.);
#5175 = DIRECTION('',(1.,0.,-0.));
#5176 = ORIENTED_EDGE('',*,*,#5177,.F.);
#5177 = EDGE_CURVE('',#5154,#5170,#5178,.T.);
#5178 = LINE('',#5179,#5180);
#5179 = CARTESIAN_POINT('',(0.6,-1.5,0.));
#5180 = VECTOR('',#5181,1.);
#5181 = DIRECTION('',(-0.,1.,0.));
#5182 = FACE_BOUND('',#5183,.F.);
#5183 = EDGE_LOOP('',(#5184,#5194,#5202,#5210));
#5184 = ORIENTED_EDGE('',*,*,#5185,.F.);
#5185 = EDGE_CURVE('',#5186,#5188,#5190,.T.);
#5186 = VERTEX_POINT('',#5187);
#5187 = CARTESIAN_POINT('',(0.9,-1.5,0.));
#5188 = VERTEX_POINT('',#5189);
#5189 = CARTESIAN_POINT('',(1.2,-1.5,0.));
#5190 = LINE('',#5191,#5192);
#5191 = CARTESIAN_POINT('',(0.9,-1.5,0.));
#5192 = VECTOR('',#5193,1.);
#5193 = DIRECTION('',(1.,0.,-0.));
#5194 = ORIENTED_EDGE('',*,*,#5195,.T.);
#5195 = EDGE_CURVE('',#5186,#5196,#5198,.T.);
#5196 = VERTEX_POINT('',#5197);
#5197 = CARTESIAN_POINT('',(0.9,-1.2,0.));
#5198 = LINE('',#5199,#5200);
#5199 = CARTESIAN_POINT('',(0.9,-1.5,0.));
#5200 = VECTOR('',#5201,1.);
#5201 = DIRECTION('',(-0.,1.,0.));
#5202 = ORIENTED_EDGE('',*,*,#5203,.T.);
#5203 = EDGE_CURVE('',#5196,#5204,#5206,.T.);
#5204 = VERTEX_POINT('',#5205);
#5205 = CARTESIAN_POINT('',(1.2,-1.2,0.));
#5206 = LINE('',#5207,#5208);
#5207 = CARTESIAN_POINT('',(0.9,-1.2,0.));
#5208 = VECTOR('',#5209,1.);
#5209 = DIRECTION('',(1.,0.,-0.));
#5210 = ORIENTED_EDGE('',*,*,#5211,.F.);
#5211 = EDGE_CURVE('',#5188,#5204,#5212,.T.);
#5212 = LINE('',#5213,#5214);
#5213 = CARTESIAN_POINT('',(1.2,-1.5,0.));
#5214 = VECTOR('',#5215,1.);
#5215 = DIRECTION('',(-0.,1.,0.));
#5216 = FACE_BOUND('',#5217,.F.);
#5217 = EDGE_LOOP('',(#5218,#5228,#5236,#5244));
#5218 = ORIENTED_EDGE('',*,*,#5219,.F.);
#5219 = EDGE_CURVE('',#5220,#5222,#5224,.T.);
#5220 = VERTEX_POINT('',#5221);
#5221 = CARTESIAN_POINT('',(0.3,-0.9,0.));
#5222 = VERTEX_POINT('',#5223);
#5223 = CARTESIAN_POINT('',(0.6,-0.9,0.));
#5224 = LINE('',#5225,#5226);
#5225 = CARTESIAN_POINT('',(0.3,-0.9,0.));
#5226 = VECTOR('',#5227,1.);
#5227 = DIRECTION('',(1.,0.,-0.));
#5228 = ORIENTED_EDGE('',*,*,#5229,.T.);
#5229 = EDGE_CURVE('',#5220,#5230,#5232,.T.);
#5230 = VERTEX_POINT('',#5231);
#5231 = CARTESIAN_POINT('',(0.3,-0.6,0.));
#5232 = LINE('',#5233,#5234);
#5233 = CARTESIAN_POINT('',(0.3,-0.9,0.));
#5234 = VECTOR('',#5235,1.);
#5235 = DIRECTION('',(-0.,1.,0.));
#5236 = ORIENTED_EDGE('',*,*,#5237,.T.);
#5237 = EDGE_CURVE('',#5230,#5238,#5240,.T.);
#5238 = VERTEX_POINT('',#5239);
#5239 = CARTESIAN_POINT('',(0.6,-0.6,0.));
#5240 = LINE('',#5241,#5242);
#5241 = CARTESIAN_POINT('',(0.3,-0.6,0.));
#5242 = VECTOR('',#5243,1.);
#5243 = DIRECTION('',(1.,0.,-0.));
#5244 = ORIENTED_EDGE('',*,*,#5245,.F.);
#5245 = EDGE_CURVE('',#5222,#5238,#5246,.T.);
#5246 = LINE('',#5247,#5248);
#5247 = CARTESIAN_POINT('',(0.6,-0.9,0.));
#5248 = VECTOR('',#5249,1.);
#5249 = DIRECTION('',(-0.,1.,0.));
#5250 = FACE_BOUND('',#5251,.F.);
#5251 = EDGE_LOOP('',(#5252,#5262,#5270,#5278));
#5252 = ORIENTED_EDGE('',*,*,#5253,.F.);
#5253 = EDGE_CURVE('',#5254,#5256,#5258,.T.);
#5254 = VERTEX_POINT('',#5255);
#5255 = CARTESIAN_POINT('',(0.3,-0.3,0.));
#5256 = VERTEX_POINT('',#5257);
#5257 = CARTESIAN_POINT('',(0.6,-0.3,0.));
#5258 = LINE('',#5259,#5260);
#5259 = CARTESIAN_POINT('',(0.3,-0.3,0.));
#5260 = VECTOR('',#5261,1.);
#5261 = DIRECTION('',(1.,0.,-0.));
#5262 = ORIENTED_EDGE('',*,*,#5263,.T.);
#5263 = EDGE_CURVE('',#5254,#5264,#5266,.T.);
#5264 = VERTEX_POINT('',#5265);
#5265 = CARTESIAN_POINT('',(0.3,2.775557561563E-16,0.));
#5266 = LINE('',#5267,#5268);
#5267 = CARTESIAN_POINT('',(0.3,-0.3,0.));
#5268 = VECTOR('',#5269,1.);
#5269 = DIRECTION('',(-0.,1.,0.));
#5270 = ORIENTED_EDGE('',*,*,#5271,.T.);
#5271 = EDGE_CURVE('',#5264,#5272,#5274,.T.);
#5272 = VERTEX_POINT('',#5273);
#5273 = CARTESIAN_POINT('',(0.6,2.775557561563E-16,0.));
#5274 = LINE('',#5275,#5276);
#5275 = CARTESIAN_POINT('',(0.3,2.775557561563E-16,0.));
#5276 = VECTOR('',#5277,1.);
#5277 = DIRECTION('',(1.,0.,-0.));
#5278 = ORIENTED_EDGE('',*,*,#5279,.F.);
#5279 = EDGE_CURVE('',#5256,#5272,#5280,.T.);
#5280 = LINE('',#5281,#5282);
#5281 = CARTESIAN_POINT('',(0.6,-0.3,0.));
#5282 = VECTOR('',#5283,1.);
#5283 = DIRECTION('',(-0.,1.,0.));
#5284 = FACE_BOUND('',#5285,.F.);
#5285 = EDGE_LOOP('',(#5286,#5296,#5304,#5312));
#5286 = ORIENTED_EDGE('',*,*,#5287,.F.);
#5287 = EDGE_CURVE('',#5288,#5290,#5292,.T.);
#5288 = VERTEX_POINT('',#5289);
#5289 = CARTESIAN_POINT('',(0.9,-0.9,0.));
#5290 = VERTEX_POINT('',#5291);
#5291 = CARTESIAN_POINT('',(1.2,-0.9,0.));
#5292 = LINE('',#5293,#5294);
#5293 = CARTESIAN_POINT('',(0.9,-0.9,0.));
#5294 = VECTOR('',#5295,1.);
#5295 = DIRECTION('',(1.,0.,-0.));
#5296 = ORIENTED_EDGE('',*,*,#5297,.T.);
#5297 = EDGE_CURVE('',#5288,#5298,#5300,.T.);
#5298 = VERTEX_POINT('',#5299);
#5299 = CARTESIAN_POINT('',(0.9,-0.6,0.));
#5300 = LINE('',#5301,#5302);
#5301 = CARTESIAN_POINT('',(0.9,-0.9,0.));
#5302 = VECTOR('',#5303,1.);
#5303 = DIRECTION('',(-0.,1.,0.));
#5304 = ORIENTED_EDGE('',*,*,#5305,.T.);
#5305 = EDGE_CURVE('',#5298,#5306,#5308,.T.);
#5306 = VERTEX_POINT('',#5307);
#5307 = CARTESIAN_POINT('',(1.2,-0.6,0.));
#5308 = LINE('',#5309,#5310);
#5309 = CARTESIAN_POINT('',(0.9,-0.6,0.));
#5310 = VECTOR('',#5311,1.);
#5311 = DIRECTION('',(1.,0.,-0.));
#5312 = ORIENTED_EDGE('',*,*,#5313,.F.);
#5313 = EDGE_CURVE('',#5290,#5306,#5314,.T.);
#5314 = LINE('',#5315,#5316);
#5315 = CARTESIAN_POINT('',(1.2,-0.9,0.));
#5316 = VECTOR('',#5317,1.);
#5317 = DIRECTION('',(-0.,1.,0.));
#5318 = FACE_BOUND('',#5319,.F.);
#5319 = EDGE_LOOP('',(#5320,#5330,#5338,#5346));
#5320 = ORIENTED_EDGE('',*,*,#5321,.F.);
#5321 = EDGE_CURVE('',#5322,#5324,#5326,.T.);
#5322 = VERTEX_POINT('',#5323);
#5323 = CARTESIAN_POINT('',(0.9,-0.3,0.));
#5324 = VERTEX_POINT('',#5325);
#5325 = CARTESIAN_POINT('',(1.2,-0.3,0.));
#5326 = LINE('',#5327,#5328);
#5327 = CARTESIAN_POINT('',(0.9,-0.3,0.));
#5328 = VECTOR('',#5329,1.);
#5329 = DIRECTION('',(1.,0.,-0.));
#5330 = ORIENTED_EDGE('',*,*,#5331,.T.);
#5331 = EDGE_CURVE('',#5322,#5332,#5334,.T.);
#5332 = VERTEX_POINT('',#5333);
#5333 = CARTESIAN_POINT('',(0.9,2.775557561563E-16,0.));
#5334 = LINE('',#5335,#5336);
#5335 = CARTESIAN_POINT('',(0.9,-0.3,0.));
#5336 = VECTOR('',#5337,1.);
#5337 = DIRECTION('',(-0.,1.,0.));
#5338 = ORIENTED_EDGE('',*,*,#5339,.T.);
#5339 = EDGE_CURVE('',#5332,#5340,#5342,.T.);
#5340 = VERTEX_POINT('',#5341);
#5341 = CARTESIAN_POINT('',(1.2,2.775557561563E-16,0.));
#5342 = LINE('',#5343,#5344);
#5343 = CARTESIAN_POINT('',(0.9,2.775557561563E-16,0.));
#5344 = VECTOR('',#5345,1.);
#5345 = DIRECTION('',(1.,0.,-0.));
#5346 = ORIENTED_EDGE('',*,*,#5347,.F.);
#5347 = EDGE_CURVE('',#5324,#5340,#5348,.T.);
#5348 = LINE('',#5349,#5350);
#5349 = CARTESIAN_POINT('',(1.2,-0.3,0.));
#5350 = VECTOR('',#5351,1.);
#5351 = DIRECTION('',(-0.,1.,0.));
#5352 = FACE_BOUND('',#5353,.F.);
#5353 = EDGE_LOOP('',(#5354,#5364,#5372,#5380));
#5354 = ORIENTED_EDGE('',*,*,#5355,.F.);
#5355 = EDGE_CURVE('',#5356,#5358,#5360,.T.);
#5356 = VERTEX_POINT('',#5357);
#5357 = CARTESIAN_POINT('',(1.5,-1.5,0.));
#5358 = VERTEX_POINT('',#5359);
#5359 = CARTESIAN_POINT('',(1.8,-1.5,0.));
#5360 = LINE('',#5361,#5362);
#5361 = CARTESIAN_POINT('',(1.5,-1.5,0.));
#5362 = VECTOR('',#5363,1.);
#5363 = DIRECTION('',(1.,0.,-0.));
#5364 = ORIENTED_EDGE('',*,*,#5365,.T.);
#5365 = EDGE_CURVE('',#5356,#5366,#5368,.T.);
#5366 = VERTEX_POINT('',#5367);
#5367 = CARTESIAN_POINT('',(1.5,-1.2,0.));
#5368 = LINE('',#5369,#5370);
#5369 = CARTESIAN_POINT('',(1.5,-1.5,0.));
#5370 = VECTOR('',#5371,1.);
#5371 = DIRECTION('',(-0.,1.,0.));
#5372 = ORIENTED_EDGE('',*,*,#5373,.T.);
#5373 = EDGE_CURVE('',#5366,#5374,#5376,.T.);
#5374 = VERTEX_POINT('',#5375);
#5375 = CARTESIAN_POINT('',(1.8,-1.2,0.));
#5376 = LINE('',#5377,#5378);
#5377 = CARTESIAN_POINT('',(1.5,-1.2,0.));
#5378 = VECTOR('',#5379,1.);
#5379 = DIRECTION('',(1.,0.,-0.));
#5380 = ORIENTED_EDGE('',*,*,#5381,.F.);
#5381 = EDGE_CURVE('',#5358,#5374,#5382,.T.);
#5382 = LINE('',#5383,#5384);
#5383 = CARTESIAN_POINT('',(1.8,-1.5,0.));
#5384 = VECTOR('',#5385,1.);
#5385 = DIRECTION('',(-0.,1.,0.));
#5386 = FACE_BOUND('',#5387,.F.);
#5387 = EDGE_LOOP('',(#5388,#5398,#5406,#5414));
#5388 = ORIENTED_EDGE('',*,*,#5389,.F.);
#5389 = EDGE_CURVE('',#5390,#5392,#5394,.T.);
#5390 = VERTEX_POINT('',#5391);
#5391 = CARTESIAN_POINT('',(2.1,-1.5,0.));
#5392 = VERTEX_POINT('',#5393);
#5393 = CARTESIAN_POINT('',(2.4,-1.5,0.));
#5394 = LINE('',#5395,#5396);
#5395 = CARTESIAN_POINT('',(2.1,-1.5,0.));
#5396 = VECTOR('',#5397,1.);
#5397 = DIRECTION('',(1.,0.,-0.));
#5398 = ORIENTED_EDGE('',*,*,#5399,.T.);
#5399 = EDGE_CURVE('',#5390,#5400,#5402,.T.);
#5400 = VERTEX_POINT('',#5401);
#5401 = CARTESIAN_POINT('',(2.1,-1.2,0.));
#5402 = LINE('',#5403,#5404);
#5403 = CARTESIAN_POINT('',(2.1,-1.5,0.));
#5404 = VECTOR('',#5405,1.);
#5405 = DIRECTION('',(-0.,1.,0.));
#5406 = ORIENTED_EDGE('',*,*,#5407,.T.);
#5407 = EDGE_CURVE('',#5400,#5408,#5410,.T.);
#5408 = VERTEX_POINT('',#5409);
#5409 = CARTESIAN_POINT('',(2.4,-1.2,0.));
#5410 = LINE('',#5411,#5412);
#5411 = CARTESIAN_POINT('',(2.1,-1.2,0.));
#5412 = VECTOR('',#5413,1.);
#5413 = DIRECTION('',(1.,0.,-0.));
#5414 = ORIENTED_EDGE('',*,*,#5415,.F.);
#5415 = EDGE_CURVE('',#5392,#5408,#5416,.T.);
#5416 = LINE('',#5417,#5418);
#5417 = CARTESIAN_POINT('',(2.4,-1.5,0.));
#5418 = VECTOR('',#5419,1.);
#5419 = DIRECTION('',(-0.,1.,0.));
#5420 = FACE_BOUND('',#5421,.F.);
#5421 = EDGE_LOOP('',(#5422,#5432,#5440,#5448));
#5422 = ORIENTED_EDGE('',*,*,#5423,.F.);
#5423 = EDGE_CURVE('',#5424,#5426,#5428,.T.);
#5424 = VERTEX_POINT('',#5425);
#5425 = CARTESIAN_POINT('',(2.7,-1.5,0.));
#5426 = VERTEX_POINT('',#5427);
#5427 = CARTESIAN_POINT('',(3.,-1.5,0.));
#5428 = LINE('',#5429,#5430);
#5429 = CARTESIAN_POINT('',(2.7,-1.5,0.));
#5430 = VECTOR('',#5431,1.);
#5431 = DIRECTION('',(1.,0.,-0.));
#5432 = ORIENTED_EDGE('',*,*,#5433,.T.);
#5433 = EDGE_CURVE('',#5424,#5434,#5436,.T.);
#5434 = VERTEX_POINT('',#5435);
#5435 = CARTESIAN_POINT('',(2.7,-1.2,0.));
#5436 = LINE('',#5437,#5438);
#5437 = CARTESIAN_POINT('',(2.7,-1.5,0.));
#5438 = VECTOR('',#5439,1.);
#5439 = DIRECTION('',(-0.,1.,0.));
#5440 = ORIENTED_EDGE('',*,*,#5441,.T.);
#5441 = EDGE_CURVE('',#5434,#5442,#5444,.T.);
#5442 = VERTEX_POINT('',#5443);
#5443 = CARTESIAN_POINT('',(3.,-1.2,0.));
#5444 = LINE('',#5445,#5446);
#5445 = CARTESIAN_POINT('',(2.7,-1.2,0.));
#5446 = VECTOR('',#5447,1.);
#5447 = DIRECTION('',(1.,0.,-0.));
#5448 = ORIENTED_EDGE('',*,*,#5449,.F.);
#5449 = EDGE_CURVE('',#5426,#5442,#5450,.T.);
#5450 = LINE('',#5451,#5452);
#5451 = CARTESIAN_POINT('',(3.,-1.5,0.));
#5452 = VECTOR('',#5453,1.);
#5453 = DIRECTION('',(-0.,1.,0.));
#5454 = FACE_BOUND('',#5455,.F.);
#5455 = EDGE_LOOP('',(#5456,#5466,#5474,#5482));
#5456 = ORIENTED_EDGE('',*,*,#5457,.F.);
#5457 = EDGE_CURVE('',#5458,#5460,#5462,.T.);
#5458 = VERTEX_POINT('',#5459);
#5459 = CARTESIAN_POINT('',(1.5,-0.9,0.));
#5460 = VERTEX_POINT('',#5461);
#5461 = CARTESIAN_POINT('',(1.8,-0.9,0.));
#5462 = LINE('',#5463,#5464);
#5463 = CARTESIAN_POINT('',(1.5,-0.9,0.));
#5464 = VECTOR('',#5465,1.);
#5465 = DIRECTION('',(1.,0.,-0.));
#5466 = ORIENTED_EDGE('',*,*,#5467,.T.);
#5467 = EDGE_CURVE('',#5458,#5468,#5470,.T.);
#5468 = VERTEX_POINT('',#5469);
#5469 = CARTESIAN_POINT('',(1.5,-0.6,0.));
#5470 = LINE('',#5471,#5472);
#5471 = CARTESIAN_POINT('',(1.5,-0.9,0.));
#5472 = VECTOR('',#5473,1.);
#5473 = DIRECTION('',(-0.,1.,0.));
#5474 = ORIENTED_EDGE('',*,*,#5475,.T.);
#5475 = EDGE_CURVE('',#5468,#5476,#5478,.T.);
#5476 = VERTEX_POINT('',#5477);
#5477 = CARTESIAN_POINT('',(1.8,-0.6,0.));
#5478 = LINE('',#5479,#5480);
#5479 = CARTESIAN_POINT('',(1.5,-0.6,0.));
#5480 = VECTOR('',#5481,1.);
#5481 = DIRECTION('',(1.,0.,-0.));
#5482 = ORIENTED_EDGE('',*,*,#5483,.F.);
#5483 = EDGE_CURVE('',#5460,#5476,#5484,.T.);
#5484 = LINE('',#5485,#5486);
#5485 = CARTESIAN_POINT('',(1.8,-0.9,0.));
#5486 = VECTOR('',#5487,1.);
#5487 = DIRECTION('',(-0.,1.,0.));
#5488 = FACE_BOUND('',#5489,.F.);
#5489 = EDGE_LOOP('',(#5490,#5500,#5508,#5516));
#5490 = ORIENTED_EDGE('',*,*,#5491,.F.);
#5491 = EDGE_CURVE('',#5492,#5494,#5496,.T.);
#5492 = VERTEX_POINT('',#5493);
#5493 = CARTESIAN_POINT('',(1.5,-0.3,0.));
#5494 = VERTEX_POINT('',#5495);
#5495 = CARTESIAN_POINT('',(1.8,-0.3,0.));
#5496 = LINE('',#5497,#5498);
#5497 = CARTESIAN_POINT('',(1.5,-0.3,0.));
#5498 = VECTOR('',#5499,1.);
#5499 = DIRECTION('',(1.,0.,-0.));
#5500 = ORIENTED_EDGE('',*,*,#5501,.T.);
#5501 = EDGE_CURVE('',#5492,#5502,#5504,.T.);
#5502 = VERTEX_POINT('',#5503);
#5503 = CARTESIAN_POINT('',(1.5,2.775557561563E-16,0.));
#5504 = LINE('',#5505,#5506);
#5505 = CARTESIAN_POINT('',(1.5,-0.3,0.));
#5506 = VECTOR('',#5507,1.);
#5507 = DIRECTION('',(-0.,1.,0.));
#5508 = ORIENTED_EDGE('',*,*,#5509,.T.);
#5509 = EDGE_CURVE('',#5502,#5510,#5512,.T.);
#5510 = VERTEX_POINT('',#5511);
#5511 = CARTESIAN_POINT('',(1.8,2.775557561563E-16,0.));
#5512 = LINE('',#5513,#5514);
#5513 = CARTESIAN_POINT('',(1.5,2.775557561563E-16,0.));
#5514 = VECTOR('',#5515,1.);
#5515 = DIRECTION('',(1.,0.,-0.));
#5516 = ORIENTED_EDGE('',*,*,#5517,.F.);
#5517 = EDGE_CURVE('',#5494,#5510,#5518,.T.);
#5518 = LINE('',#5519,#5520);
#5519 = CARTESIAN_POINT('',(1.8,-0.3,0.));
#5520 = VECTOR('',#5521,1.);
#5521 = DIRECTION('',(-0.,1.,0.));
#5522 = FACE_BOUND('',#5523,.F.);
#5523 = EDGE_LOOP('',(#5524,#5534,#5542,#5550));
#5524 = ORIENTED_EDGE('',*,*,#5525,.F.);
#5525 = EDGE_CURVE('',#5526,#5528,#5530,.T.);
#5526 = VERTEX_POINT('',#5527);
#5527 = CARTESIAN_POINT('',(2.1,-0.9,0.));
#5528 = VERTEX_POINT('',#5529);
#5529 = CARTESIAN_POINT('',(2.4,-0.9,0.));
#5530 = LINE('',#5531,#5532);
#5531 = CARTESIAN_POINT('',(2.1,-0.9,0.));
#5532 = VECTOR('',#5533,1.);
#5533 = DIRECTION('',(1.,0.,-0.));
#5534 = ORIENTED_EDGE('',*,*,#5535,.T.);
#5535 = EDGE_CURVE('',#5526,#5536,#5538,.T.);
#5536 = VERTEX_POINT('',#5537);
#5537 = CARTESIAN_POINT('',(2.1,-0.6,0.));
#5538 = LINE('',#5539,#5540);
#5539 = CARTESIAN_POINT('',(2.1,-0.9,0.));
#5540 = VECTOR('',#5541,1.);
#5541 = DIRECTION('',(-0.,1.,0.));
#5542 = ORIENTED_EDGE('',*,*,#5543,.T.);
#5543 = EDGE_CURVE('',#5536,#5544,#5546,.T.);
#5544 = VERTEX_POINT('',#5545);
#5545 = CARTESIAN_POINT('',(2.4,-0.6,0.));
#5546 = LINE('',#5547,#5548);
#5547 = CARTESIAN_POINT('',(2.1,-0.6,0.));
#5548 = VECTOR('',#5549,1.);
#5549 = DIRECTION('',(1.,0.,-0.));
#5550 = ORIENTED_EDGE('',*,*,#5551,.F.);
#5551 = EDGE_CURVE('',#5528,#5544,#5552,.T.);
#5552 = LINE('',#5553,#5554);
#5553 = CARTESIAN_POINT('',(2.4,-0.9,0.));
#5554 = VECTOR('',#5555,1.);
#5555 = DIRECTION('',(-0.,1.,0.));
#5556 = FACE_BOUND('',#5557,.F.);
#5557 = EDGE_LOOP('',(#5558,#5568,#5576,#5584));
#5558 = ORIENTED_EDGE('',*,*,#5559,.F.);
#5559 = EDGE_CURVE('',#5560,#5562,#5564,.T.);
#5560 = VERTEX_POINT('',#5561);
#5561 = CARTESIAN_POINT('',(2.7,-0.9,0.));
#5562 = VERTEX_POINT('',#5563);
#5563 = CARTESIAN_POINT('',(3.,-0.9,0.));
#5564 = LINE('',#5565,#5566);
#5565 = CARTESIAN_POINT('',(2.7,-0.9,0.));
#5566 = VECTOR('',#5567,1.);
#5567 = DIRECTION('',(1.,0.,-0.));
#5568 = ORIENTED_EDGE('',*,*,#5569,.T.);
#5569 = EDGE_CURVE('',#5560,#5570,#5572,.T.);
#5570 = VERTEX_POINT('',#5571);
#5571 = CARTESIAN_POINT('',(2.7,-0.6,0.));
#5572 = LINE('',#5573,#5574);
#5573 = CARTESIAN_POINT('',(2.7,-0.9,0.));
#5574 = VECTOR('',#5575,1.);
#5575 = DIRECTION('',(-0.,1.,0.));
#5576 = ORIENTED_EDGE('',*,*,#5577,.T.);
#5577 = EDGE_CURVE('',#5570,#5578,#5580,.T.);
#5578 = VERTEX_POINT('',#5579);
#5579 = CARTESIAN_POINT('',(3.,-0.6,0.));
#5580 = LINE('',#5581,#5582);
#5581 = CARTESIAN_POINT('',(2.7,-0.6,0.));
#5582 = VECTOR('',#5583,1.);
#5583 = DIRECTION('',(1.,0.,-0.));
#5584 = ORIENTED_EDGE('',*,*,#5585,.F.);
#5585 = EDGE_CURVE('',#5562,#5578,#5586,.T.);
#5586 = LINE('',#5587,#5588);
#5587 = CARTESIAN_POINT('',(3.,-0.9,0.));
#5588 = VECTOR('',#5589,1.);
#5589 = DIRECTION('',(-0.,1.,0.));
#5590 = FACE_BOUND('',#5591,.F.);
#5591 = EDGE_LOOP('',(#5592,#5602,#5610,#5618));
#5592 = ORIENTED_EDGE('',*,*,#5593,.F.);
#5593 = EDGE_CURVE('',#5594,#5596,#5598,.T.);
#5594 = VERTEX_POINT('',#5595);
#5595 = CARTESIAN_POINT('',(2.1,-0.3,0.));
#5596 = VERTEX_POINT('',#5597);
#5597 = CARTESIAN_POINT('',(2.4,-0.3,0.));
#5598 = LINE('',#5599,#5600);
#5599 = CARTESIAN_POINT('',(2.1,-0.3,0.));
#5600 = VECTOR('',#5601,1.);
#5601 = DIRECTION('',(1.,0.,-0.));
#5602 = ORIENTED_EDGE('',*,*,#5603,.T.);
#5603 = EDGE_CURVE('',#5594,#5604,#5606,.T.);
#5604 = VERTEX_POINT('',#5605);
#5605 = CARTESIAN_POINT('',(2.1,2.775557561563E-16,0.));
#5606 = LINE('',#5607,#5608);
#5607 = CARTESIAN_POINT('',(2.1,-0.3,0.));
#5608 = VECTOR('',#5609,1.);
#5609 = DIRECTION('',(-0.,1.,0.));
#5610 = ORIENTED_EDGE('',*,*,#5611,.T.);
#5611 = EDGE_CURVE('',#5604,#5612,#5614,.T.);
#5612 = VERTEX_POINT('',#5613);
#5613 = CARTESIAN_POINT('',(2.4,2.775557561563E-16,0.));
#5614 = LINE('',#5615,#5616);
#5615 = CARTESIAN_POINT('',(2.1,2.775557561563E-16,0.));
#5616 = VECTOR('',#5617,1.);
#5617 = DIRECTION('',(1.,0.,-0.));
#5618 = ORIENTED_EDGE('',*,*,#5619,.F.);
#5619 = EDGE_CURVE('',#5596,#5612,#5620,.T.);
#5620 = LINE('',#5621,#5622);
#5621 = CARTESIAN_POINT('',(2.4,-0.3,0.));
#5622 = VECTOR('',#5623,1.);
#5623 = DIRECTION('',(-0.,1.,0.));
#5624 = FACE_BOUND('',#5625,.F.);
#5625 = EDGE_LOOP('',(#5626,#5636,#5644,#5652));
#5626 = ORIENTED_EDGE('',*,*,#5627,.F.);
#5627 = EDGE_CURVE('',#5628,#5630,#5632,.T.);
#5628 = VERTEX_POINT('',#5629);
#5629 = CARTESIAN_POINT('',(2.7,-0.3,0.));
#5630 = VERTEX_POINT('',#5631);
#5631 = CARTESIAN_POINT('',(3.,-0.3,0.));
#5632 = LINE('',#5633,#5634);
#5633 = CARTESIAN_POINT('',(2.7,-0.3,0.));
#5634 = VECTOR('',#5635,1.);
#5635 = DIRECTION('',(1.,0.,-0.));
#5636 = ORIENTED_EDGE('',*,*,#5637,.T.);
#5637 = EDGE_CURVE('',#5628,#5638,#5640,.T.);
#5638 = VERTEX_POINT('',#5639);
#5639 = CARTESIAN_POINT('',(2.7,2.775557561563E-16,0.));
#5640 = LINE('',#5641,#5642);
#5641 = CARTESIAN_POINT('',(2.7,-0.3,0.));
#5642 = VECTOR('',#5643,1.);
#5643 = DIRECTION('',(-0.,1.,0.));
#5644 = ORIENTED_EDGE('',*,*,#5645,.T.);
#5645 = EDGE_CURVE('',#5638,#5646,#5648,.T.);
#5646 = VERTEX_POINT('',#5647);
#5647 = CARTESIAN_POINT('',(3.,2.775557561563E-16,0.));
#5648 = LINE('',#5649,#5650);
#5649 = CARTESIAN_POINT('',(2.7,2.775557561563E-16,0.));
#5650 = VECTOR('',#5651,1.);
#5651 = DIRECTION('',(1.,0.,-0.));
#5652 = ORIENTED_EDGE('',*,*,#5653,.F.);
#5653 = EDGE_CURVE('',#5630,#5646,#5654,.T.);
#5654 = LINE('',#5655,#5656);
#5655 = CARTESIAN_POINT('',(3.,-0.3,0.));
#5656 = VECTOR('',#5657,1.);
#5657 = DIRECTION('',(-0.,1.,0.));
#5658 = FACE_BOUND('',#5659,.F.);
#5659 = EDGE_LOOP('',(#5660,#5670,#5678,#5686));
#5660 = ORIENTED_EDGE('',*,*,#5661,.F.);
#5661 = EDGE_CURVE('',#5662,#5664,#5666,.T.);
#5662 = VERTEX_POINT('',#5663);
#5663 = CARTESIAN_POINT('',(-3.3,0.3,0.));
#5664 = VERTEX_POINT('',#5665);
#5665 = CARTESIAN_POINT('',(-3.,0.3,0.));
#5666 = LINE('',#5667,#5668);
#5667 = CARTESIAN_POINT('',(-3.3,0.3,0.));
#5668 = VECTOR('',#5669,1.);
#5669 = DIRECTION('',(1.,0.,-0.));
#5670 = ORIENTED_EDGE('',*,*,#5671,.T.);
#5671 = EDGE_CURVE('',#5662,#5672,#5674,.T.);
#5672 = VERTEX_POINT('',#5673);
#5673 = CARTESIAN_POINT('',(-3.3,0.6,0.));
#5674 = LINE('',#5675,#5676);
#5675 = CARTESIAN_POINT('',(-3.3,0.3,0.));
#5676 = VECTOR('',#5677,1.);
#5677 = DIRECTION('',(-0.,1.,0.));
#5678 = ORIENTED_EDGE('',*,*,#5679,.T.);
#5679 = EDGE_CURVE('',#5672,#5680,#5682,.T.);
#5680 = VERTEX_POINT('',#5681);
#5681 = CARTESIAN_POINT('',(-3.,0.6,0.));
#5682 = LINE('',#5683,#5684);
#5683 = CARTESIAN_POINT('',(-3.3,0.6,0.));
#5684 = VECTOR('',#5685,1.);
#5685 = DIRECTION('',(1.,0.,-0.));
#5686 = ORIENTED_EDGE('',*,*,#5687,.F.);
#5687 = EDGE_CURVE('',#5664,#5680,#5688,.T.);
#5688 = LINE('',#5689,#5690);
#5689 = CARTESIAN_POINT('',(-3.,0.3,0.));
#5690 = VECTOR('',#5691,1.);
#5691 = DIRECTION('',(-0.,1.,0.));
#5692 = FACE_BOUND('',#5693,.F.);
#5693 = EDGE_LOOP('',(#5694,#5704,#5712,#5720));
#5694 = ORIENTED_EDGE('',*,*,#5695,.F.);
#5695 = EDGE_CURVE('',#5696,#5698,#5700,.T.);
#5696 = VERTEX_POINT('',#5697);
#5697 = CARTESIAN_POINT('',(-2.7,0.3,0.));
#5698 = VERTEX_POINT('',#5699);
#5699 = CARTESIAN_POINT('',(-2.4,0.3,0.));
#5700 = LINE('',#5701,#5702);
#5701 = CARTESIAN_POINT('',(-2.7,0.3,0.));
#5702 = VECTOR('',#5703,1.);
#5703 = DIRECTION('',(1.,0.,-0.));
#5704 = ORIENTED_EDGE('',*,*,#5705,.T.);
#5705 = EDGE_CURVE('',#5696,#5706,#5708,.T.);
#5706 = VERTEX_POINT('',#5707);
#5707 = CARTESIAN_POINT('',(-2.7,0.6,0.));
#5708 = LINE('',#5709,#5710);
#5709 = CARTESIAN_POINT('',(-2.7,0.3,0.));
#5710 = VECTOR('',#5711,1.);
#5711 = DIRECTION('',(-0.,1.,0.));
#5712 = ORIENTED_EDGE('',*,*,#5713,.T.);
#5713 = EDGE_CURVE('',#5706,#5714,#5716,.T.);
#5714 = VERTEX_POINT('',#5715);
#5715 = CARTESIAN_POINT('',(-2.4,0.6,0.));
#5716 = LINE('',#5717,#5718);
#5717 = CARTESIAN_POINT('',(-2.7,0.6,0.));
#5718 = VECTOR('',#5719,1.);
#5719 = DIRECTION('',(1.,0.,-0.));
#5720 = ORIENTED_EDGE('',*,*,#5721,.F.);
#5721 = EDGE_CURVE('',#5698,#5714,#5722,.T.);
#5722 = LINE('',#5723,#5724);
#5723 = CARTESIAN_POINT('',(-2.4,0.3,0.));
#5724 = VECTOR('',#5725,1.);
#5725 = DIRECTION('',(-0.,1.,0.));
#5726 = FACE_BOUND('',#5727,.F.);
#5727 = EDGE_LOOP('',(#5728,#5738,#5746,#5754));
#5728 = ORIENTED_EDGE('',*,*,#5729,.F.);
#5729 = EDGE_CURVE('',#5730,#5732,#5734,.T.);
#5730 = VERTEX_POINT('',#5731);
#5731 = CARTESIAN_POINT('',(-2.1,0.3,0.));
#5732 = VERTEX_POINT('',#5733);
#5733 = CARTESIAN_POINT('',(-1.8,0.3,0.));
#5734 = LINE('',#5735,#5736);
#5735 = CARTESIAN_POINT('',(-2.1,0.3,0.));
#5736 = VECTOR('',#5737,1.);
#5737 = DIRECTION('',(1.,0.,-0.));
#5738 = ORIENTED_EDGE('',*,*,#5739,.T.);
#5739 = EDGE_CURVE('',#5730,#5740,#5742,.T.);
#5740 = VERTEX_POINT('',#5741);
#5741 = CARTESIAN_POINT('',(-2.1,0.6,0.));
#5742 = LINE('',#5743,#5744);
#5743 = CARTESIAN_POINT('',(-2.1,0.3,0.));
#5744 = VECTOR('',#5745,1.);
#5745 = DIRECTION('',(-0.,1.,0.));
#5746 = ORIENTED_EDGE('',*,*,#5747,.T.);
#5747 = EDGE_CURVE('',#5740,#5748,#5750,.T.);
#5748 = VERTEX_POINT('',#5749);
#5749 = CARTESIAN_POINT('',(-1.8,0.6,0.));
#5750 = LINE('',#5751,#5752);
#5751 = CARTESIAN_POINT('',(-2.1,0.6,0.));
#5752 = VECTOR('',#5753,1.);
#5753 = DIRECTION('',(1.,0.,-0.));
#5754 = ORIENTED_EDGE('',*,*,#5755,.F.);
#5755 = EDGE_CURVE('',#5732,#5748,#5756,.T.);
#5756 = LINE('',#5757,#5758);
#5757 = CARTESIAN_POINT('',(-1.8,0.3,0.));
#5758 = VECTOR('',#5759,1.);
#5759 = DIRECTION('',(-0.,1.,0.));
#5760 = FACE_BOUND('',#5761,.F.);
#5761 = EDGE_LOOP('',(#5762,#5772,#5780,#5788));
#5762 = ORIENTED_EDGE('',*,*,#5763,.F.);
#5763 = EDGE_CURVE('',#5764,#5766,#5768,.T.);
#5764 = VERTEX_POINT('',#5765);
#5765 = CARTESIAN_POINT('',(-3.3,0.9,0.));
#5766 = VERTEX_POINT('',#5767);
#5767 = CARTESIAN_POINT('',(-3.,0.9,0.));
#5768 = LINE('',#5769,#5770);
#5769 = CARTESIAN_POINT('',(-3.3,0.9,0.));
#5770 = VECTOR('',#5771,1.);
#5771 = DIRECTION('',(1.,0.,-0.));
#5772 = ORIENTED_EDGE('',*,*,#5773,.T.);
#5773 = EDGE_CURVE('',#5764,#5774,#5776,.T.);
#5774 = VERTEX_POINT('',#5775);
#5775 = CARTESIAN_POINT('',(-3.3,1.2,0.));
#5776 = LINE('',#5777,#5778);
#5777 = CARTESIAN_POINT('',(-3.3,0.9,0.));
#5778 = VECTOR('',#5779,1.);
#5779 = DIRECTION('',(-0.,1.,0.));
#5780 = ORIENTED_EDGE('',*,*,#5781,.T.);
#5781 = EDGE_CURVE('',#5774,#5782,#5784,.T.);
#5782 = VERTEX_POINT('',#5783);
#5783 = CARTESIAN_POINT('',(-3.,1.2,0.));
#5784 = LINE('',#5785,#5786);
#5785 = CARTESIAN_POINT('',(-3.3,1.2,0.));
#5786 = VECTOR('',#5787,1.);
#5787 = DIRECTION('',(1.,0.,-0.));
#5788 = ORIENTED_EDGE('',*,*,#5789,.F.);
#5789 = EDGE_CURVE('',#5766,#5782,#5790,.T.);
#5790 = LINE('',#5791,#5792);
#5791 = CARTESIAN_POINT('',(-3.,0.9,0.));
#5792 = VECTOR('',#5793,1.);
#5793 = DIRECTION('',(-0.,1.,0.));
#5794 = FACE_BOUND('',#5795,.F.);
#5795 = EDGE_LOOP('',(#5796,#5806,#5814,#5822));
#5796 = ORIENTED_EDGE('',*,*,#5797,.F.);
#5797 = EDGE_CURVE('',#5798,#5800,#5802,.T.);
#5798 = VERTEX_POINT('',#5799);
#5799 = CARTESIAN_POINT('',(-2.7,0.9,0.));
#5800 = VERTEX_POINT('',#5801);
#5801 = CARTESIAN_POINT('',(-2.4,0.9,0.));
#5802 = LINE('',#5803,#5804);
#5803 = CARTESIAN_POINT('',(-2.7,0.9,0.));
#5804 = VECTOR('',#5805,1.);
#5805 = DIRECTION('',(1.,0.,-0.));
#5806 = ORIENTED_EDGE('',*,*,#5807,.T.);
#5807 = EDGE_CURVE('',#5798,#5808,#5810,.T.);
#5808 = VERTEX_POINT('',#5809);
#5809 = CARTESIAN_POINT('',(-2.7,1.2,0.));
#5810 = LINE('',#5811,#5812);
#5811 = CARTESIAN_POINT('',(-2.7,0.9,0.));
#5812 = VECTOR('',#5813,1.);
#5813 = DIRECTION('',(-0.,1.,0.));
#5814 = ORIENTED_EDGE('',*,*,#5815,.T.);
#5815 = EDGE_CURVE('',#5808,#5816,#5818,.T.);
#5816 = VERTEX_POINT('',#5817);
#5817 = CARTESIAN_POINT('',(-2.4,1.2,0.));
#5818 = LINE('',#5819,#5820);
#5819 = CARTESIAN_POINT('',(-2.7,1.2,0.));
#5820 = VECTOR('',#5821,1.);
#5821 = DIRECTION('',(1.,0.,-0.));
#5822 = ORIENTED_EDGE('',*,*,#5823,.F.);
#5823 = EDGE_CURVE('',#5800,#5816,#5824,.T.);
#5824 = LINE('',#5825,#5826);
#5825 = CARTESIAN_POINT('',(-2.4,0.9,0.));
#5826 = VECTOR('',#5827,1.);
#5827 = DIRECTION('',(-0.,1.,0.));
#5828 = FACE_BOUND('',#5829,.F.);
#5829 = EDGE_LOOP('',(#5830,#5840,#5848,#5856));
#5830 = ORIENTED_EDGE('',*,*,#5831,.F.);
#5831 = EDGE_CURVE('',#5832,#5834,#5836,.T.);
#5832 = VERTEX_POINT('',#5833);
#5833 = CARTESIAN_POINT('',(-2.1,0.9,0.));
#5834 = VERTEX_POINT('',#5835);
#5835 = CARTESIAN_POINT('',(-1.8,0.9,0.));
#5836 = LINE('',#5837,#5838);
#5837 = CARTESIAN_POINT('',(-2.1,0.9,0.));
#5838 = VECTOR('',#5839,1.);
#5839 = DIRECTION('',(1.,0.,-0.));
#5840 = ORIENTED_EDGE('',*,*,#5841,.T.);
#5841 = EDGE_CURVE('',#5832,#5842,#5844,.T.);
#5842 = VERTEX_POINT('',#5843);
#5843 = CARTESIAN_POINT('',(-2.1,1.2,0.));
#5844 = LINE('',#5845,#5846);
#5845 = CARTESIAN_POINT('',(-2.1,0.9,0.));
#5846 = VECTOR('',#5847,1.);
#5847 = DIRECTION('',(-0.,1.,0.));
#5848 = ORIENTED_EDGE('',*,*,#5849,.T.);
#5849 = EDGE_CURVE('',#5842,#5850,#5852,.T.);
#5850 = VERTEX_POINT('',#5851);
#5851 = CARTESIAN_POINT('',(-1.8,1.2,0.));
#5852 = LINE('',#5853,#5854);
#5853 = CARTESIAN_POINT('',(-2.1,1.2,0.));
#5854 = VECTOR('',#5855,1.);
#5855 = DIRECTION('',(1.,0.,-0.));
#5856 = ORIENTED_EDGE('',*,*,#5857,.F.);
#5857 = EDGE_CURVE('',#5834,#5850,#5858,.T.);
#5858 = LINE('',#5859,#5860);
#5859 = CARTESIAN_POINT('',(-1.8,0.9,0.));
#5860 = VECTOR('',#5861,1.);
#5861 = DIRECTION('',(-0.,1.,0.));
#5862 = FACE_BOUND('',#5863,.F.);
#5863 = EDGE_LOOP('',(#5864,#5874,#5882,#5890));
#5864 = ORIENTED_EDGE('',*,*,#5865,.F.);
#5865 = EDGE_CURVE('',#5866,#5868,#5870,.T.);
#5866 = VERTEX_POINT('',#5867);
#5867 = CARTESIAN_POINT('',(-1.5,0.3,0.));
#5868 = VERTEX_POINT('',#5869);
#5869 = CARTESIAN_POINT('',(-1.2,0.3,0.));
#5870 = LINE('',#5871,#5872);
#5871 = CARTESIAN_POINT('',(-1.5,0.3,0.));
#5872 = VECTOR('',#5873,1.);
#5873 = DIRECTION('',(1.,0.,-0.));
#5874 = ORIENTED_EDGE('',*,*,#5875,.T.);
#5875 = EDGE_CURVE('',#5866,#5876,#5878,.T.);
#5876 = VERTEX_POINT('',#5877);
#5877 = CARTESIAN_POINT('',(-1.5,0.6,0.));
#5878 = LINE('',#5879,#5880);
#5879 = CARTESIAN_POINT('',(-1.5,0.3,0.));
#5880 = VECTOR('',#5881,1.);
#5881 = DIRECTION('',(-0.,1.,0.));
#5882 = ORIENTED_EDGE('',*,*,#5883,.T.);
#5883 = EDGE_CURVE('',#5876,#5884,#5886,.T.);
#5884 = VERTEX_POINT('',#5885);
#5885 = CARTESIAN_POINT('',(-1.2,0.6,0.));
#5886 = LINE('',#5887,#5888);
#5887 = CARTESIAN_POINT('',(-1.5,0.6,0.));
#5888 = VECTOR('',#5889,1.);
#5889 = DIRECTION('',(1.,0.,-0.));
#5890 = ORIENTED_EDGE('',*,*,#5891,.F.);
#5891 = EDGE_CURVE('',#5868,#5884,#5892,.T.);
#5892 = LINE('',#5893,#5894);
#5893 = CARTESIAN_POINT('',(-1.2,0.3,0.));
#5894 = VECTOR('',#5895,1.);
#5895 = DIRECTION('',(-0.,1.,0.));
#5896 = FACE_BOUND('',#5897,.F.);
#5897 = EDGE_LOOP('',(#5898,#5908,#5916,#5924));
#5898 = ORIENTED_EDGE('',*,*,#5899,.F.);
#5899 = EDGE_CURVE('',#5900,#5902,#5904,.T.);
#5900 = VERTEX_POINT('',#5901);
#5901 = CARTESIAN_POINT('',(-0.9,0.3,0.));
#5902 = VERTEX_POINT('',#5903);
#5903 = CARTESIAN_POINT('',(-0.6,0.3,0.));
#5904 = LINE('',#5905,#5906);
#5905 = CARTESIAN_POINT('',(-0.9,0.3,0.));
#5906 = VECTOR('',#5907,1.);
#5907 = DIRECTION('',(1.,0.,-0.));
#5908 = ORIENTED_EDGE('',*,*,#5909,.T.);
#5909 = EDGE_CURVE('',#5900,#5910,#5912,.T.);
#5910 = VERTEX_POINT('',#5911);
#5911 = CARTESIAN_POINT('',(-0.9,0.6,0.));
#5912 = LINE('',#5913,#5914);
#5913 = CARTESIAN_POINT('',(-0.9,0.3,0.));
#5914 = VECTOR('',#5915,1.);
#5915 = DIRECTION('',(-0.,1.,0.));
#5916 = ORIENTED_EDGE('',*,*,#5917,.T.);
#5917 = EDGE_CURVE('',#5910,#5918,#5920,.T.);
#5918 = VERTEX_POINT('',#5919);
#5919 = CARTESIAN_POINT('',(-0.6,0.6,0.));
#5920 = LINE('',#5921,#5922);
#5921 = CARTESIAN_POINT('',(-0.9,0.6,0.));
#5922 = VECTOR('',#5923,1.);
#5923 = DIRECTION('',(1.,0.,-0.));
#5924 = ORIENTED_EDGE('',*,*,#5925,.F.);
#5925 = EDGE_CURVE('',#5902,#5918,#5926,.T.);
#5926 = LINE('',#5927,#5928);
#5927 = CARTESIAN_POINT('',(-0.6,0.3,0.));
#5928 = VECTOR('',#5929,1.);
#5929 = DIRECTION('',(-0.,1.,0.));
#5930 = FACE_BOUND('',#5931,.F.);
#5931 = EDGE_LOOP('',(#5932,#5942,#5950,#5958));
#5932 = ORIENTED_EDGE('',*,*,#5933,.F.);
#5933 = EDGE_CURVE('',#5934,#5936,#5938,.T.);
#5934 = VERTEX_POINT('',#5935);
#5935 = CARTESIAN_POINT('',(-0.3,0.3,0.));
#5936 = VERTEX_POINT('',#5937);
#5937 = CARTESIAN_POINT('',(2.775557561563E-16,0.3,0.));
#5938 = LINE('',#5939,#5940);
#5939 = CARTESIAN_POINT('',(-0.3,0.3,0.));
#5940 = VECTOR('',#5941,1.);
#5941 = DIRECTION('',(1.,0.,-0.));
#5942 = ORIENTED_EDGE('',*,*,#5943,.T.);
#5943 = EDGE_CURVE('',#5934,#5944,#5946,.T.);
#5944 = VERTEX_POINT('',#5945);
#5945 = CARTESIAN_POINT('',(-0.3,0.6,0.));
#5946 = LINE('',#5947,#5948);
#5947 = CARTESIAN_POINT('',(-0.3,0.3,0.));
#5948 = VECTOR('',#5949,1.);
#5949 = DIRECTION('',(-0.,1.,0.));
#5950 = ORIENTED_EDGE('',*,*,#5951,.T.);
#5951 = EDGE_CURVE('',#5944,#5952,#5954,.T.);
#5952 = VERTEX_POINT('',#5953);
#5953 = CARTESIAN_POINT('',(2.775557561563E-16,0.6,0.));
#5954 = LINE('',#5955,#5956);
#5955 = CARTESIAN_POINT('',(-0.3,0.6,0.));
#5956 = VECTOR('',#5957,1.);
#5957 = DIRECTION('',(1.,0.,-0.));
#5958 = ORIENTED_EDGE('',*,*,#5959,.F.);
#5959 = EDGE_CURVE('',#5936,#5952,#5960,.T.);
#5960 = LINE('',#5961,#5962);
#5961 = CARTESIAN_POINT('',(2.775557561563E-16,0.3,0.));
#5962 = VECTOR('',#5963,1.);
#5963 = DIRECTION('',(-0.,1.,0.));
#5964 = FACE_BOUND('',#5965,.F.);
#5965 = EDGE_LOOP('',(#5966,#5976,#5984,#5992));
#5966 = ORIENTED_EDGE('',*,*,#5967,.F.);
#5967 = EDGE_CURVE('',#5968,#5970,#5972,.T.);
#5968 = VERTEX_POINT('',#5969);
#5969 = CARTESIAN_POINT('',(-1.5,0.9,0.));
#5970 = VERTEX_POINT('',#5971);
#5971 = CARTESIAN_POINT('',(-1.2,0.9,0.));
#5972 = LINE('',#5973,#5974);
#5973 = CARTESIAN_POINT('',(-1.5,0.9,0.));
#5974 = VECTOR('',#5975,1.);
#5975 = DIRECTION('',(1.,0.,-0.));
#5976 = ORIENTED_EDGE('',*,*,#5977,.T.);
#5977 = EDGE_CURVE('',#5968,#5978,#5980,.T.);
#5978 = VERTEX_POINT('',#5979);
#5979 = CARTESIAN_POINT('',(-1.5,1.2,0.));
#5980 = LINE('',#5981,#5982);
#5981 = CARTESIAN_POINT('',(-1.5,0.9,0.));
#5982 = VECTOR('',#5983,1.);
#5983 = DIRECTION('',(-0.,1.,0.));
#5984 = ORIENTED_EDGE('',*,*,#5985,.T.);
#5985 = EDGE_CURVE('',#5978,#5986,#5988,.T.);
#5986 = VERTEX_POINT('',#5987);
#5987 = CARTESIAN_POINT('',(-1.2,1.2,0.));
#5988 = LINE('',#5989,#5990);
#5989 = CARTESIAN_POINT('',(-1.5,1.2,0.));
#5990 = VECTOR('',#5991,1.);
#5991 = DIRECTION('',(1.,0.,-0.));
#5992 = ORIENTED_EDGE('',*,*,#5993,.F.);
#5993 = EDGE_CURVE('',#5970,#5986,#5994,.T.);
#5994 = LINE('',#5995,#5996);
#5995 = CARTESIAN_POINT('',(-1.2,0.9,0.));
#5996 = VECTOR('',#5997,1.);
#5997 = DIRECTION('',(-0.,1.,0.));
#5998 = FACE_BOUND('',#5999,.F.);
#5999 = EDGE_LOOP('',(#6000,#6010,#6018,#6026));
#6000 = ORIENTED_EDGE('',*,*,#6001,.F.);
#6001 = EDGE_CURVE('',#6002,#6004,#6006,.T.);
#6002 = VERTEX_POINT('',#6003);
#6003 = CARTESIAN_POINT('',(-0.9,0.9,0.));
#6004 = VERTEX_POINT('',#6005);
#6005 = CARTESIAN_POINT('',(-0.6,0.9,0.));
#6006 = LINE('',#6007,#6008);
#6007 = CARTESIAN_POINT('',(-0.9,0.9,0.));
#6008 = VECTOR('',#6009,1.);
#6009 = DIRECTION('',(1.,0.,-0.));
#6010 = ORIENTED_EDGE('',*,*,#6011,.T.);
#6011 = EDGE_CURVE('',#6002,#6012,#6014,.T.);
#6012 = VERTEX_POINT('',#6013);
#6013 = CARTESIAN_POINT('',(-0.9,1.2,0.));
#6014 = LINE('',#6015,#6016);
#6015 = CARTESIAN_POINT('',(-0.9,0.9,0.));
#6016 = VECTOR('',#6017,1.);
#6017 = DIRECTION('',(-0.,1.,0.));
#6018 = ORIENTED_EDGE('',*,*,#6019,.T.);
#6019 = EDGE_CURVE('',#6012,#6020,#6022,.T.);
#6020 = VERTEX_POINT('',#6021);
#6021 = CARTESIAN_POINT('',(-0.6,1.2,0.));
#6022 = LINE('',#6023,#6024);
#6023 = CARTESIAN_POINT('',(-0.9,1.2,0.));
#6024 = VECTOR('',#6025,1.);
#6025 = DIRECTION('',(1.,0.,-0.));
#6026 = ORIENTED_EDGE('',*,*,#6027,.F.);
#6027 = EDGE_CURVE('',#6004,#6020,#6028,.T.);
#6028 = LINE('',#6029,#6030);
#6029 = CARTESIAN_POINT('',(-0.6,0.9,0.));
#6030 = VECTOR('',#6031,1.);
#6031 = DIRECTION('',(-0.,1.,0.));
#6032 = FACE_BOUND('',#6033,.F.);
#6033 = EDGE_LOOP('',(#6034,#6044,#6052,#6060));
#6034 = ORIENTED_EDGE('',*,*,#6035,.F.);
#6035 = EDGE_CURVE('',#6036,#6038,#6040,.T.);
#6036 = VERTEX_POINT('',#6037);
#6037 = CARTESIAN_POINT('',(-0.3,0.9,0.));
#6038 = VERTEX_POINT('',#6039);
#6039 = CARTESIAN_POINT('',(2.775557561563E-16,0.9,0.));
#6040 = LINE('',#6041,#6042);
#6041 = CARTESIAN_POINT('',(-0.3,0.9,0.));
#6042 = VECTOR('',#6043,1.);
#6043 = DIRECTION('',(1.,0.,-0.));
#6044 = ORIENTED_EDGE('',*,*,#6045,.T.);
#6045 = EDGE_CURVE('',#6036,#6046,#6048,.T.);
#6046 = VERTEX_POINT('',#6047);
#6047 = CARTESIAN_POINT('',(-0.3,1.2,0.));
#6048 = LINE('',#6049,#6050);
#6049 = CARTESIAN_POINT('',(-0.3,0.9,0.));
#6050 = VECTOR('',#6051,1.);
#6051 = DIRECTION('',(-0.,1.,0.));
#6052 = ORIENTED_EDGE('',*,*,#6053,.T.);
#6053 = EDGE_CURVE('',#6046,#6054,#6056,.T.);
#6054 = VERTEX_POINT('',#6055);
#6055 = CARTESIAN_POINT('',(2.775557561563E-16,1.2,0.));
#6056 = LINE('',#6057,#6058);
#6057 = CARTESIAN_POINT('',(-0.3,1.2,0.));
#6058 = VECTOR('',#6059,1.);
#6059 = DIRECTION('',(1.,0.,-0.));
#6060 = ORIENTED_EDGE('',*,*,#6061,.F.);
#6061 = EDGE_CURVE('',#6038,#6054,#6062,.T.);
#6062 = LINE('',#6063,#6064);
#6063 = CARTESIAN_POINT('',(2.775557561563E-16,0.9,0.));
#6064 = VECTOR('',#6065,1.);
#6065 = DIRECTION('',(-0.,1.,0.));
#6066 = FACE_BOUND('',#6067,.F.);
#6067 = EDGE_LOOP('',(#6068,#6078,#6086,#6094));
#6068 = ORIENTED_EDGE('',*,*,#6069,.F.);
#6069 = EDGE_CURVE('',#6070,#6072,#6074,.T.);
#6070 = VERTEX_POINT('',#6071);
#6071 = CARTESIAN_POINT('',(-2.7,1.5,0.));
#6072 = VERTEX_POINT('',#6073);
#6073 = CARTESIAN_POINT('',(-2.4,1.5,0.));
#6074 = LINE('',#6075,#6076);
#6075 = CARTESIAN_POINT('',(-2.7,1.5,0.));
#6076 = VECTOR('',#6077,1.);
#6077 = DIRECTION('',(1.,0.,-0.));
#6078 = ORIENTED_EDGE('',*,*,#6079,.T.);
#6079 = EDGE_CURVE('',#6070,#6080,#6082,.T.);
#6080 = VERTEX_POINT('',#6081);
#6081 = CARTESIAN_POINT('',(-2.7,1.8,0.));
#6082 = LINE('',#6083,#6084);
#6083 = CARTESIAN_POINT('',(-2.7,1.5,0.));
#6084 = VECTOR('',#6085,1.);
#6085 = DIRECTION('',(-0.,1.,0.));
#6086 = ORIENTED_EDGE('',*,*,#6087,.T.);
#6087 = EDGE_CURVE('',#6080,#6088,#6090,.T.);
#6088 = VERTEX_POINT('',#6089);
#6089 = CARTESIAN_POINT('',(-2.4,1.8,0.));
#6090 = LINE('',#6091,#6092);
#6091 = CARTESIAN_POINT('',(-2.7,1.8,0.));
#6092 = VECTOR('',#6093,1.);
#6093 = DIRECTION('',(1.,0.,-0.));
#6094 = ORIENTED_EDGE('',*,*,#6095,.F.);
#6095 = EDGE_CURVE('',#6072,#6088,#6096,.T.);
#6096 = LINE('',#6097,#6098);
#6097 = CARTESIAN_POINT('',(-2.4,1.5,0.));
#6098 = VECTOR('',#6099,1.);
#6099 = DIRECTION('',(-0.,1.,0.));
#6100 = FACE_BOUND('',#6101,.F.);
#6101 = EDGE_LOOP('',(#6102,#6112,#6120,#6128));
#6102 = ORIENTED_EDGE('',*,*,#6103,.F.);
#6103 = EDGE_CURVE('',#6104,#6106,#6108,.T.);
#6104 = VERTEX_POINT('',#6105);
#6105 = CARTESIAN_POINT('',(-2.1,1.5,0.));
#6106 = VERTEX_POINT('',#6107);
#6107 = CARTESIAN_POINT('',(-1.8,1.5,0.));
#6108 = LINE('',#6109,#6110);
#6109 = CARTESIAN_POINT('',(-2.1,1.5,0.));
#6110 = VECTOR('',#6111,1.);
#6111 = DIRECTION('',(1.,0.,-0.));
#6112 = ORIENTED_EDGE('',*,*,#6113,.T.);
#6113 = EDGE_CURVE('',#6104,#6114,#6116,.T.);
#6114 = VERTEX_POINT('',#6115);
#6115 = CARTESIAN_POINT('',(-2.1,1.8,0.));
#6116 = LINE('',#6117,#6118);
#6117 = CARTESIAN_POINT('',(-2.1,1.5,0.));
#6118 = VECTOR('',#6119,1.);
#6119 = DIRECTION('',(-0.,1.,0.));
#6120 = ORIENTED_EDGE('',*,*,#6121,.T.);
#6121 = EDGE_CURVE('',#6114,#6122,#6124,.T.);
#6122 = VERTEX_POINT('',#6123);
#6123 = CARTESIAN_POINT('',(-1.8,1.8,0.));
#6124 = LINE('',#6125,#6126);
#6125 = CARTESIAN_POINT('',(-2.1,1.8,0.));
#6126 = VECTOR('',#6127,1.);
#6127 = DIRECTION('',(1.,0.,-0.));
#6128 = ORIENTED_EDGE('',*,*,#6129,.F.);
#6129 = EDGE_CURVE('',#6106,#6122,#6130,.T.);
#6130 = LINE('',#6131,#6132);
#6131 = CARTESIAN_POINT('',(-1.8,1.5,0.));
#6132 = VECTOR('',#6133,1.);
#6133 = DIRECTION('',(-0.,1.,0.));
#6134 = FACE_BOUND('',#6135,.F.);
#6135 = EDGE_LOOP('',(#6136,#6146,#6154,#6162));
#6136 = ORIENTED_EDGE('',*,*,#6137,.F.);
#6137 = EDGE_CURVE('',#6138,#6140,#6142,.T.);
#6138 = VERTEX_POINT('',#6139);
#6139 = CARTESIAN_POINT('',(-2.7,2.1,0.));
#6140 = VERTEX_POINT('',#6141);
#6141 = CARTESIAN_POINT('',(-2.4,2.1,0.));
#6142 = LINE('',#6143,#6144);
#6143 = CARTESIAN_POINT('',(-2.7,2.1,0.));
#6144 = VECTOR('',#6145,1.);
#6145 = DIRECTION('',(1.,0.,-0.));
#6146 = ORIENTED_EDGE('',*,*,#6147,.T.);
#6147 = EDGE_CURVE('',#6138,#6148,#6150,.T.);
#6148 = VERTEX_POINT('',#6149);
#6149 = CARTESIAN_POINT('',(-2.7,2.4,0.));
#6150 = LINE('',#6151,#6152);
#6151 = CARTESIAN_POINT('',(-2.7,2.1,0.));
#6152 = VECTOR('',#6153,1.);
#6153 = DIRECTION('',(-0.,1.,0.));
#6154 = ORIENTED_EDGE('',*,*,#6155,.T.);
#6155 = EDGE_CURVE('',#6148,#6156,#6158,.T.);
#6156 = VERTEX_POINT('',#6157);
#6157 = CARTESIAN_POINT('',(-2.4,2.4,0.));
#6158 = LINE('',#6159,#6160);
#6159 = CARTESIAN_POINT('',(-2.7,2.4,0.));
#6160 = VECTOR('',#6161,1.);
#6161 = DIRECTION('',(1.,0.,-0.));
#6162 = ORIENTED_EDGE('',*,*,#6163,.F.);
#6163 = EDGE_CURVE('',#6140,#6156,#6164,.T.);
#6164 = LINE('',#6165,#6166);
#6165 = CARTESIAN_POINT('',(-2.4,2.1,0.));
#6166 = VECTOR('',#6167,1.);
#6167 = DIRECTION('',(-0.,1.,0.));
#6168 = FACE_BOUND('',#6169,.F.);
#6169 = EDGE_LOOP('',(#6170,#6180,#6188,#6196));
#6170 = ORIENTED_EDGE('',*,*,#6171,.F.);
#6171 = EDGE_CURVE('',#6172,#6174,#6176,.T.);
#6172 = VERTEX_POINT('',#6173);
#6173 = CARTESIAN_POINT('',(-2.1,2.1,0.));
#6174 = VERTEX_POINT('',#6175);
#6175 = CARTESIAN_POINT('',(-1.8,2.1,0.));
#6176 = LINE('',#6177,#6178);
#6177 = CARTESIAN_POINT('',(-2.1,2.1,0.));
#6178 = VECTOR('',#6179,1.);
#6179 = DIRECTION('',(1.,0.,-0.));
#6180 = ORIENTED_EDGE('',*,*,#6181,.T.);
#6181 = EDGE_CURVE('',#6172,#6182,#6184,.T.);
#6182 = VERTEX_POINT('',#6183);
#6183 = CARTESIAN_POINT('',(-2.1,2.4,0.));
#6184 = LINE('',#6185,#6186);
#6185 = CARTESIAN_POINT('',(-2.1,2.1,0.));
#6186 = VECTOR('',#6187,1.);
#6187 = DIRECTION('',(-0.,1.,0.));
#6188 = ORIENTED_EDGE('',*,*,#6189,.T.);
#6189 = EDGE_CURVE('',#6182,#6190,#6192,.T.);
#6190 = VERTEX_POINT('',#6191);
#6191 = CARTESIAN_POINT('',(-1.8,2.4,0.));
#6192 = LINE('',#6193,#6194);
#6193 = CARTESIAN_POINT('',(-2.1,2.4,0.));
#6194 = VECTOR('',#6195,1.);
#6195 = DIRECTION('',(1.,0.,-0.));
#6196 = ORIENTED_EDGE('',*,*,#6197,.F.);
#6197 = EDGE_CURVE('',#6174,#6190,#6198,.T.);
#6198 = LINE('',#6199,#6200);
#6199 = CARTESIAN_POINT('',(-1.8,2.1,0.));
#6200 = VECTOR('',#6201,1.);
#6201 = DIRECTION('',(-0.,1.,0.));
#6202 = FACE_BOUND('',#6203,.F.);
#6203 = EDGE_LOOP('',(#6204,#6214,#6222,#6230));
#6204 = ORIENTED_EDGE('',*,*,#6205,.F.);
#6205 = EDGE_CURVE('',#6206,#6208,#6210,.T.);
#6206 = VERTEX_POINT('',#6207);
#6207 = CARTESIAN_POINT('',(-1.5,1.5,0.));
#6208 = VERTEX_POINT('',#6209);
#6209 = CARTESIAN_POINT('',(-1.2,1.5,0.));
#6210 = LINE('',#6211,#6212);
#6211 = CARTESIAN_POINT('',(-1.5,1.5,0.));
#6212 = VECTOR('',#6213,1.);
#6213 = DIRECTION('',(1.,0.,-0.));
#6214 = ORIENTED_EDGE('',*,*,#6215,.T.);
#6215 = EDGE_CURVE('',#6206,#6216,#6218,.T.);
#6216 = VERTEX_POINT('',#6217);
#6217 = CARTESIAN_POINT('',(-1.5,1.8,0.));
#6218 = LINE('',#6219,#6220);
#6219 = CARTESIAN_POINT('',(-1.5,1.5,0.));
#6220 = VECTOR('',#6221,1.);
#6221 = DIRECTION('',(-0.,1.,0.));
#6222 = ORIENTED_EDGE('',*,*,#6223,.T.);
#6223 = EDGE_CURVE('',#6216,#6224,#6226,.T.);
#6224 = VERTEX_POINT('',#6225);
#6225 = CARTESIAN_POINT('',(-1.2,1.8,0.));
#6226 = LINE('',#6227,#6228);
#6227 = CARTESIAN_POINT('',(-1.5,1.8,0.));
#6228 = VECTOR('',#6229,1.);
#6229 = DIRECTION('',(1.,0.,-0.));
#6230 = ORIENTED_EDGE('',*,*,#6231,.F.);
#6231 = EDGE_CURVE('',#6208,#6224,#6232,.T.);
#6232 = LINE('',#6233,#6234);
#6233 = CARTESIAN_POINT('',(-1.2,1.5,0.));
#6234 = VECTOR('',#6235,1.);
#6235 = DIRECTION('',(-0.,1.,0.));
#6236 = FACE_BOUND('',#6237,.F.);
#6237 = EDGE_LOOP('',(#6238,#6248,#6256,#6264));
#6238 = ORIENTED_EDGE('',*,*,#6239,.F.);
#6239 = EDGE_CURVE('',#6240,#6242,#6244,.T.);
#6240 = VERTEX_POINT('',#6241);
#6241 = CARTESIAN_POINT('',(-0.9,1.5,0.));
#6242 = VERTEX_POINT('',#6243);
#6243 = CARTESIAN_POINT('',(-0.6,1.5,0.));
#6244 = LINE('',#6245,#6246);
#6245 = CARTESIAN_POINT('',(-0.9,1.5,0.));
#6246 = VECTOR('',#6247,1.);
#6247 = DIRECTION('',(1.,0.,-0.));
#6248 = ORIENTED_EDGE('',*,*,#6249,.T.);
#6249 = EDGE_CURVE('',#6240,#6250,#6252,.T.);
#6250 = VERTEX_POINT('',#6251);
#6251 = CARTESIAN_POINT('',(-0.9,1.8,0.));
#6252 = LINE('',#6253,#6254);
#6253 = CARTESIAN_POINT('',(-0.9,1.5,0.));
#6254 = VECTOR('',#6255,1.);
#6255 = DIRECTION('',(-0.,1.,0.));
#6256 = ORIENTED_EDGE('',*,*,#6257,.T.);
#6257 = EDGE_CURVE('',#6250,#6258,#6260,.T.);
#6258 = VERTEX_POINT('',#6259);
#6259 = CARTESIAN_POINT('',(-0.6,1.8,0.));
#6260 = LINE('',#6261,#6262);
#6261 = CARTESIAN_POINT('',(-0.9,1.8,0.));
#6262 = VECTOR('',#6263,1.);
#6263 = DIRECTION('',(1.,0.,-0.));
#6264 = ORIENTED_EDGE('',*,*,#6265,.F.);
#6265 = EDGE_CURVE('',#6242,#6258,#6266,.T.);
#6266 = LINE('',#6267,#6268);
#6267 = CARTESIAN_POINT('',(-0.6,1.5,0.));
#6268 = VECTOR('',#6269,1.);
#6269 = DIRECTION('',(-0.,1.,0.));
#6270 = FACE_BOUND('',#6271,.F.);
#6271 = EDGE_LOOP('',(#6272,#6282,#6290,#6298));
#6272 = ORIENTED_EDGE('',*,*,#6273,.F.);
#6273 = EDGE_CURVE('',#6274,#6276,#6278,.T.);
#6274 = VERTEX_POINT('',#6275);
#6275 = CARTESIAN_POINT('',(-0.3,1.5,0.));
#6276 = VERTEX_POINT('',#6277);
#6277 = CARTESIAN_POINT('',(2.775557561563E-16,1.5,0.));
#6278 = LINE('',#6279,#6280);
#6279 = CARTESIAN_POINT('',(-0.3,1.5,0.));
#6280 = VECTOR('',#6281,1.);
#6281 = DIRECTION('',(1.,0.,-0.));
#6282 = ORIENTED_EDGE('',*,*,#6283,.T.);
#6283 = EDGE_CURVE('',#6274,#6284,#6286,.T.);
#6284 = VERTEX_POINT('',#6285);
#6285 = CARTESIAN_POINT('',(-0.3,1.8,0.));
#6286 = LINE('',#6287,#6288);
#6287 = CARTESIAN_POINT('',(-0.3,1.5,0.));
#6288 = VECTOR('',#6289,1.);
#6289 = DIRECTION('',(-0.,1.,0.));
#6290 = ORIENTED_EDGE('',*,*,#6291,.T.);
#6291 = EDGE_CURVE('',#6284,#6292,#6294,.T.);
#6292 = VERTEX_POINT('',#6293);
#6293 = CARTESIAN_POINT('',(2.775557561563E-16,1.8,0.));
#6294 = LINE('',#6295,#6296);
#6295 = CARTESIAN_POINT('',(-0.3,1.8,0.));
#6296 = VECTOR('',#6297,1.);
#6297 = DIRECTION('',(1.,0.,-0.));
#6298 = ORIENTED_EDGE('',*,*,#6299,.F.);
#6299 = EDGE_CURVE('',#6276,#6292,#6300,.T.);
#6300 = LINE('',#6301,#6302);
#6301 = CARTESIAN_POINT('',(2.775557561563E-16,1.5,0.));
#6302 = VECTOR('',#6303,1.);
#6303 = DIRECTION('',(-0.,1.,0.));
#6304 = FACE_BOUND('',#6305,.F.);
#6305 = EDGE_LOOP('',(#6306,#6316,#6324,#6332));
#6306 = ORIENTED_EDGE('',*,*,#6307,.F.);
#6307 = EDGE_CURVE('',#6308,#6310,#6312,.T.);
#6308 = VERTEX_POINT('',#6309);
#6309 = CARTESIAN_POINT('',(-1.5,2.1,0.));
#6310 = VERTEX_POINT('',#6311);
#6311 = CARTESIAN_POINT('',(-1.2,2.1,0.));
#6312 = LINE('',#6313,#6314);
#6313 = CARTESIAN_POINT('',(-1.5,2.1,0.));
#6314 = VECTOR('',#6315,1.);
#6315 = DIRECTION('',(1.,0.,-0.));
#6316 = ORIENTED_EDGE('',*,*,#6317,.T.);
#6317 = EDGE_CURVE('',#6308,#6318,#6320,.T.);
#6318 = VERTEX_POINT('',#6319);
#6319 = CARTESIAN_POINT('',(-1.5,2.4,0.));
#6320 = LINE('',#6321,#6322);
#6321 = CARTESIAN_POINT('',(-1.5,2.1,0.));
#6322 = VECTOR('',#6323,1.);
#6323 = DIRECTION('',(-0.,1.,0.));
#6324 = ORIENTED_EDGE('',*,*,#6325,.T.);
#6325 = EDGE_CURVE('',#6318,#6326,#6328,.T.);
#6326 = VERTEX_POINT('',#6327);
#6327 = CARTESIAN_POINT('',(-1.2,2.4,0.));
#6328 = LINE('',#6329,#6330);
#6329 = CARTESIAN_POINT('',(-1.5,2.4,0.));
#6330 = VECTOR('',#6331,1.);
#6331 = DIRECTION('',(1.,0.,-0.));
#6332 = ORIENTED_EDGE('',*,*,#6333,.F.);
#6333 = EDGE_CURVE('',#6310,#6326,#6334,.T.);
#6334 = LINE('',#6335,#6336);
#6335 = CARTESIAN_POINT('',(-1.2,2.1,0.));
#6336 = VECTOR('',#6337,1.);
#6337 = DIRECTION('',(-0.,1.,0.));
#6338 = FACE_BOUND('',#6339,.F.);
#6339 = EDGE_LOOP('',(#6340,#6350,#6358,#6366));
#6340 = ORIENTED_EDGE('',*,*,#6341,.F.);
#6341 = EDGE_CURVE('',#6342,#6344,#6346,.T.);
#6342 = VERTEX_POINT('',#6343);
#6343 = CARTESIAN_POINT('',(-1.5,2.7,0.));
#6344 = VERTEX_POINT('',#6345);
#6345 = CARTESIAN_POINT('',(-1.2,2.7,0.));
#6346 = LINE('',#6347,#6348);
#6347 = CARTESIAN_POINT('',(-1.5,2.7,0.));
#6348 = VECTOR('',#6349,1.);
#6349 = DIRECTION('',(1.,0.,-0.));
#6350 = ORIENTED_EDGE('',*,*,#6351,.T.);
#6351 = EDGE_CURVE('',#6342,#6352,#6354,.T.);
#6352 = VERTEX_POINT('',#6353);
#6353 = CARTESIAN_POINT('',(-1.5,3.,0.));
#6354 = LINE('',#6355,#6356);
#6355 = CARTESIAN_POINT('',(-1.5,2.7,0.));
#6356 = VECTOR('',#6357,1.);
#6357 = DIRECTION('',(-0.,1.,0.));
#6358 = ORIENTED_EDGE('',*,*,#6359,.T.);
#6359 = EDGE_CURVE('',#6352,#6360,#6362,.T.);
#6360 = VERTEX_POINT('',#6361);
#6361 = CARTESIAN_POINT('',(-1.2,3.,0.));
#6362 = LINE('',#6363,#6364);
#6363 = CARTESIAN_POINT('',(-1.5,3.,0.));
#6364 = VECTOR('',#6365,1.);
#6365 = DIRECTION('',(1.,0.,-0.));
#6366 = ORIENTED_EDGE('',*,*,#6367,.F.);
#6367 = EDGE_CURVE('',#6344,#6360,#6368,.T.);
#6368 = LINE('',#6369,#6370);
#6369 = CARTESIAN_POINT('',(-1.2,2.7,0.));
#6370 = VECTOR('',#6371,1.);
#6371 = DIRECTION('',(-0.,1.,0.));
#6372 = FACE_BOUND('',#6373,.F.);
#6373 = EDGE_LOOP('',(#6374,#6384,#6392,#6400));
#6374 = ORIENTED_EDGE('',*,*,#6375,.F.);
#6375 = EDGE_CURVE('',#6376,#6378,#6380,.T.);
#6376 = VERTEX_POINT('',#6377);
#6377 = CARTESIAN_POINT('',(-0.9,2.1,0.));
#6378 = VERTEX_POINT('',#6379);
#6379 = CARTESIAN_POINT('',(-0.6,2.1,0.));
#6380 = LINE('',#6381,#6382);
#6381 = CARTESIAN_POINT('',(-0.9,2.1,0.));
#6382 = VECTOR('',#6383,1.);
#6383 = DIRECTION('',(1.,0.,-0.));
#6384 = ORIENTED_EDGE('',*,*,#6385,.T.);
#6385 = EDGE_CURVE('',#6376,#6386,#6388,.T.);
#6386 = VERTEX_POINT('',#6387);
#6387 = CARTESIAN_POINT('',(-0.9,2.4,0.));
#6388 = LINE('',#6389,#6390);
#6389 = CARTESIAN_POINT('',(-0.9,2.1,0.));
#6390 = VECTOR('',#6391,1.);
#6391 = DIRECTION('',(-0.,1.,0.));
#6392 = ORIENTED_EDGE('',*,*,#6393,.T.);
#6393 = EDGE_CURVE('',#6386,#6394,#6396,.T.);
#6394 = VERTEX_POINT('',#6395);
#6395 = CARTESIAN_POINT('',(-0.6,2.4,0.));
#6396 = LINE('',#6397,#6398);
#6397 = CARTESIAN_POINT('',(-0.9,2.4,0.));
#6398 = VECTOR('',#6399,1.);
#6399 = DIRECTION('',(1.,0.,-0.));
#6400 = ORIENTED_EDGE('',*,*,#6401,.F.);
#6401 = EDGE_CURVE('',#6378,#6394,#6402,.T.);
#6402 = LINE('',#6403,#6404);
#6403 = CARTESIAN_POINT('',(-0.6,2.1,0.));
#6404 = VECTOR('',#6405,1.);
#6405 = DIRECTION('',(-0.,1.,0.));
#6406 = FACE_BOUND('',#6407,.F.);
#6407 = EDGE_LOOP('',(#6408,#6418,#6426,#6434));
#6408 = ORIENTED_EDGE('',*,*,#6409,.F.);
#6409 = EDGE_CURVE('',#6410,#6412,#6414,.T.);
#6410 = VERTEX_POINT('',#6411);
#6411 = CARTESIAN_POINT('',(-0.3,2.1,0.));
#6412 = VERTEX_POINT('',#6413);
#6413 = CARTESIAN_POINT('',(2.775557561563E-16,2.1,0.));
#6414 = LINE('',#6415,#6416);
#6415 = CARTESIAN_POINT('',(-0.3,2.1,0.));
#6416 = VECTOR('',#6417,1.);
#6417 = DIRECTION('',(1.,0.,-0.));
#6418 = ORIENTED_EDGE('',*,*,#6419,.T.);
#6419 = EDGE_CURVE('',#6410,#6420,#6422,.T.);
#6420 = VERTEX_POINT('',#6421);
#6421 = CARTESIAN_POINT('',(-0.3,2.4,0.));
#6422 = LINE('',#6423,#6424);
#6423 = CARTESIAN_POINT('',(-0.3,2.1,0.));
#6424 = VECTOR('',#6425,1.);
#6425 = DIRECTION('',(-0.,1.,0.));
#6426 = ORIENTED_EDGE('',*,*,#6427,.T.);
#6427 = EDGE_CURVE('',#6420,#6428,#6430,.T.);
#6428 = VERTEX_POINT('',#6429);
#6429 = CARTESIAN_POINT('',(2.775557561563E-16,2.4,0.));
#6430 = LINE('',#6431,#6432);
#6431 = CARTESIAN_POINT('',(-0.3,2.4,0.));
#6432 = VECTOR('',#6433,1.);
#6433 = DIRECTION('',(1.,0.,-0.));
#6434 = ORIENTED_EDGE('',*,*,#6435,.F.);
#6435 = EDGE_CURVE('',#6412,#6428,#6436,.T.);
#6436 = LINE('',#6437,#6438);
#6437 = CARTESIAN_POINT('',(2.775557561563E-16,2.1,0.));
#6438 = VECTOR('',#6439,1.);
#6439 = DIRECTION('',(-0.,1.,0.));
#6440 = FACE_BOUND('',#6441,.F.);
#6441 = EDGE_LOOP('',(#6442,#6452,#6460,#6468));
#6442 = ORIENTED_EDGE('',*,*,#6443,.F.);
#6443 = EDGE_CURVE('',#6444,#6446,#6448,.T.);
#6444 = VERTEX_POINT('',#6445);
#6445 = CARTESIAN_POINT('',(-0.9,2.7,0.));
#6446 = VERTEX_POINT('',#6447);
#6447 = CARTESIAN_POINT('',(-0.6,2.7,0.));
#6448 = LINE('',#6449,#6450);
#6449 = CARTESIAN_POINT('',(-0.9,2.7,0.));
#6450 = VECTOR('',#6451,1.);
#6451 = DIRECTION('',(1.,0.,-0.));
#6452 = ORIENTED_EDGE('',*,*,#6453,.T.);
#6453 = EDGE_CURVE('',#6444,#6454,#6456,.T.);
#6454 = VERTEX_POINT('',#6455);
#6455 = CARTESIAN_POINT('',(-0.9,3.,0.));
#6456 = LINE('',#6457,#6458);
#6457 = CARTESIAN_POINT('',(-0.9,2.7,0.));
#6458 = VECTOR('',#6459,1.);
#6459 = DIRECTION('',(-0.,1.,0.));
#6460 = ORIENTED_EDGE('',*,*,#6461,.T.);
#6461 = EDGE_CURVE('',#6454,#6462,#6464,.T.);
#6462 = VERTEX_POINT('',#6463);
#6463 = CARTESIAN_POINT('',(-0.6,3.,0.));
#6464 = LINE('',#6465,#6466);
#6465 = CARTESIAN_POINT('',(-0.9,3.,0.));
#6466 = VECTOR('',#6467,1.);
#6467 = DIRECTION('',(1.,0.,-0.));
#6468 = ORIENTED_EDGE('',*,*,#6469,.F.);
#6469 = EDGE_CURVE('',#6446,#6462,#6470,.T.);
#6470 = LINE('',#6471,#6472);
#6471 = CARTESIAN_POINT('',(-0.6,2.7,0.));
#6472 = VECTOR('',#6473,1.);
#6473 = DIRECTION('',(-0.,1.,0.));
#6474 = FACE_BOUND('',#6475,.F.);
#6475 = EDGE_LOOP('',(#6476,#6486,#6494,#6502));
#6476 = ORIENTED_EDGE('',*,*,#6477,.F.);
#6477 = EDGE_CURVE('',#6478,#6480,#6482,.T.);
#6478 = VERTEX_POINT('',#6479);
#6479 = CARTESIAN_POINT('',(-0.3,2.7,0.));
#6480 = VERTEX_POINT('',#6481);
#6481 = CARTESIAN_POINT('',(2.775557561563E-16,2.7,0.));
#6482 = LINE('',#6483,#6484);
#6483 = CARTESIAN_POINT('',(-0.3,2.7,0.));
#6484 = VECTOR('',#6485,1.);
#6485 = DIRECTION('',(1.,0.,-0.));
#6486 = ORIENTED_EDGE('',*,*,#6487,.T.);
#6487 = EDGE_CURVE('',#6478,#6488,#6490,.T.);
#6488 = VERTEX_POINT('',#6489);
#6489 = CARTESIAN_POINT('',(-0.3,3.,0.));
#6490 = LINE('',#6491,#6492);
#6491 = CARTESIAN_POINT('',(-0.3,2.7,0.));
#6492 = VECTOR('',#6493,1.);
#6493 = DIRECTION('',(-0.,1.,0.));
#6494 = ORIENTED_EDGE('',*,*,#6495,.T.);
#6495 = EDGE_CURVE('',#6488,#6496,#6498,.T.);
#6496 = VERTEX_POINT('',#6497);
#6497 = CARTESIAN_POINT('',(2.775557561563E-16,3.,0.));
#6498 = LINE('',#6499,#6500);
#6499 = CARTESIAN_POINT('',(-0.3,3.,0.));
#6500 = VECTOR('',#6501,1.);
#6501 = DIRECTION('',(1.,0.,-0.));
#6502 = ORIENTED_EDGE('',*,*,#6503,.F.);
#6503 = EDGE_CURVE('',#6480,#6496,#6504,.T.);
#6504 = LINE('',#6505,#6506);
#6505 = CARTESIAN_POINT('',(2.775557561563E-16,2.7,0.));
#6506 = VECTOR('',#6507,1.);
#6507 = DIRECTION('',(-0.,1.,0.));
#6508 = FACE_BOUND('',#6509,.F.);
#6509 = EDGE_LOOP('',(#6510,#6520,#6528,#6536));
#6510 = ORIENTED_EDGE('',*,*,#6511,.F.);
#6511 = EDGE_CURVE('',#6512,#6514,#6516,.T.);
#6512 = VERTEX_POINT('',#6513);
#6513 = CARTESIAN_POINT('',(0.3,0.3,0.));
#6514 = VERTEX_POINT('',#6515);
#6515 = CARTESIAN_POINT('',(0.6,0.3,0.));
#6516 = LINE('',#6517,#6518);
#6517 = CARTESIAN_POINT('',(0.3,0.3,0.));
#6518 = VECTOR('',#6519,1.);
#6519 = DIRECTION('',(1.,0.,-0.));
#6520 = ORIENTED_EDGE('',*,*,#6521,.T.);
#6521 = EDGE_CURVE('',#6512,#6522,#6524,.T.);
#6522 = VERTEX_POINT('',#6523);
#6523 = CARTESIAN_POINT('',(0.3,0.6,0.));
#6524 = LINE('',#6525,#6526);
#6525 = CARTESIAN_POINT('',(0.3,0.3,0.));
#6526 = VECTOR('',#6527,1.);
#6527 = DIRECTION('',(-0.,1.,0.));
#6528 = ORIENTED_EDGE('',*,*,#6529,.T.);
#6529 = EDGE_CURVE('',#6522,#6530,#6532,.T.);
#6530 = VERTEX_POINT('',#6531);
#6531 = CARTESIAN_POINT('',(0.6,0.6,0.));
#6532 = LINE('',#6533,#6534);
#6533 = CARTESIAN_POINT('',(0.3,0.6,0.));
#6534 = VECTOR('',#6535,1.);
#6535 = DIRECTION('',(1.,0.,-0.));
#6536 = ORIENTED_EDGE('',*,*,#6537,.F.);
#6537 = EDGE_CURVE('',#6514,#6530,#6538,.T.);
#6538 = LINE('',#6539,#6540);
#6539 = CARTESIAN_POINT('',(0.6,0.3,0.));
#6540 = VECTOR('',#6541,1.);
#6541 = DIRECTION('',(-0.,1.,0.));
#6542 = FACE_BOUND('',#6543,.F.);
#6543 = EDGE_LOOP('',(#6544,#6554,#6562,#6570));
#6544 = ORIENTED_EDGE('',*,*,#6545,.F.);
#6545 = EDGE_CURVE('',#6546,#6548,#6550,.T.);
#6546 = VERTEX_POINT('',#6547);
#6547 = CARTESIAN_POINT('',(0.9,0.3,0.));
#6548 = VERTEX_POINT('',#6549);
#6549 = CARTESIAN_POINT('',(1.2,0.3,0.));
#6550 = LINE('',#6551,#6552);
#6551 = CARTESIAN_POINT('',(0.9,0.3,0.));
#6552 = VECTOR('',#6553,1.);
#6553 = DIRECTION('',(1.,0.,-0.));
#6554 = ORIENTED_EDGE('',*,*,#6555,.T.);
#6555 = EDGE_CURVE('',#6546,#6556,#6558,.T.);
#6556 = VERTEX_POINT('',#6557);
#6557 = CARTESIAN_POINT('',(0.9,0.6,0.));
#6558 = LINE('',#6559,#6560);
#6559 = CARTESIAN_POINT('',(0.9,0.3,0.));
#6560 = VECTOR('',#6561,1.);
#6561 = DIRECTION('',(-0.,1.,0.));
#6562 = ORIENTED_EDGE('',*,*,#6563,.T.);
#6563 = EDGE_CURVE('',#6556,#6564,#6566,.T.);
#6564 = VERTEX_POINT('',#6565);
#6565 = CARTESIAN_POINT('',(1.2,0.6,0.));
#6566 = LINE('',#6567,#6568);
#6567 = CARTESIAN_POINT('',(0.9,0.6,0.));
#6568 = VECTOR('',#6569,1.);
#6569 = DIRECTION('',(1.,0.,-0.));
#6570 = ORIENTED_EDGE('',*,*,#6571,.F.);
#6571 = EDGE_CURVE('',#6548,#6564,#6572,.T.);
#6572 = LINE('',#6573,#6574);
#6573 = CARTESIAN_POINT('',(1.2,0.3,0.));
#6574 = VECTOR('',#6575,1.);
#6575 = DIRECTION('',(-0.,1.,0.));
#6576 = FACE_BOUND('',#6577,.F.);
#6577 = EDGE_LOOP('',(#6578,#6588,#6596,#6604));
#6578 = ORIENTED_EDGE('',*,*,#6579,.F.);
#6579 = EDGE_CURVE('',#6580,#6582,#6584,.T.);
#6580 = VERTEX_POINT('',#6581);
#6581 = CARTESIAN_POINT('',(0.3,0.9,0.));
#6582 = VERTEX_POINT('',#6583);
#6583 = CARTESIAN_POINT('',(0.6,0.9,0.));
#6584 = LINE('',#6585,#6586);
#6585 = CARTESIAN_POINT('',(0.3,0.9,0.));
#6586 = VECTOR('',#6587,1.);
#6587 = DIRECTION('',(1.,0.,-0.));
#6588 = ORIENTED_EDGE('',*,*,#6589,.T.);
#6589 = EDGE_CURVE('',#6580,#6590,#6592,.T.);
#6590 = VERTEX_POINT('',#6591);
#6591 = CARTESIAN_POINT('',(0.3,1.2,0.));
#6592 = LINE('',#6593,#6594);
#6593 = CARTESIAN_POINT('',(0.3,0.9,0.));
#6594 = VECTOR('',#6595,1.);
#6595 = DIRECTION('',(-0.,1.,0.));
#6596 = ORIENTED_EDGE('',*,*,#6597,.T.);
#6597 = EDGE_CURVE('',#6590,#6598,#6600,.T.);
#6598 = VERTEX_POINT('',#6599);
#6599 = CARTESIAN_POINT('',(0.6,1.2,0.));
#6600 = LINE('',#6601,#6602);
#6601 = CARTESIAN_POINT('',(0.3,1.2,0.));
#6602 = VECTOR('',#6603,1.);
#6603 = DIRECTION('',(1.,0.,-0.));
#6604 = ORIENTED_EDGE('',*,*,#6605,.F.);
#6605 = EDGE_CURVE('',#6582,#6598,#6606,.T.);
#6606 = LINE('',#6607,#6608);
#6607 = CARTESIAN_POINT('',(0.6,0.9,0.));
#6608 = VECTOR('',#6609,1.);
#6609 = DIRECTION('',(-0.,1.,0.));
#6610 = FACE_BOUND('',#6611,.F.);
#6611 = EDGE_LOOP('',(#6612,#6622,#6630,#6638));
#6612 = ORIENTED_EDGE('',*,*,#6613,.F.);
#6613 = EDGE_CURVE('',#6614,#6616,#6618,.T.);
#6614 = VERTEX_POINT('',#6615);
#6615 = CARTESIAN_POINT('',(0.9,0.9,0.));
#6616 = VERTEX_POINT('',#6617);
#6617 = CARTESIAN_POINT('',(1.2,0.9,0.));
#6618 = LINE('',#6619,#6620);
#6619 = CARTESIAN_POINT('',(0.9,0.9,0.));
#6620 = VECTOR('',#6621,1.);
#6621 = DIRECTION('',(1.,0.,-0.));
#6622 = ORIENTED_EDGE('',*,*,#6623,.T.);
#6623 = EDGE_CURVE('',#6614,#6624,#6626,.T.);
#6624 = VERTEX_POINT('',#6625);
#6625 = CARTESIAN_POINT('',(0.9,1.2,0.));
#6626 = LINE('',#6627,#6628);
#6627 = CARTESIAN_POINT('',(0.9,0.9,0.));
#6628 = VECTOR('',#6629,1.);
#6629 = DIRECTION('',(-0.,1.,0.));
#6630 = ORIENTED_EDGE('',*,*,#6631,.T.);
#6631 = EDGE_CURVE('',#6624,#6632,#6634,.T.);
#6632 = VERTEX_POINT('',#6633);
#6633 = CARTESIAN_POINT('',(1.2,1.2,0.));
#6634 = LINE('',#6635,#6636);
#6635 = CARTESIAN_POINT('',(0.9,1.2,0.));
#6636 = VECTOR('',#6637,1.);
#6637 = DIRECTION('',(1.,0.,-0.));
#6638 = ORIENTED_EDGE('',*,*,#6639,.F.);
#6639 = EDGE_CURVE('',#6616,#6632,#6640,.T.);
#6640 = LINE('',#6641,#6642);
#6641 = CARTESIAN_POINT('',(1.2,0.9,0.));
#6642 = VECTOR('',#6643,1.);
#6643 = DIRECTION('',(-0.,1.,0.));
#6644 = FACE_BOUND('',#6645,.F.);
#6645 = EDGE_LOOP('',(#6646,#6656,#6664,#6672));
#6646 = ORIENTED_EDGE('',*,*,#6647,.F.);
#6647 = EDGE_CURVE('',#6648,#6650,#6652,.T.);
#6648 = VERTEX_POINT('',#6649);
#6649 = CARTESIAN_POINT('',(1.5,0.3,0.));
#6650 = VERTEX_POINT('',#6651);
#6651 = CARTESIAN_POINT('',(1.8,0.3,0.));
#6652 = LINE('',#6653,#6654);
#6653 = CARTESIAN_POINT('',(1.5,0.3,0.));
#6654 = VECTOR('',#6655,1.);
#6655 = DIRECTION('',(1.,0.,-0.));
#6656 = ORIENTED_EDGE('',*,*,#6657,.T.);
#6657 = EDGE_CURVE('',#6648,#6658,#6660,.T.);
#6658 = VERTEX_POINT('',#6659);
#6659 = CARTESIAN_POINT('',(1.5,0.6,0.));
#6660 = LINE('',#6661,#6662);
#6661 = CARTESIAN_POINT('',(1.5,0.3,0.));
#6662 = VECTOR('',#6663,1.);
#6663 = DIRECTION('',(-0.,1.,0.));
#6664 = ORIENTED_EDGE('',*,*,#6665,.T.);
#6665 = EDGE_CURVE('',#6658,#6666,#6668,.T.);
#6666 = VERTEX_POINT('',#6667);
#6667 = CARTESIAN_POINT('',(1.8,0.6,0.));
#6668 = LINE('',#6669,#6670);
#6669 = CARTESIAN_POINT('',(1.5,0.6,0.));
#6670 = VECTOR('',#6671,1.);
#6671 = DIRECTION('',(1.,0.,-0.));
#6672 = ORIENTED_EDGE('',*,*,#6673,.F.);
#6673 = EDGE_CURVE('',#6650,#6666,#6674,.T.);
#6674 = LINE('',#6675,#6676);
#6675 = CARTESIAN_POINT('',(1.8,0.3,0.));
#6676 = VECTOR('',#6677,1.);
#6677 = DIRECTION('',(-0.,1.,0.));
#6678 = FACE_BOUND('',#6679,.F.);
#6679 = EDGE_LOOP('',(#6680,#6690,#6698,#6706));
#6680 = ORIENTED_EDGE('',*,*,#6681,.F.);
#6681 = EDGE_CURVE('',#6682,#6684,#6686,.T.);
#6682 = VERTEX_POINT('',#6683);
#6683 = CARTESIAN_POINT('',(2.1,0.3,0.));
#6684 = VERTEX_POINT('',#6685);
#6685 = CARTESIAN_POINT('',(2.4,0.3,0.));
#6686 = LINE('',#6687,#6688);
#6687 = CARTESIAN_POINT('',(2.1,0.3,0.));
#6688 = VECTOR('',#6689,1.);
#6689 = DIRECTION('',(1.,0.,-0.));
#6690 = ORIENTED_EDGE('',*,*,#6691,.T.);
#6691 = EDGE_CURVE('',#6682,#6692,#6694,.T.);
#6692 = VERTEX_POINT('',#6693);
#6693 = CARTESIAN_POINT('',(2.1,0.6,0.));
#6694 = LINE('',#6695,#6696);
#6695 = CARTESIAN_POINT('',(2.1,0.3,0.));
#6696 = VECTOR('',#6697,1.);
#6697 = DIRECTION('',(-0.,1.,0.));
#6698 = ORIENTED_EDGE('',*,*,#6699,.T.);
#6699 = EDGE_CURVE('',#6692,#6700,#6702,.T.);
#6700 = VERTEX_POINT('',#6701);
#6701 = CARTESIAN_POINT('',(2.4,0.6,0.));
#6702 = LINE('',#6703,#6704);
#6703 = CARTESIAN_POINT('',(2.1,0.6,0.));
#6704 = VECTOR('',#6705,1.);
#6705 = DIRECTION('',(1.,0.,-0.));
#6706 = ORIENTED_EDGE('',*,*,#6707,.F.);
#6707 = EDGE_CURVE('',#6684,#6700,#6708,.T.);
#6708 = LINE('',#6709,#6710);
#6709 = CARTESIAN_POINT('',(2.4,0.3,0.));
#6710 = VECTOR('',#6711,1.);
#6711 = DIRECTION('',(-0.,1.,0.));
#6712 = FACE_BOUND('',#6713,.F.);
#6713 = EDGE_LOOP('',(#6714,#6724,#6732,#6740));
#6714 = ORIENTED_EDGE('',*,*,#6715,.F.);
#6715 = EDGE_CURVE('',#6716,#6718,#6720,.T.);
#6716 = VERTEX_POINT('',#6717);
#6717 = CARTESIAN_POINT('',(2.7,0.3,0.));
#6718 = VERTEX_POINT('',#6719);
#6719 = CARTESIAN_POINT('',(3.,0.3,0.));
#6720 = LINE('',#6721,#6722);
#6721 = CARTESIAN_POINT('',(2.7,0.3,0.));
#6722 = VECTOR('',#6723,1.);
#6723 = DIRECTION('',(1.,0.,-0.));
#6724 = ORIENTED_EDGE('',*,*,#6725,.T.);
#6725 = EDGE_CURVE('',#6716,#6726,#6728,.T.);
#6726 = VERTEX_POINT('',#6727);
#6727 = CARTESIAN_POINT('',(2.7,0.6,0.));
#6728 = LINE('',#6729,#6730);
#6729 = CARTESIAN_POINT('',(2.7,0.3,0.));
#6730 = VECTOR('',#6731,1.);
#6731 = DIRECTION('',(-0.,1.,0.));
#6732 = ORIENTED_EDGE('',*,*,#6733,.T.);
#6733 = EDGE_CURVE('',#6726,#6734,#6736,.T.);
#6734 = VERTEX_POINT('',#6735);
#6735 = CARTESIAN_POINT('',(3.,0.6,0.));
#6736 = LINE('',#6737,#6738);
#6737 = CARTESIAN_POINT('',(2.7,0.6,0.));
#6738 = VECTOR('',#6739,1.);
#6739 = DIRECTION('',(1.,0.,-0.));
#6740 = ORIENTED_EDGE('',*,*,#6741,.F.);
#6741 = EDGE_CURVE('',#6718,#6734,#6742,.T.);
#6742 = LINE('',#6743,#6744);
#6743 = CARTESIAN_POINT('',(3.,0.3,0.));
#6744 = VECTOR('',#6745,1.);
#6745 = DIRECTION('',(-0.,1.,0.));
#6746 = FACE_BOUND('',#6747,.F.);
#6747 = EDGE_LOOP('',(#6748,#6758,#6766,#6774));
#6748 = ORIENTED_EDGE('',*,*,#6749,.F.);
#6749 = EDGE_CURVE('',#6750,#6752,#6754,.T.);
#6750 = VERTEX_POINT('',#6751);
#6751 = CARTESIAN_POINT('',(1.5,0.9,0.));
#6752 = VERTEX_POINT('',#6753);
#6753 = CARTESIAN_POINT('',(1.8,0.9,0.));
#6754 = LINE('',#6755,#6756);
#6755 = CARTESIAN_POINT('',(1.5,0.9,0.));
#6756 = VECTOR('',#6757,1.);
#6757 = DIRECTION('',(1.,0.,-0.));
#6758 = ORIENTED_EDGE('',*,*,#6759,.T.);
#6759 = EDGE_CURVE('',#6750,#6760,#6762,.T.);
#6760 = VERTEX_POINT('',#6761);
#6761 = CARTESIAN_POINT('',(1.5,1.2,0.));
#6762 = LINE('',#6763,#6764);
#6763 = CARTESIAN_POINT('',(1.5,0.9,0.));
#6764 = VECTOR('',#6765,1.);
#6765 = DIRECTION('',(-0.,1.,0.));
#6766 = ORIENTED_EDGE('',*,*,#6767,.T.);
#6767 = EDGE_CURVE('',#6760,#6768,#6770,.T.);
#6768 = VERTEX_POINT('',#6769);
#6769 = CARTESIAN_POINT('',(1.8,1.2,0.));
#6770 = LINE('',#6771,#6772);
#6771 = CARTESIAN_POINT('',(1.5,1.2,0.));
#6772 = VECTOR('',#6773,1.);
#6773 = DIRECTION('',(1.,0.,-0.));
#6774 = ORIENTED_EDGE('',*,*,#6775,.F.);
#6775 = EDGE_CURVE('',#6752,#6768,#6776,.T.);
#6776 = LINE('',#6777,#6778);
#6777 = CARTESIAN_POINT('',(1.8,0.9,0.));
#6778 = VECTOR('',#6779,1.);
#6779 = DIRECTION('',(-0.,1.,0.));
#6780 = FACE_BOUND('',#6781,.F.);
#6781 = EDGE_LOOP('',(#6782,#6792,#6800,#6808));
#6782 = ORIENTED_EDGE('',*,*,#6783,.F.);
#6783 = EDGE_CURVE('',#6784,#6786,#6788,.T.);
#6784 = VERTEX_POINT('',#6785);
#6785 = CARTESIAN_POINT('',(2.1,0.9,0.));
#6786 = VERTEX_POINT('',#6787);
#6787 = CARTESIAN_POINT('',(2.4,0.9,0.));
#6788 = LINE('',#6789,#6790);
#6789 = CARTESIAN_POINT('',(2.1,0.9,0.));
#6790 = VECTOR('',#6791,1.);
#6791 = DIRECTION('',(1.,0.,-0.));
#6792 = ORIENTED_EDGE('',*,*,#6793,.T.);
#6793 = EDGE_CURVE('',#6784,#6794,#6796,.T.);
#6794 = VERTEX_POINT('',#6795);
#6795 = CARTESIAN_POINT('',(2.1,1.2,0.));
#6796 = LINE('',#6797,#6798);
#6797 = CARTESIAN_POINT('',(2.1,0.9,0.));
#6798 = VECTOR('',#6799,1.);
#6799 = DIRECTION('',(-0.,1.,0.));
#6800 = ORIENTED_EDGE('',*,*,#6801,.T.);
#6801 = EDGE_CURVE('',#6794,#6802,#6804,.T.);
#6802 = VERTEX_POINT('',#6803);
#6803 = CARTESIAN_POINT('',(2.4,1.2,0.));
#6804 = LINE('',#6805,#6806);
#6805 = CARTESIAN_POINT('',(2.1,1.2,0.));
#6806 = VECTOR('',#6807,1.);
#6807 = DIRECTION('',(1.,0.,-0.));
#6808 = ORIENTED_EDGE('',*,*,#6809,.F.);
#6809 = EDGE_CURVE('',#6786,#6802,#6810,.T.);
#6810 = LINE('',#6811,#6812);
#6811 = CARTESIAN_POINT('',(2.4,0.9,0.));
#6812 = VECTOR('',#6813,1.);
#6813 = DIRECTION('',(-0.,1.,0.));
#6814 = FACE_BOUND('',#6815,.F.);
#6815 = EDGE_LOOP('',(#6816,#6826,#6834,#6842));
#6816 = ORIENTED_EDGE('',*,*,#6817,.F.);
#6817 = EDGE_CURVE('',#6818,#6820,#6822,.T.);
#6818 = VERTEX_POINT('',#6819);
#6819 = CARTESIAN_POINT('',(2.7,0.9,0.));
#6820 = VERTEX_POINT('',#6821);
#6821 = CARTESIAN_POINT('',(3.,0.9,0.));
#6822 = LINE('',#6823,#6824);
#6823 = CARTESIAN_POINT('',(2.7,0.9,0.));
#6824 = VECTOR('',#6825,1.);
#6825 = DIRECTION('',(1.,0.,-0.));
#6826 = ORIENTED_EDGE('',*,*,#6827,.T.);
#6827 = EDGE_CURVE('',#6818,#6828,#6830,.T.);
#6828 = VERTEX_POINT('',#6829);
#6829 = CARTESIAN_POINT('',(2.7,1.2,0.));
#6830 = LINE('',#6831,#6832);
#6831 = CARTESIAN_POINT('',(2.7,0.9,0.));
#6832 = VECTOR('',#6833,1.);
#6833 = DIRECTION('',(-0.,1.,0.));
#6834 = ORIENTED_EDGE('',*,*,#6835,.T.);
#6835 = EDGE_CURVE('',#6828,#6836,#6838,.T.);
#6836 = VERTEX_POINT('',#6837);
#6837 = CARTESIAN_POINT('',(3.,1.2,0.));
#6838 = LINE('',#6839,#6840);
#6839 = CARTESIAN_POINT('',(2.7,1.2,0.));
#6840 = VECTOR('',#6841,1.);
#6841 = DIRECTION('',(1.,0.,-0.));
#6842 = ORIENTED_EDGE('',*,*,#6843,.F.);
#6843 = EDGE_CURVE('',#6820,#6836,#6844,.T.);
#6844 = LINE('',#6845,#6846);
#6845 = CARTESIAN_POINT('',(3.,0.9,0.));
#6846 = VECTOR('',#6847,1.);
#6847 = DIRECTION('',(-0.,1.,0.));
#6848 = FACE_BOUND('',#6849,.F.);
#6849 = EDGE_LOOP('',(#6850,#6860,#6868,#6876));
#6850 = ORIENTED_EDGE('',*,*,#6851,.F.);
#6851 = EDGE_CURVE('',#6852,#6854,#6856,.T.);
#6852 = VERTEX_POINT('',#6853);
#6853 = CARTESIAN_POINT('',(0.3,1.5,0.));
#6854 = VERTEX_POINT('',#6855);
#6855 = CARTESIAN_POINT('',(0.6,1.5,0.));
#6856 = LINE('',#6857,#6858);
#6857 = CARTESIAN_POINT('',(0.3,1.5,0.));
#6858 = VECTOR('',#6859,1.);
#6859 = DIRECTION('',(1.,0.,-0.));
#6860 = ORIENTED_EDGE('',*,*,#6861,.T.);
#6861 = EDGE_CURVE('',#6852,#6862,#6864,.T.);
#6862 = VERTEX_POINT('',#6863);
#6863 = CARTESIAN_POINT('',(0.3,1.8,0.));
#6864 = LINE('',#6865,#6866);
#6865 = CARTESIAN_POINT('',(0.3,1.5,0.));
#6866 = VECTOR('',#6867,1.);
#6867 = DIRECTION('',(-0.,1.,0.));
#6868 = ORIENTED_EDGE('',*,*,#6869,.T.);
#6869 = EDGE_CURVE('',#6862,#6870,#6872,.T.);
#6870 = VERTEX_POINT('',#6871);
#6871 = CARTESIAN_POINT('',(0.6,1.8,0.));
#6872 = LINE('',#6873,#6874);
#6873 = CARTESIAN_POINT('',(0.3,1.8,0.));
#6874 = VECTOR('',#6875,1.);
#6875 = DIRECTION('',(1.,0.,-0.));
#6876 = ORIENTED_EDGE('',*,*,#6877,.F.);
#6877 = EDGE_CURVE('',#6854,#6870,#6878,.T.);
#6878 = LINE('',#6879,#6880);
#6879 = CARTESIAN_POINT('',(0.6,1.5,0.));
#6880 = VECTOR('',#6881,1.);
#6881 = DIRECTION('',(-0.,1.,0.));
#6882 = FACE_BOUND('',#6883,.F.);
#6883 = EDGE_LOOP('',(#6884,#6894,#6902,#6910));
#6884 = ORIENTED_EDGE('',*,*,#6885,.F.);
#6885 = EDGE_CURVE('',#6886,#6888,#6890,.T.);
#6886 = VERTEX_POINT('',#6887);
#6887 = CARTESIAN_POINT('',(0.9,1.5,0.));
#6888 = VERTEX_POINT('',#6889);
#6889 = CARTESIAN_POINT('',(1.2,1.5,0.));
#6890 = LINE('',#6891,#6892);
#6891 = CARTESIAN_POINT('',(0.9,1.5,0.));
#6892 = VECTOR('',#6893,1.);
#6893 = DIRECTION('',(1.,0.,-0.));
#6894 = ORIENTED_EDGE('',*,*,#6895,.T.);
#6895 = EDGE_CURVE('',#6886,#6896,#6898,.T.);
#6896 = VERTEX_POINT('',#6897);
#6897 = CARTESIAN_POINT('',(0.9,1.8,0.));
#6898 = LINE('',#6899,#6900);
#6899 = CARTESIAN_POINT('',(0.9,1.5,0.));
#6900 = VECTOR('',#6901,1.);
#6901 = DIRECTION('',(-0.,1.,0.));
#6902 = ORIENTED_EDGE('',*,*,#6903,.T.);
#6903 = EDGE_CURVE('',#6896,#6904,#6906,.T.);
#6904 = VERTEX_POINT('',#6905);
#6905 = CARTESIAN_POINT('',(1.2,1.8,0.));
#6906 = LINE('',#6907,#6908);
#6907 = CARTESIAN_POINT('',(0.9,1.8,0.));
#6908 = VECTOR('',#6909,1.);
#6909 = DIRECTION('',(1.,0.,-0.));
#6910 = ORIENTED_EDGE('',*,*,#6911,.F.);
#6911 = EDGE_CURVE('',#6888,#6904,#6912,.T.);
#6912 = LINE('',#6913,#6914);
#6913 = CARTESIAN_POINT('',(1.2,1.5,0.));
#6914 = VECTOR('',#6915,1.);
#6915 = DIRECTION('',(-0.,1.,0.));
#6916 = FACE_BOUND('',#6917,.F.);
#6917 = EDGE_LOOP('',(#6918,#6928,#6936,#6944));
#6918 = ORIENTED_EDGE('',*,*,#6919,.F.);
#6919 = EDGE_CURVE('',#6920,#6922,#6924,.T.);
#6920 = VERTEX_POINT('',#6921);
#6921 = CARTESIAN_POINT('',(0.3,2.1,0.));
#6922 = VERTEX_POINT('',#6923);
#6923 = CARTESIAN_POINT('',(0.6,2.1,0.));
#6924 = LINE('',#6925,#6926);
#6925 = CARTESIAN_POINT('',(0.3,2.1,0.));
#6926 = VECTOR('',#6927,1.);
#6927 = DIRECTION('',(1.,0.,-0.));
#6928 = ORIENTED_EDGE('',*,*,#6929,.T.);
#6929 = EDGE_CURVE('',#6920,#6930,#6932,.T.);
#6930 = VERTEX_POINT('',#6931);
#6931 = CARTESIAN_POINT('',(0.3,2.4,0.));
#6932 = LINE('',#6933,#6934);
#6933 = CARTESIAN_POINT('',(0.3,2.1,0.));
#6934 = VECTOR('',#6935,1.);
#6935 = DIRECTION('',(-0.,1.,0.));
#6936 = ORIENTED_EDGE('',*,*,#6937,.T.);
#6937 = EDGE_CURVE('',#6930,#6938,#6940,.T.);
#6938 = VERTEX_POINT('',#6939);
#6939 = CARTESIAN_POINT('',(0.6,2.4,0.));
#6940 = LINE('',#6941,#6942);
#6941 = CARTESIAN_POINT('',(0.3,2.4,0.));
#6942 = VECTOR('',#6943,1.);
#6943 = DIRECTION('',(1.,0.,-0.));
#6944 = ORIENTED_EDGE('',*,*,#6945,.F.);
#6945 = EDGE_CURVE('',#6922,#6938,#6946,.T.);
#6946 = LINE('',#6947,#6948);
#6947 = CARTESIAN_POINT('',(0.6,2.1,0.));
#6948 = VECTOR('',#6949,1.);
#6949 = DIRECTION('',(-0.,1.,0.));
#6950 = FACE_BOUND('',#6951,.F.);
#6951 = EDGE_LOOP('',(#6952,#6962,#6970,#6978));
#6952 = ORIENTED_EDGE('',*,*,#6953,.F.);
#6953 = EDGE_CURVE('',#6954,#6956,#6958,.T.);
#6954 = VERTEX_POINT('',#6955);
#6955 = CARTESIAN_POINT('',(0.3,2.7,0.));
#6956 = VERTEX_POINT('',#6957);
#6957 = CARTESIAN_POINT('',(0.6,2.7,0.));
#6958 = LINE('',#6959,#6960);
#6959 = CARTESIAN_POINT('',(0.3,2.7,0.));
#6960 = VECTOR('',#6961,1.);
#6961 = DIRECTION('',(1.,0.,-0.));
#6962 = ORIENTED_EDGE('',*,*,#6963,.T.);
#6963 = EDGE_CURVE('',#6954,#6964,#6966,.T.);
#6964 = VERTEX_POINT('',#6965);
#6965 = CARTESIAN_POINT('',(0.3,3.,0.));
#6966 = LINE('',#6967,#6968);
#6967 = CARTESIAN_POINT('',(0.3,2.7,0.));
#6968 = VECTOR('',#6969,1.);
#6969 = DIRECTION('',(-0.,1.,0.));
#6970 = ORIENTED_EDGE('',*,*,#6971,.T.);
#6971 = EDGE_CURVE('',#6964,#6972,#6974,.T.);
#6972 = VERTEX_POINT('',#6973);
#6973 = CARTESIAN_POINT('',(0.6,3.,0.));
#6974 = LINE('',#6975,#6976);
#6975 = CARTESIAN_POINT('',(0.3,3.,0.));
#6976 = VECTOR('',#6977,1.);
#6977 = DIRECTION('',(1.,0.,-0.));
#6978 = ORIENTED_EDGE('',*,*,#6979,.F.);
#6979 = EDGE_CURVE('',#6956,#6972,#6980,.T.);
#6980 = LINE('',#6981,#6982);
#6981 = CARTESIAN_POINT('',(0.6,2.7,0.));
#6982 = VECTOR('',#6983,1.);
#6983 = DIRECTION('',(-0.,1.,0.));
#6984 = FACE_BOUND('',#6985,.F.);
#6985 = EDGE_LOOP('',(#6986,#6996,#7004,#7012));
#6986 = ORIENTED_EDGE('',*,*,#6987,.F.);
#6987 = EDGE_CURVE('',#6988,#6990,#6992,.T.);
#6988 = VERTEX_POINT('',#6989);
#6989 = CARTESIAN_POINT('',(0.9,2.1,0.));
#6990 = VERTEX_POINT('',#6991);
#6991 = CARTESIAN_POINT('',(1.2,2.1,0.));
#6992 = LINE('',#6993,#6994);
#6993 = CARTESIAN_POINT('',(0.9,2.1,0.));
#6994 = VECTOR('',#6995,1.);
#6995 = DIRECTION('',(1.,0.,-0.));
#6996 = ORIENTED_EDGE('',*,*,#6997,.T.);
#6997 = EDGE_CURVE('',#6988,#6998,#7000,.T.);
#6998 = VERTEX_POINT('',#6999);
#6999 = CARTESIAN_POINT('',(0.9,2.4,0.));
#7000 = LINE('',#7001,#7002);
#7001 = CARTESIAN_POINT('',(0.9,2.1,0.));
#7002 = VECTOR('',#7003,1.);
#7003 = DIRECTION('',(-0.,1.,0.));
#7004 = ORIENTED_EDGE('',*,*,#7005,.T.);
#7005 = EDGE_CURVE('',#6998,#7006,#7008,.T.);
#7006 = VERTEX_POINT('',#7007);
#7007 = CARTESIAN_POINT('',(1.2,2.4,0.));
#7008 = LINE('',#7009,#7010);
#7009 = CARTESIAN_POINT('',(0.9,2.4,0.));
#7010 = VECTOR('',#7011,1.);
#7011 = DIRECTION('',(1.,0.,-0.));
#7012 = ORIENTED_EDGE('',*,*,#7013,.F.);
#7013 = EDGE_CURVE('',#6990,#7006,#7014,.T.);
#7014 = LINE('',#7015,#7016);
#7015 = CARTESIAN_POINT('',(1.2,2.1,0.));
#7016 = VECTOR('',#7017,1.);
#7017 = DIRECTION('',(-0.,1.,0.));
#7018 = FACE_BOUND('',#7019,.F.);
#7019 = EDGE_LOOP('',(#7020,#7030,#7038,#7046));
#7020 = ORIENTED_EDGE('',*,*,#7021,.F.);
#7021 = EDGE_CURVE('',#7022,#7024,#7026,.T.);
#7022 = VERTEX_POINT('',#7023);
#7023 = CARTESIAN_POINT('',(0.9,2.7,0.));
#7024 = VERTEX_POINT('',#7025);
#7025 = CARTESIAN_POINT('',(1.2,2.7,0.));
#7026 = LINE('',#7027,#7028);
#7027 = CARTESIAN_POINT('',(0.9,2.7,0.));
#7028 = VECTOR('',#7029,1.);
#7029 = DIRECTION('',(1.,0.,-0.));
#7030 = ORIENTED_EDGE('',*,*,#7031,.T.);
#7031 = EDGE_CURVE('',#7022,#7032,#7034,.T.);
#7032 = VERTEX_POINT('',#7033);
#7033 = CARTESIAN_POINT('',(0.9,3.,0.));
#7034 = LINE('',#7035,#7036);
#7035 = CARTESIAN_POINT('',(0.9,2.7,0.));
#7036 = VECTOR('',#7037,1.);
#7037 = DIRECTION('',(-0.,1.,0.));
#7038 = ORIENTED_EDGE('',*,*,#7039,.T.);
#7039 = EDGE_CURVE('',#7032,#7040,#7042,.T.);
#7040 = VERTEX_POINT('',#7041);
#7041 = CARTESIAN_POINT('',(1.2,3.,0.));
#7042 = LINE('',#7043,#7044);
#7043 = CARTESIAN_POINT('',(0.9,3.,0.));
#7044 = VECTOR('',#7045,1.);
#7045 = DIRECTION('',(1.,0.,-0.));
#7046 = ORIENTED_EDGE('',*,*,#7047,.F.);
#7047 = EDGE_CURVE('',#7024,#7040,#7048,.T.);
#7048 = LINE('',#7049,#7050);
#7049 = CARTESIAN_POINT('',(1.2,2.7,0.));
#7050 = VECTOR('',#7051,1.);
#7051 = DIRECTION('',(-0.,1.,0.));
#7052 = FACE_BOUND('',#7053,.F.);
#7053 = EDGE_LOOP('',(#7054,#7064,#7072,#7080));
#7054 = ORIENTED_EDGE('',*,*,#7055,.F.);
#7055 = EDGE_CURVE('',#7056,#7058,#7060,.T.);
#7056 = VERTEX_POINT('',#7057);
#7057 = CARTESIAN_POINT('',(1.5,1.5,0.));
#7058 = VERTEX_POINT('',#7059);
#7059 = CARTESIAN_POINT('',(1.8,1.5,0.));
#7060 = LINE('',#7061,#7062);
#7061 = CARTESIAN_POINT('',(1.5,1.5,0.));
#7062 = VECTOR('',#7063,1.);
#7063 = DIRECTION('',(1.,0.,-0.));
#7064 = ORIENTED_EDGE('',*,*,#7065,.T.);
#7065 = EDGE_CURVE('',#7056,#7066,#7068,.T.);
#7066 = VERTEX_POINT('',#7067);
#7067 = CARTESIAN_POINT('',(1.5,1.8,0.));
#7068 = LINE('',#7069,#7070);
#7069 = CARTESIAN_POINT('',(1.5,1.5,0.));
#7070 = VECTOR('',#7071,1.);
#7071 = DIRECTION('',(-0.,1.,0.));
#7072 = ORIENTED_EDGE('',*,*,#7073,.T.);
#7073 = EDGE_CURVE('',#7066,#7074,#7076,.T.);
#7074 = VERTEX_POINT('',#7075);
#7075 = CARTESIAN_POINT('',(1.8,1.8,0.));
#7076 = LINE('',#7077,#7078);
#7077 = CARTESIAN_POINT('',(1.5,1.8,0.));
#7078 = VECTOR('',#7079,1.);
#7079 = DIRECTION('',(1.,0.,-0.));
#7080 = ORIENTED_EDGE('',*,*,#7081,.F.);
#7081 = EDGE_CURVE('',#7058,#7074,#7082,.T.);
#7082 = LINE('',#7083,#7084);
#7083 = CARTESIAN_POINT('',(1.8,1.5,0.));
#7084 = VECTOR('',#7085,1.);
#7085 = DIRECTION('',(-0.,1.,0.));
#7086 = FACE_BOUND('',#7087,.F.);
#7087 = EDGE_LOOP('',(#7088,#7098,#7106,#7114));
#7088 = ORIENTED_EDGE('',*,*,#7089,.F.);
#7089 = EDGE_CURVE('',#7090,#7092,#7094,.T.);
#7090 = VERTEX_POINT('',#7091);
#7091 = CARTESIAN_POINT('',(2.1,1.5,0.));
#7092 = VERTEX_POINT('',#7093);
#7093 = CARTESIAN_POINT('',(2.4,1.5,0.));
#7094 = LINE('',#7095,#7096);
#7095 = CARTESIAN_POINT('',(2.1,1.5,0.));
#7096 = VECTOR('',#7097,1.);
#7097 = DIRECTION('',(1.,0.,-0.));
#7098 = ORIENTED_EDGE('',*,*,#7099,.T.);
#7099 = EDGE_CURVE('',#7090,#7100,#7102,.T.);
#7100 = VERTEX_POINT('',#7101);
#7101 = CARTESIAN_POINT('',(2.1,1.8,0.));
#7102 = LINE('',#7103,#7104);
#7103 = CARTESIAN_POINT('',(2.1,1.5,0.));
#7104 = VECTOR('',#7105,1.);
#7105 = DIRECTION('',(-0.,1.,0.));
#7106 = ORIENTED_EDGE('',*,*,#7107,.T.);
#7107 = EDGE_CURVE('',#7100,#7108,#7110,.T.);
#7108 = VERTEX_POINT('',#7109);
#7109 = CARTESIAN_POINT('',(2.4,1.8,0.));
#7110 = LINE('',#7111,#7112);
#7111 = CARTESIAN_POINT('',(2.1,1.8,0.));
#7112 = VECTOR('',#7113,1.);
#7113 = DIRECTION('',(1.,0.,-0.));
#7114 = ORIENTED_EDGE('',*,*,#7115,.F.);
#7115 = EDGE_CURVE('',#7092,#7108,#7116,.T.);
#7116 = LINE('',#7117,#7118);
#7117 = CARTESIAN_POINT('',(2.4,1.5,0.));
#7118 = VECTOR('',#7119,1.);
#7119 = DIRECTION('',(-0.,1.,0.));
#7120 = FACE_BOUND('',#7121,.F.);
#7121 = EDGE_LOOP('',(#7122,#7132,#7140,#7148));
#7122 = ORIENTED_EDGE('',*,*,#7123,.F.);
#7123 = EDGE_CURVE('',#7124,#7126,#7128,.T.);
#7124 = VERTEX_POINT('',#7125);
#7125 = CARTESIAN_POINT('',(2.7,1.5,0.));
#7126 = VERTEX_POINT('',#7127);
#7127 = CARTESIAN_POINT('',(3.,1.5,0.));
#7128 = LINE('',#7129,#7130);
#7129 = CARTESIAN_POINT('',(2.7,1.5,0.));
#7130 = VECTOR('',#7131,1.);
#7131 = DIRECTION('',(1.,0.,-0.));
#7132 = ORIENTED_EDGE('',*,*,#7133,.T.);
#7133 = EDGE_CURVE('',#7124,#7134,#7136,.T.);
#7134 = VERTEX_POINT('',#7135);
#7135 = CARTESIAN_POINT('',(2.7,1.8,0.));
#7136 = LINE('',#7137,#7138);
#7137 = CARTESIAN_POINT('',(2.7,1.5,0.));
#7138 = VECTOR('',#7139,1.);
#7139 = DIRECTION('',(-0.,1.,0.));
#7140 = ORIENTED_EDGE('',*,*,#7141,.T.);
#7141 = EDGE_CURVE('',#7134,#7142,#7144,.T.);
#7142 = VERTEX_POINT('',#7143);
#7143 = CARTESIAN_POINT('',(3.,1.8,0.));
#7144 = LINE('',#7145,#7146);
#7145 = CARTESIAN_POINT('',(2.7,1.8,0.));
#7146 = VECTOR('',#7147,1.);
#7147 = DIRECTION('',(1.,0.,-0.));
#7148 = ORIENTED_EDGE('',*,*,#7149,.F.);
#7149 = EDGE_CURVE('',#7126,#7142,#7150,.T.);
#7150 = LINE('',#7151,#7152);
#7151 = CARTESIAN_POINT('',(3.,1.5,0.));
#7152 = VECTOR('',#7153,1.);
#7153 = DIRECTION('',(-0.,1.,0.));
#7154 = FACE_BOUND('',#7155,.F.);
#7155 = EDGE_LOOP('',(#7156,#7166,#7174,#7182));
#7156 = ORIENTED_EDGE('',*,*,#7157,.F.);
#7157 = EDGE_CURVE('',#7158,#7160,#7162,.T.);
#7158 = VERTEX_POINT('',#7159);
#7159 = CARTESIAN_POINT('',(1.5,2.1,0.));
#7160 = VERTEX_POINT('',#7161);
#7161 = CARTESIAN_POINT('',(1.8,2.1,0.));
#7162 = LINE('',#7163,#7164);
#7163 = CARTESIAN_POINT('',(1.5,2.1,0.));
#7164 = VECTOR('',#7165,1.);
#7165 = DIRECTION('',(1.,0.,-0.));
#7166 = ORIENTED_EDGE('',*,*,#7167,.T.);
#7167 = EDGE_CURVE('',#7158,#7168,#7170,.T.);
#7168 = VERTEX_POINT('',#7169);
#7169 = CARTESIAN_POINT('',(1.5,2.4,0.));
#7170 = LINE('',#7171,#7172);
#7171 = CARTESIAN_POINT('',(1.5,2.1,0.));
#7172 = VECTOR('',#7173,1.);
#7173 = DIRECTION('',(-0.,1.,0.));
#7174 = ORIENTED_EDGE('',*,*,#7175,.T.);
#7175 = EDGE_CURVE('',#7168,#7176,#7178,.T.);
#7176 = VERTEX_POINT('',#7177);
#7177 = CARTESIAN_POINT('',(1.8,2.4,0.));
#7178 = LINE('',#7179,#7180);
#7179 = CARTESIAN_POINT('',(1.5,2.4,0.));
#7180 = VECTOR('',#7181,1.);
#7181 = DIRECTION('',(1.,0.,-0.));
#7182 = ORIENTED_EDGE('',*,*,#7183,.F.);
#7183 = EDGE_CURVE('',#7160,#7176,#7184,.T.);
#7184 = LINE('',#7185,#7186);
#7185 = CARTESIAN_POINT('',(1.8,2.1,0.));
#7186 = VECTOR('',#7187,1.);
#7187 = DIRECTION('',(-0.,1.,0.));
#7188 = FACE_BOUND('',#7189,.F.);
#7189 = EDGE_LOOP('',(#7190,#7200,#7208,#7216));
#7190 = ORIENTED_EDGE('',*,*,#7191,.F.);
#7191 = EDGE_CURVE('',#7192,#7194,#7196,.T.);
#7192 = VERTEX_POINT('',#7193);
#7193 = CARTESIAN_POINT('',(1.5,2.7,0.));
#7194 = VERTEX_POINT('',#7195);
#7195 = CARTESIAN_POINT('',(1.8,2.7,0.));
#7196 = LINE('',#7197,#7198);
#7197 = CARTESIAN_POINT('',(1.5,2.7,0.));
#7198 = VECTOR('',#7199,1.);
#7199 = DIRECTION('',(1.,0.,-0.));
#7200 = ORIENTED_EDGE('',*,*,#7201,.T.);
#7201 = EDGE_CURVE('',#7192,#7202,#7204,.T.);
#7202 = VERTEX_POINT('',#7203);
#7203 = CARTESIAN_POINT('',(1.5,3.,0.));
#7204 = LINE('',#7205,#7206);
#7205 = CARTESIAN_POINT('',(1.5,2.7,0.));
#7206 = VECTOR('',#7207,1.);
#7207 = DIRECTION('',(-0.,1.,0.));
#7208 = ORIENTED_EDGE('',*,*,#7209,.T.);
#7209 = EDGE_CURVE('',#7202,#7210,#7212,.T.);
#7210 = VERTEX_POINT('',#7211);
#7211 = CARTESIAN_POINT('',(1.8,3.,0.));
#7212 = LINE('',#7213,#7214);
#7213 = CARTESIAN_POINT('',(1.5,3.,0.));
#7214 = VECTOR('',#7215,1.);
#7215 = DIRECTION('',(1.,0.,-0.));
#7216 = ORIENTED_EDGE('',*,*,#7217,.F.);
#7217 = EDGE_CURVE('',#7194,#7210,#7218,.T.);
#7218 = LINE('',#7219,#7220);
#7219 = CARTESIAN_POINT('',(1.8,2.7,0.));
#7220 = VECTOR('',#7221,1.);
#7221 = DIRECTION('',(-0.,1.,0.));
#7222 = FACE_BOUND('',#7223,.F.);
#7223 = EDGE_LOOP('',(#7224,#7234,#7242,#7250));
#7224 = ORIENTED_EDGE('',*,*,#7225,.F.);
#7225 = EDGE_CURVE('',#7226,#7228,#7230,.T.);
#7226 = VERTEX_POINT('',#7227);
#7227 = CARTESIAN_POINT('',(2.1,2.1,0.));
#7228 = VERTEX_POINT('',#7229);
#7229 = CARTESIAN_POINT('',(2.4,2.1,0.));
#7230 = LINE('',#7231,#7232);
#7231 = CARTESIAN_POINT('',(2.1,2.1,0.));
#7232 = VECTOR('',#7233,1.);
#7233 = DIRECTION('',(1.,0.,-0.));
#7234 = ORIENTED_EDGE('',*,*,#7235,.T.);
#7235 = EDGE_CURVE('',#7226,#7236,#7238,.T.);
#7236 = VERTEX_POINT('',#7237);
#7237 = CARTESIAN_POINT('',(2.1,2.4,0.));
#7238 = LINE('',#7239,#7240);
#7239 = CARTESIAN_POINT('',(2.1,2.1,0.));
#7240 = VECTOR('',#7241,1.);
#7241 = DIRECTION('',(-0.,1.,0.));
#7242 = ORIENTED_EDGE('',*,*,#7243,.T.);
#7243 = EDGE_CURVE('',#7236,#7244,#7246,.T.);
#7244 = VERTEX_POINT('',#7245);
#7245 = CARTESIAN_POINT('',(2.4,2.4,0.));
#7246 = LINE('',#7247,#7248);
#7247 = CARTESIAN_POINT('',(2.1,2.4,0.));
#7248 = VECTOR('',#7249,1.);
#7249 = DIRECTION('',(1.,0.,-0.));
#7250 = ORIENTED_EDGE('',*,*,#7251,.F.);
#7251 = EDGE_CURVE('',#7228,#7244,#7252,.T.);
#7252 = LINE('',#7253,#7254);
#7253 = CARTESIAN_POINT('',(2.4,2.1,0.));
#7254 = VECTOR('',#7255,1.);
#7255 = DIRECTION('',(-0.,1.,0.));
#7256 = PLANE('',#7257);
#7257 = AXIS2_PLACEMENT_3D('',#7258,#7259,#7260);
#7258 = CARTESIAN_POINT('',(0.,0.,0.));
#7259 = DIRECTION('',(0.,0.,1.));
#7260 = DIRECTION('',(1.,0.,-0.));
#7261 = ADVANCED_FACE('',(#7262),#7278,.T.);
#7262 = FACE_BOUND('',#7263,.T.);
#7263 = EDGE_LOOP('',(#7264,#7265,#7271,#7272));
#7264 = ORIENTED_EDGE('',*,*,#3791,.F.);
#7265 = ORIENTED_EDGE('',*,*,#7266,.T.);
#7266 = EDGE_CURVE('',#3792,#317,#7267,.T.);
#7267 = LINE('',#7268,#7269);
#7268 = CARTESIAN_POINT('',(-2.1,-2.7,0.));
#7269 = VECTOR('',#7270,1.);
#7270 = DIRECTION('',(0.,0.,1.));
#7271 = ORIENTED_EDGE('',*,*,#314,.F.);
#7272 = ORIENTED_EDGE('',*,*,#7273,.F.);
#7273 = EDGE_CURVE('',#3794,#315,#7274,.T.);
#7274 = LINE('',#7275,#7276);
#7275 = CARTESIAN_POINT('',(-1.8,-2.7,0.));
#7276 = VECTOR('',#7277,1.);
#7277 = DIRECTION('',(0.,0.,1.));
#7278 = PLANE('',#7279);
#7279 = AXIS2_PLACEMENT_3D('',#7280,#7281,#7282);
#7280 = CARTESIAN_POINT('',(-2.1,-2.7,0.));
#7281 = DIRECTION('',(-0.,1.,0.));
#7282 = DIRECTION('',(0.,0.,1.));
#7283 = ADVANCED_FACE('',(#7284),#7295,.F.);
#7284 = FACE_BOUND('',#7285,.F.);
#7285 = EDGE_LOOP('',(#7286,#7287,#7288,#7294));
#7286 = ORIENTED_EDGE('',*,*,#7273,.F.);
#7287 = ORIENTED_EDGE('',*,*,#3817,.T.);
#7288 = ORIENTED_EDGE('',*,*,#7289,.T.);
#7289 = EDGE_CURVE('',#3810,#333,#7290,.T.);
#7290 = LINE('',#7291,#7292);
#7291 = CARTESIAN_POINT('',(-1.8,-2.4,0.));
#7292 = VECTOR('',#7293,1.);
#7293 = DIRECTION('',(0.,0.,1.));
#7294 = ORIENTED_EDGE('',*,*,#340,.F.);
#7295 = PLANE('',#7296);
#7296 = AXIS2_PLACEMENT_3D('',#7297,#7298,#7299);
#7297 = CARTESIAN_POINT('',(-1.8,-2.7,0.));
#7298 = DIRECTION('',(1.,0.,-0.));
#7299 = DIRECTION('',(0.,0.,1.));
#7300 = ADVANCED_FACE('',(#7301),#7312,.T.);
#7301 = FACE_BOUND('',#7302,.T.);
#7302 = EDGE_LOOP('',(#7303,#7304,#7305,#7311));
#7303 = ORIENTED_EDGE('',*,*,#7266,.F.);
#7304 = ORIENTED_EDGE('',*,*,#3801,.T.);
#7305 = ORIENTED_EDGE('',*,*,#7306,.T.);
#7306 = EDGE_CURVE('',#3802,#325,#7307,.T.);
#7307 = LINE('',#7308,#7309);
#7308 = CARTESIAN_POINT('',(-2.1,-2.4,0.));
#7309 = VECTOR('',#7310,1.);
#7310 = DIRECTION('',(0.,0.,1.));
#7311 = ORIENTED_EDGE('',*,*,#324,.F.);
#7312 = PLANE('',#7313);
#7313 = AXIS2_PLACEMENT_3D('',#7314,#7315,#7316);
#7314 = CARTESIAN_POINT('',(-2.1,-2.7,0.));
#7315 = DIRECTION('',(1.,0.,-0.));
#7316 = DIRECTION('',(0.,0.,1.));
#7317 = ADVANCED_FACE('',(#7318),#7324,.F.);
#7318 = FACE_BOUND('',#7319,.F.);
#7319 = EDGE_LOOP('',(#7320,#7321,#7322,#7323));
#7320 = ORIENTED_EDGE('',*,*,#3809,.F.);
#7321 = ORIENTED_EDGE('',*,*,#7306,.T.);
#7322 = ORIENTED_EDGE('',*,*,#332,.F.);
#7323 = ORIENTED_EDGE('',*,*,#7289,.F.);
#7324 = PLANE('',#7325);
#7325 = AXIS2_PLACEMENT_3D('',#7326,#7327,#7328);
#7326 = CARTESIAN_POINT('',(-2.1,-2.4,0.));
#7327 = DIRECTION('',(-0.,1.,0.));
#7328 = DIRECTION('',(0.,0.,1.));
#7329 = ADVANCED_FACE('',(#7330),#7346,.T.);
#7330 = FACE_BOUND('',#7331,.T.);
#7331 = EDGE_LOOP('',(#7332,#7333,#7339,#7340));
#7332 = ORIENTED_EDGE('',*,*,#3825,.F.);
#7333 = ORIENTED_EDGE('',*,*,#7334,.T.);
#7334 = EDGE_CURVE('',#3826,#351,#7335,.T.);
#7335 = LINE('',#7336,#7337);
#7336 = CARTESIAN_POINT('',(-2.7,-2.1,0.));
#7337 = VECTOR('',#7338,1.);
#7338 = DIRECTION('',(0.,0.,1.));
#7339 = ORIENTED_EDGE('',*,*,#348,.F.);
#7340 = ORIENTED_EDGE('',*,*,#7341,.F.);
#7341 = EDGE_CURVE('',#3828,#349,#7342,.T.);
#7342 = LINE('',#7343,#7344);
#7343 = CARTESIAN_POINT('',(-2.4,-2.1,0.));
#7344 = VECTOR('',#7345,1.);
#7345 = DIRECTION('',(0.,0.,1.));
#7346 = PLANE('',#7347);
#7347 = AXIS2_PLACEMENT_3D('',#7348,#7349,#7350);
#7348 = CARTESIAN_POINT('',(-2.7,-2.1,0.));
#7349 = DIRECTION('',(-0.,1.,0.));
#7350 = DIRECTION('',(0.,0.,1.));
#7351 = ADVANCED_FACE('',(#7352),#7363,.F.);
#7352 = FACE_BOUND('',#7353,.F.);
#7353 = EDGE_LOOP('',(#7354,#7355,#7356,#7362));
#7354 = ORIENTED_EDGE('',*,*,#7341,.F.);
#7355 = ORIENTED_EDGE('',*,*,#3851,.T.);
#7356 = ORIENTED_EDGE('',*,*,#7357,.T.);
#7357 = EDGE_CURVE('',#3844,#367,#7358,.T.);
#7358 = LINE('',#7359,#7360);
#7359 = CARTESIAN_POINT('',(-2.4,-1.8,0.));
#7360 = VECTOR('',#7361,1.);
#7361 = DIRECTION('',(0.,0.,1.));
#7362 = ORIENTED_EDGE('',*,*,#374,.F.);
#7363 = PLANE('',#7364);
#7364 = AXIS2_PLACEMENT_3D('',#7365,#7366,#7367);
#7365 = CARTESIAN_POINT('',(-2.4,-2.1,0.));
#7366 = DIRECTION('',(1.,0.,-0.));
#7367 = DIRECTION('',(0.,0.,1.));
#7368 = ADVANCED_FACE('',(#7369),#7380,.T.);
#7369 = FACE_BOUND('',#7370,.T.);
#7370 = EDGE_LOOP('',(#7371,#7372,#7373,#7379));
#7371 = ORIENTED_EDGE('',*,*,#7334,.F.);
#7372 = ORIENTED_EDGE('',*,*,#3835,.T.);
#7373 = ORIENTED_EDGE('',*,*,#7374,.T.);
#7374 = EDGE_CURVE('',#3836,#359,#7375,.T.);
#7375 = LINE('',#7376,#7377);
#7376 = CARTESIAN_POINT('',(-2.7,-1.8,0.));
#7377 = VECTOR('',#7378,1.);
#7378 = DIRECTION('',(0.,0.,1.));
#7379 = ORIENTED_EDGE('',*,*,#358,.F.);
#7380 = PLANE('',#7381);
#7381 = AXIS2_PLACEMENT_3D('',#7382,#7383,#7384);
#7382 = CARTESIAN_POINT('',(-2.7,-2.1,0.));
#7383 = DIRECTION('',(1.,0.,-0.));
#7384 = DIRECTION('',(0.,0.,1.));
#7385 = ADVANCED_FACE('',(#7386),#7392,.F.);
#7386 = FACE_BOUND('',#7387,.F.);
#7387 = EDGE_LOOP('',(#7388,#7389,#7390,#7391));
#7388 = ORIENTED_EDGE('',*,*,#3843,.F.);
#7389 = ORIENTED_EDGE('',*,*,#7374,.T.);
#7390 = ORIENTED_EDGE('',*,*,#366,.F.);
#7391 = ORIENTED_EDGE('',*,*,#7357,.F.);
#7392 = PLANE('',#7393);
#7393 = AXIS2_PLACEMENT_3D('',#7394,#7395,#7396);
#7394 = CARTESIAN_POINT('',(-2.7,-1.8,0.));
#7395 = DIRECTION('',(-0.,1.,0.));
#7396 = DIRECTION('',(0.,0.,1.));
#7397 = ADVANCED_FACE('',(#7398),#7414,.T.);
#7398 = FACE_BOUND('',#7399,.T.);
#7399 = EDGE_LOOP('',(#7400,#7401,#7407,#7408));
#7400 = ORIENTED_EDGE('',*,*,#3859,.F.);
#7401 = ORIENTED_EDGE('',*,*,#7402,.T.);
#7402 = EDGE_CURVE('',#3860,#385,#7403,.T.);
#7403 = LINE('',#7404,#7405);
#7404 = CARTESIAN_POINT('',(-2.1,-2.1,0.));
#7405 = VECTOR('',#7406,1.);
#7406 = DIRECTION('',(0.,0.,1.));
#7407 = ORIENTED_EDGE('',*,*,#382,.F.);
#7408 = ORIENTED_EDGE('',*,*,#7409,.F.);
#7409 = EDGE_CURVE('',#3862,#383,#7410,.T.);
#7410 = LINE('',#7411,#7412);
#7411 = CARTESIAN_POINT('',(-1.8,-2.1,0.));
#7412 = VECTOR('',#7413,1.);
#7413 = DIRECTION('',(0.,0.,1.));
#7414 = PLANE('',#7415);
#7415 = AXIS2_PLACEMENT_3D('',#7416,#7417,#7418);
#7416 = CARTESIAN_POINT('',(-2.1,-2.1,0.));
#7417 = DIRECTION('',(-0.,1.,0.));
#7418 = DIRECTION('',(0.,0.,1.));
#7419 = ADVANCED_FACE('',(#7420),#7431,.F.);
#7420 = FACE_BOUND('',#7421,.F.);
#7421 = EDGE_LOOP('',(#7422,#7423,#7424,#7430));
#7422 = ORIENTED_EDGE('',*,*,#7409,.F.);
#7423 = ORIENTED_EDGE('',*,*,#3885,.T.);
#7424 = ORIENTED_EDGE('',*,*,#7425,.T.);
#7425 = EDGE_CURVE('',#3878,#401,#7426,.T.);
#7426 = LINE('',#7427,#7428);
#7427 = CARTESIAN_POINT('',(-1.8,-1.8,0.));
#7428 = VECTOR('',#7429,1.);
#7429 = DIRECTION('',(0.,0.,1.));
#7430 = ORIENTED_EDGE('',*,*,#408,.F.);
#7431 = PLANE('',#7432);
#7432 = AXIS2_PLACEMENT_3D('',#7433,#7434,#7435);
#7433 = CARTESIAN_POINT('',(-1.8,-2.1,0.));
#7434 = DIRECTION('',(1.,0.,-0.));
#7435 = DIRECTION('',(0.,0.,1.));
#7436 = ADVANCED_FACE('',(#7437),#7448,.T.);
#7437 = FACE_BOUND('',#7438,.T.);
#7438 = EDGE_LOOP('',(#7439,#7440,#7441,#7447));
#7439 = ORIENTED_EDGE('',*,*,#7402,.F.);
#7440 = ORIENTED_EDGE('',*,*,#3869,.T.);
#7441 = ORIENTED_EDGE('',*,*,#7442,.T.);
#7442 = EDGE_CURVE('',#3870,#393,#7443,.T.);
#7443 = LINE('',#7444,#7445);
#7444 = CARTESIAN_POINT('',(-2.1,-1.8,0.));
#7445 = VECTOR('',#7446,1.);
#7446 = DIRECTION('',(0.,0.,1.));
#7447 = ORIENTED_EDGE('',*,*,#392,.F.);
#7448 = PLANE('',#7449);
#7449 = AXIS2_PLACEMENT_3D('',#7450,#7451,#7452);
#7450 = CARTESIAN_POINT('',(-2.1,-2.1,0.));
#7451 = DIRECTION('',(1.,0.,-0.));
#7452 = DIRECTION('',(0.,0.,1.));
#7453 = ADVANCED_FACE('',(#7454),#7460,.F.);
#7454 = FACE_BOUND('',#7455,.F.);
#7455 = EDGE_LOOP('',(#7456,#7457,#7458,#7459));
#7456 = ORIENTED_EDGE('',*,*,#3877,.F.);
#7457 = ORIENTED_EDGE('',*,*,#7442,.T.);
#7458 = ORIENTED_EDGE('',*,*,#400,.F.);
#7459 = ORIENTED_EDGE('',*,*,#7425,.F.);
#7460 = PLANE('',#7461);
#7461 = AXIS2_PLACEMENT_3D('',#7462,#7463,#7464);
#7462 = CARTESIAN_POINT('',(-2.1,-1.8,0.));
#7463 = DIRECTION('',(-0.,1.,0.));
#7464 = DIRECTION('',(0.,0.,1.));
#7465 = ADVANCED_FACE('',(#7466),#7482,.T.);
#7466 = FACE_BOUND('',#7467,.T.);
#7467 = EDGE_LOOP('',(#7468,#7469,#7475,#7476));
#7468 = ORIENTED_EDGE('',*,*,#3893,.F.);
#7469 = ORIENTED_EDGE('',*,*,#7470,.T.);
#7470 = EDGE_CURVE('',#3894,#419,#7471,.T.);
#7471 = LINE('',#7472,#7473);
#7472 = CARTESIAN_POINT('',(-1.5,-3.3,0.));
#7473 = VECTOR('',#7474,1.);
#7474 = DIRECTION('',(0.,0.,1.));
#7475 = ORIENTED_EDGE('',*,*,#416,.F.);
#7476 = ORIENTED_EDGE('',*,*,#7477,.F.);
#7477 = EDGE_CURVE('',#3896,#417,#7478,.T.);
#7478 = LINE('',#7479,#7480);
#7479 = CARTESIAN_POINT('',(-1.2,-3.3,0.));
#7480 = VECTOR('',#7481,1.);
#7481 = DIRECTION('',(0.,0.,1.));
#7482 = PLANE('',#7483);
#7483 = AXIS2_PLACEMENT_3D('',#7484,#7485,#7486);
#7484 = CARTESIAN_POINT('',(-1.5,-3.3,0.));
#7485 = DIRECTION('',(-0.,1.,0.));
#7486 = DIRECTION('',(0.,0.,1.));
#7487 = ADVANCED_FACE('',(#7488),#7499,.F.);
#7488 = FACE_BOUND('',#7489,.F.);
#7489 = EDGE_LOOP('',(#7490,#7491,#7492,#7498));
#7490 = ORIENTED_EDGE('',*,*,#7477,.F.);
#7491 = ORIENTED_EDGE('',*,*,#3919,.T.);
#7492 = ORIENTED_EDGE('',*,*,#7493,.T.);
#7493 = EDGE_CURVE('',#3912,#435,#7494,.T.);
#7494 = LINE('',#7495,#7496);
#7495 = CARTESIAN_POINT('',(-1.2,-3.,0.));
#7496 = VECTOR('',#7497,1.);
#7497 = DIRECTION('',(0.,0.,1.));
#7498 = ORIENTED_EDGE('',*,*,#442,.F.);
#7499 = PLANE('',#7500);
#7500 = AXIS2_PLACEMENT_3D('',#7501,#7502,#7503);
#7501 = CARTESIAN_POINT('',(-1.2,-3.3,0.));
#7502 = DIRECTION('',(1.,0.,-0.));
#7503 = DIRECTION('',(0.,0.,1.));
#7504 = ADVANCED_FACE('',(#7505),#7516,.T.);
#7505 = FACE_BOUND('',#7506,.T.);
#7506 = EDGE_LOOP('',(#7507,#7508,#7509,#7515));
#7507 = ORIENTED_EDGE('',*,*,#7470,.F.);
#7508 = ORIENTED_EDGE('',*,*,#3903,.T.);
#7509 = ORIENTED_EDGE('',*,*,#7510,.T.);
#7510 = EDGE_CURVE('',#3904,#427,#7511,.T.);
#7511 = LINE('',#7512,#7513);
#7512 = CARTESIAN_POINT('',(-1.5,-3.,0.));
#7513 = VECTOR('',#7514,1.);
#7514 = DIRECTION('',(0.,0.,1.));
#7515 = ORIENTED_EDGE('',*,*,#426,.F.);
#7516 = PLANE('',#7517);
#7517 = AXIS2_PLACEMENT_3D('',#7518,#7519,#7520);
#7518 = CARTESIAN_POINT('',(-1.5,-3.3,0.));
#7519 = DIRECTION('',(1.,0.,-0.));
#7520 = DIRECTION('',(0.,0.,1.));
#7521 = ADVANCED_FACE('',(#7522),#7528,.F.);
#7522 = FACE_BOUND('',#7523,.F.);
#7523 = EDGE_LOOP('',(#7524,#7525,#7526,#7527));
#7524 = ORIENTED_EDGE('',*,*,#3911,.F.);
#7525 = ORIENTED_EDGE('',*,*,#7510,.T.);
#7526 = ORIENTED_EDGE('',*,*,#434,.F.);
#7527 = ORIENTED_EDGE('',*,*,#7493,.F.);
#7528 = PLANE('',#7529);
#7529 = AXIS2_PLACEMENT_3D('',#7530,#7531,#7532);
#7530 = CARTESIAN_POINT('',(-1.5,-3.,0.));
#7531 = DIRECTION('',(-0.,1.,0.));
#7532 = DIRECTION('',(0.,0.,1.));
#7533 = ADVANCED_FACE('',(#7534),#7550,.T.);
#7534 = FACE_BOUND('',#7535,.T.);
#7535 = EDGE_LOOP('',(#7536,#7537,#7543,#7544));
#7536 = ORIENTED_EDGE('',*,*,#3927,.F.);
#7537 = ORIENTED_EDGE('',*,*,#7538,.T.);
#7538 = EDGE_CURVE('',#3928,#453,#7539,.T.);
#7539 = LINE('',#7540,#7541);
#7540 = CARTESIAN_POINT('',(-1.5,-2.7,0.));
#7541 = VECTOR('',#7542,1.);
#7542 = DIRECTION('',(0.,0.,1.));
#7543 = ORIENTED_EDGE('',*,*,#450,.F.);
#7544 = ORIENTED_EDGE('',*,*,#7545,.F.);
#7545 = EDGE_CURVE('',#3930,#451,#7546,.T.);
#7546 = LINE('',#7547,#7548);
#7547 = CARTESIAN_POINT('',(-1.2,-2.7,0.));
#7548 = VECTOR('',#7549,1.);
#7549 = DIRECTION('',(0.,0.,1.));
#7550 = PLANE('',#7551);
#7551 = AXIS2_PLACEMENT_3D('',#7552,#7553,#7554);
#7552 = CARTESIAN_POINT('',(-1.5,-2.7,0.));
#7553 = DIRECTION('',(-0.,1.,0.));
#7554 = DIRECTION('',(0.,0.,1.));
#7555 = ADVANCED_FACE('',(#7556),#7567,.F.);
#7556 = FACE_BOUND('',#7557,.F.);
#7557 = EDGE_LOOP('',(#7558,#7559,#7560,#7566));
#7558 = ORIENTED_EDGE('',*,*,#7545,.F.);
#7559 = ORIENTED_EDGE('',*,*,#3953,.T.);
#7560 = ORIENTED_EDGE('',*,*,#7561,.T.);
#7561 = EDGE_CURVE('',#3946,#469,#7562,.T.);
#7562 = LINE('',#7563,#7564);
#7563 = CARTESIAN_POINT('',(-1.2,-2.4,0.));
#7564 = VECTOR('',#7565,1.);
#7565 = DIRECTION('',(0.,0.,1.));
#7566 = ORIENTED_EDGE('',*,*,#476,.F.);
#7567 = PLANE('',#7568);
#7568 = AXIS2_PLACEMENT_3D('',#7569,#7570,#7571);
#7569 = CARTESIAN_POINT('',(-1.2,-2.7,0.));
#7570 = DIRECTION('',(1.,0.,-0.));
#7571 = DIRECTION('',(0.,0.,1.));
#7572 = ADVANCED_FACE('',(#7573),#7584,.T.);
#7573 = FACE_BOUND('',#7574,.T.);
#7574 = EDGE_LOOP('',(#7575,#7576,#7577,#7583));
#7575 = ORIENTED_EDGE('',*,*,#7538,.F.);
#7576 = ORIENTED_EDGE('',*,*,#3937,.T.);
#7577 = ORIENTED_EDGE('',*,*,#7578,.T.);
#7578 = EDGE_CURVE('',#3938,#461,#7579,.T.);
#7579 = LINE('',#7580,#7581);
#7580 = CARTESIAN_POINT('',(-1.5,-2.4,0.));
#7581 = VECTOR('',#7582,1.);
#7582 = DIRECTION('',(0.,0.,1.));
#7583 = ORIENTED_EDGE('',*,*,#460,.F.);
#7584 = PLANE('',#7585);
#7585 = AXIS2_PLACEMENT_3D('',#7586,#7587,#7588);
#7586 = CARTESIAN_POINT('',(-1.5,-2.7,0.));
#7587 = DIRECTION('',(1.,0.,-0.));
#7588 = DIRECTION('',(0.,0.,1.));
#7589 = ADVANCED_FACE('',(#7590),#7596,.F.);
#7590 = FACE_BOUND('',#7591,.F.);
#7591 = EDGE_LOOP('',(#7592,#7593,#7594,#7595));
#7592 = ORIENTED_EDGE('',*,*,#3945,.F.);
#7593 = ORIENTED_EDGE('',*,*,#7578,.T.);
#7594 = ORIENTED_EDGE('',*,*,#468,.F.);
#7595 = ORIENTED_EDGE('',*,*,#7561,.F.);
#7596 = PLANE('',#7597);
#7597 = AXIS2_PLACEMENT_3D('',#7598,#7599,#7600);
#7598 = CARTESIAN_POINT('',(-1.5,-2.4,0.));
#7599 = DIRECTION('',(-0.,1.,0.));
#7600 = DIRECTION('',(0.,0.,1.));
#7601 = ADVANCED_FACE('',(#7602),#7618,.T.);
#7602 = FACE_BOUND('',#7603,.T.);
#7603 = EDGE_LOOP('',(#7604,#7605,#7611,#7612));
#7604 = ORIENTED_EDGE('',*,*,#3961,.F.);
#7605 = ORIENTED_EDGE('',*,*,#7606,.T.);
#7606 = EDGE_CURVE('',#3962,#487,#7607,.T.);
#7607 = LINE('',#7608,#7609);
#7608 = CARTESIAN_POINT('',(-0.9,-3.3,0.));
#7609 = VECTOR('',#7610,1.);
#7610 = DIRECTION('',(0.,0.,1.));
#7611 = ORIENTED_EDGE('',*,*,#484,.F.);
#7612 = ORIENTED_EDGE('',*,*,#7613,.F.);
#7613 = EDGE_CURVE('',#3964,#485,#7614,.T.);
#7614 = LINE('',#7615,#7616);
#7615 = CARTESIAN_POINT('',(-0.6,-3.3,0.));
#7616 = VECTOR('',#7617,1.);
#7617 = DIRECTION('',(0.,0.,1.));
#7618 = PLANE('',#7619);
#7619 = AXIS2_PLACEMENT_3D('',#7620,#7621,#7622);
#7620 = CARTESIAN_POINT('',(-0.9,-3.3,0.));
#7621 = DIRECTION('',(-0.,1.,0.));
#7622 = DIRECTION('',(0.,0.,1.));
#7623 = ADVANCED_FACE('',(#7624),#7635,.F.);
#7624 = FACE_BOUND('',#7625,.F.);
#7625 = EDGE_LOOP('',(#7626,#7627,#7628,#7634));
#7626 = ORIENTED_EDGE('',*,*,#7613,.F.);
#7627 = ORIENTED_EDGE('',*,*,#3987,.T.);
#7628 = ORIENTED_EDGE('',*,*,#7629,.T.);
#7629 = EDGE_CURVE('',#3980,#503,#7630,.T.);
#7630 = LINE('',#7631,#7632);
#7631 = CARTESIAN_POINT('',(-0.6,-3.,0.));
#7632 = VECTOR('',#7633,1.);
#7633 = DIRECTION('',(0.,0.,1.));
#7634 = ORIENTED_EDGE('',*,*,#510,.F.);
#7635 = PLANE('',#7636);
#7636 = AXIS2_PLACEMENT_3D('',#7637,#7638,#7639);
#7637 = CARTESIAN_POINT('',(-0.6,-3.3,0.));
#7638 = DIRECTION('',(1.,0.,-0.));
#7639 = DIRECTION('',(0.,0.,1.));
#7640 = ADVANCED_FACE('',(#7641),#7652,.T.);
#7641 = FACE_BOUND('',#7642,.T.);
#7642 = EDGE_LOOP('',(#7643,#7644,#7645,#7651));
#7643 = ORIENTED_EDGE('',*,*,#7606,.F.);
#7644 = ORIENTED_EDGE('',*,*,#3971,.T.);
#7645 = ORIENTED_EDGE('',*,*,#7646,.T.);
#7646 = EDGE_CURVE('',#3972,#495,#7647,.T.);
#7647 = LINE('',#7648,#7649);
#7648 = CARTESIAN_POINT('',(-0.9,-3.,0.));
#7649 = VECTOR('',#7650,1.);
#7650 = DIRECTION('',(0.,0.,1.));
#7651 = ORIENTED_EDGE('',*,*,#494,.F.);
#7652 = PLANE('',#7653);
#7653 = AXIS2_PLACEMENT_3D('',#7654,#7655,#7656);
#7654 = CARTESIAN_POINT('',(-0.9,-3.3,0.));
#7655 = DIRECTION('',(1.,0.,-0.));
#7656 = DIRECTION('',(0.,0.,1.));
#7657 = ADVANCED_FACE('',(#7658),#7664,.F.);
#7658 = FACE_BOUND('',#7659,.F.);
#7659 = EDGE_LOOP('',(#7660,#7661,#7662,#7663));
#7660 = ORIENTED_EDGE('',*,*,#3979,.F.);
#7661 = ORIENTED_EDGE('',*,*,#7646,.T.);
#7662 = ORIENTED_EDGE('',*,*,#502,.F.);
#7663 = ORIENTED_EDGE('',*,*,#7629,.F.);
#7664 = PLANE('',#7665);
#7665 = AXIS2_PLACEMENT_3D('',#7666,#7667,#7668);
#7666 = CARTESIAN_POINT('',(-0.9,-3.,0.));
#7667 = DIRECTION('',(-0.,1.,0.));
#7668 = DIRECTION('',(0.,0.,1.));
#7669 = ADVANCED_FACE('',(#7670),#7686,.T.);
#7670 = FACE_BOUND('',#7671,.T.);
#7671 = EDGE_LOOP('',(#7672,#7673,#7679,#7680));
#7672 = ORIENTED_EDGE('',*,*,#3995,.F.);
#7673 = ORIENTED_EDGE('',*,*,#7674,.T.);
#7674 = EDGE_CURVE('',#3996,#521,#7675,.T.);
#7675 = LINE('',#7676,#7677);
#7676 = CARTESIAN_POINT('',(-0.3,-3.3,0.));
#7677 = VECTOR('',#7678,1.);
#7678 = DIRECTION('',(0.,0.,1.));
#7679 = ORIENTED_EDGE('',*,*,#518,.F.);
#7680 = ORIENTED_EDGE('',*,*,#7681,.F.);
#7681 = EDGE_CURVE('',#3998,#519,#7682,.T.);
#7682 = LINE('',#7683,#7684);
#7683 = CARTESIAN_POINT('',(2.775557561563E-16,-3.3,0.));
#7684 = VECTOR('',#7685,1.);
#7685 = DIRECTION('',(0.,0.,1.));
#7686 = PLANE('',#7687);
#7687 = AXIS2_PLACEMENT_3D('',#7688,#7689,#7690);
#7688 = CARTESIAN_POINT('',(-0.3,-3.3,0.));
#7689 = DIRECTION('',(-0.,1.,0.));
#7690 = DIRECTION('',(0.,0.,1.));
#7691 = ADVANCED_FACE('',(#7692),#7703,.F.);
#7692 = FACE_BOUND('',#7693,.F.);
#7693 = EDGE_LOOP('',(#7694,#7695,#7696,#7702));
#7694 = ORIENTED_EDGE('',*,*,#7681,.F.);
#7695 = ORIENTED_EDGE('',*,*,#4021,.T.);
#7696 = ORIENTED_EDGE('',*,*,#7697,.T.);
#7697 = EDGE_CURVE('',#4014,#537,#7698,.T.);
#7698 = LINE('',#7699,#7700);
#7699 = CARTESIAN_POINT('',(2.775557561563E-16,-3.,0.));
#7700 = VECTOR('',#7701,1.);
#7701 = DIRECTION('',(0.,0.,1.));
#7702 = ORIENTED_EDGE('',*,*,#544,.F.);
#7703 = PLANE('',#7704);
#7704 = AXIS2_PLACEMENT_3D('',#7705,#7706,#7707);
#7705 = CARTESIAN_POINT('',(2.775557561563E-16,-3.3,0.));
#7706 = DIRECTION('',(1.,0.,-0.));
#7707 = DIRECTION('',(0.,0.,1.));
#7708 = ADVANCED_FACE('',(#7709),#7720,.T.);
#7709 = FACE_BOUND('',#7710,.T.);
#7710 = EDGE_LOOP('',(#7711,#7712,#7713,#7719));
#7711 = ORIENTED_EDGE('',*,*,#7674,.F.);
#7712 = ORIENTED_EDGE('',*,*,#4005,.T.);
#7713 = ORIENTED_EDGE('',*,*,#7714,.T.);
#7714 = EDGE_CURVE('',#4006,#529,#7715,.T.);
#7715 = LINE('',#7716,#7717);
#7716 = CARTESIAN_POINT('',(-0.3,-3.,0.));
#7717 = VECTOR('',#7718,1.);
#7718 = DIRECTION('',(0.,0.,1.));
#7719 = ORIENTED_EDGE('',*,*,#528,.F.);
#7720 = PLANE('',#7721);
#7721 = AXIS2_PLACEMENT_3D('',#7722,#7723,#7724);
#7722 = CARTESIAN_POINT('',(-0.3,-3.3,0.));
#7723 = DIRECTION('',(1.,0.,-0.));
#7724 = DIRECTION('',(0.,0.,1.));
#7725 = ADVANCED_FACE('',(#7726),#7732,.F.);
#7726 = FACE_BOUND('',#7727,.F.);
#7727 = EDGE_LOOP('',(#7728,#7729,#7730,#7731));
#7728 = ORIENTED_EDGE('',*,*,#4013,.F.);
#7729 = ORIENTED_EDGE('',*,*,#7714,.T.);
#7730 = ORIENTED_EDGE('',*,*,#536,.F.);
#7731 = ORIENTED_EDGE('',*,*,#7697,.F.);
#7732 = PLANE('',#7733);
#7733 = AXIS2_PLACEMENT_3D('',#7734,#7735,#7736);
#7734 = CARTESIAN_POINT('',(-0.3,-3.,0.));
#7735 = DIRECTION('',(-0.,1.,0.));
#7736 = DIRECTION('',(0.,0.,1.));
#7737 = ADVANCED_FACE('',(#7738),#7754,.T.);
#7738 = FACE_BOUND('',#7739,.T.);
#7739 = EDGE_LOOP('',(#7740,#7741,#7747,#7748));
#7740 = ORIENTED_EDGE('',*,*,#4029,.F.);
#7741 = ORIENTED_EDGE('',*,*,#7742,.T.);
#7742 = EDGE_CURVE('',#4030,#555,#7743,.T.);
#7743 = LINE('',#7744,#7745);
#7744 = CARTESIAN_POINT('',(-0.9,-2.7,0.));
#7745 = VECTOR('',#7746,1.);
#7746 = DIRECTION('',(0.,0.,1.));
#7747 = ORIENTED_EDGE('',*,*,#552,.F.);
#7748 = ORIENTED_EDGE('',*,*,#7749,.F.);
#7749 = EDGE_CURVE('',#4032,#553,#7750,.T.);
#7750 = LINE('',#7751,#7752);
#7751 = CARTESIAN_POINT('',(-0.6,-2.7,0.));
#7752 = VECTOR('',#7753,1.);
#7753 = DIRECTION('',(0.,0.,1.));
#7754 = PLANE('',#7755);
#7755 = AXIS2_PLACEMENT_3D('',#7756,#7757,#7758);
#7756 = CARTESIAN_POINT('',(-0.9,-2.7,0.));
#7757 = DIRECTION('',(-0.,1.,0.));
#7758 = DIRECTION('',(0.,0.,1.));
#7759 = ADVANCED_FACE('',(#7760),#7771,.F.);
#7760 = FACE_BOUND('',#7761,.F.);
#7761 = EDGE_LOOP('',(#7762,#7763,#7764,#7770));
#7762 = ORIENTED_EDGE('',*,*,#7749,.F.);
#7763 = ORIENTED_EDGE('',*,*,#4055,.T.);
#7764 = ORIENTED_EDGE('',*,*,#7765,.T.);
#7765 = EDGE_CURVE('',#4048,#571,#7766,.T.);
#7766 = LINE('',#7767,#7768);
#7767 = CARTESIAN_POINT('',(-0.6,-2.4,0.));
#7768 = VECTOR('',#7769,1.);
#7769 = DIRECTION('',(0.,0.,1.));
#7770 = ORIENTED_EDGE('',*,*,#578,.F.);
#7771 = PLANE('',#7772);
#7772 = AXIS2_PLACEMENT_3D('',#7773,#7774,#7775);
#7773 = CARTESIAN_POINT('',(-0.6,-2.7,0.));
#7774 = DIRECTION('',(1.,0.,-0.));
#7775 = DIRECTION('',(0.,0.,1.));
#7776 = ADVANCED_FACE('',(#7777),#7788,.T.);
#7777 = FACE_BOUND('',#7778,.T.);
#7778 = EDGE_LOOP('',(#7779,#7780,#7781,#7787));
#7779 = ORIENTED_EDGE('',*,*,#7742,.F.);
#7780 = ORIENTED_EDGE('',*,*,#4039,.T.);
#7781 = ORIENTED_EDGE('',*,*,#7782,.T.);
#7782 = EDGE_CURVE('',#4040,#563,#7783,.T.);
#7783 = LINE('',#7784,#7785);
#7784 = CARTESIAN_POINT('',(-0.9,-2.4,0.));
#7785 = VECTOR('',#7786,1.);
#7786 = DIRECTION('',(0.,0.,1.));
#7787 = ORIENTED_EDGE('',*,*,#562,.F.);
#7788 = PLANE('',#7789);
#7789 = AXIS2_PLACEMENT_3D('',#7790,#7791,#7792);
#7790 = CARTESIAN_POINT('',(-0.9,-2.7,0.));
#7791 = DIRECTION('',(1.,0.,-0.));
#7792 = DIRECTION('',(0.,0.,1.));
#7793 = ADVANCED_FACE('',(#7794),#7800,.F.);
#7794 = FACE_BOUND('',#7795,.F.);
#7795 = EDGE_LOOP('',(#7796,#7797,#7798,#7799));
#7796 = ORIENTED_EDGE('',*,*,#4047,.F.);
#7797 = ORIENTED_EDGE('',*,*,#7782,.T.);
#7798 = ORIENTED_EDGE('',*,*,#570,.F.);
#7799 = ORIENTED_EDGE('',*,*,#7765,.F.);
#7800 = PLANE('',#7801);
#7801 = AXIS2_PLACEMENT_3D('',#7802,#7803,#7804);
#7802 = CARTESIAN_POINT('',(-0.9,-2.4,0.));
#7803 = DIRECTION('',(-0.,1.,0.));
#7804 = DIRECTION('',(0.,0.,1.));
#7805 = ADVANCED_FACE('',(#7806),#7822,.T.);
#7806 = FACE_BOUND('',#7807,.T.);
#7807 = EDGE_LOOP('',(#7808,#7809,#7815,#7816));
#7808 = ORIENTED_EDGE('',*,*,#4063,.F.);
#7809 = ORIENTED_EDGE('',*,*,#7810,.T.);
#7810 = EDGE_CURVE('',#4064,#589,#7811,.T.);
#7811 = LINE('',#7812,#7813);
#7812 = CARTESIAN_POINT('',(-0.3,-2.7,0.));
#7813 = VECTOR('',#7814,1.);
#7814 = DIRECTION('',(0.,0.,1.));
#7815 = ORIENTED_EDGE('',*,*,#586,.F.);
#7816 = ORIENTED_EDGE('',*,*,#7817,.F.);
#7817 = EDGE_CURVE('',#4066,#587,#7818,.T.);
#7818 = LINE('',#7819,#7820);
#7819 = CARTESIAN_POINT('',(2.775557561563E-16,-2.7,0.));
#7820 = VECTOR('',#7821,1.);
#7821 = DIRECTION('',(0.,0.,1.));
#7822 = PLANE('',#7823);
#7823 = AXIS2_PLACEMENT_3D('',#7824,#7825,#7826);
#7824 = CARTESIAN_POINT('',(-0.3,-2.7,0.));
#7825 = DIRECTION('',(-0.,1.,0.));
#7826 = DIRECTION('',(0.,0.,1.));
#7827 = ADVANCED_FACE('',(#7828),#7839,.F.);
#7828 = FACE_BOUND('',#7829,.F.);
#7829 = EDGE_LOOP('',(#7830,#7831,#7832,#7838));
#7830 = ORIENTED_EDGE('',*,*,#7817,.F.);
#7831 = ORIENTED_EDGE('',*,*,#4089,.T.);
#7832 = ORIENTED_EDGE('',*,*,#7833,.T.);
#7833 = EDGE_CURVE('',#4082,#605,#7834,.T.);
#7834 = LINE('',#7835,#7836);
#7835 = CARTESIAN_POINT('',(2.775557561563E-16,-2.4,0.));
#7836 = VECTOR('',#7837,1.);
#7837 = DIRECTION('',(0.,0.,1.));
#7838 = ORIENTED_EDGE('',*,*,#612,.F.);
#7839 = PLANE('',#7840);
#7840 = AXIS2_PLACEMENT_3D('',#7841,#7842,#7843);
#7841 = CARTESIAN_POINT('',(2.775557561563E-16,-2.7,0.));
#7842 = DIRECTION('',(1.,0.,-0.));
#7843 = DIRECTION('',(0.,0.,1.));
#7844 = ADVANCED_FACE('',(#7845),#7856,.T.);
#7845 = FACE_BOUND('',#7846,.T.);
#7846 = EDGE_LOOP('',(#7847,#7848,#7849,#7855));
#7847 = ORIENTED_EDGE('',*,*,#7810,.F.);
#7848 = ORIENTED_EDGE('',*,*,#4073,.T.);
#7849 = ORIENTED_EDGE('',*,*,#7850,.T.);
#7850 = EDGE_CURVE('',#4074,#597,#7851,.T.);
#7851 = LINE('',#7852,#7853);
#7852 = CARTESIAN_POINT('',(-0.3,-2.4,0.));
#7853 = VECTOR('',#7854,1.);
#7854 = DIRECTION('',(0.,0.,1.));
#7855 = ORIENTED_EDGE('',*,*,#596,.F.);
#7856 = PLANE('',#7857);
#7857 = AXIS2_PLACEMENT_3D('',#7858,#7859,#7860);
#7858 = CARTESIAN_POINT('',(-0.3,-2.7,0.));
#7859 = DIRECTION('',(1.,0.,-0.));
#7860 = DIRECTION('',(0.,0.,1.));
#7861 = ADVANCED_FACE('',(#7862),#7868,.F.);
#7862 = FACE_BOUND('',#7863,.F.);
#7863 = EDGE_LOOP('',(#7864,#7865,#7866,#7867));
#7864 = ORIENTED_EDGE('',*,*,#4081,.F.);
#7865 = ORIENTED_EDGE('',*,*,#7850,.T.);
#7866 = ORIENTED_EDGE('',*,*,#604,.F.);
#7867 = ORIENTED_EDGE('',*,*,#7833,.F.);
#7868 = PLANE('',#7869);
#7869 = AXIS2_PLACEMENT_3D('',#7870,#7871,#7872);
#7870 = CARTESIAN_POINT('',(-0.3,-2.4,0.));
#7871 = DIRECTION('',(-0.,1.,0.));
#7872 = DIRECTION('',(0.,0.,1.));
#7873 = ADVANCED_FACE('',(#7874),#7890,.T.);
#7874 = FACE_BOUND('',#7875,.T.);
#7875 = EDGE_LOOP('',(#7876,#7877,#7883,#7884));
#7876 = ORIENTED_EDGE('',*,*,#4097,.F.);
#7877 = ORIENTED_EDGE('',*,*,#7878,.T.);
#7878 = EDGE_CURVE('',#4098,#623,#7879,.T.);
#7879 = LINE('',#7880,#7881);
#7880 = CARTESIAN_POINT('',(-1.5,-2.1,0.));
#7881 = VECTOR('',#7882,1.);
#7882 = DIRECTION('',(0.,0.,1.));
#7883 = ORIENTED_EDGE('',*,*,#620,.F.);
#7884 = ORIENTED_EDGE('',*,*,#7885,.F.);
#7885 = EDGE_CURVE('',#4100,#621,#7886,.T.);
#7886 = LINE('',#7887,#7888);
#7887 = CARTESIAN_POINT('',(-1.2,-2.1,0.));
#7888 = VECTOR('',#7889,1.);
#7889 = DIRECTION('',(0.,0.,1.));
#7890 = PLANE('',#7891);
#7891 = AXIS2_PLACEMENT_3D('',#7892,#7893,#7894);
#7892 = CARTESIAN_POINT('',(-1.5,-2.1,0.));
#7893 = DIRECTION('',(-0.,1.,0.));
#7894 = DIRECTION('',(0.,0.,1.));
#7895 = ADVANCED_FACE('',(#7896),#7907,.F.);
#7896 = FACE_BOUND('',#7897,.F.);
#7897 = EDGE_LOOP('',(#7898,#7899,#7900,#7906));
#7898 = ORIENTED_EDGE('',*,*,#7885,.F.);
#7899 = ORIENTED_EDGE('',*,*,#4123,.T.);
#7900 = ORIENTED_EDGE('',*,*,#7901,.T.);
#7901 = EDGE_CURVE('',#4116,#639,#7902,.T.);
#7902 = LINE('',#7903,#7904);
#7903 = CARTESIAN_POINT('',(-1.2,-1.8,0.));
#7904 = VECTOR('',#7905,1.);
#7905 = DIRECTION('',(0.,0.,1.));
#7906 = ORIENTED_EDGE('',*,*,#646,.F.);
#7907 = PLANE('',#7908);
#7908 = AXIS2_PLACEMENT_3D('',#7909,#7910,#7911);
#7909 = CARTESIAN_POINT('',(-1.2,-2.1,0.));
#7910 = DIRECTION('',(1.,0.,-0.));
#7911 = DIRECTION('',(0.,0.,1.));
#7912 = ADVANCED_FACE('',(#7913),#7924,.T.);
#7913 = FACE_BOUND('',#7914,.T.);
#7914 = EDGE_LOOP('',(#7915,#7916,#7917,#7923));
#7915 = ORIENTED_EDGE('',*,*,#7878,.F.);
#7916 = ORIENTED_EDGE('',*,*,#4107,.T.);
#7917 = ORIENTED_EDGE('',*,*,#7918,.T.);
#7918 = EDGE_CURVE('',#4108,#631,#7919,.T.);
#7919 = LINE('',#7920,#7921);
#7920 = CARTESIAN_POINT('',(-1.5,-1.8,0.));
#7921 = VECTOR('',#7922,1.);
#7922 = DIRECTION('',(0.,0.,1.));
#7923 = ORIENTED_EDGE('',*,*,#630,.F.);
#7924 = PLANE('',#7925);
#7925 = AXIS2_PLACEMENT_3D('',#7926,#7927,#7928);
#7926 = CARTESIAN_POINT('',(-1.5,-2.1,0.));
#7927 = DIRECTION('',(1.,0.,-0.));
#7928 = DIRECTION('',(0.,0.,1.));
#7929 = ADVANCED_FACE('',(#7930),#7936,.F.);
#7930 = FACE_BOUND('',#7931,.F.);
#7931 = EDGE_LOOP('',(#7932,#7933,#7934,#7935));
#7932 = ORIENTED_EDGE('',*,*,#4115,.F.);
#7933 = ORIENTED_EDGE('',*,*,#7918,.T.);
#7934 = ORIENTED_EDGE('',*,*,#638,.F.);
#7935 = ORIENTED_EDGE('',*,*,#7901,.F.);
#7936 = PLANE('',#7937);
#7937 = AXIS2_PLACEMENT_3D('',#7938,#7939,#7940);
#7938 = CARTESIAN_POINT('',(-1.5,-1.8,0.));
#7939 = DIRECTION('',(-0.,1.,0.));
#7940 = DIRECTION('',(0.,0.,1.));
#7941 = ADVANCED_FACE('',(#7942),#7958,.T.);
#7942 = FACE_BOUND('',#7943,.T.);
#7943 = EDGE_LOOP('',(#7944,#7945,#7951,#7952));
#7944 = ORIENTED_EDGE('',*,*,#4131,.F.);
#7945 = ORIENTED_EDGE('',*,*,#7946,.T.);
#7946 = EDGE_CURVE('',#4132,#657,#7947,.T.);
#7947 = LINE('',#7948,#7949);
#7948 = CARTESIAN_POINT('',(-0.9,-2.1,0.));
#7949 = VECTOR('',#7950,1.);
#7950 = DIRECTION('',(0.,0.,1.));
#7951 = ORIENTED_EDGE('',*,*,#654,.F.);
#7952 = ORIENTED_EDGE('',*,*,#7953,.F.);
#7953 = EDGE_CURVE('',#4134,#655,#7954,.T.);
#7954 = LINE('',#7955,#7956);
#7955 = CARTESIAN_POINT('',(-0.6,-2.1,0.));
#7956 = VECTOR('',#7957,1.);
#7957 = DIRECTION('',(0.,0.,1.));
#7958 = PLANE('',#7959);
#7959 = AXIS2_PLACEMENT_3D('',#7960,#7961,#7962);
#7960 = CARTESIAN_POINT('',(-0.9,-2.1,0.));
#7961 = DIRECTION('',(-0.,1.,0.));
#7962 = DIRECTION('',(0.,0.,1.));
#7963 = ADVANCED_FACE('',(#7964),#7975,.F.);
#7964 = FACE_BOUND('',#7965,.F.);
#7965 = EDGE_LOOP('',(#7966,#7967,#7968,#7974));
#7966 = ORIENTED_EDGE('',*,*,#7953,.F.);
#7967 = ORIENTED_EDGE('',*,*,#4157,.T.);
#7968 = ORIENTED_EDGE('',*,*,#7969,.T.);
#7969 = EDGE_CURVE('',#4150,#673,#7970,.T.);
#7970 = LINE('',#7971,#7972);
#7971 = CARTESIAN_POINT('',(-0.6,-1.8,0.));
#7972 = VECTOR('',#7973,1.);
#7973 = DIRECTION('',(0.,0.,1.));
#7974 = ORIENTED_EDGE('',*,*,#680,.F.);
#7975 = PLANE('',#7976);
#7976 = AXIS2_PLACEMENT_3D('',#7977,#7978,#7979);
#7977 = CARTESIAN_POINT('',(-0.6,-2.1,0.));
#7978 = DIRECTION('',(1.,0.,-0.));
#7979 = DIRECTION('',(0.,0.,1.));
#7980 = ADVANCED_FACE('',(#7981),#7992,.T.);
#7981 = FACE_BOUND('',#7982,.T.);
#7982 = EDGE_LOOP('',(#7983,#7984,#7985,#7991));
#7983 = ORIENTED_EDGE('',*,*,#7946,.F.);
#7984 = ORIENTED_EDGE('',*,*,#4141,.T.);
#7985 = ORIENTED_EDGE('',*,*,#7986,.T.);
#7986 = EDGE_CURVE('',#4142,#665,#7987,.T.);
#7987 = LINE('',#7988,#7989);
#7988 = CARTESIAN_POINT('',(-0.9,-1.8,0.));
#7989 = VECTOR('',#7990,1.);
#7990 = DIRECTION('',(0.,0.,1.));
#7991 = ORIENTED_EDGE('',*,*,#664,.F.);
#7992 = PLANE('',#7993);
#7993 = AXIS2_PLACEMENT_3D('',#7994,#7995,#7996);
#7994 = CARTESIAN_POINT('',(-0.9,-2.1,0.));
#7995 = DIRECTION('',(1.,0.,-0.));
#7996 = DIRECTION('',(0.,0.,1.));
#7997 = ADVANCED_FACE('',(#7998),#8004,.F.);
#7998 = FACE_BOUND('',#7999,.F.);
#7999 = EDGE_LOOP('',(#8000,#8001,#8002,#8003));
#8000 = ORIENTED_EDGE('',*,*,#4149,.F.);
#8001 = ORIENTED_EDGE('',*,*,#7986,.T.);
#8002 = ORIENTED_EDGE('',*,*,#672,.F.);
#8003 = ORIENTED_EDGE('',*,*,#7969,.F.);
#8004 = PLANE('',#8005);
#8005 = AXIS2_PLACEMENT_3D('',#8006,#8007,#8008);
#8006 = CARTESIAN_POINT('',(-0.9,-1.8,0.));
#8007 = DIRECTION('',(-0.,1.,0.));
#8008 = DIRECTION('',(0.,0.,1.));
#8009 = ADVANCED_FACE('',(#8010),#8026,.T.);
#8010 = FACE_BOUND('',#8011,.T.);
#8011 = EDGE_LOOP('',(#8012,#8013,#8019,#8020));
#8012 = ORIENTED_EDGE('',*,*,#4165,.F.);
#8013 = ORIENTED_EDGE('',*,*,#8014,.T.);
#8014 = EDGE_CURVE('',#4166,#691,#8015,.T.);
#8015 = LINE('',#8016,#8017);
#8016 = CARTESIAN_POINT('',(-0.3,-2.1,0.));
#8017 = VECTOR('',#8018,1.);
#8018 = DIRECTION('',(0.,0.,1.));
#8019 = ORIENTED_EDGE('',*,*,#688,.F.);
#8020 = ORIENTED_EDGE('',*,*,#8021,.F.);
#8021 = EDGE_CURVE('',#4168,#689,#8022,.T.);
#8022 = LINE('',#8023,#8024);
#8023 = CARTESIAN_POINT('',(2.775557561563E-16,-2.1,0.));
#8024 = VECTOR('',#8025,1.);
#8025 = DIRECTION('',(0.,0.,1.));
#8026 = PLANE('',#8027);
#8027 = AXIS2_PLACEMENT_3D('',#8028,#8029,#8030);
#8028 = CARTESIAN_POINT('',(-0.3,-2.1,0.));
#8029 = DIRECTION('',(-0.,1.,0.));
#8030 = DIRECTION('',(0.,0.,1.));
#8031 = ADVANCED_FACE('',(#8032),#8043,.F.);
#8032 = FACE_BOUND('',#8033,.F.);
#8033 = EDGE_LOOP('',(#8034,#8035,#8036,#8042));
#8034 = ORIENTED_EDGE('',*,*,#8021,.F.);
#8035 = ORIENTED_EDGE('',*,*,#4191,.T.);
#8036 = ORIENTED_EDGE('',*,*,#8037,.T.);
#8037 = EDGE_CURVE('',#4184,#707,#8038,.T.);
#8038 = LINE('',#8039,#8040);
#8039 = CARTESIAN_POINT('',(2.775557561563E-16,-1.8,0.));
#8040 = VECTOR('',#8041,1.);
#8041 = DIRECTION('',(0.,0.,1.));
#8042 = ORIENTED_EDGE('',*,*,#714,.F.);
#8043 = PLANE('',#8044);
#8044 = AXIS2_PLACEMENT_3D('',#8045,#8046,#8047);
#8045 = CARTESIAN_POINT('',(2.775557561563E-16,-2.1,0.));
#8046 = DIRECTION('',(1.,0.,-0.));
#8047 = DIRECTION('',(0.,0.,1.));
#8048 = ADVANCED_FACE('',(#8049),#8060,.T.);
#8049 = FACE_BOUND('',#8050,.T.);
#8050 = EDGE_LOOP('',(#8051,#8052,#8053,#8059));
#8051 = ORIENTED_EDGE('',*,*,#8014,.F.);
#8052 = ORIENTED_EDGE('',*,*,#4175,.T.);
#8053 = ORIENTED_EDGE('',*,*,#8054,.T.);
#8054 = EDGE_CURVE('',#4176,#699,#8055,.T.);
#8055 = LINE('',#8056,#8057);
#8056 = CARTESIAN_POINT('',(-0.3,-1.8,0.));
#8057 = VECTOR('',#8058,1.);
#8058 = DIRECTION('',(0.,0.,1.));
#8059 = ORIENTED_EDGE('',*,*,#698,.F.);
#8060 = PLANE('',#8061);
#8061 = AXIS2_PLACEMENT_3D('',#8062,#8063,#8064);
#8062 = CARTESIAN_POINT('',(-0.3,-2.1,0.));
#8063 = DIRECTION('',(1.,0.,-0.));
#8064 = DIRECTION('',(0.,0.,1.));
#8065 = ADVANCED_FACE('',(#8066),#8072,.F.);
#8066 = FACE_BOUND('',#8067,.F.);
#8067 = EDGE_LOOP('',(#8068,#8069,#8070,#8071));
#8068 = ORIENTED_EDGE('',*,*,#4183,.F.);
#8069 = ORIENTED_EDGE('',*,*,#8054,.T.);
#8070 = ORIENTED_EDGE('',*,*,#706,.F.);
#8071 = ORIENTED_EDGE('',*,*,#8037,.F.);
#8072 = PLANE('',#8073);
#8073 = AXIS2_PLACEMENT_3D('',#8074,#8075,#8076);
#8074 = CARTESIAN_POINT('',(-0.3,-1.8,0.));
#8075 = DIRECTION('',(-0.,1.,0.));
#8076 = DIRECTION('',(0.,0.,1.));
#8077 = ADVANCED_FACE('',(#8078),#8094,.T.);
#8078 = FACE_BOUND('',#8079,.T.);
#8079 = EDGE_LOOP('',(#8080,#8081,#8087,#8088));
#8080 = ORIENTED_EDGE('',*,*,#4199,.F.);
#8081 = ORIENTED_EDGE('',*,*,#8082,.T.);
#8082 = EDGE_CURVE('',#4200,#725,#8083,.T.);
#8083 = LINE('',#8084,#8085);
#8084 = CARTESIAN_POINT('',(-3.3,-1.5,0.));
#8085 = VECTOR('',#8086,1.);
#8086 = DIRECTION('',(0.,0.,1.));
#8087 = ORIENTED_EDGE('',*,*,#722,.F.);
#8088 = ORIENTED_EDGE('',*,*,#8089,.F.);
#8089 = EDGE_CURVE('',#4202,#723,#8090,.T.);
#8090 = LINE('',#8091,#8092);
#8091 = CARTESIAN_POINT('',(-3.,-1.5,0.));
#8092 = VECTOR('',#8093,1.);
#8093 = DIRECTION('',(0.,0.,1.));
#8094 = PLANE('',#8095);
#8095 = AXIS2_PLACEMENT_3D('',#8096,#8097,#8098);
#8096 = CARTESIAN_POINT('',(-3.3,-1.5,0.));
#8097 = DIRECTION('',(-0.,1.,0.));
#8098 = DIRECTION('',(0.,0.,1.));
#8099 = ADVANCED_FACE('',(#8100),#8111,.F.);
#8100 = FACE_BOUND('',#8101,.F.);
#8101 = EDGE_LOOP('',(#8102,#8103,#8104,#8110));
#8102 = ORIENTED_EDGE('',*,*,#8089,.F.);
#8103 = ORIENTED_EDGE('',*,*,#4225,.T.);
#8104 = ORIENTED_EDGE('',*,*,#8105,.T.);
#8105 = EDGE_CURVE('',#4218,#741,#8106,.T.);
#8106 = LINE('',#8107,#8108);
#8107 = CARTESIAN_POINT('',(-3.,-1.2,0.));
#8108 = VECTOR('',#8109,1.);
#8109 = DIRECTION('',(0.,0.,1.));
#8110 = ORIENTED_EDGE('',*,*,#748,.F.);
#8111 = PLANE('',#8112);
#8112 = AXIS2_PLACEMENT_3D('',#8113,#8114,#8115);
#8113 = CARTESIAN_POINT('',(-3.,-1.5,0.));
#8114 = DIRECTION('',(1.,0.,-0.));
#8115 = DIRECTION('',(0.,0.,1.));
#8116 = ADVANCED_FACE('',(#8117),#8128,.T.);
#8117 = FACE_BOUND('',#8118,.T.);
#8118 = EDGE_LOOP('',(#8119,#8120,#8121,#8127));
#8119 = ORIENTED_EDGE('',*,*,#8082,.F.);
#8120 = ORIENTED_EDGE('',*,*,#4209,.T.);
#8121 = ORIENTED_EDGE('',*,*,#8122,.T.);
#8122 = EDGE_CURVE('',#4210,#733,#8123,.T.);
#8123 = LINE('',#8124,#8125);
#8124 = CARTESIAN_POINT('',(-3.3,-1.2,0.));
#8125 = VECTOR('',#8126,1.);
#8126 = DIRECTION('',(0.,0.,1.));
#8127 = ORIENTED_EDGE('',*,*,#732,.F.);
#8128 = PLANE('',#8129);
#8129 = AXIS2_PLACEMENT_3D('',#8130,#8131,#8132);
#8130 = CARTESIAN_POINT('',(-3.3,-1.5,0.));
#8131 = DIRECTION('',(1.,0.,-0.));
#8132 = DIRECTION('',(0.,0.,1.));
#8133 = ADVANCED_FACE('',(#8134),#8140,.F.);
#8134 = FACE_BOUND('',#8135,.F.);
#8135 = EDGE_LOOP('',(#8136,#8137,#8138,#8139));
#8136 = ORIENTED_EDGE('',*,*,#4217,.F.);
#8137 = ORIENTED_EDGE('',*,*,#8122,.T.);
#8138 = ORIENTED_EDGE('',*,*,#740,.F.);
#8139 = ORIENTED_EDGE('',*,*,#8105,.F.);
#8140 = PLANE('',#8141);
#8141 = AXIS2_PLACEMENT_3D('',#8142,#8143,#8144);
#8142 = CARTESIAN_POINT('',(-3.3,-1.2,0.));
#8143 = DIRECTION('',(-0.,1.,0.));
#8144 = DIRECTION('',(0.,0.,1.));
#8145 = ADVANCED_FACE('',(#8146),#8162,.T.);
#8146 = FACE_BOUND('',#8147,.T.);
#8147 = EDGE_LOOP('',(#8148,#8149,#8155,#8156));
#8148 = ORIENTED_EDGE('',*,*,#4233,.F.);
#8149 = ORIENTED_EDGE('',*,*,#8150,.T.);
#8150 = EDGE_CURVE('',#4234,#759,#8151,.T.);
#8151 = LINE('',#8152,#8153);
#8152 = CARTESIAN_POINT('',(-2.7,-1.5,0.));
#8153 = VECTOR('',#8154,1.);
#8154 = DIRECTION('',(0.,0.,1.));
#8155 = ORIENTED_EDGE('',*,*,#756,.F.);
#8156 = ORIENTED_EDGE('',*,*,#8157,.F.);
#8157 = EDGE_CURVE('',#4236,#757,#8158,.T.);
#8158 = LINE('',#8159,#8160);
#8159 = CARTESIAN_POINT('',(-2.4,-1.5,0.));
#8160 = VECTOR('',#8161,1.);
#8161 = DIRECTION('',(0.,0.,1.));
#8162 = PLANE('',#8163);
#8163 = AXIS2_PLACEMENT_3D('',#8164,#8165,#8166);
#8164 = CARTESIAN_POINT('',(-2.7,-1.5,0.));
#8165 = DIRECTION('',(-0.,1.,0.));
#8166 = DIRECTION('',(0.,0.,1.));
#8167 = ADVANCED_FACE('',(#8168),#8179,.F.);
#8168 = FACE_BOUND('',#8169,.F.);
#8169 = EDGE_LOOP('',(#8170,#8171,#8172,#8178));
#8170 = ORIENTED_EDGE('',*,*,#8157,.F.);
#8171 = ORIENTED_EDGE('',*,*,#4259,.T.);
#8172 = ORIENTED_EDGE('',*,*,#8173,.T.);
#8173 = EDGE_CURVE('',#4252,#775,#8174,.T.);
#8174 = LINE('',#8175,#8176);
#8175 = CARTESIAN_POINT('',(-2.4,-1.2,0.));
#8176 = VECTOR('',#8177,1.);
#8177 = DIRECTION('',(0.,0.,1.));
#8178 = ORIENTED_EDGE('',*,*,#782,.F.);
#8179 = PLANE('',#8180);
#8180 = AXIS2_PLACEMENT_3D('',#8181,#8182,#8183);
#8181 = CARTESIAN_POINT('',(-2.4,-1.5,0.));
#8182 = DIRECTION('',(1.,0.,-0.));
#8183 = DIRECTION('',(0.,0.,1.));
#8184 = ADVANCED_FACE('',(#8185),#8196,.T.);
#8185 = FACE_BOUND('',#8186,.T.);
#8186 = EDGE_LOOP('',(#8187,#8188,#8189,#8195));
#8187 = ORIENTED_EDGE('',*,*,#8150,.F.);
#8188 = ORIENTED_EDGE('',*,*,#4243,.T.);
#8189 = ORIENTED_EDGE('',*,*,#8190,.T.);
#8190 = EDGE_CURVE('',#4244,#767,#8191,.T.);
#8191 = LINE('',#8192,#8193);
#8192 = CARTESIAN_POINT('',(-2.7,-1.2,0.));
#8193 = VECTOR('',#8194,1.);
#8194 = DIRECTION('',(0.,0.,1.));
#8195 = ORIENTED_EDGE('',*,*,#766,.F.);
#8196 = PLANE('',#8197);
#8197 = AXIS2_PLACEMENT_3D('',#8198,#8199,#8200);
#8198 = CARTESIAN_POINT('',(-2.7,-1.5,0.));
#8199 = DIRECTION('',(1.,0.,-0.));
#8200 = DIRECTION('',(0.,0.,1.));
#8201 = ADVANCED_FACE('',(#8202),#8208,.F.);
#8202 = FACE_BOUND('',#8203,.F.);
#8203 = EDGE_LOOP('',(#8204,#8205,#8206,#8207));
#8204 = ORIENTED_EDGE('',*,*,#4251,.F.);
#8205 = ORIENTED_EDGE('',*,*,#8190,.T.);
#8206 = ORIENTED_EDGE('',*,*,#774,.F.);
#8207 = ORIENTED_EDGE('',*,*,#8173,.F.);
#8208 = PLANE('',#8209);
#8209 = AXIS2_PLACEMENT_3D('',#8210,#8211,#8212);
#8210 = CARTESIAN_POINT('',(-2.7,-1.2,0.));
#8211 = DIRECTION('',(-0.,1.,0.));
#8212 = DIRECTION('',(0.,0.,1.));
#8213 = ADVANCED_FACE('',(#8214),#8230,.T.);
#8214 = FACE_BOUND('',#8215,.T.);
#8215 = EDGE_LOOP('',(#8216,#8217,#8223,#8224));
#8216 = ORIENTED_EDGE('',*,*,#4267,.F.);
#8217 = ORIENTED_EDGE('',*,*,#8218,.T.);
#8218 = EDGE_CURVE('',#4268,#793,#8219,.T.);
#8219 = LINE('',#8220,#8221);
#8220 = CARTESIAN_POINT('',(-2.1,-1.5,0.));
#8221 = VECTOR('',#8222,1.);
#8222 = DIRECTION('',(0.,0.,1.));
#8223 = ORIENTED_EDGE('',*,*,#790,.F.);
#8224 = ORIENTED_EDGE('',*,*,#8225,.F.);
#8225 = EDGE_CURVE('',#4270,#791,#8226,.T.);
#8226 = LINE('',#8227,#8228);
#8227 = CARTESIAN_POINT('',(-1.8,-1.5,0.));
#8228 = VECTOR('',#8229,1.);
#8229 = DIRECTION('',(0.,0.,1.));
#8230 = PLANE('',#8231);
#8231 = AXIS2_PLACEMENT_3D('',#8232,#8233,#8234);
#8232 = CARTESIAN_POINT('',(-2.1,-1.5,0.));
#8233 = DIRECTION('',(-0.,1.,0.));
#8234 = DIRECTION('',(0.,0.,1.));
#8235 = ADVANCED_FACE('',(#8236),#8247,.F.);
#8236 = FACE_BOUND('',#8237,.F.);
#8237 = EDGE_LOOP('',(#8238,#8239,#8240,#8246));
#8238 = ORIENTED_EDGE('',*,*,#8225,.F.);
#8239 = ORIENTED_EDGE('',*,*,#4293,.T.);
#8240 = ORIENTED_EDGE('',*,*,#8241,.T.);
#8241 = EDGE_CURVE('',#4286,#809,#8242,.T.);
#8242 = LINE('',#8243,#8244);
#8243 = CARTESIAN_POINT('',(-1.8,-1.2,0.));
#8244 = VECTOR('',#8245,1.);
#8245 = DIRECTION('',(0.,0.,1.));
#8246 = ORIENTED_EDGE('',*,*,#816,.F.);
#8247 = PLANE('',#8248);
#8248 = AXIS2_PLACEMENT_3D('',#8249,#8250,#8251);
#8249 = CARTESIAN_POINT('',(-1.8,-1.5,0.));
#8250 = DIRECTION('',(1.,0.,-0.));
#8251 = DIRECTION('',(0.,0.,1.));
#8252 = ADVANCED_FACE('',(#8253),#8264,.T.);
#8253 = FACE_BOUND('',#8254,.T.);
#8254 = EDGE_LOOP('',(#8255,#8256,#8257,#8263));
#8255 = ORIENTED_EDGE('',*,*,#8218,.F.);
#8256 = ORIENTED_EDGE('',*,*,#4277,.T.);
#8257 = ORIENTED_EDGE('',*,*,#8258,.T.);
#8258 = EDGE_CURVE('',#4278,#801,#8259,.T.);
#8259 = LINE('',#8260,#8261);
#8260 = CARTESIAN_POINT('',(-2.1,-1.2,0.));
#8261 = VECTOR('',#8262,1.);
#8262 = DIRECTION('',(0.,0.,1.));
#8263 = ORIENTED_EDGE('',*,*,#800,.F.);
#8264 = PLANE('',#8265);
#8265 = AXIS2_PLACEMENT_3D('',#8266,#8267,#8268);
#8266 = CARTESIAN_POINT('',(-2.1,-1.5,0.));
#8267 = DIRECTION('',(1.,0.,-0.));
#8268 = DIRECTION('',(0.,0.,1.));
#8269 = ADVANCED_FACE('',(#8270),#8276,.F.);
#8270 = FACE_BOUND('',#8271,.F.);
#8271 = EDGE_LOOP('',(#8272,#8273,#8274,#8275));
#8272 = ORIENTED_EDGE('',*,*,#4285,.F.);
#8273 = ORIENTED_EDGE('',*,*,#8258,.T.);
#8274 = ORIENTED_EDGE('',*,*,#808,.F.);
#8275 = ORIENTED_EDGE('',*,*,#8241,.F.);
#8276 = PLANE('',#8277);
#8277 = AXIS2_PLACEMENT_3D('',#8278,#8279,#8280);
#8278 = CARTESIAN_POINT('',(-2.1,-1.2,0.));
#8279 = DIRECTION('',(-0.,1.,0.));
#8280 = DIRECTION('',(0.,0.,1.));
#8281 = ADVANCED_FACE('',(#8282),#8298,.T.);
#8282 = FACE_BOUND('',#8283,.T.);
#8283 = EDGE_LOOP('',(#8284,#8285,#8291,#8292));
#8284 = ORIENTED_EDGE('',*,*,#4301,.F.);
#8285 = ORIENTED_EDGE('',*,*,#8286,.T.);
#8286 = EDGE_CURVE('',#4302,#827,#8287,.T.);
#8287 = LINE('',#8288,#8289);
#8288 = CARTESIAN_POINT('',(-3.3,-0.9,0.));
#8289 = VECTOR('',#8290,1.);
#8290 = DIRECTION('',(0.,0.,1.));
#8291 = ORIENTED_EDGE('',*,*,#824,.F.);
#8292 = ORIENTED_EDGE('',*,*,#8293,.F.);
#8293 = EDGE_CURVE('',#4304,#825,#8294,.T.);
#8294 = LINE('',#8295,#8296);
#8295 = CARTESIAN_POINT('',(-3.,-0.9,0.));
#8296 = VECTOR('',#8297,1.);
#8297 = DIRECTION('',(0.,0.,1.));
#8298 = PLANE('',#8299);
#8299 = AXIS2_PLACEMENT_3D('',#8300,#8301,#8302);
#8300 = CARTESIAN_POINT('',(-3.3,-0.9,0.));
#8301 = DIRECTION('',(-0.,1.,0.));
#8302 = DIRECTION('',(0.,0.,1.));
#8303 = ADVANCED_FACE('',(#8304),#8315,.F.);
#8304 = FACE_BOUND('',#8305,.F.);
#8305 = EDGE_LOOP('',(#8306,#8307,#8308,#8314));
#8306 = ORIENTED_EDGE('',*,*,#8293,.F.);
#8307 = ORIENTED_EDGE('',*,*,#4327,.T.);
#8308 = ORIENTED_EDGE('',*,*,#8309,.T.);
#8309 = EDGE_CURVE('',#4320,#843,#8310,.T.);
#8310 = LINE('',#8311,#8312);
#8311 = CARTESIAN_POINT('',(-3.,-0.6,0.));
#8312 = VECTOR('',#8313,1.);
#8313 = DIRECTION('',(0.,0.,1.));
#8314 = ORIENTED_EDGE('',*,*,#850,.F.);
#8315 = PLANE('',#8316);
#8316 = AXIS2_PLACEMENT_3D('',#8317,#8318,#8319);
#8317 = CARTESIAN_POINT('',(-3.,-0.9,0.));
#8318 = DIRECTION('',(1.,0.,-0.));
#8319 = DIRECTION('',(0.,0.,1.));
#8320 = ADVANCED_FACE('',(#8321),#8332,.T.);
#8321 = FACE_BOUND('',#8322,.T.);
#8322 = EDGE_LOOP('',(#8323,#8324,#8325,#8331));
#8323 = ORIENTED_EDGE('',*,*,#8286,.F.);
#8324 = ORIENTED_EDGE('',*,*,#4311,.T.);
#8325 = ORIENTED_EDGE('',*,*,#8326,.T.);
#8326 = EDGE_CURVE('',#4312,#835,#8327,.T.);
#8327 = LINE('',#8328,#8329);
#8328 = CARTESIAN_POINT('',(-3.3,-0.6,0.));
#8329 = VECTOR('',#8330,1.);
#8330 = DIRECTION('',(0.,0.,1.));
#8331 = ORIENTED_EDGE('',*,*,#834,.F.);
#8332 = PLANE('',#8333);
#8333 = AXIS2_PLACEMENT_3D('',#8334,#8335,#8336);
#8334 = CARTESIAN_POINT('',(-3.3,-0.9,0.));
#8335 = DIRECTION('',(1.,0.,-0.));
#8336 = DIRECTION('',(0.,0.,1.));
#8337 = ADVANCED_FACE('',(#8338),#8344,.F.);
#8338 = FACE_BOUND('',#8339,.F.);
#8339 = EDGE_LOOP('',(#8340,#8341,#8342,#8343));
#8340 = ORIENTED_EDGE('',*,*,#4319,.F.);
#8341 = ORIENTED_EDGE('',*,*,#8326,.T.);
#8342 = ORIENTED_EDGE('',*,*,#842,.F.);
#8343 = ORIENTED_EDGE('',*,*,#8309,.F.);
#8344 = PLANE('',#8345);
#8345 = AXIS2_PLACEMENT_3D('',#8346,#8347,#8348);
#8346 = CARTESIAN_POINT('',(-3.3,-0.6,0.));
#8347 = DIRECTION('',(-0.,1.,0.));
#8348 = DIRECTION('',(0.,0.,1.));
#8349 = ADVANCED_FACE('',(#8350),#8366,.T.);
#8350 = FACE_BOUND('',#8351,.T.);
#8351 = EDGE_LOOP('',(#8352,#8353,#8359,#8360));
#8352 = ORIENTED_EDGE('',*,*,#4335,.F.);
#8353 = ORIENTED_EDGE('',*,*,#8354,.T.);
#8354 = EDGE_CURVE('',#4336,#861,#8355,.T.);
#8355 = LINE('',#8356,#8357);
#8356 = CARTESIAN_POINT('',(-2.7,-0.9,0.));
#8357 = VECTOR('',#8358,1.);
#8358 = DIRECTION('',(0.,0.,1.));
#8359 = ORIENTED_EDGE('',*,*,#858,.F.);
#8360 = ORIENTED_EDGE('',*,*,#8361,.F.);
#8361 = EDGE_CURVE('',#4338,#859,#8362,.T.);
#8362 = LINE('',#8363,#8364);
#8363 = CARTESIAN_POINT('',(-2.4,-0.9,0.));
#8364 = VECTOR('',#8365,1.);
#8365 = DIRECTION('',(0.,0.,1.));
#8366 = PLANE('',#8367);
#8367 = AXIS2_PLACEMENT_3D('',#8368,#8369,#8370);
#8368 = CARTESIAN_POINT('',(-2.7,-0.9,0.));
#8369 = DIRECTION('',(-0.,1.,0.));
#8370 = DIRECTION('',(0.,0.,1.));
#8371 = ADVANCED_FACE('',(#8372),#8383,.F.);
#8372 = FACE_BOUND('',#8373,.F.);
#8373 = EDGE_LOOP('',(#8374,#8375,#8376,#8382));
#8374 = ORIENTED_EDGE('',*,*,#8361,.F.);
#8375 = ORIENTED_EDGE('',*,*,#4361,.T.);
#8376 = ORIENTED_EDGE('',*,*,#8377,.T.);
#8377 = EDGE_CURVE('',#4354,#877,#8378,.T.);
#8378 = LINE('',#8379,#8380);
#8379 = CARTESIAN_POINT('',(-2.4,-0.6,0.));
#8380 = VECTOR('',#8381,1.);
#8381 = DIRECTION('',(0.,0.,1.));
#8382 = ORIENTED_EDGE('',*,*,#884,.F.);
#8383 = PLANE('',#8384);
#8384 = AXIS2_PLACEMENT_3D('',#8385,#8386,#8387);
#8385 = CARTESIAN_POINT('',(-2.4,-0.9,0.));
#8386 = DIRECTION('',(1.,0.,-0.));
#8387 = DIRECTION('',(0.,0.,1.));
#8388 = ADVANCED_FACE('',(#8389),#8400,.T.);
#8389 = FACE_BOUND('',#8390,.T.);
#8390 = EDGE_LOOP('',(#8391,#8392,#8393,#8399));
#8391 = ORIENTED_EDGE('',*,*,#8354,.F.);
#8392 = ORIENTED_EDGE('',*,*,#4345,.T.);
#8393 = ORIENTED_EDGE('',*,*,#8394,.T.);
#8394 = EDGE_CURVE('',#4346,#869,#8395,.T.);
#8395 = LINE('',#8396,#8397);
#8396 = CARTESIAN_POINT('',(-2.7,-0.6,0.));
#8397 = VECTOR('',#8398,1.);
#8398 = DIRECTION('',(0.,0.,1.));
#8399 = ORIENTED_EDGE('',*,*,#868,.F.);
#8400 = PLANE('',#8401);
#8401 = AXIS2_PLACEMENT_3D('',#8402,#8403,#8404);
#8402 = CARTESIAN_POINT('',(-2.7,-0.9,0.));
#8403 = DIRECTION('',(1.,0.,-0.));
#8404 = DIRECTION('',(0.,0.,1.));
#8405 = ADVANCED_FACE('',(#8406),#8412,.F.);
#8406 = FACE_BOUND('',#8407,.F.);
#8407 = EDGE_LOOP('',(#8408,#8409,#8410,#8411));
#8408 = ORIENTED_EDGE('',*,*,#4353,.F.);
#8409 = ORIENTED_EDGE('',*,*,#8394,.T.);
#8410 = ORIENTED_EDGE('',*,*,#876,.F.);
#8411 = ORIENTED_EDGE('',*,*,#8377,.F.);
#8412 = PLANE('',#8413);
#8413 = AXIS2_PLACEMENT_3D('',#8414,#8415,#8416);
#8414 = CARTESIAN_POINT('',(-2.7,-0.6,0.));
#8415 = DIRECTION('',(-0.,1.,0.));
#8416 = DIRECTION('',(0.,0.,1.));
#8417 = ADVANCED_FACE('',(#8418),#8434,.T.);
#8418 = FACE_BOUND('',#8419,.T.);
#8419 = EDGE_LOOP('',(#8420,#8421,#8427,#8428));
#8420 = ORIENTED_EDGE('',*,*,#4369,.F.);
#8421 = ORIENTED_EDGE('',*,*,#8422,.T.);
#8422 = EDGE_CURVE('',#4370,#895,#8423,.T.);
#8423 = LINE('',#8424,#8425);
#8424 = CARTESIAN_POINT('',(-3.3,-0.3,0.));
#8425 = VECTOR('',#8426,1.);
#8426 = DIRECTION('',(0.,0.,1.));
#8427 = ORIENTED_EDGE('',*,*,#892,.F.);
#8428 = ORIENTED_EDGE('',*,*,#8429,.F.);
#8429 = EDGE_CURVE('',#4372,#893,#8430,.T.);
#8430 = LINE('',#8431,#8432);
#8431 = CARTESIAN_POINT('',(-3.,-0.3,0.));
#8432 = VECTOR('',#8433,1.);
#8433 = DIRECTION('',(0.,0.,1.));
#8434 = PLANE('',#8435);
#8435 = AXIS2_PLACEMENT_3D('',#8436,#8437,#8438);
#8436 = CARTESIAN_POINT('',(-3.3,-0.3,0.));
#8437 = DIRECTION('',(-0.,1.,0.));
#8438 = DIRECTION('',(0.,0.,1.));
#8439 = ADVANCED_FACE('',(#8440),#8451,.F.);
#8440 = FACE_BOUND('',#8441,.F.);
#8441 = EDGE_LOOP('',(#8442,#8443,#8444,#8450));
#8442 = ORIENTED_EDGE('',*,*,#8429,.F.);
#8443 = ORIENTED_EDGE('',*,*,#4395,.T.);
#8444 = ORIENTED_EDGE('',*,*,#8445,.T.);
#8445 = EDGE_CURVE('',#4388,#911,#8446,.T.);
#8446 = LINE('',#8447,#8448);
#8447 = CARTESIAN_POINT('',(-3.,2.775557561563E-16,0.));
#8448 = VECTOR('',#8449,1.);
#8449 = DIRECTION('',(0.,0.,1.));
#8450 = ORIENTED_EDGE('',*,*,#918,.F.);
#8451 = PLANE('',#8452);
#8452 = AXIS2_PLACEMENT_3D('',#8453,#8454,#8455);
#8453 = CARTESIAN_POINT('',(-3.,-0.3,0.));
#8454 = DIRECTION('',(1.,0.,-0.));
#8455 = DIRECTION('',(0.,0.,1.));
#8456 = ADVANCED_FACE('',(#8457),#8468,.T.);
#8457 = FACE_BOUND('',#8458,.T.);
#8458 = EDGE_LOOP('',(#8459,#8460,#8461,#8467));
#8459 = ORIENTED_EDGE('',*,*,#8422,.F.);
#8460 = ORIENTED_EDGE('',*,*,#4379,.T.);
#8461 = ORIENTED_EDGE('',*,*,#8462,.T.);
#8462 = EDGE_CURVE('',#4380,#903,#8463,.T.);
#8463 = LINE('',#8464,#8465);
#8464 = CARTESIAN_POINT('',(-3.3,2.775557561563E-16,0.));
#8465 = VECTOR('',#8466,1.);
#8466 = DIRECTION('',(0.,0.,1.));
#8467 = ORIENTED_EDGE('',*,*,#902,.F.);
#8468 = PLANE('',#8469);
#8469 = AXIS2_PLACEMENT_3D('',#8470,#8471,#8472);
#8470 = CARTESIAN_POINT('',(-3.3,-0.3,0.));
#8471 = DIRECTION('',(1.,0.,-0.));
#8472 = DIRECTION('',(0.,0.,1.));
#8473 = ADVANCED_FACE('',(#8474),#8480,.F.);
#8474 = FACE_BOUND('',#8475,.F.);
#8475 = EDGE_LOOP('',(#8476,#8477,#8478,#8479));
#8476 = ORIENTED_EDGE('',*,*,#4387,.F.);
#8477 = ORIENTED_EDGE('',*,*,#8462,.T.);
#8478 = ORIENTED_EDGE('',*,*,#910,.F.);
#8479 = ORIENTED_EDGE('',*,*,#8445,.F.);
#8480 = PLANE('',#8481);
#8481 = AXIS2_PLACEMENT_3D('',#8482,#8483,#8484);
#8482 = CARTESIAN_POINT('',(-3.3,2.775557561563E-16,0.));
#8483 = DIRECTION('',(-0.,1.,0.));
#8484 = DIRECTION('',(0.,0.,1.));
#8485 = ADVANCED_FACE('',(#8486),#8502,.T.);
#8486 = FACE_BOUND('',#8487,.T.);
#8487 = EDGE_LOOP('',(#8488,#8489,#8495,#8496));
#8488 = ORIENTED_EDGE('',*,*,#4403,.F.);
#8489 = ORIENTED_EDGE('',*,*,#8490,.T.);
#8490 = EDGE_CURVE('',#4404,#929,#8491,.T.);
#8491 = LINE('',#8492,#8493);
#8492 = CARTESIAN_POINT('',(-2.7,-0.3,0.));
#8493 = VECTOR('',#8494,1.);
#8494 = DIRECTION('',(0.,0.,1.));
#8495 = ORIENTED_EDGE('',*,*,#926,.F.);
#8496 = ORIENTED_EDGE('',*,*,#8497,.F.);
#8497 = EDGE_CURVE('',#4406,#927,#8498,.T.);
#8498 = LINE('',#8499,#8500);
#8499 = CARTESIAN_POINT('',(-2.4,-0.3,0.));
#8500 = VECTOR('',#8501,1.);
#8501 = DIRECTION('',(0.,0.,1.));
#8502 = PLANE('',#8503);
#8503 = AXIS2_PLACEMENT_3D('',#8504,#8505,#8506);
#8504 = CARTESIAN_POINT('',(-2.7,-0.3,0.));
#8505 = DIRECTION('',(-0.,1.,0.));
#8506 = DIRECTION('',(0.,0.,1.));
#8507 = ADVANCED_FACE('',(#8508),#8519,.F.);
#8508 = FACE_BOUND('',#8509,.F.);
#8509 = EDGE_LOOP('',(#8510,#8511,#8512,#8518));
#8510 = ORIENTED_EDGE('',*,*,#8497,.F.);
#8511 = ORIENTED_EDGE('',*,*,#4429,.T.);
#8512 = ORIENTED_EDGE('',*,*,#8513,.T.);
#8513 = EDGE_CURVE('',#4422,#945,#8514,.T.);
#8514 = LINE('',#8515,#8516);
#8515 = CARTESIAN_POINT('',(-2.4,2.775557561563E-16,0.));
#8516 = VECTOR('',#8517,1.);
#8517 = DIRECTION('',(0.,0.,1.));
#8518 = ORIENTED_EDGE('',*,*,#952,.F.);
#8519 = PLANE('',#8520);
#8520 = AXIS2_PLACEMENT_3D('',#8521,#8522,#8523);
#8521 = CARTESIAN_POINT('',(-2.4,-0.3,0.));
#8522 = DIRECTION('',(1.,0.,-0.));
#8523 = DIRECTION('',(0.,0.,1.));
#8524 = ADVANCED_FACE('',(#8525),#8536,.T.);
#8525 = FACE_BOUND('',#8526,.T.);
#8526 = EDGE_LOOP('',(#8527,#8528,#8529,#8535));
#8527 = ORIENTED_EDGE('',*,*,#8490,.F.);
#8528 = ORIENTED_EDGE('',*,*,#4413,.T.);
#8529 = ORIENTED_EDGE('',*,*,#8530,.T.);
#8530 = EDGE_CURVE('',#4414,#937,#8531,.T.);
#8531 = LINE('',#8532,#8533);
#8532 = CARTESIAN_POINT('',(-2.7,2.775557561563E-16,0.));
#8533 = VECTOR('',#8534,1.);
#8534 = DIRECTION('',(0.,0.,1.));
#8535 = ORIENTED_EDGE('',*,*,#936,.F.);
#8536 = PLANE('',#8537);
#8537 = AXIS2_PLACEMENT_3D('',#8538,#8539,#8540);
#8538 = CARTESIAN_POINT('',(-2.7,-0.3,0.));
#8539 = DIRECTION('',(1.,0.,-0.));
#8540 = DIRECTION('',(0.,0.,1.));
#8541 = ADVANCED_FACE('',(#8542),#8548,.F.);
#8542 = FACE_BOUND('',#8543,.F.);
#8543 = EDGE_LOOP('',(#8544,#8545,#8546,#8547));
#8544 = ORIENTED_EDGE('',*,*,#4421,.F.);
#8545 = ORIENTED_EDGE('',*,*,#8530,.T.);
#8546 = ORIENTED_EDGE('',*,*,#944,.F.);
#8547 = ORIENTED_EDGE('',*,*,#8513,.F.);
#8548 = PLANE('',#8549);
#8549 = AXIS2_PLACEMENT_3D('',#8550,#8551,#8552);
#8550 = CARTESIAN_POINT('',(-2.7,2.775557561563E-16,0.));
#8551 = DIRECTION('',(-0.,1.,0.));
#8552 = DIRECTION('',(0.,0.,1.));
#8553 = ADVANCED_FACE('',(#8554),#8570,.T.);
#8554 = FACE_BOUND('',#8555,.T.);
#8555 = EDGE_LOOP('',(#8556,#8557,#8563,#8564));
#8556 = ORIENTED_EDGE('',*,*,#4437,.F.);
#8557 = ORIENTED_EDGE('',*,*,#8558,.T.);
#8558 = EDGE_CURVE('',#4438,#963,#8559,.T.);
#8559 = LINE('',#8560,#8561);
#8560 = CARTESIAN_POINT('',(-2.1,-0.9,0.));
#8561 = VECTOR('',#8562,1.);
#8562 = DIRECTION('',(0.,0.,1.));
#8563 = ORIENTED_EDGE('',*,*,#960,.F.);
#8564 = ORIENTED_EDGE('',*,*,#8565,.F.);
#8565 = EDGE_CURVE('',#4440,#961,#8566,.T.);
#8566 = LINE('',#8567,#8568);
#8567 = CARTESIAN_POINT('',(-1.8,-0.9,0.));
#8568 = VECTOR('',#8569,1.);
#8569 = DIRECTION('',(0.,0.,1.));
#8570 = PLANE('',#8571);
#8571 = AXIS2_PLACEMENT_3D('',#8572,#8573,#8574);
#8572 = CARTESIAN_POINT('',(-2.1,-0.9,0.));
#8573 = DIRECTION('',(-0.,1.,0.));
#8574 = DIRECTION('',(0.,0.,1.));
#8575 = ADVANCED_FACE('',(#8576),#8587,.F.);
#8576 = FACE_BOUND('',#8577,.F.);
#8577 = EDGE_LOOP('',(#8578,#8579,#8580,#8586));
#8578 = ORIENTED_EDGE('',*,*,#8565,.F.);
#8579 = ORIENTED_EDGE('',*,*,#4463,.T.);
#8580 = ORIENTED_EDGE('',*,*,#8581,.T.);
#8581 = EDGE_CURVE('',#4456,#979,#8582,.T.);
#8582 = LINE('',#8583,#8584);
#8583 = CARTESIAN_POINT('',(-1.8,-0.6,0.));
#8584 = VECTOR('',#8585,1.);
#8585 = DIRECTION('',(0.,0.,1.));
#8586 = ORIENTED_EDGE('',*,*,#986,.F.);
#8587 = PLANE('',#8588);
#8588 = AXIS2_PLACEMENT_3D('',#8589,#8590,#8591);
#8589 = CARTESIAN_POINT('',(-1.8,-0.9,0.));
#8590 = DIRECTION('',(1.,0.,-0.));
#8591 = DIRECTION('',(0.,0.,1.));
#8592 = ADVANCED_FACE('',(#8593),#8604,.T.);
#8593 = FACE_BOUND('',#8594,.T.);
#8594 = EDGE_LOOP('',(#8595,#8596,#8597,#8603));
#8595 = ORIENTED_EDGE('',*,*,#8558,.F.);
#8596 = ORIENTED_EDGE('',*,*,#4447,.T.);
#8597 = ORIENTED_EDGE('',*,*,#8598,.T.);
#8598 = EDGE_CURVE('',#4448,#971,#8599,.T.);
#8599 = LINE('',#8600,#8601);
#8600 = CARTESIAN_POINT('',(-2.1,-0.6,0.));
#8601 = VECTOR('',#8602,1.);
#8602 = DIRECTION('',(0.,0.,1.));
#8603 = ORIENTED_EDGE('',*,*,#970,.F.);
#8604 = PLANE('',#8605);
#8605 = AXIS2_PLACEMENT_3D('',#8606,#8607,#8608);
#8606 = CARTESIAN_POINT('',(-2.1,-0.9,0.));
#8607 = DIRECTION('',(1.,0.,-0.));
#8608 = DIRECTION('',(0.,0.,1.));
#8609 = ADVANCED_FACE('',(#8610),#8616,.F.);
#8610 = FACE_BOUND('',#8611,.F.);
#8611 = EDGE_LOOP('',(#8612,#8613,#8614,#8615));
#8612 = ORIENTED_EDGE('',*,*,#4455,.F.);
#8613 = ORIENTED_EDGE('',*,*,#8598,.T.);
#8614 = ORIENTED_EDGE('',*,*,#978,.F.);
#8615 = ORIENTED_EDGE('',*,*,#8581,.F.);
#8616 = PLANE('',#8617);
#8617 = AXIS2_PLACEMENT_3D('',#8618,#8619,#8620);
#8618 = CARTESIAN_POINT('',(-2.1,-0.6,0.));
#8619 = DIRECTION('',(-0.,1.,0.));
#8620 = DIRECTION('',(0.,0.,1.));
#8621 = ADVANCED_FACE('',(#8622),#8638,.T.);
#8622 = FACE_BOUND('',#8623,.T.);
#8623 = EDGE_LOOP('',(#8624,#8625,#8631,#8632));
#8624 = ORIENTED_EDGE('',*,*,#4471,.F.);
#8625 = ORIENTED_EDGE('',*,*,#8626,.T.);
#8626 = EDGE_CURVE('',#4472,#997,#8627,.T.);
#8627 = LINE('',#8628,#8629);
#8628 = CARTESIAN_POINT('',(-2.1,-0.3,0.));
#8629 = VECTOR('',#8630,1.);
#8630 = DIRECTION('',(0.,0.,1.));
#8631 = ORIENTED_EDGE('',*,*,#994,.F.);
#8632 = ORIENTED_EDGE('',*,*,#8633,.F.);
#8633 = EDGE_CURVE('',#4474,#995,#8634,.T.);
#8634 = LINE('',#8635,#8636);
#8635 = CARTESIAN_POINT('',(-1.8,-0.3,0.));
#8636 = VECTOR('',#8637,1.);
#8637 = DIRECTION('',(0.,0.,1.));
#8638 = PLANE('',#8639);
#8639 = AXIS2_PLACEMENT_3D('',#8640,#8641,#8642);
#8640 = CARTESIAN_POINT('',(-2.1,-0.3,0.));
#8641 = DIRECTION('',(-0.,1.,0.));
#8642 = DIRECTION('',(0.,0.,1.));
#8643 = ADVANCED_FACE('',(#8644),#8655,.F.);
#8644 = FACE_BOUND('',#8645,.F.);
#8645 = EDGE_LOOP('',(#8646,#8647,#8648,#8654));
#8646 = ORIENTED_EDGE('',*,*,#8633,.F.);
#8647 = ORIENTED_EDGE('',*,*,#4497,.T.);
#8648 = ORIENTED_EDGE('',*,*,#8649,.T.);
#8649 = EDGE_CURVE('',#4490,#1013,#8650,.T.);
#8650 = LINE('',#8651,#8652);
#8651 = CARTESIAN_POINT('',(-1.8,2.775557561563E-16,0.));
#8652 = VECTOR('',#8653,1.);
#8653 = DIRECTION('',(0.,0.,1.));
#8654 = ORIENTED_EDGE('',*,*,#1020,.F.);
#8655 = PLANE('',#8656);
#8656 = AXIS2_PLACEMENT_3D('',#8657,#8658,#8659);
#8657 = CARTESIAN_POINT('',(-1.8,-0.3,0.));
#8658 = DIRECTION('',(1.,0.,-0.));
#8659 = DIRECTION('',(0.,0.,1.));
#8660 = ADVANCED_FACE('',(#8661),#8672,.T.);
#8661 = FACE_BOUND('',#8662,.T.);
#8662 = EDGE_LOOP('',(#8663,#8664,#8665,#8671));
#8663 = ORIENTED_EDGE('',*,*,#8626,.F.);
#8664 = ORIENTED_EDGE('',*,*,#4481,.T.);
#8665 = ORIENTED_EDGE('',*,*,#8666,.T.);
#8666 = EDGE_CURVE('',#4482,#1005,#8667,.T.);
#8667 = LINE('',#8668,#8669);
#8668 = CARTESIAN_POINT('',(-2.1,2.775557561563E-16,0.));
#8669 = VECTOR('',#8670,1.);
#8670 = DIRECTION('',(0.,0.,1.));
#8671 = ORIENTED_EDGE('',*,*,#1004,.F.);
#8672 = PLANE('',#8673);
#8673 = AXIS2_PLACEMENT_3D('',#8674,#8675,#8676);
#8674 = CARTESIAN_POINT('',(-2.1,-0.3,0.));
#8675 = DIRECTION('',(1.,0.,-0.));
#8676 = DIRECTION('',(0.,0.,1.));
#8677 = ADVANCED_FACE('',(#8678),#8684,.F.);
#8678 = FACE_BOUND('',#8679,.F.);
#8679 = EDGE_LOOP('',(#8680,#8681,#8682,#8683));
#8680 = ORIENTED_EDGE('',*,*,#4489,.F.);
#8681 = ORIENTED_EDGE('',*,*,#8666,.T.);
#8682 = ORIENTED_EDGE('',*,*,#1012,.F.);
#8683 = ORIENTED_EDGE('',*,*,#8649,.F.);
#8684 = PLANE('',#8685);
#8685 = AXIS2_PLACEMENT_3D('',#8686,#8687,#8688);
#8686 = CARTESIAN_POINT('',(-2.1,2.775557561563E-16,0.));
#8687 = DIRECTION('',(-0.,1.,0.));
#8688 = DIRECTION('',(0.,0.,1.));
#8689 = ADVANCED_FACE('',(#8690),#8706,.T.);
#8690 = FACE_BOUND('',#8691,.T.);
#8691 = EDGE_LOOP('',(#8692,#8693,#8699,#8700));
#8692 = ORIENTED_EDGE('',*,*,#4505,.F.);
#8693 = ORIENTED_EDGE('',*,*,#8694,.T.);
#8694 = EDGE_CURVE('',#4506,#1031,#8695,.T.);
#8695 = LINE('',#8696,#8697);
#8696 = CARTESIAN_POINT('',(-1.5,-1.5,0.));
#8697 = VECTOR('',#8698,1.);
#8698 = DIRECTION('',(0.,0.,1.));
#8699 = ORIENTED_EDGE('',*,*,#1028,.F.);
#8700 = ORIENTED_EDGE('',*,*,#8701,.F.);
#8701 = EDGE_CURVE('',#4508,#1029,#8702,.T.);
#8702 = LINE('',#8703,#8704);
#8703 = CARTESIAN_POINT('',(-1.2,-1.5,0.));
#8704 = VECTOR('',#8705,1.);
#8705 = DIRECTION('',(0.,0.,1.));
#8706 = PLANE('',#8707);
#8707 = AXIS2_PLACEMENT_3D('',#8708,#8709,#8710);
#8708 = CARTESIAN_POINT('',(-1.5,-1.5,0.));
#8709 = DIRECTION('',(-0.,1.,0.));
#8710 = DIRECTION('',(0.,0.,1.));
#8711 = ADVANCED_FACE('',(#8712),#8723,.F.);
#8712 = FACE_BOUND('',#8713,.F.);
#8713 = EDGE_LOOP('',(#8714,#8715,#8716,#8722));
#8714 = ORIENTED_EDGE('',*,*,#8701,.F.);
#8715 = ORIENTED_EDGE('',*,*,#4531,.T.);
#8716 = ORIENTED_EDGE('',*,*,#8717,.T.);
#8717 = EDGE_CURVE('',#4524,#1047,#8718,.T.);
#8718 = LINE('',#8719,#8720);
#8719 = CARTESIAN_POINT('',(-1.2,-1.2,0.));
#8720 = VECTOR('',#8721,1.);
#8721 = DIRECTION('',(0.,0.,1.));
#8722 = ORIENTED_EDGE('',*,*,#1054,.F.);
#8723 = PLANE('',#8724);
#8724 = AXIS2_PLACEMENT_3D('',#8725,#8726,#8727);
#8725 = CARTESIAN_POINT('',(-1.2,-1.5,0.));
#8726 = DIRECTION('',(1.,0.,-0.));
#8727 = DIRECTION('',(0.,0.,1.));
#8728 = ADVANCED_FACE('',(#8729),#8740,.T.);
#8729 = FACE_BOUND('',#8730,.T.);
#8730 = EDGE_LOOP('',(#8731,#8732,#8733,#8739));
#8731 = ORIENTED_EDGE('',*,*,#8694,.F.);
#8732 = ORIENTED_EDGE('',*,*,#4515,.T.);
#8733 = ORIENTED_EDGE('',*,*,#8734,.T.);
#8734 = EDGE_CURVE('',#4516,#1039,#8735,.T.);
#8735 = LINE('',#8736,#8737);
#8736 = CARTESIAN_POINT('',(-1.5,-1.2,0.));
#8737 = VECTOR('',#8738,1.);
#8738 = DIRECTION('',(0.,0.,1.));
#8739 = ORIENTED_EDGE('',*,*,#1038,.F.);
#8740 = PLANE('',#8741);
#8741 = AXIS2_PLACEMENT_3D('',#8742,#8743,#8744);
#8742 = CARTESIAN_POINT('',(-1.5,-1.5,0.));
#8743 = DIRECTION('',(1.,0.,-0.));
#8744 = DIRECTION('',(0.,0.,1.));
#8745 = ADVANCED_FACE('',(#8746),#8752,.F.);
#8746 = FACE_BOUND('',#8747,.F.);
#8747 = EDGE_LOOP('',(#8748,#8749,#8750,#8751));
#8748 = ORIENTED_EDGE('',*,*,#4523,.F.);
#8749 = ORIENTED_EDGE('',*,*,#8734,.T.);
#8750 = ORIENTED_EDGE('',*,*,#1046,.F.);
#8751 = ORIENTED_EDGE('',*,*,#8717,.F.);
#8752 = PLANE('',#8753);
#8753 = AXIS2_PLACEMENT_3D('',#8754,#8755,#8756);
#8754 = CARTESIAN_POINT('',(-1.5,-1.2,0.));
#8755 = DIRECTION('',(-0.,1.,0.));
#8756 = DIRECTION('',(0.,0.,1.));
#8757 = ADVANCED_FACE('',(#8758),#8774,.T.);
#8758 = FACE_BOUND('',#8759,.T.);
#8759 = EDGE_LOOP('',(#8760,#8761,#8767,#8768));
#8760 = ORIENTED_EDGE('',*,*,#4539,.F.);
#8761 = ORIENTED_EDGE('',*,*,#8762,.T.);
#8762 = EDGE_CURVE('',#4540,#1065,#8763,.T.);
#8763 = LINE('',#8764,#8765);
#8764 = CARTESIAN_POINT('',(-0.9,-1.5,0.));
#8765 = VECTOR('',#8766,1.);
#8766 = DIRECTION('',(0.,0.,1.));
#8767 = ORIENTED_EDGE('',*,*,#1062,.F.);
#8768 = ORIENTED_EDGE('',*,*,#8769,.F.);
#8769 = EDGE_CURVE('',#4542,#1063,#8770,.T.);
#8770 = LINE('',#8771,#8772);
#8771 = CARTESIAN_POINT('',(-0.6,-1.5,0.));
#8772 = VECTOR('',#8773,1.);
#8773 = DIRECTION('',(0.,0.,1.));
#8774 = PLANE('',#8775);
#8775 = AXIS2_PLACEMENT_3D('',#8776,#8777,#8778);
#8776 = CARTESIAN_POINT('',(-0.9,-1.5,0.));
#8777 = DIRECTION('',(-0.,1.,0.));
#8778 = DIRECTION('',(0.,0.,1.));
#8779 = ADVANCED_FACE('',(#8780),#8791,.F.);
#8780 = FACE_BOUND('',#8781,.F.);
#8781 = EDGE_LOOP('',(#8782,#8783,#8784,#8790));
#8782 = ORIENTED_EDGE('',*,*,#8769,.F.);
#8783 = ORIENTED_EDGE('',*,*,#4565,.T.);
#8784 = ORIENTED_EDGE('',*,*,#8785,.T.);
#8785 = EDGE_CURVE('',#4558,#1081,#8786,.T.);
#8786 = LINE('',#8787,#8788);
#8787 = CARTESIAN_POINT('',(-0.6,-1.2,0.));
#8788 = VECTOR('',#8789,1.);
#8789 = DIRECTION('',(0.,0.,1.));
#8790 = ORIENTED_EDGE('',*,*,#1088,.F.);
#8791 = PLANE('',#8792);
#8792 = AXIS2_PLACEMENT_3D('',#8793,#8794,#8795);
#8793 = CARTESIAN_POINT('',(-0.6,-1.5,0.));
#8794 = DIRECTION('',(1.,0.,-0.));
#8795 = DIRECTION('',(0.,0.,1.));
#8796 = ADVANCED_FACE('',(#8797),#8808,.T.);
#8797 = FACE_BOUND('',#8798,.T.);
#8798 = EDGE_LOOP('',(#8799,#8800,#8801,#8807));
#8799 = ORIENTED_EDGE('',*,*,#8762,.F.);
#8800 = ORIENTED_EDGE('',*,*,#4549,.T.);
#8801 = ORIENTED_EDGE('',*,*,#8802,.T.);
#8802 = EDGE_CURVE('',#4550,#1073,#8803,.T.);
#8803 = LINE('',#8804,#8805);
#8804 = CARTESIAN_POINT('',(-0.9,-1.2,0.));
#8805 = VECTOR('',#8806,1.);
#8806 = DIRECTION('',(0.,0.,1.));
#8807 = ORIENTED_EDGE('',*,*,#1072,.F.);
#8808 = PLANE('',#8809);
#8809 = AXIS2_PLACEMENT_3D('',#8810,#8811,#8812);
#8810 = CARTESIAN_POINT('',(-0.9,-1.5,0.));
#8811 = DIRECTION('',(1.,0.,-0.));
#8812 = DIRECTION('',(0.,0.,1.));
#8813 = ADVANCED_FACE('',(#8814),#8820,.F.);
#8814 = FACE_BOUND('',#8815,.F.);
#8815 = EDGE_LOOP('',(#8816,#8817,#8818,#8819));
#8816 = ORIENTED_EDGE('',*,*,#4557,.F.);
#8817 = ORIENTED_EDGE('',*,*,#8802,.T.);
#8818 = ORIENTED_EDGE('',*,*,#1080,.F.);
#8819 = ORIENTED_EDGE('',*,*,#8785,.F.);
#8820 = PLANE('',#8821);
#8821 = AXIS2_PLACEMENT_3D('',#8822,#8823,#8824);
#8822 = CARTESIAN_POINT('',(-0.9,-1.2,0.));
#8823 = DIRECTION('',(-0.,1.,0.));
#8824 = DIRECTION('',(0.,0.,1.));
#8825 = ADVANCED_FACE('',(#8826),#8842,.T.);
#8826 = FACE_BOUND('',#8827,.T.);
#8827 = EDGE_LOOP('',(#8828,#8829,#8835,#8836));
#8828 = ORIENTED_EDGE('',*,*,#4573,.F.);
#8829 = ORIENTED_EDGE('',*,*,#8830,.T.);
#8830 = EDGE_CURVE('',#4574,#1099,#8831,.T.);
#8831 = LINE('',#8832,#8833);
#8832 = CARTESIAN_POINT('',(-0.3,-1.5,0.));
#8833 = VECTOR('',#8834,1.);
#8834 = DIRECTION('',(0.,0.,1.));
#8835 = ORIENTED_EDGE('',*,*,#1096,.F.);
#8836 = ORIENTED_EDGE('',*,*,#8837,.F.);
#8837 = EDGE_CURVE('',#4576,#1097,#8838,.T.);
#8838 = LINE('',#8839,#8840);
#8839 = CARTESIAN_POINT('',(2.775557561563E-16,-1.5,0.));
#8840 = VECTOR('',#8841,1.);
#8841 = DIRECTION('',(0.,0.,1.));
#8842 = PLANE('',#8843);
#8843 = AXIS2_PLACEMENT_3D('',#8844,#8845,#8846);
#8844 = CARTESIAN_POINT('',(-0.3,-1.5,0.));
#8845 = DIRECTION('',(-0.,1.,0.));
#8846 = DIRECTION('',(0.,0.,1.));
#8847 = ADVANCED_FACE('',(#8848),#8859,.F.);
#8848 = FACE_BOUND('',#8849,.F.);
#8849 = EDGE_LOOP('',(#8850,#8851,#8852,#8858));
#8850 = ORIENTED_EDGE('',*,*,#8837,.F.);
#8851 = ORIENTED_EDGE('',*,*,#4599,.T.);
#8852 = ORIENTED_EDGE('',*,*,#8853,.T.);
#8853 = EDGE_CURVE('',#4592,#1115,#8854,.T.);
#8854 = LINE('',#8855,#8856);
#8855 = CARTESIAN_POINT('',(2.775557561563E-16,-1.2,0.));
#8856 = VECTOR('',#8857,1.);
#8857 = DIRECTION('',(0.,0.,1.));
#8858 = ORIENTED_EDGE('',*,*,#1122,.F.);
#8859 = PLANE('',#8860);
#8860 = AXIS2_PLACEMENT_3D('',#8861,#8862,#8863);
#8861 = CARTESIAN_POINT('',(2.775557561563E-16,-1.5,0.));
#8862 = DIRECTION('',(1.,0.,-0.));
#8863 = DIRECTION('',(0.,0.,1.));
#8864 = ADVANCED_FACE('',(#8865),#8876,.T.);
#8865 = FACE_BOUND('',#8866,.T.);
#8866 = EDGE_LOOP('',(#8867,#8868,#8869,#8875));
#8867 = ORIENTED_EDGE('',*,*,#8830,.F.);
#8868 = ORIENTED_EDGE('',*,*,#4583,.T.);
#8869 = ORIENTED_EDGE('',*,*,#8870,.T.);
#8870 = EDGE_CURVE('',#4584,#1107,#8871,.T.);
#8871 = LINE('',#8872,#8873);
#8872 = CARTESIAN_POINT('',(-0.3,-1.2,0.));
#8873 = VECTOR('',#8874,1.);
#8874 = DIRECTION('',(0.,0.,1.));
#8875 = ORIENTED_EDGE('',*,*,#1106,.F.);
#8876 = PLANE('',#8877);
#8877 = AXIS2_PLACEMENT_3D('',#8878,#8879,#8880);
#8878 = CARTESIAN_POINT('',(-0.3,-1.5,0.));
#8879 = DIRECTION('',(1.,0.,-0.));
#8880 = DIRECTION('',(0.,0.,1.));
#8881 = ADVANCED_FACE('',(#8882),#8888,.F.);
#8882 = FACE_BOUND('',#8883,.F.);
#8883 = EDGE_LOOP('',(#8884,#8885,#8886,#8887));
#8884 = ORIENTED_EDGE('',*,*,#4591,.F.);
#8885 = ORIENTED_EDGE('',*,*,#8870,.T.);
#8886 = ORIENTED_EDGE('',*,*,#1114,.F.);
#8887 = ORIENTED_EDGE('',*,*,#8853,.F.);
#8888 = PLANE('',#8889);
#8889 = AXIS2_PLACEMENT_3D('',#8890,#8891,#8892);
#8890 = CARTESIAN_POINT('',(-0.3,-1.2,0.));
#8891 = DIRECTION('',(-0.,1.,0.));
#8892 = DIRECTION('',(0.,0.,1.));
#8893 = ADVANCED_FACE('',(#8894),#8910,.T.);
#8894 = FACE_BOUND('',#8895,.T.);
#8895 = EDGE_LOOP('',(#8896,#8897,#8903,#8904));
#8896 = ORIENTED_EDGE('',*,*,#4607,.F.);
#8897 = ORIENTED_EDGE('',*,*,#8898,.T.);
#8898 = EDGE_CURVE('',#4608,#1133,#8899,.T.);
#8899 = LINE('',#8900,#8901);
#8900 = CARTESIAN_POINT('',(-1.5,-0.9,0.));
#8901 = VECTOR('',#8902,1.);
#8902 = DIRECTION('',(0.,0.,1.));
#8903 = ORIENTED_EDGE('',*,*,#1130,.F.);
#8904 = ORIENTED_EDGE('',*,*,#8905,.F.);
#8905 = EDGE_CURVE('',#4610,#1131,#8906,.T.);
#8906 = LINE('',#8907,#8908);
#8907 = CARTESIAN_POINT('',(-1.2,-0.9,0.));
#8908 = VECTOR('',#8909,1.);
#8909 = DIRECTION('',(0.,0.,1.));
#8910 = PLANE('',#8911);
#8911 = AXIS2_PLACEMENT_3D('',#8912,#8913,#8914);
#8912 = CARTESIAN_POINT('',(-1.5,-0.9,0.));
#8913 = DIRECTION('',(-0.,1.,0.));
#8914 = DIRECTION('',(0.,0.,1.));
#8915 = ADVANCED_FACE('',(#8916),#8927,.F.);
#8916 = FACE_BOUND('',#8917,.F.);
#8917 = EDGE_LOOP('',(#8918,#8919,#8920,#8926));
#8918 = ORIENTED_EDGE('',*,*,#8905,.F.);
#8919 = ORIENTED_EDGE('',*,*,#4633,.T.);
#8920 = ORIENTED_EDGE('',*,*,#8921,.T.);
#8921 = EDGE_CURVE('',#4626,#1149,#8922,.T.);
#8922 = LINE('',#8923,#8924);
#8923 = CARTESIAN_POINT('',(-1.2,-0.6,0.));
#8924 = VECTOR('',#8925,1.);
#8925 = DIRECTION('',(0.,0.,1.));
#8926 = ORIENTED_EDGE('',*,*,#1156,.F.);
#8927 = PLANE('',#8928);
#8928 = AXIS2_PLACEMENT_3D('',#8929,#8930,#8931);
#8929 = CARTESIAN_POINT('',(-1.2,-0.9,0.));
#8930 = DIRECTION('',(1.,0.,-0.));
#8931 = DIRECTION('',(0.,0.,1.));
#8932 = ADVANCED_FACE('',(#8933),#8944,.T.);
#8933 = FACE_BOUND('',#8934,.T.);
#8934 = EDGE_LOOP('',(#8935,#8936,#8937,#8943));
#8935 = ORIENTED_EDGE('',*,*,#8898,.F.);
#8936 = ORIENTED_EDGE('',*,*,#4617,.T.);
#8937 = ORIENTED_EDGE('',*,*,#8938,.T.);
#8938 = EDGE_CURVE('',#4618,#1141,#8939,.T.);
#8939 = LINE('',#8940,#8941);
#8940 = CARTESIAN_POINT('',(-1.5,-0.6,0.));
#8941 = VECTOR('',#8942,1.);
#8942 = DIRECTION('',(0.,0.,1.));
#8943 = ORIENTED_EDGE('',*,*,#1140,.F.);
#8944 = PLANE('',#8945);
#8945 = AXIS2_PLACEMENT_3D('',#8946,#8947,#8948);
#8946 = CARTESIAN_POINT('',(-1.5,-0.9,0.));
#8947 = DIRECTION('',(1.,0.,-0.));
#8948 = DIRECTION('',(0.,0.,1.));
#8949 = ADVANCED_FACE('',(#8950),#8956,.F.);
#8950 = FACE_BOUND('',#8951,.F.);
#8951 = EDGE_LOOP('',(#8952,#8953,#8954,#8955));
#8952 = ORIENTED_EDGE('',*,*,#4625,.F.);
#8953 = ORIENTED_EDGE('',*,*,#8938,.T.);
#8954 = ORIENTED_EDGE('',*,*,#1148,.F.);
#8955 = ORIENTED_EDGE('',*,*,#8921,.F.);
#8956 = PLANE('',#8957);
#8957 = AXIS2_PLACEMENT_3D('',#8958,#8959,#8960);
#8958 = CARTESIAN_POINT('',(-1.5,-0.6,0.));
#8959 = DIRECTION('',(-0.,1.,0.));
#8960 = DIRECTION('',(0.,0.,1.));
#8961 = ADVANCED_FACE('',(#8962),#8978,.T.);
#8962 = FACE_BOUND('',#8963,.T.);
#8963 = EDGE_LOOP('',(#8964,#8965,#8971,#8972));
#8964 = ORIENTED_EDGE('',*,*,#4641,.F.);
#8965 = ORIENTED_EDGE('',*,*,#8966,.T.);
#8966 = EDGE_CURVE('',#4642,#1167,#8967,.T.);
#8967 = LINE('',#8968,#8969);
#8968 = CARTESIAN_POINT('',(-1.5,-0.3,0.));
#8969 = VECTOR('',#8970,1.);
#8970 = DIRECTION('',(0.,0.,1.));
#8971 = ORIENTED_EDGE('',*,*,#1164,.F.);
#8972 = ORIENTED_EDGE('',*,*,#8973,.F.);
#8973 = EDGE_CURVE('',#4644,#1165,#8974,.T.);
#8974 = LINE('',#8975,#8976);
#8975 = CARTESIAN_POINT('',(-1.2,-0.3,0.));
#8976 = VECTOR('',#8977,1.);
#8977 = DIRECTION('',(0.,0.,1.));
#8978 = PLANE('',#8979);
#8979 = AXIS2_PLACEMENT_3D('',#8980,#8981,#8982);
#8980 = CARTESIAN_POINT('',(-1.5,-0.3,0.));
#8981 = DIRECTION('',(-0.,1.,0.));
#8982 = DIRECTION('',(0.,0.,1.));
#8983 = ADVANCED_FACE('',(#8984),#8995,.F.);
#8984 = FACE_BOUND('',#8985,.F.);
#8985 = EDGE_LOOP('',(#8986,#8987,#8988,#8994));
#8986 = ORIENTED_EDGE('',*,*,#8973,.F.);
#8987 = ORIENTED_EDGE('',*,*,#4667,.T.);
#8988 = ORIENTED_EDGE('',*,*,#8989,.T.);
#8989 = EDGE_CURVE('',#4660,#1183,#8990,.T.);
#8990 = LINE('',#8991,#8992);
#8991 = CARTESIAN_POINT('',(-1.2,2.775557561563E-16,0.));
#8992 = VECTOR('',#8993,1.);
#8993 = DIRECTION('',(0.,0.,1.));
#8994 = ORIENTED_EDGE('',*,*,#1190,.F.);
#8995 = PLANE('',#8996);
#8996 = AXIS2_PLACEMENT_3D('',#8997,#8998,#8999);
#8997 = CARTESIAN_POINT('',(-1.2,-0.3,0.));
#8998 = DIRECTION('',(1.,0.,-0.));
#8999 = DIRECTION('',(0.,0.,1.));
#9000 = ADVANCED_FACE('',(#9001),#9012,.T.);
#9001 = FACE_BOUND('',#9002,.T.);
#9002 = EDGE_LOOP('',(#9003,#9004,#9005,#9011));
#9003 = ORIENTED_EDGE('',*,*,#8966,.F.);
#9004 = ORIENTED_EDGE('',*,*,#4651,.T.);
#9005 = ORIENTED_EDGE('',*,*,#9006,.T.);
#9006 = EDGE_CURVE('',#4652,#1175,#9007,.T.);
#9007 = LINE('',#9008,#9009);
#9008 = CARTESIAN_POINT('',(-1.5,2.775557561563E-16,0.));
#9009 = VECTOR('',#9010,1.);
#9010 = DIRECTION('',(0.,0.,1.));
#9011 = ORIENTED_EDGE('',*,*,#1174,.F.);
#9012 = PLANE('',#9013);
#9013 = AXIS2_PLACEMENT_3D('',#9014,#9015,#9016);
#9014 = CARTESIAN_POINT('',(-1.5,-0.3,0.));
#9015 = DIRECTION('',(1.,0.,-0.));
#9016 = DIRECTION('',(0.,0.,1.));
#9017 = ADVANCED_FACE('',(#9018),#9024,.F.);
#9018 = FACE_BOUND('',#9019,.F.);
#9019 = EDGE_LOOP('',(#9020,#9021,#9022,#9023));
#9020 = ORIENTED_EDGE('',*,*,#4659,.F.);
#9021 = ORIENTED_EDGE('',*,*,#9006,.T.);
#9022 = ORIENTED_EDGE('',*,*,#1182,.F.);
#9023 = ORIENTED_EDGE('',*,*,#8989,.F.);
#9024 = PLANE('',#9025);
#9025 = AXIS2_PLACEMENT_3D('',#9026,#9027,#9028);
#9026 = CARTESIAN_POINT('',(-1.5,2.775557561563E-16,0.));
#9027 = DIRECTION('',(-0.,1.,0.));
#9028 = DIRECTION('',(0.,0.,1.));
#9029 = ADVANCED_FACE('',(#9030),#9046,.T.);
#9030 = FACE_BOUND('',#9031,.T.);
#9031 = EDGE_LOOP('',(#9032,#9033,#9039,#9040));
#9032 = ORIENTED_EDGE('',*,*,#4675,.F.);
#9033 = ORIENTED_EDGE('',*,*,#9034,.T.);
#9034 = EDGE_CURVE('',#4676,#1201,#9035,.T.);
#9035 = LINE('',#9036,#9037);
#9036 = CARTESIAN_POINT('',(-0.9,-0.9,0.));
#9037 = VECTOR('',#9038,1.);
#9038 = DIRECTION('',(0.,0.,1.));
#9039 = ORIENTED_EDGE('',*,*,#1198,.F.);
#9040 = ORIENTED_EDGE('',*,*,#9041,.F.);
#9041 = EDGE_CURVE('',#4678,#1199,#9042,.T.);
#9042 = LINE('',#9043,#9044);
#9043 = CARTESIAN_POINT('',(-0.6,-0.9,0.));
#9044 = VECTOR('',#9045,1.);
#9045 = DIRECTION('',(0.,0.,1.));
#9046 = PLANE('',#9047);
#9047 = AXIS2_PLACEMENT_3D('',#9048,#9049,#9050);
#9048 = CARTESIAN_POINT('',(-0.9,-0.9,0.));
#9049 = DIRECTION('',(-0.,1.,0.));
#9050 = DIRECTION('',(0.,0.,1.));
#9051 = ADVANCED_FACE('',(#9052),#9063,.F.);
#9052 = FACE_BOUND('',#9053,.F.);
#9053 = EDGE_LOOP('',(#9054,#9055,#9056,#9062));
#9054 = ORIENTED_EDGE('',*,*,#9041,.F.);
#9055 = ORIENTED_EDGE('',*,*,#4701,.T.);
#9056 = ORIENTED_EDGE('',*,*,#9057,.T.);
#9057 = EDGE_CURVE('',#4694,#1217,#9058,.T.);
#9058 = LINE('',#9059,#9060);
#9059 = CARTESIAN_POINT('',(-0.6,-0.6,0.));
#9060 = VECTOR('',#9061,1.);
#9061 = DIRECTION('',(0.,0.,1.));
#9062 = ORIENTED_EDGE('',*,*,#1224,.F.);
#9063 = PLANE('',#9064);
#9064 = AXIS2_PLACEMENT_3D('',#9065,#9066,#9067);
#9065 = CARTESIAN_POINT('',(-0.6,-0.9,0.));
#9066 = DIRECTION('',(1.,0.,-0.));
#9067 = DIRECTION('',(0.,0.,1.));
#9068 = ADVANCED_FACE('',(#9069),#9080,.T.);
#9069 = FACE_BOUND('',#9070,.T.);
#9070 = EDGE_LOOP('',(#9071,#9072,#9073,#9079));
#9071 = ORIENTED_EDGE('',*,*,#9034,.F.);
#9072 = ORIENTED_EDGE('',*,*,#4685,.T.);
#9073 = ORIENTED_EDGE('',*,*,#9074,.T.);
#9074 = EDGE_CURVE('',#4686,#1209,#9075,.T.);
#9075 = LINE('',#9076,#9077);
#9076 = CARTESIAN_POINT('',(-0.9,-0.6,0.));
#9077 = VECTOR('',#9078,1.);
#9078 = DIRECTION('',(0.,0.,1.));
#9079 = ORIENTED_EDGE('',*,*,#1208,.F.);
#9080 = PLANE('',#9081);
#9081 = AXIS2_PLACEMENT_3D('',#9082,#9083,#9084);
#9082 = CARTESIAN_POINT('',(-0.9,-0.9,0.));
#9083 = DIRECTION('',(1.,0.,-0.));
#9084 = DIRECTION('',(0.,0.,1.));
#9085 = ADVANCED_FACE('',(#9086),#9092,.F.);
#9086 = FACE_BOUND('',#9087,.F.);
#9087 = EDGE_LOOP('',(#9088,#9089,#9090,#9091));
#9088 = ORIENTED_EDGE('',*,*,#4693,.F.);
#9089 = ORIENTED_EDGE('',*,*,#9074,.T.);
#9090 = ORIENTED_EDGE('',*,*,#1216,.F.);
#9091 = ORIENTED_EDGE('',*,*,#9057,.F.);
#9092 = PLANE('',#9093);
#9093 = AXIS2_PLACEMENT_3D('',#9094,#9095,#9096);
#9094 = CARTESIAN_POINT('',(-0.9,-0.6,0.));
#9095 = DIRECTION('',(-0.,1.,0.));
#9096 = DIRECTION('',(0.,0.,1.));
#9097 = ADVANCED_FACE('',(#9098),#9114,.T.);
#9098 = FACE_BOUND('',#9099,.T.);
#9099 = EDGE_LOOP('',(#9100,#9101,#9107,#9108));
#9100 = ORIENTED_EDGE('',*,*,#4709,.F.);
#9101 = ORIENTED_EDGE('',*,*,#9102,.T.);
#9102 = EDGE_CURVE('',#4710,#1235,#9103,.T.);
#9103 = LINE('',#9104,#9105);
#9104 = CARTESIAN_POINT('',(-0.3,-0.9,0.));
#9105 = VECTOR('',#9106,1.);
#9106 = DIRECTION('',(0.,0.,1.));
#9107 = ORIENTED_EDGE('',*,*,#1232,.F.);
#9108 = ORIENTED_EDGE('',*,*,#9109,.F.);
#9109 = EDGE_CURVE('',#4712,#1233,#9110,.T.);
#9110 = LINE('',#9111,#9112);
#9111 = CARTESIAN_POINT('',(2.775557561563E-16,-0.9,0.));
#9112 = VECTOR('',#9113,1.);
#9113 = DIRECTION('',(0.,0.,1.));
#9114 = PLANE('',#9115);
#9115 = AXIS2_PLACEMENT_3D('',#9116,#9117,#9118);
#9116 = CARTESIAN_POINT('',(-0.3,-0.9,0.));
#9117 = DIRECTION('',(-0.,1.,0.));
#9118 = DIRECTION('',(0.,0.,1.));
#9119 = ADVANCED_FACE('',(#9120),#9131,.F.);
#9120 = FACE_BOUND('',#9121,.F.);
#9121 = EDGE_LOOP('',(#9122,#9123,#9124,#9130));
#9122 = ORIENTED_EDGE('',*,*,#9109,.F.);
#9123 = ORIENTED_EDGE('',*,*,#4735,.T.);
#9124 = ORIENTED_EDGE('',*,*,#9125,.T.);
#9125 = EDGE_CURVE('',#4728,#1251,#9126,.T.);
#9126 = LINE('',#9127,#9128);
#9127 = CARTESIAN_POINT('',(2.775557561563E-16,-0.6,0.));
#9128 = VECTOR('',#9129,1.);
#9129 = DIRECTION('',(0.,0.,1.));
#9130 = ORIENTED_EDGE('',*,*,#1258,.F.);
#9131 = PLANE('',#9132);
#9132 = AXIS2_PLACEMENT_3D('',#9133,#9134,#9135);
#9133 = CARTESIAN_POINT('',(2.775557561563E-16,-0.9,0.));
#9134 = DIRECTION('',(1.,0.,-0.));
#9135 = DIRECTION('',(0.,0.,1.));
#9136 = ADVANCED_FACE('',(#9137),#9148,.T.);
#9137 = FACE_BOUND('',#9138,.T.);
#9138 = EDGE_LOOP('',(#9139,#9140,#9141,#9147));
#9139 = ORIENTED_EDGE('',*,*,#9102,.F.);
#9140 = ORIENTED_EDGE('',*,*,#4719,.T.);
#9141 = ORIENTED_EDGE('',*,*,#9142,.T.);
#9142 = EDGE_CURVE('',#4720,#1243,#9143,.T.);
#9143 = LINE('',#9144,#9145);
#9144 = CARTESIAN_POINT('',(-0.3,-0.6,0.));
#9145 = VECTOR('',#9146,1.);
#9146 = DIRECTION('',(0.,0.,1.));
#9147 = ORIENTED_EDGE('',*,*,#1242,.F.);
#9148 = PLANE('',#9149);
#9149 = AXIS2_PLACEMENT_3D('',#9150,#9151,#9152);
#9150 = CARTESIAN_POINT('',(-0.3,-0.9,0.));
#9151 = DIRECTION('',(1.,0.,-0.));
#9152 = DIRECTION('',(0.,0.,1.));
#9153 = ADVANCED_FACE('',(#9154),#9160,.F.);
#9154 = FACE_BOUND('',#9155,.F.);
#9155 = EDGE_LOOP('',(#9156,#9157,#9158,#9159));
#9156 = ORIENTED_EDGE('',*,*,#4727,.F.);
#9157 = ORIENTED_EDGE('',*,*,#9142,.T.);
#9158 = ORIENTED_EDGE('',*,*,#1250,.F.);
#9159 = ORIENTED_EDGE('',*,*,#9125,.F.);
#9160 = PLANE('',#9161);
#9161 = AXIS2_PLACEMENT_3D('',#9162,#9163,#9164);
#9162 = CARTESIAN_POINT('',(-0.3,-0.6,0.));
#9163 = DIRECTION('',(-0.,1.,0.));
#9164 = DIRECTION('',(0.,0.,1.));
#9165 = ADVANCED_FACE('',(#9166),#9182,.T.);
#9166 = FACE_BOUND('',#9167,.T.);
#9167 = EDGE_LOOP('',(#9168,#9169,#9175,#9176));
#9168 = ORIENTED_EDGE('',*,*,#4743,.F.);
#9169 = ORIENTED_EDGE('',*,*,#9170,.T.);
#9170 = EDGE_CURVE('',#4744,#1269,#9171,.T.);
#9171 = LINE('',#9172,#9173);
#9172 = CARTESIAN_POINT('',(-0.9,-0.3,0.));
#9173 = VECTOR('',#9174,1.);
#9174 = DIRECTION('',(0.,0.,1.));
#9175 = ORIENTED_EDGE('',*,*,#1266,.F.);
#9176 = ORIENTED_EDGE('',*,*,#9177,.F.);
#9177 = EDGE_CURVE('',#4746,#1267,#9178,.T.);
#9178 = LINE('',#9179,#9180);
#9179 = CARTESIAN_POINT('',(-0.6,-0.3,0.));
#9180 = VECTOR('',#9181,1.);
#9181 = DIRECTION('',(0.,0.,1.));
#9182 = PLANE('',#9183);
#9183 = AXIS2_PLACEMENT_3D('',#9184,#9185,#9186);
#9184 = CARTESIAN_POINT('',(-0.9,-0.3,0.));
#9185 = DIRECTION('',(-0.,1.,0.));
#9186 = DIRECTION('',(0.,0.,1.));
#9187 = ADVANCED_FACE('',(#9188),#9199,.F.);
#9188 = FACE_BOUND('',#9189,.F.);
#9189 = EDGE_LOOP('',(#9190,#9191,#9192,#9198));
#9190 = ORIENTED_EDGE('',*,*,#9177,.F.);
#9191 = ORIENTED_EDGE('',*,*,#4769,.T.);
#9192 = ORIENTED_EDGE('',*,*,#9193,.T.);
#9193 = EDGE_CURVE('',#4762,#1285,#9194,.T.);
#9194 = LINE('',#9195,#9196);
#9195 = CARTESIAN_POINT('',(-0.6,2.775557561563E-16,0.));
#9196 = VECTOR('',#9197,1.);
#9197 = DIRECTION('',(0.,0.,1.));
#9198 = ORIENTED_EDGE('',*,*,#1292,.F.);
#9199 = PLANE('',#9200);
#9200 = AXIS2_PLACEMENT_3D('',#9201,#9202,#9203);
#9201 = CARTESIAN_POINT('',(-0.6,-0.3,0.));
#9202 = DIRECTION('',(1.,0.,-0.));
#9203 = DIRECTION('',(0.,0.,1.));
#9204 = ADVANCED_FACE('',(#9205),#9216,.T.);
#9205 = FACE_BOUND('',#9206,.T.);
#9206 = EDGE_LOOP('',(#9207,#9208,#9209,#9215));
#9207 = ORIENTED_EDGE('',*,*,#9170,.F.);
#9208 = ORIENTED_EDGE('',*,*,#4753,.T.);
#9209 = ORIENTED_EDGE('',*,*,#9210,.T.);
#9210 = EDGE_CURVE('',#4754,#1277,#9211,.T.);
#9211 = LINE('',#9212,#9213);
#9212 = CARTESIAN_POINT('',(-0.9,2.775557561563E-16,0.));
#9213 = VECTOR('',#9214,1.);
#9214 = DIRECTION('',(0.,0.,1.));
#9215 = ORIENTED_EDGE('',*,*,#1276,.F.);
#9216 = PLANE('',#9217);
#9217 = AXIS2_PLACEMENT_3D('',#9218,#9219,#9220);
#9218 = CARTESIAN_POINT('',(-0.9,-0.3,0.));
#9219 = DIRECTION('',(1.,0.,-0.));
#9220 = DIRECTION('',(0.,0.,1.));
#9221 = ADVANCED_FACE('',(#9222),#9228,.F.);
#9222 = FACE_BOUND('',#9223,.F.);
#9223 = EDGE_LOOP('',(#9224,#9225,#9226,#9227));
#9224 = ORIENTED_EDGE('',*,*,#4761,.F.);
#9225 = ORIENTED_EDGE('',*,*,#9210,.T.);
#9226 = ORIENTED_EDGE('',*,*,#1284,.F.);
#9227 = ORIENTED_EDGE('',*,*,#9193,.F.);
#9228 = PLANE('',#9229);
#9229 = AXIS2_PLACEMENT_3D('',#9230,#9231,#9232);
#9230 = CARTESIAN_POINT('',(-0.9,2.775557561563E-16,0.));
#9231 = DIRECTION('',(-0.,1.,0.));
#9232 = DIRECTION('',(0.,0.,1.));
#9233 = ADVANCED_FACE('',(#9234),#9250,.T.);
#9234 = FACE_BOUND('',#9235,.T.);
#9235 = EDGE_LOOP('',(#9236,#9237,#9243,#9244));
#9236 = ORIENTED_EDGE('',*,*,#4777,.F.);
#9237 = ORIENTED_EDGE('',*,*,#9238,.T.);
#9238 = EDGE_CURVE('',#4778,#1303,#9239,.T.);
#9239 = LINE('',#9240,#9241);
#9240 = CARTESIAN_POINT('',(-0.3,-0.3,0.));
#9241 = VECTOR('',#9242,1.);
#9242 = DIRECTION('',(0.,0.,1.));
#9243 = ORIENTED_EDGE('',*,*,#1300,.F.);
#9244 = ORIENTED_EDGE('',*,*,#9245,.F.);
#9245 = EDGE_CURVE('',#4780,#1301,#9246,.T.);
#9246 = LINE('',#9247,#9248);
#9247 = CARTESIAN_POINT('',(2.775557561563E-16,-0.3,0.));
#9248 = VECTOR('',#9249,1.);
#9249 = DIRECTION('',(0.,0.,1.));
#9250 = PLANE('',#9251);
#9251 = AXIS2_PLACEMENT_3D('',#9252,#9253,#9254);
#9252 = CARTESIAN_POINT('',(-0.3,-0.3,0.));
#9253 = DIRECTION('',(-0.,1.,0.));
#9254 = DIRECTION('',(0.,0.,1.));
#9255 = ADVANCED_FACE('',(#9256),#9267,.F.);
#9256 = FACE_BOUND('',#9257,.F.);
#9257 = EDGE_LOOP('',(#9258,#9259,#9260,#9266));
#9258 = ORIENTED_EDGE('',*,*,#9245,.F.);
#9259 = ORIENTED_EDGE('',*,*,#4803,.T.);
#9260 = ORIENTED_EDGE('',*,*,#9261,.T.);
#9261 = EDGE_CURVE('',#4796,#1319,#9262,.T.);
#9262 = LINE('',#9263,#9264);
#9263 = CARTESIAN_POINT('',(2.775557561563E-16,2.775557561563E-16,0.));
#9264 = VECTOR('',#9265,1.);
#9265 = DIRECTION('',(0.,0.,1.));
#9266 = ORIENTED_EDGE('',*,*,#1326,.F.);
#9267 = PLANE('',#9268);
#9268 = AXIS2_PLACEMENT_3D('',#9269,#9270,#9271);
#9269 = CARTESIAN_POINT('',(2.775557561563E-16,-0.3,0.));
#9270 = DIRECTION('',(1.,0.,-0.));
#9271 = DIRECTION('',(0.,0.,1.));
#9272 = ADVANCED_FACE('',(#9273),#9284,.T.);
#9273 = FACE_BOUND('',#9274,.T.);
#9274 = EDGE_LOOP('',(#9275,#9276,#9277,#9283));
#9275 = ORIENTED_EDGE('',*,*,#9238,.F.);
#9276 = ORIENTED_EDGE('',*,*,#4787,.T.);
#9277 = ORIENTED_EDGE('',*,*,#9278,.T.);
#9278 = EDGE_CURVE('',#4788,#1311,#9279,.T.);
#9279 = LINE('',#9280,#9281);
#9280 = CARTESIAN_POINT('',(-0.3,2.775557561563E-16,0.));
#9281 = VECTOR('',#9282,1.);
#9282 = DIRECTION('',(0.,0.,1.));
#9283 = ORIENTED_EDGE('',*,*,#1310,.F.);
#9284 = PLANE('',#9285);
#9285 = AXIS2_PLACEMENT_3D('',#9286,#9287,#9288);
#9286 = CARTESIAN_POINT('',(-0.3,-0.3,0.));
#9287 = DIRECTION('',(1.,0.,-0.));
#9288 = DIRECTION('',(0.,0.,1.));
#9289 = ADVANCED_FACE('',(#9290),#9296,.F.);
#9290 = FACE_BOUND('',#9291,.F.);
#9291 = EDGE_LOOP('',(#9292,#9293,#9294,#9295));
#9292 = ORIENTED_EDGE('',*,*,#4795,.F.);
#9293 = ORIENTED_EDGE('',*,*,#9278,.T.);
#9294 = ORIENTED_EDGE('',*,*,#1318,.F.);
#9295 = ORIENTED_EDGE('',*,*,#9261,.F.);
#9296 = PLANE('',#9297);
#9297 = AXIS2_PLACEMENT_3D('',#9298,#9299,#9300);
#9298 = CARTESIAN_POINT('',(-0.3,2.775557561563E-16,0.));
#9299 = DIRECTION('',(-0.,1.,0.));
#9300 = DIRECTION('',(0.,0.,1.));
#9301 = ADVANCED_FACE('',(#9302),#9318,.T.);
#9302 = FACE_BOUND('',#9303,.T.);
#9303 = EDGE_LOOP('',(#9304,#9305,#9311,#9312));
#9304 = ORIENTED_EDGE('',*,*,#4811,.F.);
#9305 = ORIENTED_EDGE('',*,*,#9306,.T.);
#9306 = EDGE_CURVE('',#4812,#1337,#9307,.T.);
#9307 = LINE('',#9308,#9309);
#9308 = CARTESIAN_POINT('',(0.3,-3.3,0.));
#9309 = VECTOR('',#9310,1.);
#9310 = DIRECTION('',(0.,0.,1.));
#9311 = ORIENTED_EDGE('',*,*,#1334,.F.);
#9312 = ORIENTED_EDGE('',*,*,#9313,.F.);
#9313 = EDGE_CURVE('',#4814,#1335,#9314,.T.);
#9314 = LINE('',#9315,#9316);
#9315 = CARTESIAN_POINT('',(0.6,-3.3,0.));
#9316 = VECTOR('',#9317,1.);
#9317 = DIRECTION('',(0.,0.,1.));
#9318 = PLANE('',#9319);
#9319 = AXIS2_PLACEMENT_3D('',#9320,#9321,#9322);
#9320 = CARTESIAN_POINT('',(0.3,-3.3,0.));
#9321 = DIRECTION('',(-0.,1.,0.));
#9322 = DIRECTION('',(0.,0.,1.));
#9323 = ADVANCED_FACE('',(#9324),#9335,.F.);
#9324 = FACE_BOUND('',#9325,.F.);
#9325 = EDGE_LOOP('',(#9326,#9327,#9328,#9334));
#9326 = ORIENTED_EDGE('',*,*,#9313,.F.);
#9327 = ORIENTED_EDGE('',*,*,#4837,.T.);
#9328 = ORIENTED_EDGE('',*,*,#9329,.T.);
#9329 = EDGE_CURVE('',#4830,#1353,#9330,.T.);
#9330 = LINE('',#9331,#9332);
#9331 = CARTESIAN_POINT('',(0.6,-3.,0.));
#9332 = VECTOR('',#9333,1.);
#9333 = DIRECTION('',(0.,0.,1.));
#9334 = ORIENTED_EDGE('',*,*,#1360,.F.);
#9335 = PLANE('',#9336);
#9336 = AXIS2_PLACEMENT_3D('',#9337,#9338,#9339);
#9337 = CARTESIAN_POINT('',(0.6,-3.3,0.));
#9338 = DIRECTION('',(1.,0.,-0.));
#9339 = DIRECTION('',(0.,0.,1.));
#9340 = ADVANCED_FACE('',(#9341),#9352,.T.);
#9341 = FACE_BOUND('',#9342,.T.);
#9342 = EDGE_LOOP('',(#9343,#9344,#9345,#9351));
#9343 = ORIENTED_EDGE('',*,*,#9306,.F.);
#9344 = ORIENTED_EDGE('',*,*,#4821,.T.);
#9345 = ORIENTED_EDGE('',*,*,#9346,.T.);
#9346 = EDGE_CURVE('',#4822,#1345,#9347,.T.);
#9347 = LINE('',#9348,#9349);
#9348 = CARTESIAN_POINT('',(0.3,-3.,0.));
#9349 = VECTOR('',#9350,1.);
#9350 = DIRECTION('',(0.,0.,1.));
#9351 = ORIENTED_EDGE('',*,*,#1344,.F.);
#9352 = PLANE('',#9353);
#9353 = AXIS2_PLACEMENT_3D('',#9354,#9355,#9356);
#9354 = CARTESIAN_POINT('',(0.3,-3.3,0.));
#9355 = DIRECTION('',(1.,0.,-0.));
#9356 = DIRECTION('',(0.,0.,1.));
#9357 = ADVANCED_FACE('',(#9358),#9364,.F.);
#9358 = FACE_BOUND('',#9359,.F.);
#9359 = EDGE_LOOP('',(#9360,#9361,#9362,#9363));
#9360 = ORIENTED_EDGE('',*,*,#4829,.F.);
#9361 = ORIENTED_EDGE('',*,*,#9346,.T.);
#9362 = ORIENTED_EDGE('',*,*,#1352,.F.);
#9363 = ORIENTED_EDGE('',*,*,#9329,.F.);
#9364 = PLANE('',#9365);
#9365 = AXIS2_PLACEMENT_3D('',#9366,#9367,#9368);
#9366 = CARTESIAN_POINT('',(0.3,-3.,0.));
#9367 = DIRECTION('',(-0.,1.,0.));
#9368 = DIRECTION('',(0.,0.,1.));
#9369 = ADVANCED_FACE('',(#9370),#9386,.T.);
#9370 = FACE_BOUND('',#9371,.T.);
#9371 = EDGE_LOOP('',(#9372,#9373,#9379,#9380));
#9372 = ORIENTED_EDGE('',*,*,#4845,.F.);
#9373 = ORIENTED_EDGE('',*,*,#9374,.T.);
#9374 = EDGE_CURVE('',#4846,#1371,#9375,.T.);
#9375 = LINE('',#9376,#9377);
#9376 = CARTESIAN_POINT('',(0.3,-2.7,0.));
#9377 = VECTOR('',#9378,1.);
#9378 = DIRECTION('',(0.,0.,1.));
#9379 = ORIENTED_EDGE('',*,*,#1368,.F.);
#9380 = ORIENTED_EDGE('',*,*,#9381,.F.);
#9381 = EDGE_CURVE('',#4848,#1369,#9382,.T.);
#9382 = LINE('',#9383,#9384);
#9383 = CARTESIAN_POINT('',(0.6,-2.7,0.));
#9384 = VECTOR('',#9385,1.);
#9385 = DIRECTION('',(0.,0.,1.));
#9386 = PLANE('',#9387);
#9387 = AXIS2_PLACEMENT_3D('',#9388,#9389,#9390);
#9388 = CARTESIAN_POINT('',(0.3,-2.7,0.));
#9389 = DIRECTION('',(-0.,1.,0.));
#9390 = DIRECTION('',(0.,0.,1.));
#9391 = ADVANCED_FACE('',(#9392),#9403,.F.);
#9392 = FACE_BOUND('',#9393,.F.);
#9393 = EDGE_LOOP('',(#9394,#9395,#9396,#9402));
#9394 = ORIENTED_EDGE('',*,*,#9381,.F.);
#9395 = ORIENTED_EDGE('',*,*,#4871,.T.);
#9396 = ORIENTED_EDGE('',*,*,#9397,.T.);
#9397 = EDGE_CURVE('',#4864,#1387,#9398,.T.);
#9398 = LINE('',#9399,#9400);
#9399 = CARTESIAN_POINT('',(0.6,-2.4,0.));
#9400 = VECTOR('',#9401,1.);
#9401 = DIRECTION('',(0.,0.,1.));
#9402 = ORIENTED_EDGE('',*,*,#1394,.F.);
#9403 = PLANE('',#9404);
#9404 = AXIS2_PLACEMENT_3D('',#9405,#9406,#9407);
#9405 = CARTESIAN_POINT('',(0.6,-2.7,0.));
#9406 = DIRECTION('',(1.,0.,-0.));
#9407 = DIRECTION('',(0.,0.,1.));
#9408 = ADVANCED_FACE('',(#9409),#9420,.T.);
#9409 = FACE_BOUND('',#9410,.T.);
#9410 = EDGE_LOOP('',(#9411,#9412,#9413,#9419));
#9411 = ORIENTED_EDGE('',*,*,#9374,.F.);
#9412 = ORIENTED_EDGE('',*,*,#4855,.T.);
#9413 = ORIENTED_EDGE('',*,*,#9414,.T.);
#9414 = EDGE_CURVE('',#4856,#1379,#9415,.T.);
#9415 = LINE('',#9416,#9417);
#9416 = CARTESIAN_POINT('',(0.3,-2.4,0.));
#9417 = VECTOR('',#9418,1.);
#9418 = DIRECTION('',(0.,0.,1.));
#9419 = ORIENTED_EDGE('',*,*,#1378,.F.);
#9420 = PLANE('',#9421);
#9421 = AXIS2_PLACEMENT_3D('',#9422,#9423,#9424);
#9422 = CARTESIAN_POINT('',(0.3,-2.7,0.));
#9423 = DIRECTION('',(1.,0.,-0.));
#9424 = DIRECTION('',(0.,0.,1.));
#9425 = ADVANCED_FACE('',(#9426),#9432,.F.);
#9426 = FACE_BOUND('',#9427,.F.);
#9427 = EDGE_LOOP('',(#9428,#9429,#9430,#9431));
#9428 = ORIENTED_EDGE('',*,*,#4863,.F.);
#9429 = ORIENTED_EDGE('',*,*,#9414,.T.);
#9430 = ORIENTED_EDGE('',*,*,#1386,.F.);
#9431 = ORIENTED_EDGE('',*,*,#9397,.F.);
#9432 = PLANE('',#9433);
#9433 = AXIS2_PLACEMENT_3D('',#9434,#9435,#9436);
#9434 = CARTESIAN_POINT('',(0.3,-2.4,0.));
#9435 = DIRECTION('',(-0.,1.,0.));
#9436 = DIRECTION('',(0.,0.,1.));
#9437 = ADVANCED_FACE('',(#9438),#9454,.T.);
#9438 = FACE_BOUND('',#9439,.T.);
#9439 = EDGE_LOOP('',(#9440,#9441,#9447,#9448));
#9440 = ORIENTED_EDGE('',*,*,#4879,.F.);
#9441 = ORIENTED_EDGE('',*,*,#9442,.T.);
#9442 = EDGE_CURVE('',#4880,#1405,#9443,.T.);
#9443 = LINE('',#9444,#9445);
#9444 = CARTESIAN_POINT('',(0.9,-3.3,0.));
#9445 = VECTOR('',#9446,1.);
#9446 = DIRECTION('',(0.,0.,1.));
#9447 = ORIENTED_EDGE('',*,*,#1402,.F.);
#9448 = ORIENTED_EDGE('',*,*,#9449,.F.);
#9449 = EDGE_CURVE('',#4882,#1403,#9450,.T.);
#9450 = LINE('',#9451,#9452);
#9451 = CARTESIAN_POINT('',(1.2,-3.3,0.));
#9452 = VECTOR('',#9453,1.);
#9453 = DIRECTION('',(0.,0.,1.));
#9454 = PLANE('',#9455);
#9455 = AXIS2_PLACEMENT_3D('',#9456,#9457,#9458);
#9456 = CARTESIAN_POINT('',(0.9,-3.3,0.));
#9457 = DIRECTION('',(-0.,1.,0.));
#9458 = DIRECTION('',(0.,0.,1.));
#9459 = ADVANCED_FACE('',(#9460),#9471,.F.);
#9460 = FACE_BOUND('',#9461,.F.);
#9461 = EDGE_LOOP('',(#9462,#9463,#9464,#9470));
#9462 = ORIENTED_EDGE('',*,*,#9449,.F.);
#9463 = ORIENTED_EDGE('',*,*,#4905,.T.);
#9464 = ORIENTED_EDGE('',*,*,#9465,.T.);
#9465 = EDGE_CURVE('',#4898,#1421,#9466,.T.);
#9466 = LINE('',#9467,#9468);
#9467 = CARTESIAN_POINT('',(1.2,-3.,0.));
#9468 = VECTOR('',#9469,1.);
#9469 = DIRECTION('',(0.,0.,1.));
#9470 = ORIENTED_EDGE('',*,*,#1428,.F.);
#9471 = PLANE('',#9472);
#9472 = AXIS2_PLACEMENT_3D('',#9473,#9474,#9475);
#9473 = CARTESIAN_POINT('',(1.2,-3.3,0.));
#9474 = DIRECTION('',(1.,0.,-0.));
#9475 = DIRECTION('',(0.,0.,1.));
#9476 = ADVANCED_FACE('',(#9477),#9488,.T.);
#9477 = FACE_BOUND('',#9478,.T.);
#9478 = EDGE_LOOP('',(#9479,#9480,#9481,#9487));
#9479 = ORIENTED_EDGE('',*,*,#9442,.F.);
#9480 = ORIENTED_EDGE('',*,*,#4889,.T.);
#9481 = ORIENTED_EDGE('',*,*,#9482,.T.);
#9482 = EDGE_CURVE('',#4890,#1413,#9483,.T.);
#9483 = LINE('',#9484,#9485);
#9484 = CARTESIAN_POINT('',(0.9,-3.,0.));
#9485 = VECTOR('',#9486,1.);
#9486 = DIRECTION('',(0.,0.,1.));
#9487 = ORIENTED_EDGE('',*,*,#1412,.F.);
#9488 = PLANE('',#9489);
#9489 = AXIS2_PLACEMENT_3D('',#9490,#9491,#9492);
#9490 = CARTESIAN_POINT('',(0.9,-3.3,0.));
#9491 = DIRECTION('',(1.,0.,-0.));
#9492 = DIRECTION('',(0.,0.,1.));
#9493 = ADVANCED_FACE('',(#9494),#9500,.F.);
#9494 = FACE_BOUND('',#9495,.F.);
#9495 = EDGE_LOOP('',(#9496,#9497,#9498,#9499));
#9496 = ORIENTED_EDGE('',*,*,#4897,.F.);
#9497 = ORIENTED_EDGE('',*,*,#9482,.T.);
#9498 = ORIENTED_EDGE('',*,*,#1420,.F.);
#9499 = ORIENTED_EDGE('',*,*,#9465,.F.);
#9500 = PLANE('',#9501);
#9501 = AXIS2_PLACEMENT_3D('',#9502,#9503,#9504);
#9502 = CARTESIAN_POINT('',(0.9,-3.,0.));
#9503 = DIRECTION('',(-0.,1.,0.));
#9504 = DIRECTION('',(0.,0.,1.));
#9505 = ADVANCED_FACE('',(#9506),#9522,.T.);
#9506 = FACE_BOUND('',#9507,.T.);
#9507 = EDGE_LOOP('',(#9508,#9509,#9515,#9516));
#9508 = ORIENTED_EDGE('',*,*,#4913,.F.);
#9509 = ORIENTED_EDGE('',*,*,#9510,.T.);
#9510 = EDGE_CURVE('',#4914,#1439,#9511,.T.);
#9511 = LINE('',#9512,#9513);
#9512 = CARTESIAN_POINT('',(0.9,-2.7,0.));
#9513 = VECTOR('',#9514,1.);
#9514 = DIRECTION('',(0.,0.,1.));
#9515 = ORIENTED_EDGE('',*,*,#1436,.F.);
#9516 = ORIENTED_EDGE('',*,*,#9517,.F.);
#9517 = EDGE_CURVE('',#4916,#1437,#9518,.T.);
#9518 = LINE('',#9519,#9520);
#9519 = CARTESIAN_POINT('',(1.2,-2.7,0.));
#9520 = VECTOR('',#9521,1.);
#9521 = DIRECTION('',(0.,0.,1.));
#9522 = PLANE('',#9523);
#9523 = AXIS2_PLACEMENT_3D('',#9524,#9525,#9526);
#9524 = CARTESIAN_POINT('',(0.9,-2.7,0.));
#9525 = DIRECTION('',(-0.,1.,0.));
#9526 = DIRECTION('',(0.,0.,1.));
#9527 = ADVANCED_FACE('',(#9528),#9539,.F.);
#9528 = FACE_BOUND('',#9529,.F.);
#9529 = EDGE_LOOP('',(#9530,#9531,#9532,#9538));
#9530 = ORIENTED_EDGE('',*,*,#9517,.F.);
#9531 = ORIENTED_EDGE('',*,*,#4939,.T.);
#9532 = ORIENTED_EDGE('',*,*,#9533,.T.);
#9533 = EDGE_CURVE('',#4932,#1455,#9534,.T.);
#9534 = LINE('',#9535,#9536);
#9535 = CARTESIAN_POINT('',(1.2,-2.4,0.));
#9536 = VECTOR('',#9537,1.);
#9537 = DIRECTION('',(0.,0.,1.));
#9538 = ORIENTED_EDGE('',*,*,#1462,.F.);
#9539 = PLANE('',#9540);
#9540 = AXIS2_PLACEMENT_3D('',#9541,#9542,#9543);
#9541 = CARTESIAN_POINT('',(1.2,-2.7,0.));
#9542 = DIRECTION('',(1.,0.,-0.));
#9543 = DIRECTION('',(0.,0.,1.));
#9544 = ADVANCED_FACE('',(#9545),#9556,.T.);
#9545 = FACE_BOUND('',#9546,.T.);
#9546 = EDGE_LOOP('',(#9547,#9548,#9549,#9555));
#9547 = ORIENTED_EDGE('',*,*,#9510,.F.);
#9548 = ORIENTED_EDGE('',*,*,#4923,.T.);
#9549 = ORIENTED_EDGE('',*,*,#9550,.T.);
#9550 = EDGE_CURVE('',#4924,#1447,#9551,.T.);
#9551 = LINE('',#9552,#9553);
#9552 = CARTESIAN_POINT('',(0.9,-2.4,0.));
#9553 = VECTOR('',#9554,1.);
#9554 = DIRECTION('',(0.,0.,1.));
#9555 = ORIENTED_EDGE('',*,*,#1446,.F.);
#9556 = PLANE('',#9557);
#9557 = AXIS2_PLACEMENT_3D('',#9558,#9559,#9560);
#9558 = CARTESIAN_POINT('',(0.9,-2.7,0.));
#9559 = DIRECTION('',(1.,0.,-0.));
#9560 = DIRECTION('',(0.,0.,1.));
#9561 = ADVANCED_FACE('',(#9562),#9568,.F.);
#9562 = FACE_BOUND('',#9563,.F.);
#9563 = EDGE_LOOP('',(#9564,#9565,#9566,#9567));
#9564 = ORIENTED_EDGE('',*,*,#4931,.F.);
#9565 = ORIENTED_EDGE('',*,*,#9550,.T.);
#9566 = ORIENTED_EDGE('',*,*,#1454,.F.);
#9567 = ORIENTED_EDGE('',*,*,#9533,.F.);
#9568 = PLANE('',#9569);
#9569 = AXIS2_PLACEMENT_3D('',#9570,#9571,#9572);
#9570 = CARTESIAN_POINT('',(0.9,-2.4,0.));
#9571 = DIRECTION('',(-0.,1.,0.));
#9572 = DIRECTION('',(0.,0.,1.));
#9573 = ADVANCED_FACE('',(#9574),#9590,.T.);
#9574 = FACE_BOUND('',#9575,.T.);
#9575 = EDGE_LOOP('',(#9576,#9577,#9583,#9584));
#9576 = ORIENTED_EDGE('',*,*,#4947,.F.);
#9577 = ORIENTED_EDGE('',*,*,#9578,.T.);
#9578 = EDGE_CURVE('',#4948,#1473,#9579,.T.);
#9579 = LINE('',#9580,#9581);
#9580 = CARTESIAN_POINT('',(0.3,-2.1,0.));
#9581 = VECTOR('',#9582,1.);
#9582 = DIRECTION('',(0.,0.,1.));
#9583 = ORIENTED_EDGE('',*,*,#1470,.F.);
#9584 = ORIENTED_EDGE('',*,*,#9585,.F.);
#9585 = EDGE_CURVE('',#4950,#1471,#9586,.T.);
#9586 = LINE('',#9587,#9588);
#9587 = CARTESIAN_POINT('',(0.6,-2.1,0.));
#9588 = VECTOR('',#9589,1.);
#9589 = DIRECTION('',(0.,0.,1.));
#9590 = PLANE('',#9591);
#9591 = AXIS2_PLACEMENT_3D('',#9592,#9593,#9594);
#9592 = CARTESIAN_POINT('',(0.3,-2.1,0.));
#9593 = DIRECTION('',(-0.,1.,0.));
#9594 = DIRECTION('',(0.,0.,1.));
#9595 = ADVANCED_FACE('',(#9596),#9607,.F.);
#9596 = FACE_BOUND('',#9597,.F.);
#9597 = EDGE_LOOP('',(#9598,#9599,#9600,#9606));
#9598 = ORIENTED_EDGE('',*,*,#9585,.F.);
#9599 = ORIENTED_EDGE('',*,*,#4973,.T.);
#9600 = ORIENTED_EDGE('',*,*,#9601,.T.);
#9601 = EDGE_CURVE('',#4966,#1489,#9602,.T.);
#9602 = LINE('',#9603,#9604);
#9603 = CARTESIAN_POINT('',(0.6,-1.8,0.));
#9604 = VECTOR('',#9605,1.);
#9605 = DIRECTION('',(0.,0.,1.));
#9606 = ORIENTED_EDGE('',*,*,#1496,.F.);
#9607 = PLANE('',#9608);
#9608 = AXIS2_PLACEMENT_3D('',#9609,#9610,#9611);
#9609 = CARTESIAN_POINT('',(0.6,-2.1,0.));
#9610 = DIRECTION('',(1.,0.,-0.));
#9611 = DIRECTION('',(0.,0.,1.));
#9612 = ADVANCED_FACE('',(#9613),#9624,.T.);
#9613 = FACE_BOUND('',#9614,.T.);
#9614 = EDGE_LOOP('',(#9615,#9616,#9617,#9623));
#9615 = ORIENTED_EDGE('',*,*,#9578,.F.);
#9616 = ORIENTED_EDGE('',*,*,#4957,.T.);
#9617 = ORIENTED_EDGE('',*,*,#9618,.T.);
#9618 = EDGE_CURVE('',#4958,#1481,#9619,.T.);
#9619 = LINE('',#9620,#9621);
#9620 = CARTESIAN_POINT('',(0.3,-1.8,0.));
#9621 = VECTOR('',#9622,1.);
#9622 = DIRECTION('',(0.,0.,1.));
#9623 = ORIENTED_EDGE('',*,*,#1480,.F.);
#9624 = PLANE('',#9625);
#9625 = AXIS2_PLACEMENT_3D('',#9626,#9627,#9628);
#9626 = CARTESIAN_POINT('',(0.3,-2.1,0.));
#9627 = DIRECTION('',(1.,0.,-0.));
#9628 = DIRECTION('',(0.,0.,1.));
#9629 = ADVANCED_FACE('',(#9630),#9636,.F.);
#9630 = FACE_BOUND('',#9631,.F.);
#9631 = EDGE_LOOP('',(#9632,#9633,#9634,#9635));
#9632 = ORIENTED_EDGE('',*,*,#4965,.F.);
#9633 = ORIENTED_EDGE('',*,*,#9618,.T.);
#9634 = ORIENTED_EDGE('',*,*,#1488,.F.);
#9635 = ORIENTED_EDGE('',*,*,#9601,.F.);
#9636 = PLANE('',#9637);
#9637 = AXIS2_PLACEMENT_3D('',#9638,#9639,#9640);
#9638 = CARTESIAN_POINT('',(0.3,-1.8,0.));
#9639 = DIRECTION('',(-0.,1.,0.));
#9640 = DIRECTION('',(0.,0.,1.));
#9641 = ADVANCED_FACE('',(#9642),#9658,.T.);
#9642 = FACE_BOUND('',#9643,.T.);
#9643 = EDGE_LOOP('',(#9644,#9645,#9651,#9652));
#9644 = ORIENTED_EDGE('',*,*,#4981,.F.);
#9645 = ORIENTED_EDGE('',*,*,#9646,.T.);
#9646 = EDGE_CURVE('',#4982,#1507,#9647,.T.);
#9647 = LINE('',#9648,#9649);
#9648 = CARTESIAN_POINT('',(0.9,-2.1,0.));
#9649 = VECTOR('',#9650,1.);
#9650 = DIRECTION('',(0.,0.,1.));
#9651 = ORIENTED_EDGE('',*,*,#1504,.F.);
#9652 = ORIENTED_EDGE('',*,*,#9653,.F.);
#9653 = EDGE_CURVE('',#4984,#1505,#9654,.T.);
#9654 = LINE('',#9655,#9656);
#9655 = CARTESIAN_POINT('',(1.2,-2.1,0.));
#9656 = VECTOR('',#9657,1.);
#9657 = DIRECTION('',(0.,0.,1.));
#9658 = PLANE('',#9659);
#9659 = AXIS2_PLACEMENT_3D('',#9660,#9661,#9662);
#9660 = CARTESIAN_POINT('',(0.9,-2.1,0.));
#9661 = DIRECTION('',(-0.,1.,0.));
#9662 = DIRECTION('',(0.,0.,1.));
#9663 = ADVANCED_FACE('',(#9664),#9675,.F.);
#9664 = FACE_BOUND('',#9665,.F.);
#9665 = EDGE_LOOP('',(#9666,#9667,#9668,#9674));
#9666 = ORIENTED_EDGE('',*,*,#9653,.F.);
#9667 = ORIENTED_EDGE('',*,*,#5007,.T.);
#9668 = ORIENTED_EDGE('',*,*,#9669,.T.);
#9669 = EDGE_CURVE('',#5000,#1523,#9670,.T.);
#9670 = LINE('',#9671,#9672);
#9671 = CARTESIAN_POINT('',(1.2,-1.8,0.));
#9672 = VECTOR('',#9673,1.);
#9673 = DIRECTION('',(0.,0.,1.));
#9674 = ORIENTED_EDGE('',*,*,#1530,.F.);
#9675 = PLANE('',#9676);
#9676 = AXIS2_PLACEMENT_3D('',#9677,#9678,#9679);
#9677 = CARTESIAN_POINT('',(1.2,-2.1,0.));
#9678 = DIRECTION('',(1.,0.,-0.));
#9679 = DIRECTION('',(0.,0.,1.));
#9680 = ADVANCED_FACE('',(#9681),#9692,.T.);
#9681 = FACE_BOUND('',#9682,.T.);
#9682 = EDGE_LOOP('',(#9683,#9684,#9685,#9691));
#9683 = ORIENTED_EDGE('',*,*,#9646,.F.);
#9684 = ORIENTED_EDGE('',*,*,#4991,.T.);
#9685 = ORIENTED_EDGE('',*,*,#9686,.T.);
#9686 = EDGE_CURVE('',#4992,#1515,#9687,.T.);
#9687 = LINE('',#9688,#9689);
#9688 = CARTESIAN_POINT('',(0.9,-1.8,0.));
#9689 = VECTOR('',#9690,1.);
#9690 = DIRECTION('',(0.,0.,1.));
#9691 = ORIENTED_EDGE('',*,*,#1514,.F.);
#9692 = PLANE('',#9693);
#9693 = AXIS2_PLACEMENT_3D('',#9694,#9695,#9696);
#9694 = CARTESIAN_POINT('',(0.9,-2.1,0.));
#9695 = DIRECTION('',(1.,0.,-0.));
#9696 = DIRECTION('',(0.,0.,1.));
#9697 = ADVANCED_FACE('',(#9698),#9704,.F.);
#9698 = FACE_BOUND('',#9699,.F.);
#9699 = EDGE_LOOP('',(#9700,#9701,#9702,#9703));
#9700 = ORIENTED_EDGE('',*,*,#4999,.F.);
#9701 = ORIENTED_EDGE('',*,*,#9686,.T.);
#9702 = ORIENTED_EDGE('',*,*,#1522,.F.);
#9703 = ORIENTED_EDGE('',*,*,#9669,.F.);
#9704 = PLANE('',#9705);
#9705 = AXIS2_PLACEMENT_3D('',#9706,#9707,#9708);
#9706 = CARTESIAN_POINT('',(0.9,-1.8,0.));
#9707 = DIRECTION('',(-0.,1.,0.));
#9708 = DIRECTION('',(0.,0.,1.));
#9709 = ADVANCED_FACE('',(#9710),#9726,.T.);
#9710 = FACE_BOUND('',#9711,.T.);
#9711 = EDGE_LOOP('',(#9712,#9713,#9719,#9720));
#9712 = ORIENTED_EDGE('',*,*,#5015,.F.);
#9713 = ORIENTED_EDGE('',*,*,#9714,.T.);
#9714 = EDGE_CURVE('',#5016,#1541,#9715,.T.);
#9715 = LINE('',#9716,#9717);
#9716 = CARTESIAN_POINT('',(1.5,-2.7,0.));
#9717 = VECTOR('',#9718,1.);
#9718 = DIRECTION('',(0.,0.,1.));
#9719 = ORIENTED_EDGE('',*,*,#1538,.F.);
#9720 = ORIENTED_EDGE('',*,*,#9721,.F.);
#9721 = EDGE_CURVE('',#5018,#1539,#9722,.T.);
#9722 = LINE('',#9723,#9724);
#9723 = CARTESIAN_POINT('',(1.8,-2.7,0.));
#9724 = VECTOR('',#9725,1.);
#9725 = DIRECTION('',(0.,0.,1.));
#9726 = PLANE('',#9727);
#9727 = AXIS2_PLACEMENT_3D('',#9728,#9729,#9730);
#9728 = CARTESIAN_POINT('',(1.5,-2.7,0.));
#9729 = DIRECTION('',(-0.,1.,0.));
#9730 = DIRECTION('',(0.,0.,1.));
#9731 = ADVANCED_FACE('',(#9732),#9743,.F.);
#9732 = FACE_BOUND('',#9733,.F.);
#9733 = EDGE_LOOP('',(#9734,#9735,#9736,#9742));
#9734 = ORIENTED_EDGE('',*,*,#9721,.F.);
#9735 = ORIENTED_EDGE('',*,*,#5041,.T.);
#9736 = ORIENTED_EDGE('',*,*,#9737,.T.);
#9737 = EDGE_CURVE('',#5034,#1557,#9738,.T.);
#9738 = LINE('',#9739,#9740);
#9739 = CARTESIAN_POINT('',(1.8,-2.4,0.));
#9740 = VECTOR('',#9741,1.);
#9741 = DIRECTION('',(0.,0.,1.));
#9742 = ORIENTED_EDGE('',*,*,#1564,.F.);
#9743 = PLANE('',#9744);
#9744 = AXIS2_PLACEMENT_3D('',#9745,#9746,#9747);
#9745 = CARTESIAN_POINT('',(1.8,-2.7,0.));
#9746 = DIRECTION('',(1.,0.,-0.));
#9747 = DIRECTION('',(0.,0.,1.));
#9748 = ADVANCED_FACE('',(#9749),#9760,.T.);
#9749 = FACE_BOUND('',#9750,.T.);
#9750 = EDGE_LOOP('',(#9751,#9752,#9753,#9759));
#9751 = ORIENTED_EDGE('',*,*,#9714,.F.);
#9752 = ORIENTED_EDGE('',*,*,#5025,.T.);
#9753 = ORIENTED_EDGE('',*,*,#9754,.T.);
#9754 = EDGE_CURVE('',#5026,#1549,#9755,.T.);
#9755 = LINE('',#9756,#9757);
#9756 = CARTESIAN_POINT('',(1.5,-2.4,0.));
#9757 = VECTOR('',#9758,1.);
#9758 = DIRECTION('',(0.,0.,1.));
#9759 = ORIENTED_EDGE('',*,*,#1548,.F.);
#9760 = PLANE('',#9761);
#9761 = AXIS2_PLACEMENT_3D('',#9762,#9763,#9764);
#9762 = CARTESIAN_POINT('',(1.5,-2.7,0.));
#9763 = DIRECTION('',(1.,0.,-0.));
#9764 = DIRECTION('',(0.,0.,1.));
#9765 = ADVANCED_FACE('',(#9766),#9772,.F.);
#9766 = FACE_BOUND('',#9767,.F.);
#9767 = EDGE_LOOP('',(#9768,#9769,#9770,#9771));
#9768 = ORIENTED_EDGE('',*,*,#5033,.F.);
#9769 = ORIENTED_EDGE('',*,*,#9754,.T.);
#9770 = ORIENTED_EDGE('',*,*,#1556,.F.);
#9771 = ORIENTED_EDGE('',*,*,#9737,.F.);
#9772 = PLANE('',#9773);
#9773 = AXIS2_PLACEMENT_3D('',#9774,#9775,#9776);
#9774 = CARTESIAN_POINT('',(1.5,-2.4,0.));
#9775 = DIRECTION('',(-0.,1.,0.));
#9776 = DIRECTION('',(0.,0.,1.));
#9777 = ADVANCED_FACE('',(#9778),#9794,.T.);
#9778 = FACE_BOUND('',#9779,.T.);
#9779 = EDGE_LOOP('',(#9780,#9781,#9787,#9788));
#9780 = ORIENTED_EDGE('',*,*,#5049,.F.);
#9781 = ORIENTED_EDGE('',*,*,#9782,.T.);
#9782 = EDGE_CURVE('',#5050,#1575,#9783,.T.);
#9783 = LINE('',#9784,#9785);
#9784 = CARTESIAN_POINT('',(2.1,-2.7,0.));
#9785 = VECTOR('',#9786,1.);
#9786 = DIRECTION('',(0.,0.,1.));
#9787 = ORIENTED_EDGE('',*,*,#1572,.F.);
#9788 = ORIENTED_EDGE('',*,*,#9789,.F.);
#9789 = EDGE_CURVE('',#5052,#1573,#9790,.T.);
#9790 = LINE('',#9791,#9792);
#9791 = CARTESIAN_POINT('',(2.4,-2.7,0.));
#9792 = VECTOR('',#9793,1.);
#9793 = DIRECTION('',(0.,0.,1.));
#9794 = PLANE('',#9795);
#9795 = AXIS2_PLACEMENT_3D('',#9796,#9797,#9798);
#9796 = CARTESIAN_POINT('',(2.1,-2.7,0.));
#9797 = DIRECTION('',(-0.,1.,0.));
#9798 = DIRECTION('',(0.,0.,1.));
#9799 = ADVANCED_FACE('',(#9800),#9811,.F.);
#9800 = FACE_BOUND('',#9801,.F.);
#9801 = EDGE_LOOP('',(#9802,#9803,#9804,#9810));
#9802 = ORIENTED_EDGE('',*,*,#9789,.F.);
#9803 = ORIENTED_EDGE('',*,*,#5075,.T.);
#9804 = ORIENTED_EDGE('',*,*,#9805,.T.);
#9805 = EDGE_CURVE('',#5068,#1591,#9806,.T.);
#9806 = LINE('',#9807,#9808);
#9807 = CARTESIAN_POINT('',(2.4,-2.4,0.));
#9808 = VECTOR('',#9809,1.);
#9809 = DIRECTION('',(0.,0.,1.));
#9810 = ORIENTED_EDGE('',*,*,#1598,.F.);
#9811 = PLANE('',#9812);
#9812 = AXIS2_PLACEMENT_3D('',#9813,#9814,#9815);
#9813 = CARTESIAN_POINT('',(2.4,-2.7,0.));
#9814 = DIRECTION('',(1.,0.,-0.));
#9815 = DIRECTION('',(0.,0.,1.));
#9816 = ADVANCED_FACE('',(#9817),#9828,.T.);
#9817 = FACE_BOUND('',#9818,.T.);
#9818 = EDGE_LOOP('',(#9819,#9820,#9821,#9827));
#9819 = ORIENTED_EDGE('',*,*,#9782,.F.);
#9820 = ORIENTED_EDGE('',*,*,#5059,.T.);
#9821 = ORIENTED_EDGE('',*,*,#9822,.T.);
#9822 = EDGE_CURVE('',#5060,#1583,#9823,.T.);
#9823 = LINE('',#9824,#9825);
#9824 = CARTESIAN_POINT('',(2.1,-2.4,0.));
#9825 = VECTOR('',#9826,1.);
#9826 = DIRECTION('',(0.,0.,1.));
#9827 = ORIENTED_EDGE('',*,*,#1582,.F.);
#9828 = PLANE('',#9829);
#9829 = AXIS2_PLACEMENT_3D('',#9830,#9831,#9832);
#9830 = CARTESIAN_POINT('',(2.1,-2.7,0.));
#9831 = DIRECTION('',(1.,0.,-0.));
#9832 = DIRECTION('',(0.,0.,1.));
#9833 = ADVANCED_FACE('',(#9834),#9840,.F.);
#9834 = FACE_BOUND('',#9835,.F.);
#9835 = EDGE_LOOP('',(#9836,#9837,#9838,#9839));
#9836 = ORIENTED_EDGE('',*,*,#5067,.F.);
#9837 = ORIENTED_EDGE('',*,*,#9822,.T.);
#9838 = ORIENTED_EDGE('',*,*,#1590,.F.);
#9839 = ORIENTED_EDGE('',*,*,#9805,.F.);
#9840 = PLANE('',#9841);
#9841 = AXIS2_PLACEMENT_3D('',#9842,#9843,#9844);
#9842 = CARTESIAN_POINT('',(2.1,-2.4,0.));
#9843 = DIRECTION('',(-0.,1.,0.));
#9844 = DIRECTION('',(0.,0.,1.));
#9845 = ADVANCED_FACE('',(#9846),#9862,.T.);
#9846 = FACE_BOUND('',#9847,.T.);
#9847 = EDGE_LOOP('',(#9848,#9849,#9855,#9856));
#9848 = ORIENTED_EDGE('',*,*,#5083,.F.);
#9849 = ORIENTED_EDGE('',*,*,#9850,.T.);
#9850 = EDGE_CURVE('',#5084,#1609,#9851,.T.);
#9851 = LINE('',#9852,#9853);
#9852 = CARTESIAN_POINT('',(1.5,-2.1,0.));
#9853 = VECTOR('',#9854,1.);
#9854 = DIRECTION('',(0.,0.,1.));
#9855 = ORIENTED_EDGE('',*,*,#1606,.F.);
#9856 = ORIENTED_EDGE('',*,*,#9857,.F.);
#9857 = EDGE_CURVE('',#5086,#1607,#9858,.T.);
#9858 = LINE('',#9859,#9860);
#9859 = CARTESIAN_POINT('',(1.8,-2.1,0.));
#9860 = VECTOR('',#9861,1.);
#9861 = DIRECTION('',(0.,0.,1.));
#9862 = PLANE('',#9863);
#9863 = AXIS2_PLACEMENT_3D('',#9864,#9865,#9866);
#9864 = CARTESIAN_POINT('',(1.5,-2.1,0.));
#9865 = DIRECTION('',(-0.,1.,0.));
#9866 = DIRECTION('',(0.,0.,1.));
#9867 = ADVANCED_FACE('',(#9868),#9879,.F.);
#9868 = FACE_BOUND('',#9869,.F.);
#9869 = EDGE_LOOP('',(#9870,#9871,#9872,#9878));
#9870 = ORIENTED_EDGE('',*,*,#9857,.F.);
#9871 = ORIENTED_EDGE('',*,*,#5109,.T.);
#9872 = ORIENTED_EDGE('',*,*,#9873,.T.);
#9873 = EDGE_CURVE('',#5102,#1625,#9874,.T.);
#9874 = LINE('',#9875,#9876);
#9875 = CARTESIAN_POINT('',(1.8,-1.8,0.));
#9876 = VECTOR('',#9877,1.);
#9877 = DIRECTION('',(0.,0.,1.));
#9878 = ORIENTED_EDGE('',*,*,#1632,.F.);
#9879 = PLANE('',#9880);
#9880 = AXIS2_PLACEMENT_3D('',#9881,#9882,#9883);
#9881 = CARTESIAN_POINT('',(1.8,-2.1,0.));
#9882 = DIRECTION('',(1.,0.,-0.));
#9883 = DIRECTION('',(0.,0.,1.));
#9884 = ADVANCED_FACE('',(#9885),#9896,.T.);
#9885 = FACE_BOUND('',#9886,.T.);
#9886 = EDGE_LOOP('',(#9887,#9888,#9889,#9895));
#9887 = ORIENTED_EDGE('',*,*,#9850,.F.);
#9888 = ORIENTED_EDGE('',*,*,#5093,.T.);
#9889 = ORIENTED_EDGE('',*,*,#9890,.T.);
#9890 = EDGE_CURVE('',#5094,#1617,#9891,.T.);
#9891 = LINE('',#9892,#9893);
#9892 = CARTESIAN_POINT('',(1.5,-1.8,0.));
#9893 = VECTOR('',#9894,1.);
#9894 = DIRECTION('',(0.,0.,1.));
#9895 = ORIENTED_EDGE('',*,*,#1616,.F.);
#9896 = PLANE('',#9897);
#9897 = AXIS2_PLACEMENT_3D('',#9898,#9899,#9900);
#9898 = CARTESIAN_POINT('',(1.5,-2.1,0.));
#9899 = DIRECTION('',(1.,0.,-0.));
#9900 = DIRECTION('',(0.,0.,1.));
#9901 = ADVANCED_FACE('',(#9902),#9908,.F.);
#9902 = FACE_BOUND('',#9903,.F.);
#9903 = EDGE_LOOP('',(#9904,#9905,#9906,#9907));
#9904 = ORIENTED_EDGE('',*,*,#5101,.F.);
#9905 = ORIENTED_EDGE('',*,*,#9890,.T.);
#9906 = ORIENTED_EDGE('',*,*,#1624,.F.);
#9907 = ORIENTED_EDGE('',*,*,#9873,.F.);
#9908 = PLANE('',#9909);
#9909 = AXIS2_PLACEMENT_3D('',#9910,#9911,#9912);
#9910 = CARTESIAN_POINT('',(1.5,-1.8,0.));
#9911 = DIRECTION('',(-0.,1.,0.));
#9912 = DIRECTION('',(0.,0.,1.));
#9913 = ADVANCED_FACE('',(#9914),#9930,.T.);
#9914 = FACE_BOUND('',#9915,.T.);
#9915 = EDGE_LOOP('',(#9916,#9917,#9923,#9924));
#9916 = ORIENTED_EDGE('',*,*,#5117,.F.);
#9917 = ORIENTED_EDGE('',*,*,#9918,.T.);
#9918 = EDGE_CURVE('',#5118,#1643,#9919,.T.);
#9919 = LINE('',#9920,#9921);
#9920 = CARTESIAN_POINT('',(2.1,-2.1,0.));
#9921 = VECTOR('',#9922,1.);
#9922 = DIRECTION('',(0.,0.,1.));
#9923 = ORIENTED_EDGE('',*,*,#1640,.F.);
#9924 = ORIENTED_EDGE('',*,*,#9925,.F.);
#9925 = EDGE_CURVE('',#5120,#1641,#9926,.T.);
#9926 = LINE('',#9927,#9928);
#9927 = CARTESIAN_POINT('',(2.4,-2.1,0.));
#9928 = VECTOR('',#9929,1.);
#9929 = DIRECTION('',(0.,0.,1.));
#9930 = PLANE('',#9931);
#9931 = AXIS2_PLACEMENT_3D('',#9932,#9933,#9934);
#9932 = CARTESIAN_POINT('',(2.1,-2.1,0.));
#9933 = DIRECTION('',(-0.,1.,0.));
#9934 = DIRECTION('',(0.,0.,1.));
#9935 = ADVANCED_FACE('',(#9936),#9947,.F.);
#9936 = FACE_BOUND('',#9937,.F.);
#9937 = EDGE_LOOP('',(#9938,#9939,#9940,#9946));
#9938 = ORIENTED_EDGE('',*,*,#9925,.F.);
#9939 = ORIENTED_EDGE('',*,*,#5143,.T.);
#9940 = ORIENTED_EDGE('',*,*,#9941,.T.);
#9941 = EDGE_CURVE('',#5136,#1659,#9942,.T.);
#9942 = LINE('',#9943,#9944);
#9943 = CARTESIAN_POINT('',(2.4,-1.8,0.));
#9944 = VECTOR('',#9945,1.);
#9945 = DIRECTION('',(0.,0.,1.));
#9946 = ORIENTED_EDGE('',*,*,#1666,.F.);
#9947 = PLANE('',#9948);
#9948 = AXIS2_PLACEMENT_3D('',#9949,#9950,#9951);
#9949 = CARTESIAN_POINT('',(2.4,-2.1,0.));
#9950 = DIRECTION('',(1.,0.,-0.));
#9951 = DIRECTION('',(0.,0.,1.));
#9952 = ADVANCED_FACE('',(#9953),#9964,.T.);
#9953 = FACE_BOUND('',#9954,.T.);
#9954 = EDGE_LOOP('',(#9955,#9956,#9957,#9963));
#9955 = ORIENTED_EDGE('',*,*,#9918,.F.);
#9956 = ORIENTED_EDGE('',*,*,#5127,.T.);
#9957 = ORIENTED_EDGE('',*,*,#9958,.T.);
#9958 = EDGE_CURVE('',#5128,#1651,#9959,.T.);
#9959 = LINE('',#9960,#9961);
#9960 = CARTESIAN_POINT('',(2.1,-1.8,0.));
#9961 = VECTOR('',#9962,1.);
#9962 = DIRECTION('',(0.,0.,1.));
#9963 = ORIENTED_EDGE('',*,*,#1650,.F.);
#9964 = PLANE('',#9965);
#9965 = AXIS2_PLACEMENT_3D('',#9966,#9967,#9968);
#9966 = CARTESIAN_POINT('',(2.1,-2.1,0.));
#9967 = DIRECTION('',(1.,0.,-0.));
#9968 = DIRECTION('',(0.,0.,1.));
#9969 = ADVANCED_FACE('',(#9970),#9976,.F.);
#9970 = FACE_BOUND('',#9971,.F.);
#9971 = EDGE_LOOP('',(#9972,#9973,#9974,#9975));
#9972 = ORIENTED_EDGE('',*,*,#5135,.F.);
#9973 = ORIENTED_EDGE('',*,*,#9958,.T.);
#9974 = ORIENTED_EDGE('',*,*,#1658,.F.);
#9975 = ORIENTED_EDGE('',*,*,#9941,.F.);
#9976 = PLANE('',#9977);
#9977 = AXIS2_PLACEMENT_3D('',#9978,#9979,#9980);
#9978 = CARTESIAN_POINT('',(2.1,-1.8,0.));
#9979 = DIRECTION('',(-0.,1.,0.));
#9980 = DIRECTION('',(0.,0.,1.));
#9981 = ADVANCED_FACE('',(#9982),#9998,.T.);
#9982 = FACE_BOUND('',#9983,.T.);
#9983 = EDGE_LOOP('',(#9984,#9985,#9991,#9992));
#9984 = ORIENTED_EDGE('',*,*,#5151,.F.);
#9985 = ORIENTED_EDGE('',*,*,#9986,.T.);
#9986 = EDGE_CURVE('',#5152,#1677,#9987,.T.);
#9987 = LINE('',#9988,#9989);
#9988 = CARTESIAN_POINT('',(0.3,-1.5,0.));
#9989 = VECTOR('',#9990,1.);
#9990 = DIRECTION('',(0.,0.,1.));
#9991 = ORIENTED_EDGE('',*,*,#1674,.F.);
#9992 = ORIENTED_EDGE('',*,*,#9993,.F.);
#9993 = EDGE_CURVE('',#5154,#1675,#9994,.T.);
#9994 = LINE('',#9995,#9996);
#9995 = CARTESIAN_POINT('',(0.6,-1.5,0.));
#9996 = VECTOR('',#9997,1.);
#9997 = DIRECTION('',(0.,0.,1.));
#9998 = PLANE('',#9999);
#9999 = AXIS2_PLACEMENT_3D('',#10000,#10001,#10002);
#10000 = CARTESIAN_POINT('',(0.3,-1.5,0.));
#10001 = DIRECTION('',(-0.,1.,0.));
#10002 = DIRECTION('',(0.,0.,1.));
#10003 = ADVANCED_FACE('',(#10004),#10015,.F.);
#10004 = FACE_BOUND('',#10005,.F.);
#10005 = EDGE_LOOP('',(#10006,#10007,#10008,#10014));
#10006 = ORIENTED_EDGE('',*,*,#9993,.F.);
#10007 = ORIENTED_EDGE('',*,*,#5177,.T.);
#10008 = ORIENTED_EDGE('',*,*,#10009,.T.);
#10009 = EDGE_CURVE('',#5170,#1693,#10010,.T.);
#10010 = LINE('',#10011,#10012);
#10011 = CARTESIAN_POINT('',(0.6,-1.2,0.));
#10012 = VECTOR('',#10013,1.);
#10013 = DIRECTION('',(0.,0.,1.));
#10014 = ORIENTED_EDGE('',*,*,#1700,.F.);
#10015 = PLANE('',#10016);
#10016 = AXIS2_PLACEMENT_3D('',#10017,#10018,#10019);
#10017 = CARTESIAN_POINT('',(0.6,-1.5,0.));
#10018 = DIRECTION('',(1.,0.,-0.));
#10019 = DIRECTION('',(0.,0.,1.));
#10020 = ADVANCED_FACE('',(#10021),#10032,.T.);
#10021 = FACE_BOUND('',#10022,.T.);
#10022 = EDGE_LOOP('',(#10023,#10024,#10025,#10031));
#10023 = ORIENTED_EDGE('',*,*,#9986,.F.);
#10024 = ORIENTED_EDGE('',*,*,#5161,.T.);
#10025 = ORIENTED_EDGE('',*,*,#10026,.T.);
#10026 = EDGE_CURVE('',#5162,#1685,#10027,.T.);
#10027 = LINE('',#10028,#10029);
#10028 = CARTESIAN_POINT('',(0.3,-1.2,0.));
#10029 = VECTOR('',#10030,1.);
#10030 = DIRECTION('',(0.,0.,1.));
#10031 = ORIENTED_EDGE('',*,*,#1684,.F.);
#10032 = PLANE('',#10033);
#10033 = AXIS2_PLACEMENT_3D('',#10034,#10035,#10036);
#10034 = CARTESIAN_POINT('',(0.3,-1.5,0.));
#10035 = DIRECTION('',(1.,0.,-0.));
#10036 = DIRECTION('',(0.,0.,1.));
#10037 = ADVANCED_FACE('',(#10038),#10044,.F.);
#10038 = FACE_BOUND('',#10039,.F.);
#10039 = EDGE_LOOP('',(#10040,#10041,#10042,#10043));
#10040 = ORIENTED_EDGE('',*,*,#5169,.F.);
#10041 = ORIENTED_EDGE('',*,*,#10026,.T.);
#10042 = ORIENTED_EDGE('',*,*,#1692,.F.);
#10043 = ORIENTED_EDGE('',*,*,#10009,.F.);
#10044 = PLANE('',#10045);
#10045 = AXIS2_PLACEMENT_3D('',#10046,#10047,#10048);
#10046 = CARTESIAN_POINT('',(0.3,-1.2,0.));
#10047 = DIRECTION('',(-0.,1.,0.));
#10048 = DIRECTION('',(0.,0.,1.));
#10049 = ADVANCED_FACE('',(#10050),#10066,.T.);
#10050 = FACE_BOUND('',#10051,.T.);
#10051 = EDGE_LOOP('',(#10052,#10053,#10059,#10060));
#10052 = ORIENTED_EDGE('',*,*,#5185,.F.);
#10053 = ORIENTED_EDGE('',*,*,#10054,.T.);
#10054 = EDGE_CURVE('',#5186,#1711,#10055,.T.);
#10055 = LINE('',#10056,#10057);
#10056 = CARTESIAN_POINT('',(0.9,-1.5,0.));
#10057 = VECTOR('',#10058,1.);
#10058 = DIRECTION('',(0.,0.,1.));
#10059 = ORIENTED_EDGE('',*,*,#1708,.F.);
#10060 = ORIENTED_EDGE('',*,*,#10061,.F.);
#10061 = EDGE_CURVE('',#5188,#1709,#10062,.T.);
#10062 = LINE('',#10063,#10064);
#10063 = CARTESIAN_POINT('',(1.2,-1.5,0.));
#10064 = VECTOR('',#10065,1.);
#10065 = DIRECTION('',(0.,0.,1.));
#10066 = PLANE('',#10067);
#10067 = AXIS2_PLACEMENT_3D('',#10068,#10069,#10070);
#10068 = CARTESIAN_POINT('',(0.9,-1.5,0.));
#10069 = DIRECTION('',(-0.,1.,0.));
#10070 = DIRECTION('',(0.,0.,1.));
#10071 = ADVANCED_FACE('',(#10072),#10083,.F.);
#10072 = FACE_BOUND('',#10073,.F.);
#10073 = EDGE_LOOP('',(#10074,#10075,#10076,#10082));
#10074 = ORIENTED_EDGE('',*,*,#10061,.F.);
#10075 = ORIENTED_EDGE('',*,*,#5211,.T.);
#10076 = ORIENTED_EDGE('',*,*,#10077,.T.);
#10077 = EDGE_CURVE('',#5204,#1727,#10078,.T.);
#10078 = LINE('',#10079,#10080);
#10079 = CARTESIAN_POINT('',(1.2,-1.2,0.));
#10080 = VECTOR('',#10081,1.);
#10081 = DIRECTION('',(0.,0.,1.));
#10082 = ORIENTED_EDGE('',*,*,#1734,.F.);
#10083 = PLANE('',#10084);
#10084 = AXIS2_PLACEMENT_3D('',#10085,#10086,#10087);
#10085 = CARTESIAN_POINT('',(1.2,-1.5,0.));
#10086 = DIRECTION('',(1.,0.,-0.));
#10087 = DIRECTION('',(0.,0.,1.));
#10088 = ADVANCED_FACE('',(#10089),#10100,.T.);
#10089 = FACE_BOUND('',#10090,.T.);
#10090 = EDGE_LOOP('',(#10091,#10092,#10093,#10099));
#10091 = ORIENTED_EDGE('',*,*,#10054,.F.);
#10092 = ORIENTED_EDGE('',*,*,#5195,.T.);
#10093 = ORIENTED_EDGE('',*,*,#10094,.T.);
#10094 = EDGE_CURVE('',#5196,#1719,#10095,.T.);
#10095 = LINE('',#10096,#10097);
#10096 = CARTESIAN_POINT('',(0.9,-1.2,0.));
#10097 = VECTOR('',#10098,1.);
#10098 = DIRECTION('',(0.,0.,1.));
#10099 = ORIENTED_EDGE('',*,*,#1718,.F.);
#10100 = PLANE('',#10101);
#10101 = AXIS2_PLACEMENT_3D('',#10102,#10103,#10104);
#10102 = CARTESIAN_POINT('',(0.9,-1.5,0.));
#10103 = DIRECTION('',(1.,0.,-0.));
#10104 = DIRECTION('',(0.,0.,1.));
#10105 = ADVANCED_FACE('',(#10106),#10112,.F.);
#10106 = FACE_BOUND('',#10107,.F.);
#10107 = EDGE_LOOP('',(#10108,#10109,#10110,#10111));
#10108 = ORIENTED_EDGE('',*,*,#5203,.F.);
#10109 = ORIENTED_EDGE('',*,*,#10094,.T.);
#10110 = ORIENTED_EDGE('',*,*,#1726,.F.);
#10111 = ORIENTED_EDGE('',*,*,#10077,.F.);
#10112 = PLANE('',#10113);
#10113 = AXIS2_PLACEMENT_3D('',#10114,#10115,#10116);
#10114 = CARTESIAN_POINT('',(0.9,-1.2,0.));
#10115 = DIRECTION('',(-0.,1.,0.));
#10116 = DIRECTION('',(0.,0.,1.));
#10117 = ADVANCED_FACE('',(#10118),#10134,.T.);
#10118 = FACE_BOUND('',#10119,.T.);
#10119 = EDGE_LOOP('',(#10120,#10121,#10127,#10128));
#10120 = ORIENTED_EDGE('',*,*,#5219,.F.);
#10121 = ORIENTED_EDGE('',*,*,#10122,.T.);
#10122 = EDGE_CURVE('',#5220,#1745,#10123,.T.);
#10123 = LINE('',#10124,#10125);
#10124 = CARTESIAN_POINT('',(0.3,-0.9,0.));
#10125 = VECTOR('',#10126,1.);
#10126 = DIRECTION('',(0.,0.,1.));
#10127 = ORIENTED_EDGE('',*,*,#1742,.F.);
#10128 = ORIENTED_EDGE('',*,*,#10129,.F.);
#10129 = EDGE_CURVE('',#5222,#1743,#10130,.T.);
#10130 = LINE('',#10131,#10132);
#10131 = CARTESIAN_POINT('',(0.6,-0.9,0.));
#10132 = VECTOR('',#10133,1.);
#10133 = DIRECTION('',(0.,0.,1.));
#10134 = PLANE('',#10135);
#10135 = AXIS2_PLACEMENT_3D('',#10136,#10137,#10138);
#10136 = CARTESIAN_POINT('',(0.3,-0.9,0.));
#10137 = DIRECTION('',(-0.,1.,0.));
#10138 = DIRECTION('',(0.,0.,1.));
#10139 = ADVANCED_FACE('',(#10140),#10151,.F.);
#10140 = FACE_BOUND('',#10141,.F.);
#10141 = EDGE_LOOP('',(#10142,#10143,#10144,#10150));
#10142 = ORIENTED_EDGE('',*,*,#10129,.F.);
#10143 = ORIENTED_EDGE('',*,*,#5245,.T.);
#10144 = ORIENTED_EDGE('',*,*,#10145,.T.);
#10145 = EDGE_CURVE('',#5238,#1761,#10146,.T.);
#10146 = LINE('',#10147,#10148);
#10147 = CARTESIAN_POINT('',(0.6,-0.6,0.));
#10148 = VECTOR('',#10149,1.);
#10149 = DIRECTION('',(0.,0.,1.));
#10150 = ORIENTED_EDGE('',*,*,#1768,.F.);
#10151 = PLANE('',#10152);
#10152 = AXIS2_PLACEMENT_3D('',#10153,#10154,#10155);
#10153 = CARTESIAN_POINT('',(0.6,-0.9,0.));
#10154 = DIRECTION('',(1.,0.,-0.));
#10155 = DIRECTION('',(0.,0.,1.));
#10156 = ADVANCED_FACE('',(#10157),#10168,.T.);
#10157 = FACE_BOUND('',#10158,.T.);
#10158 = EDGE_LOOP('',(#10159,#10160,#10161,#10167));
#10159 = ORIENTED_EDGE('',*,*,#10122,.F.);
#10160 = ORIENTED_EDGE('',*,*,#5229,.T.);
#10161 = ORIENTED_EDGE('',*,*,#10162,.T.);
#10162 = EDGE_CURVE('',#5230,#1753,#10163,.T.);
#10163 = LINE('',#10164,#10165);
#10164 = CARTESIAN_POINT('',(0.3,-0.6,0.));
#10165 = VECTOR('',#10166,1.);
#10166 = DIRECTION('',(0.,0.,1.));
#10167 = ORIENTED_EDGE('',*,*,#1752,.F.);
#10168 = PLANE('',#10169);
#10169 = AXIS2_PLACEMENT_3D('',#10170,#10171,#10172);
#10170 = CARTESIAN_POINT('',(0.3,-0.9,0.));
#10171 = DIRECTION('',(1.,0.,-0.));
#10172 = DIRECTION('',(0.,0.,1.));
#10173 = ADVANCED_FACE('',(#10174),#10180,.F.);
#10174 = FACE_BOUND('',#10175,.F.);
#10175 = EDGE_LOOP('',(#10176,#10177,#10178,#10179));
#10176 = ORIENTED_EDGE('',*,*,#5237,.F.);
#10177 = ORIENTED_EDGE('',*,*,#10162,.T.);
#10178 = ORIENTED_EDGE('',*,*,#1760,.F.);
#10179 = ORIENTED_EDGE('',*,*,#10145,.F.);
#10180 = PLANE('',#10181);
#10181 = AXIS2_PLACEMENT_3D('',#10182,#10183,#10184);
#10182 = CARTESIAN_POINT('',(0.3,-0.6,0.));
#10183 = DIRECTION('',(-0.,1.,0.));
#10184 = DIRECTION('',(0.,0.,1.));
#10185 = ADVANCED_FACE('',(#10186),#10202,.T.);
#10186 = FACE_BOUND('',#10187,.T.);
#10187 = EDGE_LOOP('',(#10188,#10189,#10195,#10196));
#10188 = ORIENTED_EDGE('',*,*,#5253,.F.);
#10189 = ORIENTED_EDGE('',*,*,#10190,.T.);
#10190 = EDGE_CURVE('',#5254,#1779,#10191,.T.);
#10191 = LINE('',#10192,#10193);
#10192 = CARTESIAN_POINT('',(0.3,-0.3,0.));
#10193 = VECTOR('',#10194,1.);
#10194 = DIRECTION('',(0.,0.,1.));
#10195 = ORIENTED_EDGE('',*,*,#1776,.F.);
#10196 = ORIENTED_EDGE('',*,*,#10197,.F.);
#10197 = EDGE_CURVE('',#5256,#1777,#10198,.T.);
#10198 = LINE('',#10199,#10200);
#10199 = CARTESIAN_POINT('',(0.6,-0.3,0.));
#10200 = VECTOR('',#10201,1.);
#10201 = DIRECTION('',(0.,0.,1.));
#10202 = PLANE('',#10203);
#10203 = AXIS2_PLACEMENT_3D('',#10204,#10205,#10206);
#10204 = CARTESIAN_POINT('',(0.3,-0.3,0.));
#10205 = DIRECTION('',(-0.,1.,0.));
#10206 = DIRECTION('',(0.,0.,1.));
#10207 = ADVANCED_FACE('',(#10208),#10219,.F.);
#10208 = FACE_BOUND('',#10209,.F.);
#10209 = EDGE_LOOP('',(#10210,#10211,#10212,#10218));
#10210 = ORIENTED_EDGE('',*,*,#10197,.F.);
#10211 = ORIENTED_EDGE('',*,*,#5279,.T.);
#10212 = ORIENTED_EDGE('',*,*,#10213,.T.);
#10213 = EDGE_CURVE('',#5272,#1795,#10214,.T.);
#10214 = LINE('',#10215,#10216);
#10215 = CARTESIAN_POINT('',(0.6,2.775557561563E-16,0.));
#10216 = VECTOR('',#10217,1.);
#10217 = DIRECTION('',(0.,0.,1.));
#10218 = ORIENTED_EDGE('',*,*,#1802,.F.);
#10219 = PLANE('',#10220);
#10220 = AXIS2_PLACEMENT_3D('',#10221,#10222,#10223);
#10221 = CARTESIAN_POINT('',(0.6,-0.3,0.));
#10222 = DIRECTION('',(1.,0.,-0.));
#10223 = DIRECTION('',(0.,0.,1.));
#10224 = ADVANCED_FACE('',(#10225),#10236,.T.);
#10225 = FACE_BOUND('',#10226,.T.);
#10226 = EDGE_LOOP('',(#10227,#10228,#10229,#10235));
#10227 = ORIENTED_EDGE('',*,*,#10190,.F.);
#10228 = ORIENTED_EDGE('',*,*,#5263,.T.);
#10229 = ORIENTED_EDGE('',*,*,#10230,.T.);
#10230 = EDGE_CURVE('',#5264,#1787,#10231,.T.);
#10231 = LINE('',#10232,#10233);
#10232 = CARTESIAN_POINT('',(0.3,2.775557561563E-16,0.));
#10233 = VECTOR('',#10234,1.);
#10234 = DIRECTION('',(0.,0.,1.));
#10235 = ORIENTED_EDGE('',*,*,#1786,.F.);
#10236 = PLANE('',#10237);
#10237 = AXIS2_PLACEMENT_3D('',#10238,#10239,#10240);
#10238 = CARTESIAN_POINT('',(0.3,-0.3,0.));
#10239 = DIRECTION('',(1.,0.,-0.));
#10240 = DIRECTION('',(0.,0.,1.));
#10241 = ADVANCED_FACE('',(#10242),#10248,.F.);
#10242 = FACE_BOUND('',#10243,.F.);
#10243 = EDGE_LOOP('',(#10244,#10245,#10246,#10247));
#10244 = ORIENTED_EDGE('',*,*,#5271,.F.);
#10245 = ORIENTED_EDGE('',*,*,#10230,.T.);
#10246 = ORIENTED_EDGE('',*,*,#1794,.F.);
#10247 = ORIENTED_EDGE('',*,*,#10213,.F.);
#10248 = PLANE('',#10249);
#10249 = AXIS2_PLACEMENT_3D('',#10250,#10251,#10252);
#10250 = CARTESIAN_POINT('',(0.3,2.775557561563E-16,0.));
#10251 = DIRECTION('',(-0.,1.,0.));
#10252 = DIRECTION('',(0.,0.,1.));
#10253 = ADVANCED_FACE('',(#10254),#10270,.T.);
#10254 = FACE_BOUND('',#10255,.T.);
#10255 = EDGE_LOOP('',(#10256,#10257,#10263,#10264));
#10256 = ORIENTED_EDGE('',*,*,#5287,.F.);
#10257 = ORIENTED_EDGE('',*,*,#10258,.T.);
#10258 = EDGE_CURVE('',#5288,#1813,#10259,.T.);
#10259 = LINE('',#10260,#10261);
#10260 = CARTESIAN_POINT('',(0.9,-0.9,0.));
#10261 = VECTOR('',#10262,1.);
#10262 = DIRECTION('',(0.,0.,1.));
#10263 = ORIENTED_EDGE('',*,*,#1810,.F.);
#10264 = ORIENTED_EDGE('',*,*,#10265,.F.);
#10265 = EDGE_CURVE('',#5290,#1811,#10266,.T.);
#10266 = LINE('',#10267,#10268);
#10267 = CARTESIAN_POINT('',(1.2,-0.9,0.));
#10268 = VECTOR('',#10269,1.);
#10269 = DIRECTION('',(0.,0.,1.));
#10270 = PLANE('',#10271);
#10271 = AXIS2_PLACEMENT_3D('',#10272,#10273,#10274);
#10272 = CARTESIAN_POINT('',(0.9,-0.9,0.));
#10273 = DIRECTION('',(-0.,1.,0.));
#10274 = DIRECTION('',(0.,0.,1.));
#10275 = ADVANCED_FACE('',(#10276),#10287,.F.);
#10276 = FACE_BOUND('',#10277,.F.);
#10277 = EDGE_LOOP('',(#10278,#10279,#10280,#10286));
#10278 = ORIENTED_EDGE('',*,*,#10265,.F.);
#10279 = ORIENTED_EDGE('',*,*,#5313,.T.);
#10280 = ORIENTED_EDGE('',*,*,#10281,.T.);
#10281 = EDGE_CURVE('',#5306,#1829,#10282,.T.);
#10282 = LINE('',#10283,#10284);
#10283 = CARTESIAN_POINT('',(1.2,-0.6,0.));
#10284 = VECTOR('',#10285,1.);
#10285 = DIRECTION('',(0.,0.,1.));
#10286 = ORIENTED_EDGE('',*,*,#1836,.F.);
#10287 = PLANE('',#10288);
#10288 = AXIS2_PLACEMENT_3D('',#10289,#10290,#10291);
#10289 = CARTESIAN_POINT('',(1.2,-0.9,0.));
#10290 = DIRECTION('',(1.,0.,-0.));
#10291 = DIRECTION('',(0.,0.,1.));
#10292 = ADVANCED_FACE('',(#10293),#10304,.T.);
#10293 = FACE_BOUND('',#10294,.T.);
#10294 = EDGE_LOOP('',(#10295,#10296,#10297,#10303));
#10295 = ORIENTED_EDGE('',*,*,#10258,.F.);
#10296 = ORIENTED_EDGE('',*,*,#5297,.T.);
#10297 = ORIENTED_EDGE('',*,*,#10298,.T.);
#10298 = EDGE_CURVE('',#5298,#1821,#10299,.T.);
#10299 = LINE('',#10300,#10301);
#10300 = CARTESIAN_POINT('',(0.9,-0.6,0.));
#10301 = VECTOR('',#10302,1.);
#10302 = DIRECTION('',(0.,0.,1.));
#10303 = ORIENTED_EDGE('',*,*,#1820,.F.);
#10304 = PLANE('',#10305);
#10305 = AXIS2_PLACEMENT_3D('',#10306,#10307,#10308);
#10306 = CARTESIAN_POINT('',(0.9,-0.9,0.));
#10307 = DIRECTION('',(1.,0.,-0.));
#10308 = DIRECTION('',(0.,0.,1.));
#10309 = ADVANCED_FACE('',(#10310),#10316,.F.);
#10310 = FACE_BOUND('',#10311,.F.);
#10311 = EDGE_LOOP('',(#10312,#10313,#10314,#10315));
#10312 = ORIENTED_EDGE('',*,*,#5305,.F.);
#10313 = ORIENTED_EDGE('',*,*,#10298,.T.);
#10314 = ORIENTED_EDGE('',*,*,#1828,.F.);
#10315 = ORIENTED_EDGE('',*,*,#10281,.F.);
#10316 = PLANE('',#10317);
#10317 = AXIS2_PLACEMENT_3D('',#10318,#10319,#10320);
#10318 = CARTESIAN_POINT('',(0.9,-0.6,0.));
#10319 = DIRECTION('',(-0.,1.,0.));
#10320 = DIRECTION('',(0.,0.,1.));
#10321 = ADVANCED_FACE('',(#10322),#10338,.T.);
#10322 = FACE_BOUND('',#10323,.T.);
#10323 = EDGE_LOOP('',(#10324,#10325,#10331,#10332));
#10324 = ORIENTED_EDGE('',*,*,#5321,.F.);
#10325 = ORIENTED_EDGE('',*,*,#10326,.T.);
#10326 = EDGE_CURVE('',#5322,#1847,#10327,.T.);
#10327 = LINE('',#10328,#10329);
#10328 = CARTESIAN_POINT('',(0.9,-0.3,0.));
#10329 = VECTOR('',#10330,1.);
#10330 = DIRECTION('',(0.,0.,1.));
#10331 = ORIENTED_EDGE('',*,*,#1844,.F.);
#10332 = ORIENTED_EDGE('',*,*,#10333,.F.);
#10333 = EDGE_CURVE('',#5324,#1845,#10334,.T.);
#10334 = LINE('',#10335,#10336);
#10335 = CARTESIAN_POINT('',(1.2,-0.3,0.));
#10336 = VECTOR('',#10337,1.);
#10337 = DIRECTION('',(0.,0.,1.));
#10338 = PLANE('',#10339);
#10339 = AXIS2_PLACEMENT_3D('',#10340,#10341,#10342);
#10340 = CARTESIAN_POINT('',(0.9,-0.3,0.));
#10341 = DIRECTION('',(-0.,1.,0.));
#10342 = DIRECTION('',(0.,0.,1.));
#10343 = ADVANCED_FACE('',(#10344),#10355,.F.);
#10344 = FACE_BOUND('',#10345,.F.);
#10345 = EDGE_LOOP('',(#10346,#10347,#10348,#10354));
#10346 = ORIENTED_EDGE('',*,*,#10333,.F.);
#10347 = ORIENTED_EDGE('',*,*,#5347,.T.);
#10348 = ORIENTED_EDGE('',*,*,#10349,.T.);
#10349 = EDGE_CURVE('',#5340,#1863,#10350,.T.);
#10350 = LINE('',#10351,#10352);
#10351 = CARTESIAN_POINT('',(1.2,2.775557561563E-16,0.));
#10352 = VECTOR('',#10353,1.);
#10353 = DIRECTION('',(0.,0.,1.));
#10354 = ORIENTED_EDGE('',*,*,#1870,.F.);
#10355 = PLANE('',#10356);
#10356 = AXIS2_PLACEMENT_3D('',#10357,#10358,#10359);
#10357 = CARTESIAN_POINT('',(1.2,-0.3,0.));
#10358 = DIRECTION('',(1.,0.,-0.));
#10359 = DIRECTION('',(0.,0.,1.));
#10360 = ADVANCED_FACE('',(#10361),#10372,.T.);
#10361 = FACE_BOUND('',#10362,.T.);
#10362 = EDGE_LOOP('',(#10363,#10364,#10365,#10371));
#10363 = ORIENTED_EDGE('',*,*,#10326,.F.);
#10364 = ORIENTED_EDGE('',*,*,#5331,.T.);
#10365 = ORIENTED_EDGE('',*,*,#10366,.T.);
#10366 = EDGE_CURVE('',#5332,#1855,#10367,.T.);
#10367 = LINE('',#10368,#10369);
#10368 = CARTESIAN_POINT('',(0.9,2.775557561563E-16,0.));
#10369 = VECTOR('',#10370,1.);
#10370 = DIRECTION('',(0.,0.,1.));
#10371 = ORIENTED_EDGE('',*,*,#1854,.F.);
#10372 = PLANE('',#10373);
#10373 = AXIS2_PLACEMENT_3D('',#10374,#10375,#10376);
#10374 = CARTESIAN_POINT('',(0.9,-0.3,0.));
#10375 = DIRECTION('',(1.,0.,-0.));
#10376 = DIRECTION('',(0.,0.,1.));
#10377 = ADVANCED_FACE('',(#10378),#10384,.F.);
#10378 = FACE_BOUND('',#10379,.F.);
#10379 = EDGE_LOOP('',(#10380,#10381,#10382,#10383));
#10380 = ORIENTED_EDGE('',*,*,#5339,.F.);
#10381 = ORIENTED_EDGE('',*,*,#10366,.T.);
#10382 = ORIENTED_EDGE('',*,*,#1862,.F.);
#10383 = ORIENTED_EDGE('',*,*,#10349,.F.);
#10384 = PLANE('',#10385);
#10385 = AXIS2_PLACEMENT_3D('',#10386,#10387,#10388);
#10386 = CARTESIAN_POINT('',(0.9,2.775557561563E-16,0.));
#10387 = DIRECTION('',(-0.,1.,0.));
#10388 = DIRECTION('',(0.,0.,1.));
#10389 = ADVANCED_FACE('',(#10390),#10406,.T.);
#10390 = FACE_BOUND('',#10391,.T.);
#10391 = EDGE_LOOP('',(#10392,#10393,#10399,#10400));
#10392 = ORIENTED_EDGE('',*,*,#5355,.F.);
#10393 = ORIENTED_EDGE('',*,*,#10394,.T.);
#10394 = EDGE_CURVE('',#5356,#1881,#10395,.T.);
#10395 = LINE('',#10396,#10397);
#10396 = CARTESIAN_POINT('',(1.5,-1.5,0.));
#10397 = VECTOR('',#10398,1.);
#10398 = DIRECTION('',(0.,0.,1.));
#10399 = ORIENTED_EDGE('',*,*,#1878,.F.);
#10400 = ORIENTED_EDGE('',*,*,#10401,.F.);
#10401 = EDGE_CURVE('',#5358,#1879,#10402,.T.);
#10402 = LINE('',#10403,#10404);
#10403 = CARTESIAN_POINT('',(1.8,-1.5,0.));
#10404 = VECTOR('',#10405,1.);
#10405 = DIRECTION('',(0.,0.,1.));
#10406 = PLANE('',#10407);
#10407 = AXIS2_PLACEMENT_3D('',#10408,#10409,#10410);
#10408 = CARTESIAN_POINT('',(1.5,-1.5,0.));
#10409 = DIRECTION('',(-0.,1.,0.));
#10410 = DIRECTION('',(0.,0.,1.));
#10411 = ADVANCED_FACE('',(#10412),#10423,.F.);
#10412 = FACE_BOUND('',#10413,.F.);
#10413 = EDGE_LOOP('',(#10414,#10415,#10416,#10422));
#10414 = ORIENTED_EDGE('',*,*,#10401,.F.);
#10415 = ORIENTED_EDGE('',*,*,#5381,.T.);
#10416 = ORIENTED_EDGE('',*,*,#10417,.T.);
#10417 = EDGE_CURVE('',#5374,#1897,#10418,.T.);
#10418 = LINE('',#10419,#10420);
#10419 = CARTESIAN_POINT('',(1.8,-1.2,0.));
#10420 = VECTOR('',#10421,1.);
#10421 = DIRECTION('',(0.,0.,1.));
#10422 = ORIENTED_EDGE('',*,*,#1904,.F.);
#10423 = PLANE('',#10424);
#10424 = AXIS2_PLACEMENT_3D('',#10425,#10426,#10427);
#10425 = CARTESIAN_POINT('',(1.8,-1.5,0.));
#10426 = DIRECTION('',(1.,0.,-0.));
#10427 = DIRECTION('',(0.,0.,1.));
#10428 = ADVANCED_FACE('',(#10429),#10440,.T.);
#10429 = FACE_BOUND('',#10430,.T.);
#10430 = EDGE_LOOP('',(#10431,#10432,#10433,#10439));
#10431 = ORIENTED_EDGE('',*,*,#10394,.F.);
#10432 = ORIENTED_EDGE('',*,*,#5365,.T.);
#10433 = ORIENTED_EDGE('',*,*,#10434,.T.);
#10434 = EDGE_CURVE('',#5366,#1889,#10435,.T.);
#10435 = LINE('',#10436,#10437);
#10436 = CARTESIAN_POINT('',(1.5,-1.2,0.));
#10437 = VECTOR('',#10438,1.);
#10438 = DIRECTION('',(0.,0.,1.));
#10439 = ORIENTED_EDGE('',*,*,#1888,.F.);
#10440 = PLANE('',#10441);
#10441 = AXIS2_PLACEMENT_3D('',#10442,#10443,#10444);
#10442 = CARTESIAN_POINT('',(1.5,-1.5,0.));
#10443 = DIRECTION('',(1.,0.,-0.));
#10444 = DIRECTION('',(0.,0.,1.));
#10445 = ADVANCED_FACE('',(#10446),#10452,.F.);
#10446 = FACE_BOUND('',#10447,.F.);
#10447 = EDGE_LOOP('',(#10448,#10449,#10450,#10451));
#10448 = ORIENTED_EDGE('',*,*,#5373,.F.);
#10449 = ORIENTED_EDGE('',*,*,#10434,.T.);
#10450 = ORIENTED_EDGE('',*,*,#1896,.F.);
#10451 = ORIENTED_EDGE('',*,*,#10417,.F.);
#10452 = PLANE('',#10453);
#10453 = AXIS2_PLACEMENT_3D('',#10454,#10455,#10456);
#10454 = CARTESIAN_POINT('',(1.5,-1.2,0.));
#10455 = DIRECTION('',(-0.,1.,0.));
#10456 = DIRECTION('',(0.,0.,1.));
#10457 = ADVANCED_FACE('',(#10458),#10474,.T.);
#10458 = FACE_BOUND('',#10459,.T.);
#10459 = EDGE_LOOP('',(#10460,#10461,#10467,#10468));
#10460 = ORIENTED_EDGE('',*,*,#5389,.F.);
#10461 = ORIENTED_EDGE('',*,*,#10462,.T.);
#10462 = EDGE_CURVE('',#5390,#1915,#10463,.T.);
#10463 = LINE('',#10464,#10465);
#10464 = CARTESIAN_POINT('',(2.1,-1.5,0.));
#10465 = VECTOR('',#10466,1.);
#10466 = DIRECTION('',(0.,0.,1.));
#10467 = ORIENTED_EDGE('',*,*,#1912,.F.);
#10468 = ORIENTED_EDGE('',*,*,#10469,.F.);
#10469 = EDGE_CURVE('',#5392,#1913,#10470,.T.);
#10470 = LINE('',#10471,#10472);
#10471 = CARTESIAN_POINT('',(2.4,-1.5,0.));
#10472 = VECTOR('',#10473,1.);
#10473 = DIRECTION('',(0.,0.,1.));
#10474 = PLANE('',#10475);
#10475 = AXIS2_PLACEMENT_3D('',#10476,#10477,#10478);
#10476 = CARTESIAN_POINT('',(2.1,-1.5,0.));
#10477 = DIRECTION('',(-0.,1.,0.));
#10478 = DIRECTION('',(0.,0.,1.));
#10479 = ADVANCED_FACE('',(#10480),#10491,.F.);
#10480 = FACE_BOUND('',#10481,.F.);
#10481 = EDGE_LOOP('',(#10482,#10483,#10484,#10490));
#10482 = ORIENTED_EDGE('',*,*,#10469,.F.);
#10483 = ORIENTED_EDGE('',*,*,#5415,.T.);
#10484 = ORIENTED_EDGE('',*,*,#10485,.T.);
#10485 = EDGE_CURVE('',#5408,#1931,#10486,.T.);
#10486 = LINE('',#10487,#10488);
#10487 = CARTESIAN_POINT('',(2.4,-1.2,0.));
#10488 = VECTOR('',#10489,1.);
#10489 = DIRECTION('',(0.,0.,1.));
#10490 = ORIENTED_EDGE('',*,*,#1938,.F.);
#10491 = PLANE('',#10492);
#10492 = AXIS2_PLACEMENT_3D('',#10493,#10494,#10495);
#10493 = CARTESIAN_POINT('',(2.4,-1.5,0.));
#10494 = DIRECTION('',(1.,0.,-0.));
#10495 = DIRECTION('',(0.,0.,1.));
#10496 = ADVANCED_FACE('',(#10497),#10508,.T.);
#10497 = FACE_BOUND('',#10498,.T.);
#10498 = EDGE_LOOP('',(#10499,#10500,#10501,#10507));
#10499 = ORIENTED_EDGE('',*,*,#10462,.F.);
#10500 = ORIENTED_EDGE('',*,*,#5399,.T.);
#10501 = ORIENTED_EDGE('',*,*,#10502,.T.);
#10502 = EDGE_CURVE('',#5400,#1923,#10503,.T.);
#10503 = LINE('',#10504,#10505);
#10504 = CARTESIAN_POINT('',(2.1,-1.2,0.));
#10505 = VECTOR('',#10506,1.);
#10506 = DIRECTION('',(0.,0.,1.));
#10507 = ORIENTED_EDGE('',*,*,#1922,.F.);
#10508 = PLANE('',#10509);
#10509 = AXIS2_PLACEMENT_3D('',#10510,#10511,#10512);
#10510 = CARTESIAN_POINT('',(2.1,-1.5,0.));
#10511 = DIRECTION('',(1.,0.,-0.));
#10512 = DIRECTION('',(0.,0.,1.));
#10513 = ADVANCED_FACE('',(#10514),#10520,.F.);
#10514 = FACE_BOUND('',#10515,.F.);
#10515 = EDGE_LOOP('',(#10516,#10517,#10518,#10519));
#10516 = ORIENTED_EDGE('',*,*,#5407,.F.);
#10517 = ORIENTED_EDGE('',*,*,#10502,.T.);
#10518 = ORIENTED_EDGE('',*,*,#1930,.F.);
#10519 = ORIENTED_EDGE('',*,*,#10485,.F.);
#10520 = PLANE('',#10521);
#10521 = AXIS2_PLACEMENT_3D('',#10522,#10523,#10524);
#10522 = CARTESIAN_POINT('',(2.1,-1.2,0.));
#10523 = DIRECTION('',(-0.,1.,0.));
#10524 = DIRECTION('',(0.,0.,1.));
#10525 = ADVANCED_FACE('',(#10526),#10542,.T.);
#10526 = FACE_BOUND('',#10527,.T.);
#10527 = EDGE_LOOP('',(#10528,#10529,#10535,#10536));
#10528 = ORIENTED_EDGE('',*,*,#5423,.F.);
#10529 = ORIENTED_EDGE('',*,*,#10530,.T.);
#10530 = EDGE_CURVE('',#5424,#1949,#10531,.T.);
#10531 = LINE('',#10532,#10533);
#10532 = CARTESIAN_POINT('',(2.7,-1.5,0.));
#10533 = VECTOR('',#10534,1.);
#10534 = DIRECTION('',(0.,0.,1.));
#10535 = ORIENTED_EDGE('',*,*,#1946,.F.);
#10536 = ORIENTED_EDGE('',*,*,#10537,.F.);
#10537 = EDGE_CURVE('',#5426,#1947,#10538,.T.);
#10538 = LINE('',#10539,#10540);
#10539 = CARTESIAN_POINT('',(3.,-1.5,0.));
#10540 = VECTOR('',#10541,1.);
#10541 = DIRECTION('',(0.,0.,1.));
#10542 = PLANE('',#10543);
#10543 = AXIS2_PLACEMENT_3D('',#10544,#10545,#10546);
#10544 = CARTESIAN_POINT('',(2.7,-1.5,0.));
#10545 = DIRECTION('',(-0.,1.,0.));
#10546 = DIRECTION('',(0.,0.,1.));
#10547 = ADVANCED_FACE('',(#10548),#10559,.F.);
#10548 = FACE_BOUND('',#10549,.F.);
#10549 = EDGE_LOOP('',(#10550,#10551,#10552,#10558));
#10550 = ORIENTED_EDGE('',*,*,#10537,.F.);
#10551 = ORIENTED_EDGE('',*,*,#5449,.T.);
#10552 = ORIENTED_EDGE('',*,*,#10553,.T.);
#10553 = EDGE_CURVE('',#5442,#1965,#10554,.T.);
#10554 = LINE('',#10555,#10556);
#10555 = CARTESIAN_POINT('',(3.,-1.2,0.));
#10556 = VECTOR('',#10557,1.);
#10557 = DIRECTION('',(0.,0.,1.));
#10558 = ORIENTED_EDGE('',*,*,#1972,.F.);
#10559 = PLANE('',#10560);
#10560 = AXIS2_PLACEMENT_3D('',#10561,#10562,#10563);
#10561 = CARTESIAN_POINT('',(3.,-1.5,0.));
#10562 = DIRECTION('',(1.,0.,-0.));
#10563 = DIRECTION('',(0.,0.,1.));
#10564 = ADVANCED_FACE('',(#10565),#10576,.T.);
#10565 = FACE_BOUND('',#10566,.T.);
#10566 = EDGE_LOOP('',(#10567,#10568,#10569,#10575));
#10567 = ORIENTED_EDGE('',*,*,#10530,.F.);
#10568 = ORIENTED_EDGE('',*,*,#5433,.T.);
#10569 = ORIENTED_EDGE('',*,*,#10570,.T.);
#10570 = EDGE_CURVE('',#5434,#1957,#10571,.T.);
#10571 = LINE('',#10572,#10573);
#10572 = CARTESIAN_POINT('',(2.7,-1.2,0.));
#10573 = VECTOR('',#10574,1.);
#10574 = DIRECTION('',(0.,0.,1.));
#10575 = ORIENTED_EDGE('',*,*,#1956,.F.);
#10576 = PLANE('',#10577);
#10577 = AXIS2_PLACEMENT_3D('',#10578,#10579,#10580);
#10578 = CARTESIAN_POINT('',(2.7,-1.5,0.));
#10579 = DIRECTION('',(1.,0.,-0.));
#10580 = DIRECTION('',(0.,0.,1.));
#10581 = ADVANCED_FACE('',(#10582),#10588,.F.);
#10582 = FACE_BOUND('',#10583,.F.);
#10583 = EDGE_LOOP('',(#10584,#10585,#10586,#10587));
#10584 = ORIENTED_EDGE('',*,*,#5441,.F.);
#10585 = ORIENTED_EDGE('',*,*,#10570,.T.);
#10586 = ORIENTED_EDGE('',*,*,#1964,.F.);
#10587 = ORIENTED_EDGE('',*,*,#10553,.F.);
#10588 = PLANE('',#10589);
#10589 = AXIS2_PLACEMENT_3D('',#10590,#10591,#10592);
#10590 = CARTESIAN_POINT('',(2.7,-1.2,0.));
#10591 = DIRECTION('',(-0.,1.,0.));
#10592 = DIRECTION('',(0.,0.,1.));
#10593 = ADVANCED_FACE('',(#10594),#10610,.T.);
#10594 = FACE_BOUND('',#10595,.T.);
#10595 = EDGE_LOOP('',(#10596,#10597,#10603,#10604));
#10596 = ORIENTED_EDGE('',*,*,#5457,.F.);
#10597 = ORIENTED_EDGE('',*,*,#10598,.T.);
#10598 = EDGE_CURVE('',#5458,#1983,#10599,.T.);
#10599 = LINE('',#10600,#10601);
#10600 = CARTESIAN_POINT('',(1.5,-0.9,0.));
#10601 = VECTOR('',#10602,1.);
#10602 = DIRECTION('',(0.,0.,1.));
#10603 = ORIENTED_EDGE('',*,*,#1980,.F.);
#10604 = ORIENTED_EDGE('',*,*,#10605,.F.);
#10605 = EDGE_CURVE('',#5460,#1981,#10606,.T.);
#10606 = LINE('',#10607,#10608);
#10607 = CARTESIAN_POINT('',(1.8,-0.9,0.));
#10608 = VECTOR('',#10609,1.);
#10609 = DIRECTION('',(0.,0.,1.));
#10610 = PLANE('',#10611);
#10611 = AXIS2_PLACEMENT_3D('',#10612,#10613,#10614);
#10612 = CARTESIAN_POINT('',(1.5,-0.9,0.));
#10613 = DIRECTION('',(-0.,1.,0.));
#10614 = DIRECTION('',(0.,0.,1.));
#10615 = ADVANCED_FACE('',(#10616),#10627,.F.);
#10616 = FACE_BOUND('',#10617,.F.);
#10617 = EDGE_LOOP('',(#10618,#10619,#10620,#10626));
#10618 = ORIENTED_EDGE('',*,*,#10605,.F.);
#10619 = ORIENTED_EDGE('',*,*,#5483,.T.);
#10620 = ORIENTED_EDGE('',*,*,#10621,.T.);
#10621 = EDGE_CURVE('',#5476,#1999,#10622,.T.);
#10622 = LINE('',#10623,#10624);
#10623 = CARTESIAN_POINT('',(1.8,-0.6,0.));
#10624 = VECTOR('',#10625,1.);
#10625 = DIRECTION('',(0.,0.,1.));
#10626 = ORIENTED_EDGE('',*,*,#2006,.F.);
#10627 = PLANE('',#10628);
#10628 = AXIS2_PLACEMENT_3D('',#10629,#10630,#10631);
#10629 = CARTESIAN_POINT('',(1.8,-0.9,0.));
#10630 = DIRECTION('',(1.,0.,-0.));
#10631 = DIRECTION('',(0.,0.,1.));
#10632 = ADVANCED_FACE('',(#10633),#10644,.T.);
#10633 = FACE_BOUND('',#10634,.T.);
#10634 = EDGE_LOOP('',(#10635,#10636,#10637,#10643));
#10635 = ORIENTED_EDGE('',*,*,#10598,.F.);
#10636 = ORIENTED_EDGE('',*,*,#5467,.T.);
#10637 = ORIENTED_EDGE('',*,*,#10638,.T.);
#10638 = EDGE_CURVE('',#5468,#1991,#10639,.T.);
#10639 = LINE('',#10640,#10641);
#10640 = CARTESIAN_POINT('',(1.5,-0.6,0.));
#10641 = VECTOR('',#10642,1.);
#10642 = DIRECTION('',(0.,0.,1.));
#10643 = ORIENTED_EDGE('',*,*,#1990,.F.);
#10644 = PLANE('',#10645);
#10645 = AXIS2_PLACEMENT_3D('',#10646,#10647,#10648);
#10646 = CARTESIAN_POINT('',(1.5,-0.9,0.));
#10647 = DIRECTION('',(1.,0.,-0.));
#10648 = DIRECTION('',(0.,0.,1.));
#10649 = ADVANCED_FACE('',(#10650),#10656,.F.);
#10650 = FACE_BOUND('',#10651,.F.);
#10651 = EDGE_LOOP('',(#10652,#10653,#10654,#10655));
#10652 = ORIENTED_EDGE('',*,*,#5475,.F.);
#10653 = ORIENTED_EDGE('',*,*,#10638,.T.);
#10654 = ORIENTED_EDGE('',*,*,#1998,.F.);
#10655 = ORIENTED_EDGE('',*,*,#10621,.F.);
#10656 = PLANE('',#10657);
#10657 = AXIS2_PLACEMENT_3D('',#10658,#10659,#10660);
#10658 = CARTESIAN_POINT('',(1.5,-0.6,0.));
#10659 = DIRECTION('',(-0.,1.,0.));
#10660 = DIRECTION('',(0.,0.,1.));
#10661 = ADVANCED_FACE('',(#10662),#10678,.T.);
#10662 = FACE_BOUND('',#10663,.T.);
#10663 = EDGE_LOOP('',(#10664,#10665,#10671,#10672));
#10664 = ORIENTED_EDGE('',*,*,#5491,.F.);
#10665 = ORIENTED_EDGE('',*,*,#10666,.T.);
#10666 = EDGE_CURVE('',#5492,#2017,#10667,.T.);
#10667 = LINE('',#10668,#10669);
#10668 = CARTESIAN_POINT('',(1.5,-0.3,0.));
#10669 = VECTOR('',#10670,1.);
#10670 = DIRECTION('',(0.,0.,1.));
#10671 = ORIENTED_EDGE('',*,*,#2014,.F.);
#10672 = ORIENTED_EDGE('',*,*,#10673,.F.);
#10673 = EDGE_CURVE('',#5494,#2015,#10674,.T.);
#10674 = LINE('',#10675,#10676);
#10675 = CARTESIAN_POINT('',(1.8,-0.3,0.));
#10676 = VECTOR('',#10677,1.);
#10677 = DIRECTION('',(0.,0.,1.));
#10678 = PLANE('',#10679);
#10679 = AXIS2_PLACEMENT_3D('',#10680,#10681,#10682);
#10680 = CARTESIAN_POINT('',(1.5,-0.3,0.));
#10681 = DIRECTION('',(-0.,1.,0.));
#10682 = DIRECTION('',(0.,0.,1.));
#10683 = ADVANCED_FACE('',(#10684),#10695,.F.);
#10684 = FACE_BOUND('',#10685,.F.);
#10685 = EDGE_LOOP('',(#10686,#10687,#10688,#10694));
#10686 = ORIENTED_EDGE('',*,*,#10673,.F.);
#10687 = ORIENTED_EDGE('',*,*,#5517,.T.);
#10688 = ORIENTED_EDGE('',*,*,#10689,.T.);
#10689 = EDGE_CURVE('',#5510,#2033,#10690,.T.);
#10690 = LINE('',#10691,#10692);
#10691 = CARTESIAN_POINT('',(1.8,2.775557561563E-16,0.));
#10692 = VECTOR('',#10693,1.);
#10693 = DIRECTION('',(0.,0.,1.));
#10694 = ORIENTED_EDGE('',*,*,#2040,.F.);
#10695 = PLANE('',#10696);
#10696 = AXIS2_PLACEMENT_3D('',#10697,#10698,#10699);
#10697 = CARTESIAN_POINT('',(1.8,-0.3,0.));
#10698 = DIRECTION('',(1.,0.,-0.));
#10699 = DIRECTION('',(0.,0.,1.));
#10700 = ADVANCED_FACE('',(#10701),#10712,.T.);
#10701 = FACE_BOUND('',#10702,.T.);
#10702 = EDGE_LOOP('',(#10703,#10704,#10705,#10711));
#10703 = ORIENTED_EDGE('',*,*,#10666,.F.);
#10704 = ORIENTED_EDGE('',*,*,#5501,.T.);
#10705 = ORIENTED_EDGE('',*,*,#10706,.T.);
#10706 = EDGE_CURVE('',#5502,#2025,#10707,.T.);
#10707 = LINE('',#10708,#10709);
#10708 = CARTESIAN_POINT('',(1.5,2.775557561563E-16,0.));
#10709 = VECTOR('',#10710,1.);
#10710 = DIRECTION('',(0.,0.,1.));
#10711 = ORIENTED_EDGE('',*,*,#2024,.F.);
#10712 = PLANE('',#10713);
#10713 = AXIS2_PLACEMENT_3D('',#10714,#10715,#10716);
#10714 = CARTESIAN_POINT('',(1.5,-0.3,0.));
#10715 = DIRECTION('',(1.,0.,-0.));
#10716 = DIRECTION('',(0.,0.,1.));
#10717 = ADVANCED_FACE('',(#10718),#10724,.F.);
#10718 = FACE_BOUND('',#10719,.F.);
#10719 = EDGE_LOOP('',(#10720,#10721,#10722,#10723));
#10720 = ORIENTED_EDGE('',*,*,#5509,.F.);
#10721 = ORIENTED_EDGE('',*,*,#10706,.T.);
#10722 = ORIENTED_EDGE('',*,*,#2032,.F.);
#10723 = ORIENTED_EDGE('',*,*,#10689,.F.);
#10724 = PLANE('',#10725);
#10725 = AXIS2_PLACEMENT_3D('',#10726,#10727,#10728);
#10726 = CARTESIAN_POINT('',(1.5,2.775557561563E-16,0.));
#10727 = DIRECTION('',(-0.,1.,0.));
#10728 = DIRECTION('',(0.,0.,1.));
#10729 = ADVANCED_FACE('',(#10730),#10746,.T.);
#10730 = FACE_BOUND('',#10731,.T.);
#10731 = EDGE_LOOP('',(#10732,#10733,#10739,#10740));
#10732 = ORIENTED_EDGE('',*,*,#5525,.F.);
#10733 = ORIENTED_EDGE('',*,*,#10734,.T.);
#10734 = EDGE_CURVE('',#5526,#2051,#10735,.T.);
#10735 = LINE('',#10736,#10737);
#10736 = CARTESIAN_POINT('',(2.1,-0.9,0.));
#10737 = VECTOR('',#10738,1.);
#10738 = DIRECTION('',(0.,0.,1.));
#10739 = ORIENTED_EDGE('',*,*,#2048,.F.);
#10740 = ORIENTED_EDGE('',*,*,#10741,.F.);
#10741 = EDGE_CURVE('',#5528,#2049,#10742,.T.);
#10742 = LINE('',#10743,#10744);
#10743 = CARTESIAN_POINT('',(2.4,-0.9,0.));
#10744 = VECTOR('',#10745,1.);
#10745 = DIRECTION('',(0.,0.,1.));
#10746 = PLANE('',#10747);
#10747 = AXIS2_PLACEMENT_3D('',#10748,#10749,#10750);
#10748 = CARTESIAN_POINT('',(2.1,-0.9,0.));
#10749 = DIRECTION('',(-0.,1.,0.));
#10750 = DIRECTION('',(0.,0.,1.));
#10751 = ADVANCED_FACE('',(#10752),#10763,.F.);
#10752 = FACE_BOUND('',#10753,.F.);
#10753 = EDGE_LOOP('',(#10754,#10755,#10756,#10762));
#10754 = ORIENTED_EDGE('',*,*,#10741,.F.);
#10755 = ORIENTED_EDGE('',*,*,#5551,.T.);
#10756 = ORIENTED_EDGE('',*,*,#10757,.T.);
#10757 = EDGE_CURVE('',#5544,#2067,#10758,.T.);
#10758 = LINE('',#10759,#10760);
#10759 = CARTESIAN_POINT('',(2.4,-0.6,0.));
#10760 = VECTOR('',#10761,1.);
#10761 = DIRECTION('',(0.,0.,1.));
#10762 = ORIENTED_EDGE('',*,*,#2074,.F.);
#10763 = PLANE('',#10764);
#10764 = AXIS2_PLACEMENT_3D('',#10765,#10766,#10767);
#10765 = CARTESIAN_POINT('',(2.4,-0.9,0.));
#10766 = DIRECTION('',(1.,0.,-0.));
#10767 = DIRECTION('',(0.,0.,1.));
#10768 = ADVANCED_FACE('',(#10769),#10780,.T.);
#10769 = FACE_BOUND('',#10770,.T.);
#10770 = EDGE_LOOP('',(#10771,#10772,#10773,#10779));
#10771 = ORIENTED_EDGE('',*,*,#10734,.F.);
#10772 = ORIENTED_EDGE('',*,*,#5535,.T.);
#10773 = ORIENTED_EDGE('',*,*,#10774,.T.);
#10774 = EDGE_CURVE('',#5536,#2059,#10775,.T.);
#10775 = LINE('',#10776,#10777);
#10776 = CARTESIAN_POINT('',(2.1,-0.6,0.));
#10777 = VECTOR('',#10778,1.);
#10778 = DIRECTION('',(0.,0.,1.));
#10779 = ORIENTED_EDGE('',*,*,#2058,.F.);
#10780 = PLANE('',#10781);
#10781 = AXIS2_PLACEMENT_3D('',#10782,#10783,#10784);
#10782 = CARTESIAN_POINT('',(2.1,-0.9,0.));
#10783 = DIRECTION('',(1.,0.,-0.));
#10784 = DIRECTION('',(0.,0.,1.));
#10785 = ADVANCED_FACE('',(#10786),#10792,.F.);
#10786 = FACE_BOUND('',#10787,.F.);
#10787 = EDGE_LOOP('',(#10788,#10789,#10790,#10791));
#10788 = ORIENTED_EDGE('',*,*,#5543,.F.);
#10789 = ORIENTED_EDGE('',*,*,#10774,.T.);
#10790 = ORIENTED_EDGE('',*,*,#2066,.F.);
#10791 = ORIENTED_EDGE('',*,*,#10757,.F.);
#10792 = PLANE('',#10793);
#10793 = AXIS2_PLACEMENT_3D('',#10794,#10795,#10796);
#10794 = CARTESIAN_POINT('',(2.1,-0.6,0.));
#10795 = DIRECTION('',(-0.,1.,0.));
#10796 = DIRECTION('',(0.,0.,1.));
#10797 = ADVANCED_FACE('',(#10798),#10814,.T.);
#10798 = FACE_BOUND('',#10799,.T.);
#10799 = EDGE_LOOP('',(#10800,#10801,#10807,#10808));
#10800 = ORIENTED_EDGE('',*,*,#5559,.F.);
#10801 = ORIENTED_EDGE('',*,*,#10802,.T.);
#10802 = EDGE_CURVE('',#5560,#2085,#10803,.T.);
#10803 = LINE('',#10804,#10805);
#10804 = CARTESIAN_POINT('',(2.7,-0.9,0.));
#10805 = VECTOR('',#10806,1.);
#10806 = DIRECTION('',(0.,0.,1.));
#10807 = ORIENTED_EDGE('',*,*,#2082,.F.);
#10808 = ORIENTED_EDGE('',*,*,#10809,.F.);
#10809 = EDGE_CURVE('',#5562,#2083,#10810,.T.);
#10810 = LINE('',#10811,#10812);
#10811 = CARTESIAN_POINT('',(3.,-0.9,0.));
#10812 = VECTOR('',#10813,1.);
#10813 = DIRECTION('',(0.,0.,1.));
#10814 = PLANE('',#10815);
#10815 = AXIS2_PLACEMENT_3D('',#10816,#10817,#10818);
#10816 = CARTESIAN_POINT('',(2.7,-0.9,0.));
#10817 = DIRECTION('',(-0.,1.,0.));
#10818 = DIRECTION('',(0.,0.,1.));
#10819 = ADVANCED_FACE('',(#10820),#10831,.F.);
#10820 = FACE_BOUND('',#10821,.F.);
#10821 = EDGE_LOOP('',(#10822,#10823,#10824,#10830));
#10822 = ORIENTED_EDGE('',*,*,#10809,.F.);
#10823 = ORIENTED_EDGE('',*,*,#5585,.T.);
#10824 = ORIENTED_EDGE('',*,*,#10825,.T.);
#10825 = EDGE_CURVE('',#5578,#2101,#10826,.T.);
#10826 = LINE('',#10827,#10828);
#10827 = CARTESIAN_POINT('',(3.,-0.6,0.));
#10828 = VECTOR('',#10829,1.);
#10829 = DIRECTION('',(0.,0.,1.));
#10830 = ORIENTED_EDGE('',*,*,#2108,.F.);
#10831 = PLANE('',#10832);
#10832 = AXIS2_PLACEMENT_3D('',#10833,#10834,#10835);
#10833 = CARTESIAN_POINT('',(3.,-0.9,0.));
#10834 = DIRECTION('',(1.,0.,-0.));
#10835 = DIRECTION('',(0.,0.,1.));
#10836 = ADVANCED_FACE('',(#10837),#10848,.T.);
#10837 = FACE_BOUND('',#10838,.T.);
#10838 = EDGE_LOOP('',(#10839,#10840,#10841,#10847));
#10839 = ORIENTED_EDGE('',*,*,#10802,.F.);
#10840 = ORIENTED_EDGE('',*,*,#5569,.T.);
#10841 = ORIENTED_EDGE('',*,*,#10842,.T.);
#10842 = EDGE_CURVE('',#5570,#2093,#10843,.T.);
#10843 = LINE('',#10844,#10845);
#10844 = CARTESIAN_POINT('',(2.7,-0.6,0.));
#10845 = VECTOR('',#10846,1.);
#10846 = DIRECTION('',(0.,0.,1.));
#10847 = ORIENTED_EDGE('',*,*,#2092,.F.);
#10848 = PLANE('',#10849);
#10849 = AXIS2_PLACEMENT_3D('',#10850,#10851,#10852);
#10850 = CARTESIAN_POINT('',(2.7,-0.9,0.));
#10851 = DIRECTION('',(1.,0.,-0.));
#10852 = DIRECTION('',(0.,0.,1.));
#10853 = ADVANCED_FACE('',(#10854),#10860,.F.);
#10854 = FACE_BOUND('',#10855,.F.);
#10855 = EDGE_LOOP('',(#10856,#10857,#10858,#10859));
#10856 = ORIENTED_EDGE('',*,*,#5577,.F.);
#10857 = ORIENTED_EDGE('',*,*,#10842,.T.);
#10858 = ORIENTED_EDGE('',*,*,#2100,.F.);
#10859 = ORIENTED_EDGE('',*,*,#10825,.F.);
#10860 = PLANE('',#10861);
#10861 = AXIS2_PLACEMENT_3D('',#10862,#10863,#10864);
#10862 = CARTESIAN_POINT('',(2.7,-0.6,0.));
#10863 = DIRECTION('',(-0.,1.,0.));
#10864 = DIRECTION('',(0.,0.,1.));
#10865 = ADVANCED_FACE('',(#10866),#10882,.T.);
#10866 = FACE_BOUND('',#10867,.T.);
#10867 = EDGE_LOOP('',(#10868,#10869,#10875,#10876));
#10868 = ORIENTED_EDGE('',*,*,#5593,.F.);
#10869 = ORIENTED_EDGE('',*,*,#10870,.T.);
#10870 = EDGE_CURVE('',#5594,#2119,#10871,.T.);
#10871 = LINE('',#10872,#10873);
#10872 = CARTESIAN_POINT('',(2.1,-0.3,0.));
#10873 = VECTOR('',#10874,1.);
#10874 = DIRECTION('',(0.,0.,1.));
#10875 = ORIENTED_EDGE('',*,*,#2116,.F.);
#10876 = ORIENTED_EDGE('',*,*,#10877,.F.);
#10877 = EDGE_CURVE('',#5596,#2117,#10878,.T.);
#10878 = LINE('',#10879,#10880);
#10879 = CARTESIAN_POINT('',(2.4,-0.3,0.));
#10880 = VECTOR('',#10881,1.);
#10881 = DIRECTION('',(0.,0.,1.));
#10882 = PLANE('',#10883);
#10883 = AXIS2_PLACEMENT_3D('',#10884,#10885,#10886);
#10884 = CARTESIAN_POINT('',(2.1,-0.3,0.));
#10885 = DIRECTION('',(-0.,1.,0.));
#10886 = DIRECTION('',(0.,0.,1.));
#10887 = ADVANCED_FACE('',(#10888),#10899,.F.);
#10888 = FACE_BOUND('',#10889,.F.);
#10889 = EDGE_LOOP('',(#10890,#10891,#10892,#10898));
#10890 = ORIENTED_EDGE('',*,*,#10877,.F.);
#10891 = ORIENTED_EDGE('',*,*,#5619,.T.);
#10892 = ORIENTED_EDGE('',*,*,#10893,.T.);
#10893 = EDGE_CURVE('',#5612,#2135,#10894,.T.);
#10894 = LINE('',#10895,#10896);
#10895 = CARTESIAN_POINT('',(2.4,2.775557561563E-16,0.));
#10896 = VECTOR('',#10897,1.);
#10897 = DIRECTION('',(0.,0.,1.));
#10898 = ORIENTED_EDGE('',*,*,#2142,.F.);
#10899 = PLANE('',#10900);
#10900 = AXIS2_PLACEMENT_3D('',#10901,#10902,#10903);
#10901 = CARTESIAN_POINT('',(2.4,-0.3,0.));
#10902 = DIRECTION('',(1.,0.,-0.));
#10903 = DIRECTION('',(0.,0.,1.));
#10904 = ADVANCED_FACE('',(#10905),#10916,.T.);
#10905 = FACE_BOUND('',#10906,.T.);
#10906 = EDGE_LOOP('',(#10907,#10908,#10909,#10915));
#10907 = ORIENTED_EDGE('',*,*,#10870,.F.);
#10908 = ORIENTED_EDGE('',*,*,#5603,.T.);
#10909 = ORIENTED_EDGE('',*,*,#10910,.T.);
#10910 = EDGE_CURVE('',#5604,#2127,#10911,.T.);
#10911 = LINE('',#10912,#10913);
#10912 = CARTESIAN_POINT('',(2.1,2.775557561563E-16,0.));
#10913 = VECTOR('',#10914,1.);
#10914 = DIRECTION('',(0.,0.,1.));
#10915 = ORIENTED_EDGE('',*,*,#2126,.F.);
#10916 = PLANE('',#10917);
#10917 = AXIS2_PLACEMENT_3D('',#10918,#10919,#10920);
#10918 = CARTESIAN_POINT('',(2.1,-0.3,0.));
#10919 = DIRECTION('',(1.,0.,-0.));
#10920 = DIRECTION('',(0.,0.,1.));
#10921 = ADVANCED_FACE('',(#10922),#10928,.F.);
#10922 = FACE_BOUND('',#10923,.F.);
#10923 = EDGE_LOOP('',(#10924,#10925,#10926,#10927));
#10924 = ORIENTED_EDGE('',*,*,#5611,.F.);
#10925 = ORIENTED_EDGE('',*,*,#10910,.T.);
#10926 = ORIENTED_EDGE('',*,*,#2134,.F.);
#10927 = ORIENTED_EDGE('',*,*,#10893,.F.);
#10928 = PLANE('',#10929);
#10929 = AXIS2_PLACEMENT_3D('',#10930,#10931,#10932);
#10930 = CARTESIAN_POINT('',(2.1,2.775557561563E-16,0.));
#10931 = DIRECTION('',(-0.,1.,0.));
#10932 = DIRECTION('',(0.,0.,1.));
#10933 = ADVANCED_FACE('',(#10934),#10950,.T.);
#10934 = FACE_BOUND('',#10935,.T.);
#10935 = EDGE_LOOP('',(#10936,#10937,#10943,#10944));
#10936 = ORIENTED_EDGE('',*,*,#5627,.F.);
#10937 = ORIENTED_EDGE('',*,*,#10938,.T.);
#10938 = EDGE_CURVE('',#5628,#2153,#10939,.T.);
#10939 = LINE('',#10940,#10941);
#10940 = CARTESIAN_POINT('',(2.7,-0.3,0.));
#10941 = VECTOR('',#10942,1.);
#10942 = DIRECTION('',(0.,0.,1.));
#10943 = ORIENTED_EDGE('',*,*,#2150,.F.);
#10944 = ORIENTED_EDGE('',*,*,#10945,.F.);
#10945 = EDGE_CURVE('',#5630,#2151,#10946,.T.);
#10946 = LINE('',#10947,#10948);
#10947 = CARTESIAN_POINT('',(3.,-0.3,0.));
#10948 = VECTOR('',#10949,1.);
#10949 = DIRECTION('',(0.,0.,1.));
#10950 = PLANE('',#10951);
#10951 = AXIS2_PLACEMENT_3D('',#10952,#10953,#10954);
#10952 = CARTESIAN_POINT('',(2.7,-0.3,0.));
#10953 = DIRECTION('',(-0.,1.,0.));
#10954 = DIRECTION('',(0.,0.,1.));
#10955 = ADVANCED_FACE('',(#10956),#10967,.F.);
#10956 = FACE_BOUND('',#10957,.F.);
#10957 = EDGE_LOOP('',(#10958,#10959,#10960,#10966));
#10958 = ORIENTED_EDGE('',*,*,#10945,.F.);
#10959 = ORIENTED_EDGE('',*,*,#5653,.T.);
#10960 = ORIENTED_EDGE('',*,*,#10961,.T.);
#10961 = EDGE_CURVE('',#5646,#2169,#10962,.T.);
#10962 = LINE('',#10963,#10964);
#10963 = CARTESIAN_POINT('',(3.,2.775557561563E-16,0.));
#10964 = VECTOR('',#10965,1.);
#10965 = DIRECTION('',(0.,0.,1.));
#10966 = ORIENTED_EDGE('',*,*,#2176,.F.);
#10967 = PLANE('',#10968);
#10968 = AXIS2_PLACEMENT_3D('',#10969,#10970,#10971);
#10969 = CARTESIAN_POINT('',(3.,-0.3,0.));
#10970 = DIRECTION('',(1.,0.,-0.));
#10971 = DIRECTION('',(0.,0.,1.));
#10972 = ADVANCED_FACE('',(#10973),#10984,.T.);
#10973 = FACE_BOUND('',#10974,.T.);
#10974 = EDGE_LOOP('',(#10975,#10976,#10977,#10983));
#10975 = ORIENTED_EDGE('',*,*,#10938,.F.);
#10976 = ORIENTED_EDGE('',*,*,#5637,.T.);
#10977 = ORIENTED_EDGE('',*,*,#10978,.T.);
#10978 = EDGE_CURVE('',#5638,#2161,#10979,.T.);
#10979 = LINE('',#10980,#10981);
#10980 = CARTESIAN_POINT('',(2.7,2.775557561563E-16,0.));
#10981 = VECTOR('',#10982,1.);
#10982 = DIRECTION('',(0.,0.,1.));
#10983 = ORIENTED_EDGE('',*,*,#2160,.F.);
#10984 = PLANE('',#10985);
#10985 = AXIS2_PLACEMENT_3D('',#10986,#10987,#10988);
#10986 = CARTESIAN_POINT('',(2.7,-0.3,0.));
#10987 = DIRECTION('',(1.,0.,-0.));
#10988 = DIRECTION('',(0.,0.,1.));
#10989 = ADVANCED_FACE('',(#10990),#10996,.F.);
#10990 = FACE_BOUND('',#10991,.F.);
#10991 = EDGE_LOOP('',(#10992,#10993,#10994,#10995));
#10992 = ORIENTED_EDGE('',*,*,#5645,.F.);
#10993 = ORIENTED_EDGE('',*,*,#10978,.T.);
#10994 = ORIENTED_EDGE('',*,*,#2168,.F.);
#10995 = ORIENTED_EDGE('',*,*,#10961,.F.);
#10996 = PLANE('',#10997);
#10997 = AXIS2_PLACEMENT_3D('',#10998,#10999,#11000);
#10998 = CARTESIAN_POINT('',(2.7,2.775557561563E-16,0.));
#10999 = DIRECTION('',(-0.,1.,0.));
#11000 = DIRECTION('',(0.,0.,1.));
#11001 = ADVANCED_FACE('',(#11002),#11018,.T.);
#11002 = FACE_BOUND('',#11003,.T.);
#11003 = EDGE_LOOP('',(#11004,#11005,#11011,#11012));
#11004 = ORIENTED_EDGE('',*,*,#5661,.F.);
#11005 = ORIENTED_EDGE('',*,*,#11006,.T.);
#11006 = EDGE_CURVE('',#5662,#2187,#11007,.T.);
#11007 = LINE('',#11008,#11009);
#11008 = CARTESIAN_POINT('',(-3.3,0.3,0.));
#11009 = VECTOR('',#11010,1.);
#11010 = DIRECTION('',(0.,0.,1.));
#11011 = ORIENTED_EDGE('',*,*,#2184,.F.);
#11012 = ORIENTED_EDGE('',*,*,#11013,.F.);
#11013 = EDGE_CURVE('',#5664,#2185,#11014,.T.);
#11014 = LINE('',#11015,#11016);
#11015 = CARTESIAN_POINT('',(-3.,0.3,0.));
#11016 = VECTOR('',#11017,1.);
#11017 = DIRECTION('',(0.,0.,1.));
#11018 = PLANE('',#11019);
#11019 = AXIS2_PLACEMENT_3D('',#11020,#11021,#11022);
#11020 = CARTESIAN_POINT('',(-3.3,0.3,0.));
#11021 = DIRECTION('',(-0.,1.,0.));
#11022 = DIRECTION('',(0.,0.,1.));
#11023 = ADVANCED_FACE('',(#11024),#11035,.F.);
#11024 = FACE_BOUND('',#11025,.F.);
#11025 = EDGE_LOOP('',(#11026,#11027,#11028,#11034));
#11026 = ORIENTED_EDGE('',*,*,#11013,.F.);
#11027 = ORIENTED_EDGE('',*,*,#5687,.T.);
#11028 = ORIENTED_EDGE('',*,*,#11029,.T.);
#11029 = EDGE_CURVE('',#5680,#2203,#11030,.T.);
#11030 = LINE('',#11031,#11032);
#11031 = CARTESIAN_POINT('',(-3.,0.6,0.));
#11032 = VECTOR('',#11033,1.);
#11033 = DIRECTION('',(0.,0.,1.));
#11034 = ORIENTED_EDGE('',*,*,#2210,.F.);
#11035 = PLANE('',#11036);
#11036 = AXIS2_PLACEMENT_3D('',#11037,#11038,#11039);
#11037 = CARTESIAN_POINT('',(-3.,0.3,0.));
#11038 = DIRECTION('',(1.,0.,-0.));
#11039 = DIRECTION('',(0.,0.,1.));
#11040 = ADVANCED_FACE('',(#11041),#11052,.T.);
#11041 = FACE_BOUND('',#11042,.T.);
#11042 = EDGE_LOOP('',(#11043,#11044,#11045,#11051));
#11043 = ORIENTED_EDGE('',*,*,#11006,.F.);
#11044 = ORIENTED_EDGE('',*,*,#5671,.T.);
#11045 = ORIENTED_EDGE('',*,*,#11046,.T.);
#11046 = EDGE_CURVE('',#5672,#2195,#11047,.T.);
#11047 = LINE('',#11048,#11049);
#11048 = CARTESIAN_POINT('',(-3.3,0.6,0.));
#11049 = VECTOR('',#11050,1.);
#11050 = DIRECTION('',(0.,0.,1.));
#11051 = ORIENTED_EDGE('',*,*,#2194,.F.);
#11052 = PLANE('',#11053);
#11053 = AXIS2_PLACEMENT_3D('',#11054,#11055,#11056);
#11054 = CARTESIAN_POINT('',(-3.3,0.3,0.));
#11055 = DIRECTION('',(1.,0.,-0.));
#11056 = DIRECTION('',(0.,0.,1.));
#11057 = ADVANCED_FACE('',(#11058),#11064,.F.);
#11058 = FACE_BOUND('',#11059,.F.);
#11059 = EDGE_LOOP('',(#11060,#11061,#11062,#11063));
#11060 = ORIENTED_EDGE('',*,*,#5679,.F.);
#11061 = ORIENTED_EDGE('',*,*,#11046,.T.);
#11062 = ORIENTED_EDGE('',*,*,#2202,.F.);
#11063 = ORIENTED_EDGE('',*,*,#11029,.F.);
#11064 = PLANE('',#11065);
#11065 = AXIS2_PLACEMENT_3D('',#11066,#11067,#11068);
#11066 = CARTESIAN_POINT('',(-3.3,0.6,0.));
#11067 = DIRECTION('',(-0.,1.,0.));
#11068 = DIRECTION('',(0.,0.,1.));
#11069 = ADVANCED_FACE('',(#11070),#11086,.T.);
#11070 = FACE_BOUND('',#11071,.T.);
#11071 = EDGE_LOOP('',(#11072,#11073,#11079,#11080));
#11072 = ORIENTED_EDGE('',*,*,#5695,.F.);
#11073 = ORIENTED_EDGE('',*,*,#11074,.T.);
#11074 = EDGE_CURVE('',#5696,#2221,#11075,.T.);
#11075 = LINE('',#11076,#11077);
#11076 = CARTESIAN_POINT('',(-2.7,0.3,0.));
#11077 = VECTOR('',#11078,1.);
#11078 = DIRECTION('',(0.,0.,1.));
#11079 = ORIENTED_EDGE('',*,*,#2218,.F.);
#11080 = ORIENTED_EDGE('',*,*,#11081,.F.);
#11081 = EDGE_CURVE('',#5698,#2219,#11082,.T.);
#11082 = LINE('',#11083,#11084);
#11083 = CARTESIAN_POINT('',(-2.4,0.3,0.));
#11084 = VECTOR('',#11085,1.);
#11085 = DIRECTION('',(0.,0.,1.));
#11086 = PLANE('',#11087);
#11087 = AXIS2_PLACEMENT_3D('',#11088,#11089,#11090);
#11088 = CARTESIAN_POINT('',(-2.7,0.3,0.));
#11089 = DIRECTION('',(-0.,1.,0.));
#11090 = DIRECTION('',(0.,0.,1.));
#11091 = ADVANCED_FACE('',(#11092),#11103,.F.);
#11092 = FACE_BOUND('',#11093,.F.);
#11093 = EDGE_LOOP('',(#11094,#11095,#11096,#11102));
#11094 = ORIENTED_EDGE('',*,*,#11081,.F.);
#11095 = ORIENTED_EDGE('',*,*,#5721,.T.);
#11096 = ORIENTED_EDGE('',*,*,#11097,.T.);
#11097 = EDGE_CURVE('',#5714,#2237,#11098,.T.);
#11098 = LINE('',#11099,#11100);
#11099 = CARTESIAN_POINT('',(-2.4,0.6,0.));
#11100 = VECTOR('',#11101,1.);
#11101 = DIRECTION('',(0.,0.,1.));
#11102 = ORIENTED_EDGE('',*,*,#2244,.F.);
#11103 = PLANE('',#11104);
#11104 = AXIS2_PLACEMENT_3D('',#11105,#11106,#11107);
#11105 = CARTESIAN_POINT('',(-2.4,0.3,0.));
#11106 = DIRECTION('',(1.,0.,-0.));
#11107 = DIRECTION('',(0.,0.,1.));
#11108 = ADVANCED_FACE('',(#11109),#11120,.T.);
#11109 = FACE_BOUND('',#11110,.T.);
#11110 = EDGE_LOOP('',(#11111,#11112,#11113,#11119));
#11111 = ORIENTED_EDGE('',*,*,#11074,.F.);
#11112 = ORIENTED_EDGE('',*,*,#5705,.T.);
#11113 = ORIENTED_EDGE('',*,*,#11114,.T.);
#11114 = EDGE_CURVE('',#5706,#2229,#11115,.T.);
#11115 = LINE('',#11116,#11117);
#11116 = CARTESIAN_POINT('',(-2.7,0.6,0.));
#11117 = VECTOR('',#11118,1.);
#11118 = DIRECTION('',(0.,0.,1.));
#11119 = ORIENTED_EDGE('',*,*,#2228,.F.);
#11120 = PLANE('',#11121);
#11121 = AXIS2_PLACEMENT_3D('',#11122,#11123,#11124);
#11122 = CARTESIAN_POINT('',(-2.7,0.3,0.));
#11123 = DIRECTION('',(1.,0.,-0.));
#11124 = DIRECTION('',(0.,0.,1.));
#11125 = ADVANCED_FACE('',(#11126),#11132,.F.);
#11126 = FACE_BOUND('',#11127,.F.);
#11127 = EDGE_LOOP('',(#11128,#11129,#11130,#11131));
#11128 = ORIENTED_EDGE('',*,*,#5713,.F.);
#11129 = ORIENTED_EDGE('',*,*,#11114,.T.);
#11130 = ORIENTED_EDGE('',*,*,#2236,.F.);
#11131 = ORIENTED_EDGE('',*,*,#11097,.F.);
#11132 = PLANE('',#11133);
#11133 = AXIS2_PLACEMENT_3D('',#11134,#11135,#11136);
#11134 = CARTESIAN_POINT('',(-2.7,0.6,0.));
#11135 = DIRECTION('',(-0.,1.,0.));
#11136 = DIRECTION('',(0.,0.,1.));
#11137 = ADVANCED_FACE('',(#11138),#11154,.T.);
#11138 = FACE_BOUND('',#11139,.T.);
#11139 = EDGE_LOOP('',(#11140,#11141,#11147,#11148));
#11140 = ORIENTED_EDGE('',*,*,#5729,.F.);
#11141 = ORIENTED_EDGE('',*,*,#11142,.T.);
#11142 = EDGE_CURVE('',#5730,#2255,#11143,.T.);
#11143 = LINE('',#11144,#11145);
#11144 = CARTESIAN_POINT('',(-2.1,0.3,0.));
#11145 = VECTOR('',#11146,1.);
#11146 = DIRECTION('',(0.,0.,1.));
#11147 = ORIENTED_EDGE('',*,*,#2252,.F.);
#11148 = ORIENTED_EDGE('',*,*,#11149,.F.);
#11149 = EDGE_CURVE('',#5732,#2253,#11150,.T.);
#11150 = LINE('',#11151,#11152);
#11151 = CARTESIAN_POINT('',(-1.8,0.3,0.));
#11152 = VECTOR('',#11153,1.);
#11153 = DIRECTION('',(0.,0.,1.));
#11154 = PLANE('',#11155);
#11155 = AXIS2_PLACEMENT_3D('',#11156,#11157,#11158);
#11156 = CARTESIAN_POINT('',(-2.1,0.3,0.));
#11157 = DIRECTION('',(-0.,1.,0.));
#11158 = DIRECTION('',(0.,0.,1.));
#11159 = ADVANCED_FACE('',(#11160),#11171,.F.);
#11160 = FACE_BOUND('',#11161,.F.);
#11161 = EDGE_LOOP('',(#11162,#11163,#11164,#11170));
#11162 = ORIENTED_EDGE('',*,*,#11149,.F.);
#11163 = ORIENTED_EDGE('',*,*,#5755,.T.);
#11164 = ORIENTED_EDGE('',*,*,#11165,.T.);
#11165 = EDGE_CURVE('',#5748,#2271,#11166,.T.);
#11166 = LINE('',#11167,#11168);
#11167 = CARTESIAN_POINT('',(-1.8,0.6,0.));
#11168 = VECTOR('',#11169,1.);
#11169 = DIRECTION('',(0.,0.,1.));
#11170 = ORIENTED_EDGE('',*,*,#2278,.F.);
#11171 = PLANE('',#11172);
#11172 = AXIS2_PLACEMENT_3D('',#11173,#11174,#11175);
#11173 = CARTESIAN_POINT('',(-1.8,0.3,0.));
#11174 = DIRECTION('',(1.,0.,-0.));
#11175 = DIRECTION('',(0.,0.,1.));
#11176 = ADVANCED_FACE('',(#11177),#11188,.T.);
#11177 = FACE_BOUND('',#11178,.T.);
#11178 = EDGE_LOOP('',(#11179,#11180,#11181,#11187));
#11179 = ORIENTED_EDGE('',*,*,#11142,.F.);
#11180 = ORIENTED_EDGE('',*,*,#5739,.T.);
#11181 = ORIENTED_EDGE('',*,*,#11182,.T.);
#11182 = EDGE_CURVE('',#5740,#2263,#11183,.T.);
#11183 = LINE('',#11184,#11185);
#11184 = CARTESIAN_POINT('',(-2.1,0.6,0.));
#11185 = VECTOR('',#11186,1.);
#11186 = DIRECTION('',(0.,0.,1.));
#11187 = ORIENTED_EDGE('',*,*,#2262,.F.);
#11188 = PLANE('',#11189);
#11189 = AXIS2_PLACEMENT_3D('',#11190,#11191,#11192);
#11190 = CARTESIAN_POINT('',(-2.1,0.3,0.));
#11191 = DIRECTION('',(1.,0.,-0.));
#11192 = DIRECTION('',(0.,0.,1.));
#11193 = ADVANCED_FACE('',(#11194),#11200,.F.);
#11194 = FACE_BOUND('',#11195,.F.);
#11195 = EDGE_LOOP('',(#11196,#11197,#11198,#11199));
#11196 = ORIENTED_EDGE('',*,*,#5747,.F.);
#11197 = ORIENTED_EDGE('',*,*,#11182,.T.);
#11198 = ORIENTED_EDGE('',*,*,#2270,.F.);
#11199 = ORIENTED_EDGE('',*,*,#11165,.F.);
#11200 = PLANE('',#11201);
#11201 = AXIS2_PLACEMENT_3D('',#11202,#11203,#11204);
#11202 = CARTESIAN_POINT('',(-2.1,0.6,0.));
#11203 = DIRECTION('',(-0.,1.,0.));
#11204 = DIRECTION('',(0.,0.,1.));
#11205 = ADVANCED_FACE('',(#11206),#11222,.T.);
#11206 = FACE_BOUND('',#11207,.T.);
#11207 = EDGE_LOOP('',(#11208,#11209,#11215,#11216));
#11208 = ORIENTED_EDGE('',*,*,#5763,.F.);
#11209 = ORIENTED_EDGE('',*,*,#11210,.T.);
#11210 = EDGE_CURVE('',#5764,#2289,#11211,.T.);
#11211 = LINE('',#11212,#11213);
#11212 = CARTESIAN_POINT('',(-3.3,0.9,0.));
#11213 = VECTOR('',#11214,1.);
#11214 = DIRECTION('',(0.,0.,1.));
#11215 = ORIENTED_EDGE('',*,*,#2286,.F.);
#11216 = ORIENTED_EDGE('',*,*,#11217,.F.);
#11217 = EDGE_CURVE('',#5766,#2287,#11218,.T.);
#11218 = LINE('',#11219,#11220);
#11219 = CARTESIAN_POINT('',(-3.,0.9,0.));
#11220 = VECTOR('',#11221,1.);
#11221 = DIRECTION('',(0.,0.,1.));
#11222 = PLANE('',#11223);
#11223 = AXIS2_PLACEMENT_3D('',#11224,#11225,#11226);
#11224 = CARTESIAN_POINT('',(-3.3,0.9,0.));
#11225 = DIRECTION('',(-0.,1.,0.));
#11226 = DIRECTION('',(0.,0.,1.));
#11227 = ADVANCED_FACE('',(#11228),#11239,.F.);
#11228 = FACE_BOUND('',#11229,.F.);
#11229 = EDGE_LOOP('',(#11230,#11231,#11232,#11238));
#11230 = ORIENTED_EDGE('',*,*,#11217,.F.);
#11231 = ORIENTED_EDGE('',*,*,#5789,.T.);
#11232 = ORIENTED_EDGE('',*,*,#11233,.T.);
#11233 = EDGE_CURVE('',#5782,#2305,#11234,.T.);
#11234 = LINE('',#11235,#11236);
#11235 = CARTESIAN_POINT('',(-3.,1.2,0.));
#11236 = VECTOR('',#11237,1.);
#11237 = DIRECTION('',(0.,0.,1.));
#11238 = ORIENTED_EDGE('',*,*,#2312,.F.);
#11239 = PLANE('',#11240);
#11240 = AXIS2_PLACEMENT_3D('',#11241,#11242,#11243);
#11241 = CARTESIAN_POINT('',(-3.,0.9,0.));
#11242 = DIRECTION('',(1.,0.,-0.));
#11243 = DIRECTION('',(0.,0.,1.));
#11244 = ADVANCED_FACE('',(#11245),#11256,.T.);
#11245 = FACE_BOUND('',#11246,.T.);
#11246 = EDGE_LOOP('',(#11247,#11248,#11249,#11255));
#11247 = ORIENTED_EDGE('',*,*,#11210,.F.);
#11248 = ORIENTED_EDGE('',*,*,#5773,.T.);
#11249 = ORIENTED_EDGE('',*,*,#11250,.T.);
#11250 = EDGE_CURVE('',#5774,#2297,#11251,.T.);
#11251 = LINE('',#11252,#11253);
#11252 = CARTESIAN_POINT('',(-3.3,1.2,0.));
#11253 = VECTOR('',#11254,1.);
#11254 = DIRECTION('',(0.,0.,1.));
#11255 = ORIENTED_EDGE('',*,*,#2296,.F.);
#11256 = PLANE('',#11257);
#11257 = AXIS2_PLACEMENT_3D('',#11258,#11259,#11260);
#11258 = CARTESIAN_POINT('',(-3.3,0.9,0.));
#11259 = DIRECTION('',(1.,0.,-0.));
#11260 = DIRECTION('',(0.,0.,1.));
#11261 = ADVANCED_FACE('',(#11262),#11268,.F.);
#11262 = FACE_BOUND('',#11263,.F.);
#11263 = EDGE_LOOP('',(#11264,#11265,#11266,#11267));
#11264 = ORIENTED_EDGE('',*,*,#5781,.F.);
#11265 = ORIENTED_EDGE('',*,*,#11250,.T.);
#11266 = ORIENTED_EDGE('',*,*,#2304,.F.);
#11267 = ORIENTED_EDGE('',*,*,#11233,.F.);
#11268 = PLANE('',#11269);
#11269 = AXIS2_PLACEMENT_3D('',#11270,#11271,#11272);
#11270 = CARTESIAN_POINT('',(-3.3,1.2,0.));
#11271 = DIRECTION('',(-0.,1.,0.));
#11272 = DIRECTION('',(0.,0.,1.));
#11273 = ADVANCED_FACE('',(#11274),#11290,.T.);
#11274 = FACE_BOUND('',#11275,.T.);
#11275 = EDGE_LOOP('',(#11276,#11277,#11283,#11284));
#11276 = ORIENTED_EDGE('',*,*,#5797,.F.);
#11277 = ORIENTED_EDGE('',*,*,#11278,.T.);
#11278 = EDGE_CURVE('',#5798,#2323,#11279,.T.);
#11279 = LINE('',#11280,#11281);
#11280 = CARTESIAN_POINT('',(-2.7,0.9,0.));
#11281 = VECTOR('',#11282,1.);
#11282 = DIRECTION('',(0.,0.,1.));
#11283 = ORIENTED_EDGE('',*,*,#2320,.F.);
#11284 = ORIENTED_EDGE('',*,*,#11285,.F.);
#11285 = EDGE_CURVE('',#5800,#2321,#11286,.T.);
#11286 = LINE('',#11287,#11288);
#11287 = CARTESIAN_POINT('',(-2.4,0.9,0.));
#11288 = VECTOR('',#11289,1.);
#11289 = DIRECTION('',(0.,0.,1.));
#11290 = PLANE('',#11291);
#11291 = AXIS2_PLACEMENT_3D('',#11292,#11293,#11294);
#11292 = CARTESIAN_POINT('',(-2.7,0.9,0.));
#11293 = DIRECTION('',(-0.,1.,0.));
#11294 = DIRECTION('',(0.,0.,1.));
#11295 = ADVANCED_FACE('',(#11296),#11307,.F.);
#11296 = FACE_BOUND('',#11297,.F.);
#11297 = EDGE_LOOP('',(#11298,#11299,#11300,#11306));
#11298 = ORIENTED_EDGE('',*,*,#11285,.F.);
#11299 = ORIENTED_EDGE('',*,*,#5823,.T.);
#11300 = ORIENTED_EDGE('',*,*,#11301,.T.);
#11301 = EDGE_CURVE('',#5816,#2339,#11302,.T.);
#11302 = LINE('',#11303,#11304);
#11303 = CARTESIAN_POINT('',(-2.4,1.2,0.));
#11304 = VECTOR('',#11305,1.);
#11305 = DIRECTION('',(0.,0.,1.));
#11306 = ORIENTED_EDGE('',*,*,#2346,.F.);
#11307 = PLANE('',#11308);
#11308 = AXIS2_PLACEMENT_3D('',#11309,#11310,#11311);
#11309 = CARTESIAN_POINT('',(-2.4,0.9,0.));
#11310 = DIRECTION('',(1.,0.,-0.));
#11311 = DIRECTION('',(0.,0.,1.));
#11312 = ADVANCED_FACE('',(#11313),#11324,.T.);
#11313 = FACE_BOUND('',#11314,.T.);
#11314 = EDGE_LOOP('',(#11315,#11316,#11317,#11323));
#11315 = ORIENTED_EDGE('',*,*,#11278,.F.);
#11316 = ORIENTED_EDGE('',*,*,#5807,.T.);
#11317 = ORIENTED_EDGE('',*,*,#11318,.T.);
#11318 = EDGE_CURVE('',#5808,#2331,#11319,.T.);
#11319 = LINE('',#11320,#11321);
#11320 = CARTESIAN_POINT('',(-2.7,1.2,0.));
#11321 = VECTOR('',#11322,1.);
#11322 = DIRECTION('',(0.,0.,1.));
#11323 = ORIENTED_EDGE('',*,*,#2330,.F.);
#11324 = PLANE('',#11325);
#11325 = AXIS2_PLACEMENT_3D('',#11326,#11327,#11328);
#11326 = CARTESIAN_POINT('',(-2.7,0.9,0.));
#11327 = DIRECTION('',(1.,0.,-0.));
#11328 = DIRECTION('',(0.,0.,1.));
#11329 = ADVANCED_FACE('',(#11330),#11336,.F.);
#11330 = FACE_BOUND('',#11331,.F.);
#11331 = EDGE_LOOP('',(#11332,#11333,#11334,#11335));
#11332 = ORIENTED_EDGE('',*,*,#5815,.F.);
#11333 = ORIENTED_EDGE('',*,*,#11318,.T.);
#11334 = ORIENTED_EDGE('',*,*,#2338,.F.);
#11335 = ORIENTED_EDGE('',*,*,#11301,.F.);
#11336 = PLANE('',#11337);
#11337 = AXIS2_PLACEMENT_3D('',#11338,#11339,#11340);
#11338 = CARTESIAN_POINT('',(-2.7,1.2,0.));
#11339 = DIRECTION('',(-0.,1.,0.));
#11340 = DIRECTION('',(0.,0.,1.));
#11341 = ADVANCED_FACE('',(#11342),#11358,.T.);
#11342 = FACE_BOUND('',#11343,.T.);
#11343 = EDGE_LOOP('',(#11344,#11345,#11351,#11352));
#11344 = ORIENTED_EDGE('',*,*,#5831,.F.);
#11345 = ORIENTED_EDGE('',*,*,#11346,.T.);
#11346 = EDGE_CURVE('',#5832,#2357,#11347,.T.);
#11347 = LINE('',#11348,#11349);
#11348 = CARTESIAN_POINT('',(-2.1,0.9,0.));
#11349 = VECTOR('',#11350,1.);
#11350 = DIRECTION('',(0.,0.,1.));
#11351 = ORIENTED_EDGE('',*,*,#2354,.F.);
#11352 = ORIENTED_EDGE('',*,*,#11353,.F.);
#11353 = EDGE_CURVE('',#5834,#2355,#11354,.T.);
#11354 = LINE('',#11355,#11356);
#11355 = CARTESIAN_POINT('',(-1.8,0.9,0.));
#11356 = VECTOR('',#11357,1.);
#11357 = DIRECTION('',(0.,0.,1.));
#11358 = PLANE('',#11359);
#11359 = AXIS2_PLACEMENT_3D('',#11360,#11361,#11362);
#11360 = CARTESIAN_POINT('',(-2.1,0.9,0.));
#11361 = DIRECTION('',(-0.,1.,0.));
#11362 = DIRECTION('',(0.,0.,1.));
#11363 = ADVANCED_FACE('',(#11364),#11375,.F.);
#11364 = FACE_BOUND('',#11365,.F.);
#11365 = EDGE_LOOP('',(#11366,#11367,#11368,#11374));
#11366 = ORIENTED_EDGE('',*,*,#11353,.F.);
#11367 = ORIENTED_EDGE('',*,*,#5857,.T.);
#11368 = ORIENTED_EDGE('',*,*,#11369,.T.);
#11369 = EDGE_CURVE('',#5850,#2373,#11370,.T.);
#11370 = LINE('',#11371,#11372);
#11371 = CARTESIAN_POINT('',(-1.8,1.2,0.));
#11372 = VECTOR('',#11373,1.);
#11373 = DIRECTION('',(0.,0.,1.));
#11374 = ORIENTED_EDGE('',*,*,#2380,.F.);
#11375 = PLANE('',#11376);
#11376 = AXIS2_PLACEMENT_3D('',#11377,#11378,#11379);
#11377 = CARTESIAN_POINT('',(-1.8,0.9,0.));
#11378 = DIRECTION('',(1.,0.,-0.));
#11379 = DIRECTION('',(0.,0.,1.));
#11380 = ADVANCED_FACE('',(#11381),#11392,.T.);
#11381 = FACE_BOUND('',#11382,.T.);
#11382 = EDGE_LOOP('',(#11383,#11384,#11385,#11391));
#11383 = ORIENTED_EDGE('',*,*,#11346,.F.);
#11384 = ORIENTED_EDGE('',*,*,#5841,.T.);
#11385 = ORIENTED_EDGE('',*,*,#11386,.T.);
#11386 = EDGE_CURVE('',#5842,#2365,#11387,.T.);
#11387 = LINE('',#11388,#11389);
#11388 = CARTESIAN_POINT('',(-2.1,1.2,0.));
#11389 = VECTOR('',#11390,1.);
#11390 = DIRECTION('',(0.,0.,1.));
#11391 = ORIENTED_EDGE('',*,*,#2364,.F.);
#11392 = PLANE('',#11393);
#11393 = AXIS2_PLACEMENT_3D('',#11394,#11395,#11396);
#11394 = CARTESIAN_POINT('',(-2.1,0.9,0.));
#11395 = DIRECTION('',(1.,0.,-0.));
#11396 = DIRECTION('',(0.,0.,1.));
#11397 = ADVANCED_FACE('',(#11398),#11404,.F.);
#11398 = FACE_BOUND('',#11399,.F.);
#11399 = EDGE_LOOP('',(#11400,#11401,#11402,#11403));
#11400 = ORIENTED_EDGE('',*,*,#5849,.F.);
#11401 = ORIENTED_EDGE('',*,*,#11386,.T.);
#11402 = ORIENTED_EDGE('',*,*,#2372,.F.);
#11403 = ORIENTED_EDGE('',*,*,#11369,.F.);
#11404 = PLANE('',#11405);
#11405 = AXIS2_PLACEMENT_3D('',#11406,#11407,#11408);
#11406 = CARTESIAN_POINT('',(-2.1,1.2,0.));
#11407 = DIRECTION('',(-0.,1.,0.));
#11408 = DIRECTION('',(0.,0.,1.));
#11409 = ADVANCED_FACE('',(#11410),#11426,.T.);
#11410 = FACE_BOUND('',#11411,.T.);
#11411 = EDGE_LOOP('',(#11412,#11413,#11419,#11420));
#11412 = ORIENTED_EDGE('',*,*,#5865,.F.);
#11413 = ORIENTED_EDGE('',*,*,#11414,.T.);
#11414 = EDGE_CURVE('',#5866,#2391,#11415,.T.);
#11415 = LINE('',#11416,#11417);
#11416 = CARTESIAN_POINT('',(-1.5,0.3,0.));
#11417 = VECTOR('',#11418,1.);
#11418 = DIRECTION('',(0.,0.,1.));
#11419 = ORIENTED_EDGE('',*,*,#2388,.F.);
#11420 = ORIENTED_EDGE('',*,*,#11421,.F.);
#11421 = EDGE_CURVE('',#5868,#2389,#11422,.T.);
#11422 = LINE('',#11423,#11424);
#11423 = CARTESIAN_POINT('',(-1.2,0.3,0.));
#11424 = VECTOR('',#11425,1.);
#11425 = DIRECTION('',(0.,0.,1.));
#11426 = PLANE('',#11427);
#11427 = AXIS2_PLACEMENT_3D('',#11428,#11429,#11430);
#11428 = CARTESIAN_POINT('',(-1.5,0.3,0.));
#11429 = DIRECTION('',(-0.,1.,0.));
#11430 = DIRECTION('',(0.,0.,1.));
#11431 = ADVANCED_FACE('',(#11432),#11443,.F.);
#11432 = FACE_BOUND('',#11433,.F.);
#11433 = EDGE_LOOP('',(#11434,#11435,#11436,#11442));
#11434 = ORIENTED_EDGE('',*,*,#11421,.F.);
#11435 = ORIENTED_EDGE('',*,*,#5891,.T.);
#11436 = ORIENTED_EDGE('',*,*,#11437,.T.);
#11437 = EDGE_CURVE('',#5884,#2407,#11438,.T.);
#11438 = LINE('',#11439,#11440);
#11439 = CARTESIAN_POINT('',(-1.2,0.6,0.));
#11440 = VECTOR('',#11441,1.);
#11441 = DIRECTION('',(0.,0.,1.));
#11442 = ORIENTED_EDGE('',*,*,#2414,.F.);
#11443 = PLANE('',#11444);
#11444 = AXIS2_PLACEMENT_3D('',#11445,#11446,#11447);
#11445 = CARTESIAN_POINT('',(-1.2,0.3,0.));
#11446 = DIRECTION('',(1.,0.,-0.));
#11447 = DIRECTION('',(0.,0.,1.));
#11448 = ADVANCED_FACE('',(#11449),#11460,.T.);
#11449 = FACE_BOUND('',#11450,.T.);
#11450 = EDGE_LOOP('',(#11451,#11452,#11453,#11459));
#11451 = ORIENTED_EDGE('',*,*,#11414,.F.);
#11452 = ORIENTED_EDGE('',*,*,#5875,.T.);
#11453 = ORIENTED_EDGE('',*,*,#11454,.T.);
#11454 = EDGE_CURVE('',#5876,#2399,#11455,.T.);
#11455 = LINE('',#11456,#11457);
#11456 = CARTESIAN_POINT('',(-1.5,0.6,0.));
#11457 = VECTOR('',#11458,1.);
#11458 = DIRECTION('',(0.,0.,1.));
#11459 = ORIENTED_EDGE('',*,*,#2398,.F.);
#11460 = PLANE('',#11461);
#11461 = AXIS2_PLACEMENT_3D('',#11462,#11463,#11464);
#11462 = CARTESIAN_POINT('',(-1.5,0.3,0.));
#11463 = DIRECTION('',(1.,0.,-0.));
#11464 = DIRECTION('',(0.,0.,1.));
#11465 = ADVANCED_FACE('',(#11466),#11472,.F.);
#11466 = FACE_BOUND('',#11467,.F.);
#11467 = EDGE_LOOP('',(#11468,#11469,#11470,#11471));
#11468 = ORIENTED_EDGE('',*,*,#5883,.F.);
#11469 = ORIENTED_EDGE('',*,*,#11454,.T.);
#11470 = ORIENTED_EDGE('',*,*,#2406,.F.);
#11471 = ORIENTED_EDGE('',*,*,#11437,.F.);
#11472 = PLANE('',#11473);
#11473 = AXIS2_PLACEMENT_3D('',#11474,#11475,#11476);
#11474 = CARTESIAN_POINT('',(-1.5,0.6,0.));
#11475 = DIRECTION('',(-0.,1.,0.));
#11476 = DIRECTION('',(0.,0.,1.));
#11477 = ADVANCED_FACE('',(#11478),#11494,.T.);
#11478 = FACE_BOUND('',#11479,.T.);
#11479 = EDGE_LOOP('',(#11480,#11481,#11487,#11488));
#11480 = ORIENTED_EDGE('',*,*,#5899,.F.);
#11481 = ORIENTED_EDGE('',*,*,#11482,.T.);
#11482 = EDGE_CURVE('',#5900,#2425,#11483,.T.);
#11483 = LINE('',#11484,#11485);
#11484 = CARTESIAN_POINT('',(-0.9,0.3,0.));
#11485 = VECTOR('',#11486,1.);
#11486 = DIRECTION('',(0.,0.,1.));
#11487 = ORIENTED_EDGE('',*,*,#2422,.F.);
#11488 = ORIENTED_EDGE('',*,*,#11489,.F.);
#11489 = EDGE_CURVE('',#5902,#2423,#11490,.T.);
#11490 = LINE('',#11491,#11492);
#11491 = CARTESIAN_POINT('',(-0.6,0.3,0.));
#11492 = VECTOR('',#11493,1.);
#11493 = DIRECTION('',(0.,0.,1.));
#11494 = PLANE('',#11495);
#11495 = AXIS2_PLACEMENT_3D('',#11496,#11497,#11498);
#11496 = CARTESIAN_POINT('',(-0.9,0.3,0.));
#11497 = DIRECTION('',(-0.,1.,0.));
#11498 = DIRECTION('',(0.,0.,1.));
#11499 = ADVANCED_FACE('',(#11500),#11511,.F.);
#11500 = FACE_BOUND('',#11501,.F.);
#11501 = EDGE_LOOP('',(#11502,#11503,#11504,#11510));
#11502 = ORIENTED_EDGE('',*,*,#11489,.F.);
#11503 = ORIENTED_EDGE('',*,*,#5925,.T.);
#11504 = ORIENTED_EDGE('',*,*,#11505,.T.);
#11505 = EDGE_CURVE('',#5918,#2441,#11506,.T.);
#11506 = LINE('',#11507,#11508);
#11507 = CARTESIAN_POINT('',(-0.6,0.6,0.));
#11508 = VECTOR('',#11509,1.);
#11509 = DIRECTION('',(0.,0.,1.));
#11510 = ORIENTED_EDGE('',*,*,#2448,.F.);
#11511 = PLANE('',#11512);
#11512 = AXIS2_PLACEMENT_3D('',#11513,#11514,#11515);
#11513 = CARTESIAN_POINT('',(-0.6,0.3,0.));
#11514 = DIRECTION('',(1.,0.,-0.));
#11515 = DIRECTION('',(0.,0.,1.));
#11516 = ADVANCED_FACE('',(#11517),#11528,.T.);
#11517 = FACE_BOUND('',#11518,.T.);
#11518 = EDGE_LOOP('',(#11519,#11520,#11521,#11527));
#11519 = ORIENTED_EDGE('',*,*,#11482,.F.);
#11520 = ORIENTED_EDGE('',*,*,#5909,.T.);
#11521 = ORIENTED_EDGE('',*,*,#11522,.T.);
#11522 = EDGE_CURVE('',#5910,#2433,#11523,.T.);
#11523 = LINE('',#11524,#11525);
#11524 = CARTESIAN_POINT('',(-0.9,0.6,0.));
#11525 = VECTOR('',#11526,1.);
#11526 = DIRECTION('',(0.,0.,1.));
#11527 = ORIENTED_EDGE('',*,*,#2432,.F.);
#11528 = PLANE('',#11529);
#11529 = AXIS2_PLACEMENT_3D('',#11530,#11531,#11532);
#11530 = CARTESIAN_POINT('',(-0.9,0.3,0.));
#11531 = DIRECTION('',(1.,0.,-0.));
#11532 = DIRECTION('',(0.,0.,1.));
#11533 = ADVANCED_FACE('',(#11534),#11540,.F.);
#11534 = FACE_BOUND('',#11535,.F.);
#11535 = EDGE_LOOP('',(#11536,#11537,#11538,#11539));
#11536 = ORIENTED_EDGE('',*,*,#5917,.F.);
#11537 = ORIENTED_EDGE('',*,*,#11522,.T.);
#11538 = ORIENTED_EDGE('',*,*,#2440,.F.);
#11539 = ORIENTED_EDGE('',*,*,#11505,.F.);
#11540 = PLANE('',#11541);
#11541 = AXIS2_PLACEMENT_3D('',#11542,#11543,#11544);
#11542 = CARTESIAN_POINT('',(-0.9,0.6,0.));
#11543 = DIRECTION('',(-0.,1.,0.));
#11544 = DIRECTION('',(0.,0.,1.));
#11545 = ADVANCED_FACE('',(#11546),#11562,.T.);
#11546 = FACE_BOUND('',#11547,.T.);
#11547 = EDGE_LOOP('',(#11548,#11549,#11555,#11556));
#11548 = ORIENTED_EDGE('',*,*,#5933,.F.);
#11549 = ORIENTED_EDGE('',*,*,#11550,.T.);
#11550 = EDGE_CURVE('',#5934,#2459,#11551,.T.);
#11551 = LINE('',#11552,#11553);
#11552 = CARTESIAN_POINT('',(-0.3,0.3,0.));
#11553 = VECTOR('',#11554,1.);
#11554 = DIRECTION('',(0.,0.,1.));
#11555 = ORIENTED_EDGE('',*,*,#2456,.F.);
#11556 = ORIENTED_EDGE('',*,*,#11557,.F.);
#11557 = EDGE_CURVE('',#5936,#2457,#11558,.T.);
#11558 = LINE('',#11559,#11560);
#11559 = CARTESIAN_POINT('',(2.775557561563E-16,0.3,0.));
#11560 = VECTOR('',#11561,1.);
#11561 = DIRECTION('',(0.,0.,1.));
#11562 = PLANE('',#11563);
#11563 = AXIS2_PLACEMENT_3D('',#11564,#11565,#11566);
#11564 = CARTESIAN_POINT('',(-0.3,0.3,0.));
#11565 = DIRECTION('',(-0.,1.,0.));
#11566 = DIRECTION('',(0.,0.,1.));
#11567 = ADVANCED_FACE('',(#11568),#11579,.F.);
#11568 = FACE_BOUND('',#11569,.F.);
#11569 = EDGE_LOOP('',(#11570,#11571,#11572,#11578));
#11570 = ORIENTED_EDGE('',*,*,#11557,.F.);
#11571 = ORIENTED_EDGE('',*,*,#5959,.T.);
#11572 = ORIENTED_EDGE('',*,*,#11573,.T.);
#11573 = EDGE_CURVE('',#5952,#2475,#11574,.T.);
#11574 = LINE('',#11575,#11576);
#11575 = CARTESIAN_POINT('',(2.775557561563E-16,0.6,0.));
#11576 = VECTOR('',#11577,1.);
#11577 = DIRECTION('',(0.,0.,1.));
#11578 = ORIENTED_EDGE('',*,*,#2482,.F.);
#11579 = PLANE('',#11580);
#11580 = AXIS2_PLACEMENT_3D('',#11581,#11582,#11583);
#11581 = CARTESIAN_POINT('',(2.775557561563E-16,0.3,0.));
#11582 = DIRECTION('',(1.,0.,-0.));
#11583 = DIRECTION('',(0.,0.,1.));
#11584 = ADVANCED_FACE('',(#11585),#11596,.T.);
#11585 = FACE_BOUND('',#11586,.T.);
#11586 = EDGE_LOOP('',(#11587,#11588,#11589,#11595));
#11587 = ORIENTED_EDGE('',*,*,#11550,.F.);
#11588 = ORIENTED_EDGE('',*,*,#5943,.T.);
#11589 = ORIENTED_EDGE('',*,*,#11590,.T.);
#11590 = EDGE_CURVE('',#5944,#2467,#11591,.T.);
#11591 = LINE('',#11592,#11593);
#11592 = CARTESIAN_POINT('',(-0.3,0.6,0.));
#11593 = VECTOR('',#11594,1.);
#11594 = DIRECTION('',(0.,0.,1.));
#11595 = ORIENTED_EDGE('',*,*,#2466,.F.);
#11596 = PLANE('',#11597);
#11597 = AXIS2_PLACEMENT_3D('',#11598,#11599,#11600);
#11598 = CARTESIAN_POINT('',(-0.3,0.3,0.));
#11599 = DIRECTION('',(1.,0.,-0.));
#11600 = DIRECTION('',(0.,0.,1.));
#11601 = ADVANCED_FACE('',(#11602),#11608,.F.);
#11602 = FACE_BOUND('',#11603,.F.);
#11603 = EDGE_LOOP('',(#11604,#11605,#11606,#11607));
#11604 = ORIENTED_EDGE('',*,*,#5951,.F.);
#11605 = ORIENTED_EDGE('',*,*,#11590,.T.);
#11606 = ORIENTED_EDGE('',*,*,#2474,.F.);
#11607 = ORIENTED_EDGE('',*,*,#11573,.F.);
#11608 = PLANE('',#11609);
#11609 = AXIS2_PLACEMENT_3D('',#11610,#11611,#11612);
#11610 = CARTESIAN_POINT('',(-0.3,0.6,0.));
#11611 = DIRECTION('',(-0.,1.,0.));
#11612 = DIRECTION('',(0.,0.,1.));
#11613 = ADVANCED_FACE('',(#11614),#11630,.T.);
#11614 = FACE_BOUND('',#11615,.T.);
#11615 = EDGE_LOOP('',(#11616,#11617,#11623,#11624));
#11616 = ORIENTED_EDGE('',*,*,#5967,.F.);
#11617 = ORIENTED_EDGE('',*,*,#11618,.T.);
#11618 = EDGE_CURVE('',#5968,#2493,#11619,.T.);
#11619 = LINE('',#11620,#11621);
#11620 = CARTESIAN_POINT('',(-1.5,0.9,0.));
#11621 = VECTOR('',#11622,1.);
#11622 = DIRECTION('',(0.,0.,1.));
#11623 = ORIENTED_EDGE('',*,*,#2490,.F.);
#11624 = ORIENTED_EDGE('',*,*,#11625,.F.);
#11625 = EDGE_CURVE('',#5970,#2491,#11626,.T.);
#11626 = LINE('',#11627,#11628);
#11627 = CARTESIAN_POINT('',(-1.2,0.9,0.));
#11628 = VECTOR('',#11629,1.);
#11629 = DIRECTION('',(0.,0.,1.));
#11630 = PLANE('',#11631);
#11631 = AXIS2_PLACEMENT_3D('',#11632,#11633,#11634);
#11632 = CARTESIAN_POINT('',(-1.5,0.9,0.));
#11633 = DIRECTION('',(-0.,1.,0.));
#11634 = DIRECTION('',(0.,0.,1.));
#11635 = ADVANCED_FACE('',(#11636),#11647,.F.);
#11636 = FACE_BOUND('',#11637,.F.);
#11637 = EDGE_LOOP('',(#11638,#11639,#11640,#11646));
#11638 = ORIENTED_EDGE('',*,*,#11625,.F.);
#11639 = ORIENTED_EDGE('',*,*,#5993,.T.);
#11640 = ORIENTED_EDGE('',*,*,#11641,.T.);
#11641 = EDGE_CURVE('',#5986,#2509,#11642,.T.);
#11642 = LINE('',#11643,#11644);
#11643 = CARTESIAN_POINT('',(-1.2,1.2,0.));
#11644 = VECTOR('',#11645,1.);
#11645 = DIRECTION('',(0.,0.,1.));
#11646 = ORIENTED_EDGE('',*,*,#2516,.F.);
#11647 = PLANE('',#11648);
#11648 = AXIS2_PLACEMENT_3D('',#11649,#11650,#11651);
#11649 = CARTESIAN_POINT('',(-1.2,0.9,0.));
#11650 = DIRECTION('',(1.,0.,-0.));
#11651 = DIRECTION('',(0.,0.,1.));
#11652 = ADVANCED_FACE('',(#11653),#11664,.T.);
#11653 = FACE_BOUND('',#11654,.T.);
#11654 = EDGE_LOOP('',(#11655,#11656,#11657,#11663));
#11655 = ORIENTED_EDGE('',*,*,#11618,.F.);
#11656 = ORIENTED_EDGE('',*,*,#5977,.T.);
#11657 = ORIENTED_EDGE('',*,*,#11658,.T.);
#11658 = EDGE_CURVE('',#5978,#2501,#11659,.T.);
#11659 = LINE('',#11660,#11661);
#11660 = CARTESIAN_POINT('',(-1.5,1.2,0.));
#11661 = VECTOR('',#11662,1.);
#11662 = DIRECTION('',(0.,0.,1.));
#11663 = ORIENTED_EDGE('',*,*,#2500,.F.);
#11664 = PLANE('',#11665);
#11665 = AXIS2_PLACEMENT_3D('',#11666,#11667,#11668);
#11666 = CARTESIAN_POINT('',(-1.5,0.9,0.));
#11667 = DIRECTION('',(1.,0.,-0.));
#11668 = DIRECTION('',(0.,0.,1.));
#11669 = ADVANCED_FACE('',(#11670),#11676,.F.);
#11670 = FACE_BOUND('',#11671,.F.);
#11671 = EDGE_LOOP('',(#11672,#11673,#11674,#11675));
#11672 = ORIENTED_EDGE('',*,*,#5985,.F.);
#11673 = ORIENTED_EDGE('',*,*,#11658,.T.);
#11674 = ORIENTED_EDGE('',*,*,#2508,.F.);
#11675 = ORIENTED_EDGE('',*,*,#11641,.F.);
#11676 = PLANE('',#11677);
#11677 = AXIS2_PLACEMENT_3D('',#11678,#11679,#11680);
#11678 = CARTESIAN_POINT('',(-1.5,1.2,0.));
#11679 = DIRECTION('',(-0.,1.,0.));
#11680 = DIRECTION('',(0.,0.,1.));
#11681 = ADVANCED_FACE('',(#11682),#11698,.T.);
#11682 = FACE_BOUND('',#11683,.T.);
#11683 = EDGE_LOOP('',(#11684,#11685,#11691,#11692));
#11684 = ORIENTED_EDGE('',*,*,#6001,.F.);
#11685 = ORIENTED_EDGE('',*,*,#11686,.T.);
#11686 = EDGE_CURVE('',#6002,#2527,#11687,.T.);
#11687 = LINE('',#11688,#11689);
#11688 = CARTESIAN_POINT('',(-0.9,0.9,0.));
#11689 = VECTOR('',#11690,1.);
#11690 = DIRECTION('',(0.,0.,1.));
#11691 = ORIENTED_EDGE('',*,*,#2524,.F.);
#11692 = ORIENTED_EDGE('',*,*,#11693,.F.);
#11693 = EDGE_CURVE('',#6004,#2525,#11694,.T.);
#11694 = LINE('',#11695,#11696);
#11695 = CARTESIAN_POINT('',(-0.6,0.9,0.));
#11696 = VECTOR('',#11697,1.);
#11697 = DIRECTION('',(0.,0.,1.));
#11698 = PLANE('',#11699);
#11699 = AXIS2_PLACEMENT_3D('',#11700,#11701,#11702);
#11700 = CARTESIAN_POINT('',(-0.9,0.9,0.));
#11701 = DIRECTION('',(-0.,1.,0.));
#11702 = DIRECTION('',(0.,0.,1.));
#11703 = ADVANCED_FACE('',(#11704),#11715,.F.);
#11704 = FACE_BOUND('',#11705,.F.);
#11705 = EDGE_LOOP('',(#11706,#11707,#11708,#11714));
#11706 = ORIENTED_EDGE('',*,*,#11693,.F.);
#11707 = ORIENTED_EDGE('',*,*,#6027,.T.);
#11708 = ORIENTED_EDGE('',*,*,#11709,.T.);
#11709 = EDGE_CURVE('',#6020,#2543,#11710,.T.);
#11710 = LINE('',#11711,#11712);
#11711 = CARTESIAN_POINT('',(-0.6,1.2,0.));
#11712 = VECTOR('',#11713,1.);
#11713 = DIRECTION('',(0.,0.,1.));
#11714 = ORIENTED_EDGE('',*,*,#2550,.F.);
#11715 = PLANE('',#11716);
#11716 = AXIS2_PLACEMENT_3D('',#11717,#11718,#11719);
#11717 = CARTESIAN_POINT('',(-0.6,0.9,0.));
#11718 = DIRECTION('',(1.,0.,-0.));
#11719 = DIRECTION('',(0.,0.,1.));
#11720 = ADVANCED_FACE('',(#11721),#11732,.T.);
#11721 = FACE_BOUND('',#11722,.T.);
#11722 = EDGE_LOOP('',(#11723,#11724,#11725,#11731));
#11723 = ORIENTED_EDGE('',*,*,#11686,.F.);
#11724 = ORIENTED_EDGE('',*,*,#6011,.T.);
#11725 = ORIENTED_EDGE('',*,*,#11726,.T.);
#11726 = EDGE_CURVE('',#6012,#2535,#11727,.T.);
#11727 = LINE('',#11728,#11729);
#11728 = CARTESIAN_POINT('',(-0.9,1.2,0.));
#11729 = VECTOR('',#11730,1.);
#11730 = DIRECTION('',(0.,0.,1.));
#11731 = ORIENTED_EDGE('',*,*,#2534,.F.);
#11732 = PLANE('',#11733);
#11733 = AXIS2_PLACEMENT_3D('',#11734,#11735,#11736);
#11734 = CARTESIAN_POINT('',(-0.9,0.9,0.));
#11735 = DIRECTION('',(1.,0.,-0.));
#11736 = DIRECTION('',(0.,0.,1.));
#11737 = ADVANCED_FACE('',(#11738),#11744,.F.);
#11738 = FACE_BOUND('',#11739,.F.);
#11739 = EDGE_LOOP('',(#11740,#11741,#11742,#11743));
#11740 = ORIENTED_EDGE('',*,*,#6019,.F.);
#11741 = ORIENTED_EDGE('',*,*,#11726,.T.);
#11742 = ORIENTED_EDGE('',*,*,#2542,.F.);
#11743 = ORIENTED_EDGE('',*,*,#11709,.F.);
#11744 = PLANE('',#11745);
#11745 = AXIS2_PLACEMENT_3D('',#11746,#11747,#11748);
#11746 = CARTESIAN_POINT('',(-0.9,1.2,0.));
#11747 = DIRECTION('',(-0.,1.,0.));
#11748 = DIRECTION('',(0.,0.,1.));
#11749 = ADVANCED_FACE('',(#11750),#11766,.T.);
#11750 = FACE_BOUND('',#11751,.T.);
#11751 = EDGE_LOOP('',(#11752,#11753,#11759,#11760));
#11752 = ORIENTED_EDGE('',*,*,#6035,.F.);
#11753 = ORIENTED_EDGE('',*,*,#11754,.T.);
#11754 = EDGE_CURVE('',#6036,#2561,#11755,.T.);
#11755 = LINE('',#11756,#11757);
#11756 = CARTESIAN_POINT('',(-0.3,0.9,0.));
#11757 = VECTOR('',#11758,1.);
#11758 = DIRECTION('',(0.,0.,1.));
#11759 = ORIENTED_EDGE('',*,*,#2558,.F.);
#11760 = ORIENTED_EDGE('',*,*,#11761,.F.);
#11761 = EDGE_CURVE('',#6038,#2559,#11762,.T.);
#11762 = LINE('',#11763,#11764);
#11763 = CARTESIAN_POINT('',(2.775557561563E-16,0.9,0.));
#11764 = VECTOR('',#11765,1.);
#11765 = DIRECTION('',(0.,0.,1.));
#11766 = PLANE('',#11767);
#11767 = AXIS2_PLACEMENT_3D('',#11768,#11769,#11770);
#11768 = CARTESIAN_POINT('',(-0.3,0.9,0.));
#11769 = DIRECTION('',(-0.,1.,0.));
#11770 = DIRECTION('',(0.,0.,1.));
#11771 = ADVANCED_FACE('',(#11772),#11783,.F.);
#11772 = FACE_BOUND('',#11773,.F.);
#11773 = EDGE_LOOP('',(#11774,#11775,#11776,#11782));
#11774 = ORIENTED_EDGE('',*,*,#11761,.F.);
#11775 = ORIENTED_EDGE('',*,*,#6061,.T.);
#11776 = ORIENTED_EDGE('',*,*,#11777,.T.);
#11777 = EDGE_CURVE('',#6054,#2577,#11778,.T.);
#11778 = LINE('',#11779,#11780);
#11779 = CARTESIAN_POINT('',(2.775557561563E-16,1.2,0.));
#11780 = VECTOR('',#11781,1.);
#11781 = DIRECTION('',(0.,0.,1.));
#11782 = ORIENTED_EDGE('',*,*,#2584,.F.);
#11783 = PLANE('',#11784);
#11784 = AXIS2_PLACEMENT_3D('',#11785,#11786,#11787);
#11785 = CARTESIAN_POINT('',(2.775557561563E-16,0.9,0.));
#11786 = DIRECTION('',(1.,0.,-0.));
#11787 = DIRECTION('',(0.,0.,1.));
#11788 = ADVANCED_FACE('',(#11789),#11800,.T.);
#11789 = FACE_BOUND('',#11790,.T.);
#11790 = EDGE_LOOP('',(#11791,#11792,#11793,#11799));
#11791 = ORIENTED_EDGE('',*,*,#11754,.F.);
#11792 = ORIENTED_EDGE('',*,*,#6045,.T.);
#11793 = ORIENTED_EDGE('',*,*,#11794,.T.);
#11794 = EDGE_CURVE('',#6046,#2569,#11795,.T.);
#11795 = LINE('',#11796,#11797);
#11796 = CARTESIAN_POINT('',(-0.3,1.2,0.));
#11797 = VECTOR('',#11798,1.);
#11798 = DIRECTION('',(0.,0.,1.));
#11799 = ORIENTED_EDGE('',*,*,#2568,.F.);
#11800 = PLANE('',#11801);
#11801 = AXIS2_PLACEMENT_3D('',#11802,#11803,#11804);
#11802 = CARTESIAN_POINT('',(-0.3,0.9,0.));
#11803 = DIRECTION('',(1.,0.,-0.));
#11804 = DIRECTION('',(0.,0.,1.));
#11805 = ADVANCED_FACE('',(#11806),#11812,.F.);
#11806 = FACE_BOUND('',#11807,.F.);
#11807 = EDGE_LOOP('',(#11808,#11809,#11810,#11811));
#11808 = ORIENTED_EDGE('',*,*,#6053,.F.);
#11809 = ORIENTED_EDGE('',*,*,#11794,.T.);
#11810 = ORIENTED_EDGE('',*,*,#2576,.F.);
#11811 = ORIENTED_EDGE('',*,*,#11777,.F.);
#11812 = PLANE('',#11813);
#11813 = AXIS2_PLACEMENT_3D('',#11814,#11815,#11816);
#11814 = CARTESIAN_POINT('',(-0.3,1.2,0.));
#11815 = DIRECTION('',(-0.,1.,0.));
#11816 = DIRECTION('',(0.,0.,1.));
#11817 = ADVANCED_FACE('',(#11818),#11834,.T.);
#11818 = FACE_BOUND('',#11819,.T.);
#11819 = EDGE_LOOP('',(#11820,#11821,#11827,#11828));
#11820 = ORIENTED_EDGE('',*,*,#6069,.F.);
#11821 = ORIENTED_EDGE('',*,*,#11822,.T.);
#11822 = EDGE_CURVE('',#6070,#2595,#11823,.T.);
#11823 = LINE('',#11824,#11825);
#11824 = CARTESIAN_POINT('',(-2.7,1.5,0.));
#11825 = VECTOR('',#11826,1.);
#11826 = DIRECTION('',(0.,0.,1.));
#11827 = ORIENTED_EDGE('',*,*,#2592,.F.);
#11828 = ORIENTED_EDGE('',*,*,#11829,.F.);
#11829 = EDGE_CURVE('',#6072,#2593,#11830,.T.);
#11830 = LINE('',#11831,#11832);
#11831 = CARTESIAN_POINT('',(-2.4,1.5,0.));
#11832 = VECTOR('',#11833,1.);
#11833 = DIRECTION('',(0.,0.,1.));
#11834 = PLANE('',#11835);
#11835 = AXIS2_PLACEMENT_3D('',#11836,#11837,#11838);
#11836 = CARTESIAN_POINT('',(-2.7,1.5,0.));
#11837 = DIRECTION('',(-0.,1.,0.));
#11838 = DIRECTION('',(0.,0.,1.));
#11839 = ADVANCED_FACE('',(#11840),#11851,.F.);
#11840 = FACE_BOUND('',#11841,.F.);
#11841 = EDGE_LOOP('',(#11842,#11843,#11844,#11850));
#11842 = ORIENTED_EDGE('',*,*,#11829,.F.);
#11843 = ORIENTED_EDGE('',*,*,#6095,.T.);
#11844 = ORIENTED_EDGE('',*,*,#11845,.T.);
#11845 = EDGE_CURVE('',#6088,#2611,#11846,.T.);
#11846 = LINE('',#11847,#11848);
#11847 = CARTESIAN_POINT('',(-2.4,1.8,0.));
#11848 = VECTOR('',#11849,1.);
#11849 = DIRECTION('',(0.,0.,1.));
#11850 = ORIENTED_EDGE('',*,*,#2618,.F.);
#11851 = PLANE('',#11852);
#11852 = AXIS2_PLACEMENT_3D('',#11853,#11854,#11855);
#11853 = CARTESIAN_POINT('',(-2.4,1.5,0.));
#11854 = DIRECTION('',(1.,0.,-0.));
#11855 = DIRECTION('',(0.,0.,1.));
#11856 = ADVANCED_FACE('',(#11857),#11868,.T.);
#11857 = FACE_BOUND('',#11858,.T.);
#11858 = EDGE_LOOP('',(#11859,#11860,#11861,#11867));
#11859 = ORIENTED_EDGE('',*,*,#11822,.F.);
#11860 = ORIENTED_EDGE('',*,*,#6079,.T.);
#11861 = ORIENTED_EDGE('',*,*,#11862,.T.);
#11862 = EDGE_CURVE('',#6080,#2603,#11863,.T.);
#11863 = LINE('',#11864,#11865);
#11864 = CARTESIAN_POINT('',(-2.7,1.8,0.));
#11865 = VECTOR('',#11866,1.);
#11866 = DIRECTION('',(0.,0.,1.));
#11867 = ORIENTED_EDGE('',*,*,#2602,.F.);
#11868 = PLANE('',#11869);
#11869 = AXIS2_PLACEMENT_3D('',#11870,#11871,#11872);
#11870 = CARTESIAN_POINT('',(-2.7,1.5,0.));
#11871 = DIRECTION('',(1.,0.,-0.));
#11872 = DIRECTION('',(0.,0.,1.));
#11873 = ADVANCED_FACE('',(#11874),#11880,.F.);
#11874 = FACE_BOUND('',#11875,.F.);
#11875 = EDGE_LOOP('',(#11876,#11877,#11878,#11879));
#11876 = ORIENTED_EDGE('',*,*,#6087,.F.);
#11877 = ORIENTED_EDGE('',*,*,#11862,.T.);
#11878 = ORIENTED_EDGE('',*,*,#2610,.F.);
#11879 = ORIENTED_EDGE('',*,*,#11845,.F.);
#11880 = PLANE('',#11881);
#11881 = AXIS2_PLACEMENT_3D('',#11882,#11883,#11884);
#11882 = CARTESIAN_POINT('',(-2.7,1.8,0.));
#11883 = DIRECTION('',(-0.,1.,0.));
#11884 = DIRECTION('',(0.,0.,1.));
#11885 = ADVANCED_FACE('',(#11886),#11902,.T.);
#11886 = FACE_BOUND('',#11887,.T.);
#11887 = EDGE_LOOP('',(#11888,#11889,#11895,#11896));
#11888 = ORIENTED_EDGE('',*,*,#6103,.F.);
#11889 = ORIENTED_EDGE('',*,*,#11890,.T.);
#11890 = EDGE_CURVE('',#6104,#2629,#11891,.T.);
#11891 = LINE('',#11892,#11893);
#11892 = CARTESIAN_POINT('',(-2.1,1.5,0.));
#11893 = VECTOR('',#11894,1.);
#11894 = DIRECTION('',(0.,0.,1.));
#11895 = ORIENTED_EDGE('',*,*,#2626,.F.);
#11896 = ORIENTED_EDGE('',*,*,#11897,.F.);
#11897 = EDGE_CURVE('',#6106,#2627,#11898,.T.);
#11898 = LINE('',#11899,#11900);
#11899 = CARTESIAN_POINT('',(-1.8,1.5,0.));
#11900 = VECTOR('',#11901,1.);
#11901 = DIRECTION('',(0.,0.,1.));
#11902 = PLANE('',#11903);
#11903 = AXIS2_PLACEMENT_3D('',#11904,#11905,#11906);
#11904 = CARTESIAN_POINT('',(-2.1,1.5,0.));
#11905 = DIRECTION('',(-0.,1.,0.));
#11906 = DIRECTION('',(0.,0.,1.));
#11907 = ADVANCED_FACE('',(#11908),#11919,.F.);
#11908 = FACE_BOUND('',#11909,.F.);
#11909 = EDGE_LOOP('',(#11910,#11911,#11912,#11918));
#11910 = ORIENTED_EDGE('',*,*,#11897,.F.);
#11911 = ORIENTED_EDGE('',*,*,#6129,.T.);
#11912 = ORIENTED_EDGE('',*,*,#11913,.T.);
#11913 = EDGE_CURVE('',#6122,#2645,#11914,.T.);
#11914 = LINE('',#11915,#11916);
#11915 = CARTESIAN_POINT('',(-1.8,1.8,0.));
#11916 = VECTOR('',#11917,1.);
#11917 = DIRECTION('',(0.,0.,1.));
#11918 = ORIENTED_EDGE('',*,*,#2652,.F.);
#11919 = PLANE('',#11920);
#11920 = AXIS2_PLACEMENT_3D('',#11921,#11922,#11923);
#11921 = CARTESIAN_POINT('',(-1.8,1.5,0.));
#11922 = DIRECTION('',(1.,0.,-0.));
#11923 = DIRECTION('',(0.,0.,1.));
#11924 = ADVANCED_FACE('',(#11925),#11936,.T.);
#11925 = FACE_BOUND('',#11926,.T.);
#11926 = EDGE_LOOP('',(#11927,#11928,#11929,#11935));
#11927 = ORIENTED_EDGE('',*,*,#11890,.F.);
#11928 = ORIENTED_EDGE('',*,*,#6113,.T.);
#11929 = ORIENTED_EDGE('',*,*,#11930,.T.);
#11930 = EDGE_CURVE('',#6114,#2637,#11931,.T.);
#11931 = LINE('',#11932,#11933);
#11932 = CARTESIAN_POINT('',(-2.1,1.8,0.));
#11933 = VECTOR('',#11934,1.);
#11934 = DIRECTION('',(0.,0.,1.));
#11935 = ORIENTED_EDGE('',*,*,#2636,.F.);
#11936 = PLANE('',#11937);
#11937 = AXIS2_PLACEMENT_3D('',#11938,#11939,#11940);
#11938 = CARTESIAN_POINT('',(-2.1,1.5,0.));
#11939 = DIRECTION('',(1.,0.,-0.));
#11940 = DIRECTION('',(0.,0.,1.));
#11941 = ADVANCED_FACE('',(#11942),#11948,.F.);
#11942 = FACE_BOUND('',#11943,.F.);
#11943 = EDGE_LOOP('',(#11944,#11945,#11946,#11947));
#11944 = ORIENTED_EDGE('',*,*,#6121,.F.);
#11945 = ORIENTED_EDGE('',*,*,#11930,.T.);
#11946 = ORIENTED_EDGE('',*,*,#2644,.F.);
#11947 = ORIENTED_EDGE('',*,*,#11913,.F.);
#11948 = PLANE('',#11949);
#11949 = AXIS2_PLACEMENT_3D('',#11950,#11951,#11952);
#11950 = CARTESIAN_POINT('',(-2.1,1.8,0.));
#11951 = DIRECTION('',(-0.,1.,0.));
#11952 = DIRECTION('',(0.,0.,1.));
#11953 = ADVANCED_FACE('',(#11954),#11970,.T.);
#11954 = FACE_BOUND('',#11955,.T.);
#11955 = EDGE_LOOP('',(#11956,#11957,#11963,#11964));
#11956 = ORIENTED_EDGE('',*,*,#6137,.F.);
#11957 = ORIENTED_EDGE('',*,*,#11958,.T.);
#11958 = EDGE_CURVE('',#6138,#2663,#11959,.T.);
#11959 = LINE('',#11960,#11961);
#11960 = CARTESIAN_POINT('',(-2.7,2.1,0.));
#11961 = VECTOR('',#11962,1.);
#11962 = DIRECTION('',(0.,0.,1.));
#11963 = ORIENTED_EDGE('',*,*,#2660,.F.);
#11964 = ORIENTED_EDGE('',*,*,#11965,.F.);
#11965 = EDGE_CURVE('',#6140,#2661,#11966,.T.);
#11966 = LINE('',#11967,#11968);
#11967 = CARTESIAN_POINT('',(-2.4,2.1,0.));
#11968 = VECTOR('',#11969,1.);
#11969 = DIRECTION('',(0.,0.,1.));
#11970 = PLANE('',#11971);
#11971 = AXIS2_PLACEMENT_3D('',#11972,#11973,#11974);
#11972 = CARTESIAN_POINT('',(-2.7,2.1,0.));
#11973 = DIRECTION('',(-0.,1.,0.));
#11974 = DIRECTION('',(0.,0.,1.));
#11975 = ADVANCED_FACE('',(#11976),#11987,.F.);
#11976 = FACE_BOUND('',#11977,.F.);
#11977 = EDGE_LOOP('',(#11978,#11979,#11980,#11986));
#11978 = ORIENTED_EDGE('',*,*,#11965,.F.);
#11979 = ORIENTED_EDGE('',*,*,#6163,.T.);
#11980 = ORIENTED_EDGE('',*,*,#11981,.T.);
#11981 = EDGE_CURVE('',#6156,#2679,#11982,.T.);
#11982 = LINE('',#11983,#11984);
#11983 = CARTESIAN_POINT('',(-2.4,2.4,0.));
#11984 = VECTOR('',#11985,1.);
#11985 = DIRECTION('',(0.,0.,1.));
#11986 = ORIENTED_EDGE('',*,*,#2686,.F.);
#11987 = PLANE('',#11988);
#11988 = AXIS2_PLACEMENT_3D('',#11989,#11990,#11991);
#11989 = CARTESIAN_POINT('',(-2.4,2.1,0.));
#11990 = DIRECTION('',(1.,0.,-0.));
#11991 = DIRECTION('',(0.,0.,1.));
#11992 = ADVANCED_FACE('',(#11993),#12004,.T.);
#11993 = FACE_BOUND('',#11994,.T.);
#11994 = EDGE_LOOP('',(#11995,#11996,#11997,#12003));
#11995 = ORIENTED_EDGE('',*,*,#11958,.F.);
#11996 = ORIENTED_EDGE('',*,*,#6147,.T.);
#11997 = ORIENTED_EDGE('',*,*,#11998,.T.);
#11998 = EDGE_CURVE('',#6148,#2671,#11999,.T.);
#11999 = LINE('',#12000,#12001);
#12000 = CARTESIAN_POINT('',(-2.7,2.4,0.));
#12001 = VECTOR('',#12002,1.);
#12002 = DIRECTION('',(0.,0.,1.));
#12003 = ORIENTED_EDGE('',*,*,#2670,.F.);
#12004 = PLANE('',#12005);
#12005 = AXIS2_PLACEMENT_3D('',#12006,#12007,#12008);
#12006 = CARTESIAN_POINT('',(-2.7,2.1,0.));
#12007 = DIRECTION('',(1.,0.,-0.));
#12008 = DIRECTION('',(0.,0.,1.));
#12009 = ADVANCED_FACE('',(#12010),#12016,.F.);
#12010 = FACE_BOUND('',#12011,.F.);
#12011 = EDGE_LOOP('',(#12012,#12013,#12014,#12015));
#12012 = ORIENTED_EDGE('',*,*,#6155,.F.);
#12013 = ORIENTED_EDGE('',*,*,#11998,.T.);
#12014 = ORIENTED_EDGE('',*,*,#2678,.F.);
#12015 = ORIENTED_EDGE('',*,*,#11981,.F.);
#12016 = PLANE('',#12017);
#12017 = AXIS2_PLACEMENT_3D('',#12018,#12019,#12020);
#12018 = CARTESIAN_POINT('',(-2.7,2.4,0.));
#12019 = DIRECTION('',(-0.,1.,0.));
#12020 = DIRECTION('',(0.,0.,1.));
#12021 = ADVANCED_FACE('',(#12022),#12038,.T.);
#12022 = FACE_BOUND('',#12023,.T.);
#12023 = EDGE_LOOP('',(#12024,#12025,#12031,#12032));
#12024 = ORIENTED_EDGE('',*,*,#6171,.F.);
#12025 = ORIENTED_EDGE('',*,*,#12026,.T.);
#12026 = EDGE_CURVE('',#6172,#2697,#12027,.T.);
#12027 = LINE('',#12028,#12029);
#12028 = CARTESIAN_POINT('',(-2.1,2.1,0.));
#12029 = VECTOR('',#12030,1.);
#12030 = DIRECTION('',(0.,0.,1.));
#12031 = ORIENTED_EDGE('',*,*,#2694,.F.);
#12032 = ORIENTED_EDGE('',*,*,#12033,.F.);
#12033 = EDGE_CURVE('',#6174,#2695,#12034,.T.);
#12034 = LINE('',#12035,#12036);
#12035 = CARTESIAN_POINT('',(-1.8,2.1,0.));
#12036 = VECTOR('',#12037,1.);
#12037 = DIRECTION('',(0.,0.,1.));
#12038 = PLANE('',#12039);
#12039 = AXIS2_PLACEMENT_3D('',#12040,#12041,#12042);
#12040 = CARTESIAN_POINT('',(-2.1,2.1,0.));
#12041 = DIRECTION('',(-0.,1.,0.));
#12042 = DIRECTION('',(0.,0.,1.));
#12043 = ADVANCED_FACE('',(#12044),#12055,.F.);
#12044 = FACE_BOUND('',#12045,.F.);
#12045 = EDGE_LOOP('',(#12046,#12047,#12048,#12054));
#12046 = ORIENTED_EDGE('',*,*,#12033,.F.);
#12047 = ORIENTED_EDGE('',*,*,#6197,.T.);
#12048 = ORIENTED_EDGE('',*,*,#12049,.T.);
#12049 = EDGE_CURVE('',#6190,#2713,#12050,.T.);
#12050 = LINE('',#12051,#12052);
#12051 = CARTESIAN_POINT('',(-1.8,2.4,0.));
#12052 = VECTOR('',#12053,1.);
#12053 = DIRECTION('',(0.,0.,1.));
#12054 = ORIENTED_EDGE('',*,*,#2720,.F.);
#12055 = PLANE('',#12056);
#12056 = AXIS2_PLACEMENT_3D('',#12057,#12058,#12059);
#12057 = CARTESIAN_POINT('',(-1.8,2.1,0.));
#12058 = DIRECTION('',(1.,0.,-0.));
#12059 = DIRECTION('',(0.,0.,1.));
#12060 = ADVANCED_FACE('',(#12061),#12072,.T.);
#12061 = FACE_BOUND('',#12062,.T.);
#12062 = EDGE_LOOP('',(#12063,#12064,#12065,#12071));
#12063 = ORIENTED_EDGE('',*,*,#12026,.F.);
#12064 = ORIENTED_EDGE('',*,*,#6181,.T.);
#12065 = ORIENTED_EDGE('',*,*,#12066,.T.);
#12066 = EDGE_CURVE('',#6182,#2705,#12067,.T.);
#12067 = LINE('',#12068,#12069);
#12068 = CARTESIAN_POINT('',(-2.1,2.4,0.));
#12069 = VECTOR('',#12070,1.);
#12070 = DIRECTION('',(0.,0.,1.));
#12071 = ORIENTED_EDGE('',*,*,#2704,.F.);
#12072 = PLANE('',#12073);
#12073 = AXIS2_PLACEMENT_3D('',#12074,#12075,#12076);
#12074 = CARTESIAN_POINT('',(-2.1,2.1,0.));
#12075 = DIRECTION('',(1.,0.,-0.));
#12076 = DIRECTION('',(0.,0.,1.));
#12077 = ADVANCED_FACE('',(#12078),#12084,.F.);
#12078 = FACE_BOUND('',#12079,.F.);
#12079 = EDGE_LOOP('',(#12080,#12081,#12082,#12083));
#12080 = ORIENTED_EDGE('',*,*,#6189,.F.);
#12081 = ORIENTED_EDGE('',*,*,#12066,.T.);
#12082 = ORIENTED_EDGE('',*,*,#2712,.F.);
#12083 = ORIENTED_EDGE('',*,*,#12049,.F.);
#12084 = PLANE('',#12085);
#12085 = AXIS2_PLACEMENT_3D('',#12086,#12087,#12088);
#12086 = CARTESIAN_POINT('',(-2.1,2.4,0.));
#12087 = DIRECTION('',(-0.,1.,0.));
#12088 = DIRECTION('',(0.,0.,1.));
#12089 = ADVANCED_FACE('',(#12090),#12106,.T.);
#12090 = FACE_BOUND('',#12091,.T.);
#12091 = EDGE_LOOP('',(#12092,#12093,#12099,#12100));
#12092 = ORIENTED_EDGE('',*,*,#6205,.F.);
#12093 = ORIENTED_EDGE('',*,*,#12094,.T.);
#12094 = EDGE_CURVE('',#6206,#2731,#12095,.T.);
#12095 = LINE('',#12096,#12097);
#12096 = CARTESIAN_POINT('',(-1.5,1.5,0.));
#12097 = VECTOR('',#12098,1.);
#12098 = DIRECTION('',(0.,0.,1.));
#12099 = ORIENTED_EDGE('',*,*,#2728,.F.);
#12100 = ORIENTED_EDGE('',*,*,#12101,.F.);
#12101 = EDGE_CURVE('',#6208,#2729,#12102,.T.);
#12102 = LINE('',#12103,#12104);
#12103 = CARTESIAN_POINT('',(-1.2,1.5,0.));
#12104 = VECTOR('',#12105,1.);
#12105 = DIRECTION('',(0.,0.,1.));
#12106 = PLANE('',#12107);
#12107 = AXIS2_PLACEMENT_3D('',#12108,#12109,#12110);
#12108 = CARTESIAN_POINT('',(-1.5,1.5,0.));
#12109 = DIRECTION('',(-0.,1.,0.));
#12110 = DIRECTION('',(0.,0.,1.));
#12111 = ADVANCED_FACE('',(#12112),#12123,.F.);
#12112 = FACE_BOUND('',#12113,.F.);
#12113 = EDGE_LOOP('',(#12114,#12115,#12116,#12122));
#12114 = ORIENTED_EDGE('',*,*,#12101,.F.);
#12115 = ORIENTED_EDGE('',*,*,#6231,.T.);
#12116 = ORIENTED_EDGE('',*,*,#12117,.T.);
#12117 = EDGE_CURVE('',#6224,#2747,#12118,.T.);
#12118 = LINE('',#12119,#12120);
#12119 = CARTESIAN_POINT('',(-1.2,1.8,0.));
#12120 = VECTOR('',#12121,1.);
#12121 = DIRECTION('',(0.,0.,1.));
#12122 = ORIENTED_EDGE('',*,*,#2754,.F.);
#12123 = PLANE('',#12124);
#12124 = AXIS2_PLACEMENT_3D('',#12125,#12126,#12127);
#12125 = CARTESIAN_POINT('',(-1.2,1.5,0.));
#12126 = DIRECTION('',(1.,0.,-0.));
#12127 = DIRECTION('',(0.,0.,1.));
#12128 = ADVANCED_FACE('',(#12129),#12140,.T.);
#12129 = FACE_BOUND('',#12130,.T.);
#12130 = EDGE_LOOP('',(#12131,#12132,#12133,#12139));
#12131 = ORIENTED_EDGE('',*,*,#12094,.F.);
#12132 = ORIENTED_EDGE('',*,*,#6215,.T.);
#12133 = ORIENTED_EDGE('',*,*,#12134,.T.);
#12134 = EDGE_CURVE('',#6216,#2739,#12135,.T.);
#12135 = LINE('',#12136,#12137);
#12136 = CARTESIAN_POINT('',(-1.5,1.8,0.));
#12137 = VECTOR('',#12138,1.);
#12138 = DIRECTION('',(0.,0.,1.));
#12139 = ORIENTED_EDGE('',*,*,#2738,.F.);
#12140 = PLANE('',#12141);
#12141 = AXIS2_PLACEMENT_3D('',#12142,#12143,#12144);
#12142 = CARTESIAN_POINT('',(-1.5,1.5,0.));
#12143 = DIRECTION('',(1.,0.,-0.));
#12144 = DIRECTION('',(0.,0.,1.));
#12145 = ADVANCED_FACE('',(#12146),#12152,.F.);
#12146 = FACE_BOUND('',#12147,.F.);
#12147 = EDGE_LOOP('',(#12148,#12149,#12150,#12151));
#12148 = ORIENTED_EDGE('',*,*,#6223,.F.);
#12149 = ORIENTED_EDGE('',*,*,#12134,.T.);
#12150 = ORIENTED_EDGE('',*,*,#2746,.F.);
#12151 = ORIENTED_EDGE('',*,*,#12117,.F.);
#12152 = PLANE('',#12153);
#12153 = AXIS2_PLACEMENT_3D('',#12154,#12155,#12156);
#12154 = CARTESIAN_POINT('',(-1.5,1.8,0.));
#12155 = DIRECTION('',(-0.,1.,0.));
#12156 = DIRECTION('',(0.,0.,1.));
#12157 = ADVANCED_FACE('',(#12158),#12174,.T.);
#12158 = FACE_BOUND('',#12159,.T.);
#12159 = EDGE_LOOP('',(#12160,#12161,#12167,#12168));
#12160 = ORIENTED_EDGE('',*,*,#6239,.F.);
#12161 = ORIENTED_EDGE('',*,*,#12162,.T.);
#12162 = EDGE_CURVE('',#6240,#2765,#12163,.T.);
#12163 = LINE('',#12164,#12165);
#12164 = CARTESIAN_POINT('',(-0.9,1.5,0.));
#12165 = VECTOR('',#12166,1.);
#12166 = DIRECTION('',(0.,0.,1.));
#12167 = ORIENTED_EDGE('',*,*,#2762,.F.);
#12168 = ORIENTED_EDGE('',*,*,#12169,.F.);
#12169 = EDGE_CURVE('',#6242,#2763,#12170,.T.);
#12170 = LINE('',#12171,#12172);
#12171 = CARTESIAN_POINT('',(-0.6,1.5,0.));
#12172 = VECTOR('',#12173,1.);
#12173 = DIRECTION('',(0.,0.,1.));
#12174 = PLANE('',#12175);
#12175 = AXIS2_PLACEMENT_3D('',#12176,#12177,#12178);
#12176 = CARTESIAN_POINT('',(-0.9,1.5,0.));
#12177 = DIRECTION('',(-0.,1.,0.));
#12178 = DIRECTION('',(0.,0.,1.));
#12179 = ADVANCED_FACE('',(#12180),#12191,.F.);
#12180 = FACE_BOUND('',#12181,.F.);
#12181 = EDGE_LOOP('',(#12182,#12183,#12184,#12190));
#12182 = ORIENTED_EDGE('',*,*,#12169,.F.);
#12183 = ORIENTED_EDGE('',*,*,#6265,.T.);
#12184 = ORIENTED_EDGE('',*,*,#12185,.T.);
#12185 = EDGE_CURVE('',#6258,#2781,#12186,.T.);
#12186 = LINE('',#12187,#12188);
#12187 = CARTESIAN_POINT('',(-0.6,1.8,0.));
#12188 = VECTOR('',#12189,1.);
#12189 = DIRECTION('',(0.,0.,1.));
#12190 = ORIENTED_EDGE('',*,*,#2788,.F.);
#12191 = PLANE('',#12192);
#12192 = AXIS2_PLACEMENT_3D('',#12193,#12194,#12195);
#12193 = CARTESIAN_POINT('',(-0.6,1.5,0.));
#12194 = DIRECTION('',(1.,0.,-0.));
#12195 = DIRECTION('',(0.,0.,1.));
#12196 = ADVANCED_FACE('',(#12197),#12208,.T.);
#12197 = FACE_BOUND('',#12198,.T.);
#12198 = EDGE_LOOP('',(#12199,#12200,#12201,#12207));
#12199 = ORIENTED_EDGE('',*,*,#12162,.F.);
#12200 = ORIENTED_EDGE('',*,*,#6249,.T.);
#12201 = ORIENTED_EDGE('',*,*,#12202,.T.);
#12202 = EDGE_CURVE('',#6250,#2773,#12203,.T.);
#12203 = LINE('',#12204,#12205);
#12204 = CARTESIAN_POINT('',(-0.9,1.8,0.));
#12205 = VECTOR('',#12206,1.);
#12206 = DIRECTION('',(0.,0.,1.));
#12207 = ORIENTED_EDGE('',*,*,#2772,.F.);
#12208 = PLANE('',#12209);
#12209 = AXIS2_PLACEMENT_3D('',#12210,#12211,#12212);
#12210 = CARTESIAN_POINT('',(-0.9,1.5,0.));
#12211 = DIRECTION('',(1.,0.,-0.));
#12212 = DIRECTION('',(0.,0.,1.));
#12213 = ADVANCED_FACE('',(#12214),#12220,.F.);
#12214 = FACE_BOUND('',#12215,.F.);
#12215 = EDGE_LOOP('',(#12216,#12217,#12218,#12219));
#12216 = ORIENTED_EDGE('',*,*,#6257,.F.);
#12217 = ORIENTED_EDGE('',*,*,#12202,.T.);
#12218 = ORIENTED_EDGE('',*,*,#2780,.F.);
#12219 = ORIENTED_EDGE('',*,*,#12185,.F.);
#12220 = PLANE('',#12221);
#12221 = AXIS2_PLACEMENT_3D('',#12222,#12223,#12224);
#12222 = CARTESIAN_POINT('',(-0.9,1.8,0.));
#12223 = DIRECTION('',(-0.,1.,0.));
#12224 = DIRECTION('',(0.,0.,1.));
#12225 = ADVANCED_FACE('',(#12226),#12242,.T.);
#12226 = FACE_BOUND('',#12227,.T.);
#12227 = EDGE_LOOP('',(#12228,#12229,#12235,#12236));
#12228 = ORIENTED_EDGE('',*,*,#6273,.F.);
#12229 = ORIENTED_EDGE('',*,*,#12230,.T.);
#12230 = EDGE_CURVE('',#6274,#2799,#12231,.T.);
#12231 = LINE('',#12232,#12233);
#12232 = CARTESIAN_POINT('',(-0.3,1.5,0.));
#12233 = VECTOR('',#12234,1.);
#12234 = DIRECTION('',(0.,0.,1.));
#12235 = ORIENTED_EDGE('',*,*,#2796,.F.);
#12236 = ORIENTED_EDGE('',*,*,#12237,.F.);
#12237 = EDGE_CURVE('',#6276,#2797,#12238,.T.);
#12238 = LINE('',#12239,#12240);
#12239 = CARTESIAN_POINT('',(2.775557561563E-16,1.5,0.));
#12240 = VECTOR('',#12241,1.);
#12241 = DIRECTION('',(0.,0.,1.));
#12242 = PLANE('',#12243);
#12243 = AXIS2_PLACEMENT_3D('',#12244,#12245,#12246);
#12244 = CARTESIAN_POINT('',(-0.3,1.5,0.));
#12245 = DIRECTION('',(-0.,1.,0.));
#12246 = DIRECTION('',(0.,0.,1.));
#12247 = ADVANCED_FACE('',(#12248),#12259,.F.);
#12248 = FACE_BOUND('',#12249,.F.);
#12249 = EDGE_LOOP('',(#12250,#12251,#12252,#12258));
#12250 = ORIENTED_EDGE('',*,*,#12237,.F.);
#12251 = ORIENTED_EDGE('',*,*,#6299,.T.);
#12252 = ORIENTED_EDGE('',*,*,#12253,.T.);
#12253 = EDGE_CURVE('',#6292,#2815,#12254,.T.);
#12254 = LINE('',#12255,#12256);
#12255 = CARTESIAN_POINT('',(2.775557561563E-16,1.8,0.));
#12256 = VECTOR('',#12257,1.);
#12257 = DIRECTION('',(0.,0.,1.));
#12258 = ORIENTED_EDGE('',*,*,#2822,.F.);
#12259 = PLANE('',#12260);
#12260 = AXIS2_PLACEMENT_3D('',#12261,#12262,#12263);
#12261 = CARTESIAN_POINT('',(2.775557561563E-16,1.5,0.));
#12262 = DIRECTION('',(1.,0.,-0.));
#12263 = DIRECTION('',(0.,0.,1.));
#12264 = ADVANCED_FACE('',(#12265),#12276,.T.);
#12265 = FACE_BOUND('',#12266,.T.);
#12266 = EDGE_LOOP('',(#12267,#12268,#12269,#12275));
#12267 = ORIENTED_EDGE('',*,*,#12230,.F.);
#12268 = ORIENTED_EDGE('',*,*,#6283,.T.);
#12269 = ORIENTED_EDGE('',*,*,#12270,.T.);
#12270 = EDGE_CURVE('',#6284,#2807,#12271,.T.);
#12271 = LINE('',#12272,#12273);
#12272 = CARTESIAN_POINT('',(-0.3,1.8,0.));
#12273 = VECTOR('',#12274,1.);
#12274 = DIRECTION('',(0.,0.,1.));
#12275 = ORIENTED_EDGE('',*,*,#2806,.F.);
#12276 = PLANE('',#12277);
#12277 = AXIS2_PLACEMENT_3D('',#12278,#12279,#12280);
#12278 = CARTESIAN_POINT('',(-0.3,1.5,0.));
#12279 = DIRECTION('',(1.,0.,-0.));
#12280 = DIRECTION('',(0.,0.,1.));
#12281 = ADVANCED_FACE('',(#12282),#12288,.F.);
#12282 = FACE_BOUND('',#12283,.F.);
#12283 = EDGE_LOOP('',(#12284,#12285,#12286,#12287));
#12284 = ORIENTED_EDGE('',*,*,#6291,.F.);
#12285 = ORIENTED_EDGE('',*,*,#12270,.T.);
#12286 = ORIENTED_EDGE('',*,*,#2814,.F.);
#12287 = ORIENTED_EDGE('',*,*,#12253,.F.);
#12288 = PLANE('',#12289);
#12289 = AXIS2_PLACEMENT_3D('',#12290,#12291,#12292);
#12290 = CARTESIAN_POINT('',(-0.3,1.8,0.));
#12291 = DIRECTION('',(-0.,1.,0.));
#12292 = DIRECTION('',(0.,0.,1.));
#12293 = ADVANCED_FACE('',(#12294),#12310,.T.);
#12294 = FACE_BOUND('',#12295,.T.);
#12295 = EDGE_LOOP('',(#12296,#12297,#12303,#12304));
#12296 = ORIENTED_EDGE('',*,*,#6307,.F.);
#12297 = ORIENTED_EDGE('',*,*,#12298,.T.);
#12298 = EDGE_CURVE('',#6308,#2833,#12299,.T.);
#12299 = LINE('',#12300,#12301);
#12300 = CARTESIAN_POINT('',(-1.5,2.1,0.));
#12301 = VECTOR('',#12302,1.);
#12302 = DIRECTION('',(0.,0.,1.));
#12303 = ORIENTED_EDGE('',*,*,#2830,.F.);
#12304 = ORIENTED_EDGE('',*,*,#12305,.F.);
#12305 = EDGE_CURVE('',#6310,#2831,#12306,.T.);
#12306 = LINE('',#12307,#12308);
#12307 = CARTESIAN_POINT('',(-1.2,2.1,0.));
#12308 = VECTOR('',#12309,1.);
#12309 = DIRECTION('',(0.,0.,1.));
#12310 = PLANE('',#12311);
#12311 = AXIS2_PLACEMENT_3D('',#12312,#12313,#12314);
#12312 = CARTESIAN_POINT('',(-1.5,2.1,0.));
#12313 = DIRECTION('',(-0.,1.,0.));
#12314 = DIRECTION('',(0.,0.,1.));
#12315 = ADVANCED_FACE('',(#12316),#12327,.F.);
#12316 = FACE_BOUND('',#12317,.F.);
#12317 = EDGE_LOOP('',(#12318,#12319,#12320,#12326));
#12318 = ORIENTED_EDGE('',*,*,#12305,.F.);
#12319 = ORIENTED_EDGE('',*,*,#6333,.T.);
#12320 = ORIENTED_EDGE('',*,*,#12321,.T.);
#12321 = EDGE_CURVE('',#6326,#2849,#12322,.T.);
#12322 = LINE('',#12323,#12324);
#12323 = CARTESIAN_POINT('',(-1.2,2.4,0.));
#12324 = VECTOR('',#12325,1.);
#12325 = DIRECTION('',(0.,0.,1.));
#12326 = ORIENTED_EDGE('',*,*,#2856,.F.);
#12327 = PLANE('',#12328);
#12328 = AXIS2_PLACEMENT_3D('',#12329,#12330,#12331);
#12329 = CARTESIAN_POINT('',(-1.2,2.1,0.));
#12330 = DIRECTION('',(1.,0.,-0.));
#12331 = DIRECTION('',(0.,0.,1.));
#12332 = ADVANCED_FACE('',(#12333),#12344,.T.);
#12333 = FACE_BOUND('',#12334,.T.);
#12334 = EDGE_LOOP('',(#12335,#12336,#12337,#12343));
#12335 = ORIENTED_EDGE('',*,*,#12298,.F.);
#12336 = ORIENTED_EDGE('',*,*,#6317,.T.);
#12337 = ORIENTED_EDGE('',*,*,#12338,.T.);
#12338 = EDGE_CURVE('',#6318,#2841,#12339,.T.);
#12339 = LINE('',#12340,#12341);
#12340 = CARTESIAN_POINT('',(-1.5,2.4,0.));
#12341 = VECTOR('',#12342,1.);
#12342 = DIRECTION('',(0.,0.,1.));
#12343 = ORIENTED_EDGE('',*,*,#2840,.F.);
#12344 = PLANE('',#12345);
#12345 = AXIS2_PLACEMENT_3D('',#12346,#12347,#12348);
#12346 = CARTESIAN_POINT('',(-1.5,2.1,0.));
#12347 = DIRECTION('',(1.,0.,-0.));
#12348 = DIRECTION('',(0.,0.,1.));
#12349 = ADVANCED_FACE('',(#12350),#12356,.F.);
#12350 = FACE_BOUND('',#12351,.F.);
#12351 = EDGE_LOOP('',(#12352,#12353,#12354,#12355));
#12352 = ORIENTED_EDGE('',*,*,#6325,.F.);
#12353 = ORIENTED_EDGE('',*,*,#12338,.T.);
#12354 = ORIENTED_EDGE('',*,*,#2848,.F.);
#12355 = ORIENTED_EDGE('',*,*,#12321,.F.);
#12356 = PLANE('',#12357);
#12357 = AXIS2_PLACEMENT_3D('',#12358,#12359,#12360);
#12358 = CARTESIAN_POINT('',(-1.5,2.4,0.));
#12359 = DIRECTION('',(-0.,1.,0.));
#12360 = DIRECTION('',(0.,0.,1.));
#12361 = ADVANCED_FACE('',(#12362),#12378,.T.);
#12362 = FACE_BOUND('',#12363,.T.);
#12363 = EDGE_LOOP('',(#12364,#12365,#12371,#12372));
#12364 = ORIENTED_EDGE('',*,*,#6341,.F.);
#12365 = ORIENTED_EDGE('',*,*,#12366,.T.);
#12366 = EDGE_CURVE('',#6342,#2867,#12367,.T.);
#12367 = LINE('',#12368,#12369);
#12368 = CARTESIAN_POINT('',(-1.5,2.7,0.));
#12369 = VECTOR('',#12370,1.);
#12370 = DIRECTION('',(0.,0.,1.));
#12371 = ORIENTED_EDGE('',*,*,#2864,.F.);
#12372 = ORIENTED_EDGE('',*,*,#12373,.F.);
#12373 = EDGE_CURVE('',#6344,#2865,#12374,.T.);
#12374 = LINE('',#12375,#12376);
#12375 = CARTESIAN_POINT('',(-1.2,2.7,0.));
#12376 = VECTOR('',#12377,1.);
#12377 = DIRECTION('',(0.,0.,1.));
#12378 = PLANE('',#12379);
#12379 = AXIS2_PLACEMENT_3D('',#12380,#12381,#12382);
#12380 = CARTESIAN_POINT('',(-1.5,2.7,0.));
#12381 = DIRECTION('',(-0.,1.,0.));
#12382 = DIRECTION('',(0.,0.,1.));
#12383 = ADVANCED_FACE('',(#12384),#12395,.F.);
#12384 = FACE_BOUND('',#12385,.F.);
#12385 = EDGE_LOOP('',(#12386,#12387,#12388,#12394));
#12386 = ORIENTED_EDGE('',*,*,#12373,.F.);
#12387 = ORIENTED_EDGE('',*,*,#6367,.T.);
#12388 = ORIENTED_EDGE('',*,*,#12389,.T.);
#12389 = EDGE_CURVE('',#6360,#2883,#12390,.T.);
#12390 = LINE('',#12391,#12392);
#12391 = CARTESIAN_POINT('',(-1.2,3.,0.));
#12392 = VECTOR('',#12393,1.);
#12393 = DIRECTION('',(0.,0.,1.));
#12394 = ORIENTED_EDGE('',*,*,#2890,.F.);
#12395 = PLANE('',#12396);
#12396 = AXIS2_PLACEMENT_3D('',#12397,#12398,#12399);
#12397 = CARTESIAN_POINT('',(-1.2,2.7,0.));
#12398 = DIRECTION('',(1.,0.,-0.));
#12399 = DIRECTION('',(0.,0.,1.));
#12400 = ADVANCED_FACE('',(#12401),#12412,.T.);
#12401 = FACE_BOUND('',#12402,.T.);
#12402 = EDGE_LOOP('',(#12403,#12404,#12405,#12411));
#12403 = ORIENTED_EDGE('',*,*,#12366,.F.);
#12404 = ORIENTED_EDGE('',*,*,#6351,.T.);
#12405 = ORIENTED_EDGE('',*,*,#12406,.T.);
#12406 = EDGE_CURVE('',#6352,#2875,#12407,.T.);
#12407 = LINE('',#12408,#12409);
#12408 = CARTESIAN_POINT('',(-1.5,3.,0.));
#12409 = VECTOR('',#12410,1.);
#12410 = DIRECTION('',(0.,0.,1.));
#12411 = ORIENTED_EDGE('',*,*,#2874,.F.);
#12412 = PLANE('',#12413);
#12413 = AXIS2_PLACEMENT_3D('',#12414,#12415,#12416);
#12414 = CARTESIAN_POINT('',(-1.5,2.7,0.));
#12415 = DIRECTION('',(1.,0.,-0.));
#12416 = DIRECTION('',(0.,0.,1.));
#12417 = ADVANCED_FACE('',(#12418),#12424,.F.);
#12418 = FACE_BOUND('',#12419,.F.);
#12419 = EDGE_LOOP('',(#12420,#12421,#12422,#12423));
#12420 = ORIENTED_EDGE('',*,*,#6359,.F.);
#12421 = ORIENTED_EDGE('',*,*,#12406,.T.);
#12422 = ORIENTED_EDGE('',*,*,#2882,.F.);
#12423 = ORIENTED_EDGE('',*,*,#12389,.F.);
#12424 = PLANE('',#12425);
#12425 = AXIS2_PLACEMENT_3D('',#12426,#12427,#12428);
#12426 = CARTESIAN_POINT('',(-1.5,3.,0.));
#12427 = DIRECTION('',(-0.,1.,0.));
#12428 = DIRECTION('',(0.,0.,1.));
#12429 = ADVANCED_FACE('',(#12430),#12446,.T.);
#12430 = FACE_BOUND('',#12431,.T.);
#12431 = EDGE_LOOP('',(#12432,#12433,#12439,#12440));
#12432 = ORIENTED_EDGE('',*,*,#6375,.F.);
#12433 = ORIENTED_EDGE('',*,*,#12434,.T.);
#12434 = EDGE_CURVE('',#6376,#2901,#12435,.T.);
#12435 = LINE('',#12436,#12437);
#12436 = CARTESIAN_POINT('',(-0.9,2.1,0.));
#12437 = VECTOR('',#12438,1.);
#12438 = DIRECTION('',(0.,0.,1.));
#12439 = ORIENTED_EDGE('',*,*,#2898,.F.);
#12440 = ORIENTED_EDGE('',*,*,#12441,.F.);
#12441 = EDGE_CURVE('',#6378,#2899,#12442,.T.);
#12442 = LINE('',#12443,#12444);
#12443 = CARTESIAN_POINT('',(-0.6,2.1,0.));
#12444 = VECTOR('',#12445,1.);
#12445 = DIRECTION('',(0.,0.,1.));
#12446 = PLANE('',#12447);
#12447 = AXIS2_PLACEMENT_3D('',#12448,#12449,#12450);
#12448 = CARTESIAN_POINT('',(-0.9,2.1,0.));
#12449 = DIRECTION('',(-0.,1.,0.));
#12450 = DIRECTION('',(0.,0.,1.));
#12451 = ADVANCED_FACE('',(#12452),#12463,.F.);
#12452 = FACE_BOUND('',#12453,.F.);
#12453 = EDGE_LOOP('',(#12454,#12455,#12456,#12462));
#12454 = ORIENTED_EDGE('',*,*,#12441,.F.);
#12455 = ORIENTED_EDGE('',*,*,#6401,.T.);
#12456 = ORIENTED_EDGE('',*,*,#12457,.T.);
#12457 = EDGE_CURVE('',#6394,#2917,#12458,.T.);
#12458 = LINE('',#12459,#12460);
#12459 = CARTESIAN_POINT('',(-0.6,2.4,0.));
#12460 = VECTOR('',#12461,1.);
#12461 = DIRECTION('',(0.,0.,1.));
#12462 = ORIENTED_EDGE('',*,*,#2924,.F.);
#12463 = PLANE('',#12464);
#12464 = AXIS2_PLACEMENT_3D('',#12465,#12466,#12467);
#12465 = CARTESIAN_POINT('',(-0.6,2.1,0.));
#12466 = DIRECTION('',(1.,0.,-0.));
#12467 = DIRECTION('',(0.,0.,1.));
#12468 = ADVANCED_FACE('',(#12469),#12480,.T.);
#12469 = FACE_BOUND('',#12470,.T.);
#12470 = EDGE_LOOP('',(#12471,#12472,#12473,#12479));
#12471 = ORIENTED_EDGE('',*,*,#12434,.F.);
#12472 = ORIENTED_EDGE('',*,*,#6385,.T.);
#12473 = ORIENTED_EDGE('',*,*,#12474,.T.);
#12474 = EDGE_CURVE('',#6386,#2909,#12475,.T.);
#12475 = LINE('',#12476,#12477);
#12476 = CARTESIAN_POINT('',(-0.9,2.4,0.));
#12477 = VECTOR('',#12478,1.);
#12478 = DIRECTION('',(0.,0.,1.));
#12479 = ORIENTED_EDGE('',*,*,#2908,.F.);
#12480 = PLANE('',#12481);
#12481 = AXIS2_PLACEMENT_3D('',#12482,#12483,#12484);
#12482 = CARTESIAN_POINT('',(-0.9,2.1,0.));
#12483 = DIRECTION('',(1.,0.,-0.));
#12484 = DIRECTION('',(0.,0.,1.));
#12485 = ADVANCED_FACE('',(#12486),#12492,.F.);
#12486 = FACE_BOUND('',#12487,.F.);
#12487 = EDGE_LOOP('',(#12488,#12489,#12490,#12491));
#12488 = ORIENTED_EDGE('',*,*,#6393,.F.);
#12489 = ORIENTED_EDGE('',*,*,#12474,.T.);
#12490 = ORIENTED_EDGE('',*,*,#2916,.F.);
#12491 = ORIENTED_EDGE('',*,*,#12457,.F.);
#12492 = PLANE('',#12493);
#12493 = AXIS2_PLACEMENT_3D('',#12494,#12495,#12496);
#12494 = CARTESIAN_POINT('',(-0.9,2.4,0.));
#12495 = DIRECTION('',(-0.,1.,0.));
#12496 = DIRECTION('',(0.,0.,1.));
#12497 = ADVANCED_FACE('',(#12498),#12514,.T.);
#12498 = FACE_BOUND('',#12499,.T.);
#12499 = EDGE_LOOP('',(#12500,#12501,#12507,#12508));
#12500 = ORIENTED_EDGE('',*,*,#6409,.F.);
#12501 = ORIENTED_EDGE('',*,*,#12502,.T.);
#12502 = EDGE_CURVE('',#6410,#2935,#12503,.T.);
#12503 = LINE('',#12504,#12505);
#12504 = CARTESIAN_POINT('',(-0.3,2.1,0.));
#12505 = VECTOR('',#12506,1.);
#12506 = DIRECTION('',(0.,0.,1.));
#12507 = ORIENTED_EDGE('',*,*,#2932,.F.);
#12508 = ORIENTED_EDGE('',*,*,#12509,.F.);
#12509 = EDGE_CURVE('',#6412,#2933,#12510,.T.);
#12510 = LINE('',#12511,#12512);
#12511 = CARTESIAN_POINT('',(2.775557561563E-16,2.1,0.));
#12512 = VECTOR('',#12513,1.);
#12513 = DIRECTION('',(0.,0.,1.));
#12514 = PLANE('',#12515);
#12515 = AXIS2_PLACEMENT_3D('',#12516,#12517,#12518);
#12516 = CARTESIAN_POINT('',(-0.3,2.1,0.));
#12517 = DIRECTION('',(-0.,1.,0.));
#12518 = DIRECTION('',(0.,0.,1.));
#12519 = ADVANCED_FACE('',(#12520),#12531,.F.);
#12520 = FACE_BOUND('',#12521,.F.);
#12521 = EDGE_LOOP('',(#12522,#12523,#12524,#12530));
#12522 = ORIENTED_EDGE('',*,*,#12509,.F.);
#12523 = ORIENTED_EDGE('',*,*,#6435,.T.);
#12524 = ORIENTED_EDGE('',*,*,#12525,.T.);
#12525 = EDGE_CURVE('',#6428,#2951,#12526,.T.);
#12526 = LINE('',#12527,#12528);
#12527 = CARTESIAN_POINT('',(2.775557561563E-16,2.4,0.));
#12528 = VECTOR('',#12529,1.);
#12529 = DIRECTION('',(0.,0.,1.));
#12530 = ORIENTED_EDGE('',*,*,#2958,.F.);
#12531 = PLANE('',#12532);
#12532 = AXIS2_PLACEMENT_3D('',#12533,#12534,#12535);
#12533 = CARTESIAN_POINT('',(2.775557561563E-16,2.1,0.));
#12534 = DIRECTION('',(1.,0.,-0.));
#12535 = DIRECTION('',(0.,0.,1.));
#12536 = ADVANCED_FACE('',(#12537),#12548,.T.);
#12537 = FACE_BOUND('',#12538,.T.);
#12538 = EDGE_LOOP('',(#12539,#12540,#12541,#12547));
#12539 = ORIENTED_EDGE('',*,*,#12502,.F.);
#12540 = ORIENTED_EDGE('',*,*,#6419,.T.);
#12541 = ORIENTED_EDGE('',*,*,#12542,.T.);
#12542 = EDGE_CURVE('',#6420,#2943,#12543,.T.);
#12543 = LINE('',#12544,#12545);
#12544 = CARTESIAN_POINT('',(-0.3,2.4,0.));
#12545 = VECTOR('',#12546,1.);
#12546 = DIRECTION('',(0.,0.,1.));
#12547 = ORIENTED_EDGE('',*,*,#2942,.F.);
#12548 = PLANE('',#12549);
#12549 = AXIS2_PLACEMENT_3D('',#12550,#12551,#12552);
#12550 = CARTESIAN_POINT('',(-0.3,2.1,0.));
#12551 = DIRECTION('',(1.,0.,-0.));
#12552 = DIRECTION('',(0.,0.,1.));
#12553 = ADVANCED_FACE('',(#12554),#12560,.F.);
#12554 = FACE_BOUND('',#12555,.F.);
#12555 = EDGE_LOOP('',(#12556,#12557,#12558,#12559));
#12556 = ORIENTED_EDGE('',*,*,#6427,.F.);
#12557 = ORIENTED_EDGE('',*,*,#12542,.T.);
#12558 = ORIENTED_EDGE('',*,*,#2950,.F.);
#12559 = ORIENTED_EDGE('',*,*,#12525,.F.);
#12560 = PLANE('',#12561);
#12561 = AXIS2_PLACEMENT_3D('',#12562,#12563,#12564);
#12562 = CARTESIAN_POINT('',(-0.3,2.4,0.));
#12563 = DIRECTION('',(-0.,1.,0.));
#12564 = DIRECTION('',(0.,0.,1.));
#12565 = ADVANCED_FACE('',(#12566),#12582,.T.);
#12566 = FACE_BOUND('',#12567,.T.);
#12567 = EDGE_LOOP('',(#12568,#12569,#12575,#12576));
#12568 = ORIENTED_EDGE('',*,*,#6443,.F.);
#12569 = ORIENTED_EDGE('',*,*,#12570,.T.);
#12570 = EDGE_CURVE('',#6444,#2969,#12571,.T.);
#12571 = LINE('',#12572,#12573);
#12572 = CARTESIAN_POINT('',(-0.9,2.7,0.));
#12573 = VECTOR('',#12574,1.);
#12574 = DIRECTION('',(0.,0.,1.));
#12575 = ORIENTED_EDGE('',*,*,#2966,.F.);
#12576 = ORIENTED_EDGE('',*,*,#12577,.F.);
#12577 = EDGE_CURVE('',#6446,#2967,#12578,.T.);
#12578 = LINE('',#12579,#12580);
#12579 = CARTESIAN_POINT('',(-0.6,2.7,0.));
#12580 = VECTOR('',#12581,1.);
#12581 = DIRECTION('',(0.,0.,1.));
#12582 = PLANE('',#12583);
#12583 = AXIS2_PLACEMENT_3D('',#12584,#12585,#12586);
#12584 = CARTESIAN_POINT('',(-0.9,2.7,0.));
#12585 = DIRECTION('',(-0.,1.,0.));
#12586 = DIRECTION('',(0.,0.,1.));
#12587 = ADVANCED_FACE('',(#12588),#12599,.F.);
#12588 = FACE_BOUND('',#12589,.F.);
#12589 = EDGE_LOOP('',(#12590,#12591,#12592,#12598));
#12590 = ORIENTED_EDGE('',*,*,#12577,.F.);
#12591 = ORIENTED_EDGE('',*,*,#6469,.T.);
#12592 = ORIENTED_EDGE('',*,*,#12593,.T.);
#12593 = EDGE_CURVE('',#6462,#2985,#12594,.T.);
#12594 = LINE('',#12595,#12596);
#12595 = CARTESIAN_POINT('',(-0.6,3.,0.));
#12596 = VECTOR('',#12597,1.);
#12597 = DIRECTION('',(0.,0.,1.));
#12598 = ORIENTED_EDGE('',*,*,#2992,.F.);
#12599 = PLANE('',#12600);
#12600 = AXIS2_PLACEMENT_3D('',#12601,#12602,#12603);
#12601 = CARTESIAN_POINT('',(-0.6,2.7,0.));
#12602 = DIRECTION('',(1.,0.,-0.));
#12603 = DIRECTION('',(0.,0.,1.));
#12604 = ADVANCED_FACE('',(#12605),#12616,.T.);
#12605 = FACE_BOUND('',#12606,.T.);
#12606 = EDGE_LOOP('',(#12607,#12608,#12609,#12615));
#12607 = ORIENTED_EDGE('',*,*,#12570,.F.);
#12608 = ORIENTED_EDGE('',*,*,#6453,.T.);
#12609 = ORIENTED_EDGE('',*,*,#12610,.T.);
#12610 = EDGE_CURVE('',#6454,#2977,#12611,.T.);
#12611 = LINE('',#12612,#12613);
#12612 = CARTESIAN_POINT('',(-0.9,3.,0.));
#12613 = VECTOR('',#12614,1.);
#12614 = DIRECTION('',(0.,0.,1.));
#12615 = ORIENTED_EDGE('',*,*,#2976,.F.);
#12616 = PLANE('',#12617);
#12617 = AXIS2_PLACEMENT_3D('',#12618,#12619,#12620);
#12618 = CARTESIAN_POINT('',(-0.9,2.7,0.));
#12619 = DIRECTION('',(1.,0.,-0.));
#12620 = DIRECTION('',(0.,0.,1.));
#12621 = ADVANCED_FACE('',(#12622),#12628,.F.);
#12622 = FACE_BOUND('',#12623,.F.);
#12623 = EDGE_LOOP('',(#12624,#12625,#12626,#12627));
#12624 = ORIENTED_EDGE('',*,*,#6461,.F.);
#12625 = ORIENTED_EDGE('',*,*,#12610,.T.);
#12626 = ORIENTED_EDGE('',*,*,#2984,.F.);
#12627 = ORIENTED_EDGE('',*,*,#12593,.F.);
#12628 = PLANE('',#12629);
#12629 = AXIS2_PLACEMENT_3D('',#12630,#12631,#12632);
#12630 = CARTESIAN_POINT('',(-0.9,3.,0.));
#12631 = DIRECTION('',(-0.,1.,0.));
#12632 = DIRECTION('',(0.,0.,1.));
#12633 = ADVANCED_FACE('',(#12634),#12650,.T.);
#12634 = FACE_BOUND('',#12635,.T.);
#12635 = EDGE_LOOP('',(#12636,#12637,#12643,#12644));
#12636 = ORIENTED_EDGE('',*,*,#6477,.F.);
#12637 = ORIENTED_EDGE('',*,*,#12638,.T.);
#12638 = EDGE_CURVE('',#6478,#3003,#12639,.T.);
#12639 = LINE('',#12640,#12641);
#12640 = CARTESIAN_POINT('',(-0.3,2.7,0.));
#12641 = VECTOR('',#12642,1.);
#12642 = DIRECTION('',(0.,0.,1.));
#12643 = ORIENTED_EDGE('',*,*,#3000,.F.);
#12644 = ORIENTED_EDGE('',*,*,#12645,.F.);
#12645 = EDGE_CURVE('',#6480,#3001,#12646,.T.);
#12646 = LINE('',#12647,#12648);
#12647 = CARTESIAN_POINT('',(2.775557561563E-16,2.7,0.));
#12648 = VECTOR('',#12649,1.);
#12649 = DIRECTION('',(0.,0.,1.));
#12650 = PLANE('',#12651);
#12651 = AXIS2_PLACEMENT_3D('',#12652,#12653,#12654);
#12652 = CARTESIAN_POINT('',(-0.3,2.7,0.));
#12653 = DIRECTION('',(-0.,1.,0.));
#12654 = DIRECTION('',(0.,0.,1.));
#12655 = ADVANCED_FACE('',(#12656),#12667,.F.);
#12656 = FACE_BOUND('',#12657,.F.);
#12657 = EDGE_LOOP('',(#12658,#12659,#12660,#12666));
#12658 = ORIENTED_EDGE('',*,*,#12645,.F.);
#12659 = ORIENTED_EDGE('',*,*,#6503,.T.);
#12660 = ORIENTED_EDGE('',*,*,#12661,.T.);
#12661 = EDGE_CURVE('',#6496,#3019,#12662,.T.);
#12662 = LINE('',#12663,#12664);
#12663 = CARTESIAN_POINT('',(2.775557561563E-16,3.,0.));
#12664 = VECTOR('',#12665,1.);
#12665 = DIRECTION('',(0.,0.,1.));
#12666 = ORIENTED_EDGE('',*,*,#3026,.F.);
#12667 = PLANE('',#12668);
#12668 = AXIS2_PLACEMENT_3D('',#12669,#12670,#12671);
#12669 = CARTESIAN_POINT('',(2.775557561563E-16,2.7,0.));
#12670 = DIRECTION('',(1.,0.,-0.));
#12671 = DIRECTION('',(0.,0.,1.));
#12672 = ADVANCED_FACE('',(#12673),#12684,.T.);
#12673 = FACE_BOUND('',#12674,.T.);
#12674 = EDGE_LOOP('',(#12675,#12676,#12677,#12683));
#12675 = ORIENTED_EDGE('',*,*,#12638,.F.);
#12676 = ORIENTED_EDGE('',*,*,#6487,.T.);
#12677 = ORIENTED_EDGE('',*,*,#12678,.T.);
#12678 = EDGE_CURVE('',#6488,#3011,#12679,.T.);
#12679 = LINE('',#12680,#12681);
#12680 = CARTESIAN_POINT('',(-0.3,3.,0.));
#12681 = VECTOR('',#12682,1.);
#12682 = DIRECTION('',(0.,0.,1.));
#12683 = ORIENTED_EDGE('',*,*,#3010,.F.);
#12684 = PLANE('',#12685);
#12685 = AXIS2_PLACEMENT_3D('',#12686,#12687,#12688);
#12686 = CARTESIAN_POINT('',(-0.3,2.7,0.));
#12687 = DIRECTION('',(1.,0.,-0.));
#12688 = DIRECTION('',(0.,0.,1.));
#12689 = ADVANCED_FACE('',(#12690),#12696,.F.);
#12690 = FACE_BOUND('',#12691,.F.);
#12691 = EDGE_LOOP('',(#12692,#12693,#12694,#12695));
#12692 = ORIENTED_EDGE('',*,*,#6495,.F.);
#12693 = ORIENTED_EDGE('',*,*,#12678,.T.);
#12694 = ORIENTED_EDGE('',*,*,#3018,.F.);
#12695 = ORIENTED_EDGE('',*,*,#12661,.F.);
#12696 = PLANE('',#12697);
#12697 = AXIS2_PLACEMENT_3D('',#12698,#12699,#12700);
#12698 = CARTESIAN_POINT('',(-0.3,3.,0.));
#12699 = DIRECTION('',(-0.,1.,0.));
#12700 = DIRECTION('',(0.,0.,1.));
#12701 = ADVANCED_FACE('',(#12702),#12718,.T.);
#12702 = FACE_BOUND('',#12703,.T.);
#12703 = EDGE_LOOP('',(#12704,#12705,#12711,#12712));
#12704 = ORIENTED_EDGE('',*,*,#6511,.F.);
#12705 = ORIENTED_EDGE('',*,*,#12706,.T.);
#12706 = EDGE_CURVE('',#6512,#3037,#12707,.T.);
#12707 = LINE('',#12708,#12709);
#12708 = CARTESIAN_POINT('',(0.3,0.3,0.));
#12709 = VECTOR('',#12710,1.);
#12710 = DIRECTION('',(0.,0.,1.));
#12711 = ORIENTED_EDGE('',*,*,#3034,.F.);
#12712 = ORIENTED_EDGE('',*,*,#12713,.F.);
#12713 = EDGE_CURVE('',#6514,#3035,#12714,.T.);
#12714 = LINE('',#12715,#12716);
#12715 = CARTESIAN_POINT('',(0.6,0.3,0.));
#12716 = VECTOR('',#12717,1.);
#12717 = DIRECTION('',(0.,0.,1.));
#12718 = PLANE('',#12719);
#12719 = AXIS2_PLACEMENT_3D('',#12720,#12721,#12722);
#12720 = CARTESIAN_POINT('',(0.3,0.3,0.));
#12721 = DIRECTION('',(-0.,1.,0.));
#12722 = DIRECTION('',(0.,0.,1.));
#12723 = ADVANCED_FACE('',(#12724),#12735,.F.);
#12724 = FACE_BOUND('',#12725,.F.);
#12725 = EDGE_LOOP('',(#12726,#12727,#12728,#12734));
#12726 = ORIENTED_EDGE('',*,*,#12713,.F.);
#12727 = ORIENTED_EDGE('',*,*,#6537,.T.);
#12728 = ORIENTED_EDGE('',*,*,#12729,.T.);
#12729 = EDGE_CURVE('',#6530,#3053,#12730,.T.);
#12730 = LINE('',#12731,#12732);
#12731 = CARTESIAN_POINT('',(0.6,0.6,0.));
#12732 = VECTOR('',#12733,1.);
#12733 = DIRECTION('',(0.,0.,1.));
#12734 = ORIENTED_EDGE('',*,*,#3060,.F.);
#12735 = PLANE('',#12736);
#12736 = AXIS2_PLACEMENT_3D('',#12737,#12738,#12739);
#12737 = CARTESIAN_POINT('',(0.6,0.3,0.));
#12738 = DIRECTION('',(1.,0.,-0.));
#12739 = DIRECTION('',(0.,0.,1.));
#12740 = ADVANCED_FACE('',(#12741),#12752,.T.);
#12741 = FACE_BOUND('',#12742,.T.);
#12742 = EDGE_LOOP('',(#12743,#12744,#12745,#12751));
#12743 = ORIENTED_EDGE('',*,*,#12706,.F.);
#12744 = ORIENTED_EDGE('',*,*,#6521,.T.);
#12745 = ORIENTED_EDGE('',*,*,#12746,.T.);
#12746 = EDGE_CURVE('',#6522,#3045,#12747,.T.);
#12747 = LINE('',#12748,#12749);
#12748 = CARTESIAN_POINT('',(0.3,0.6,0.));
#12749 = VECTOR('',#12750,1.);
#12750 = DIRECTION('',(0.,0.,1.));
#12751 = ORIENTED_EDGE('',*,*,#3044,.F.);
#12752 = PLANE('',#12753);
#12753 = AXIS2_PLACEMENT_3D('',#12754,#12755,#12756);
#12754 = CARTESIAN_POINT('',(0.3,0.3,0.));
#12755 = DIRECTION('',(1.,0.,-0.));
#12756 = DIRECTION('',(0.,0.,1.));
#12757 = ADVANCED_FACE('',(#12758),#12764,.F.);
#12758 = FACE_BOUND('',#12759,.F.);
#12759 = EDGE_LOOP('',(#12760,#12761,#12762,#12763));
#12760 = ORIENTED_EDGE('',*,*,#6529,.F.);
#12761 = ORIENTED_EDGE('',*,*,#12746,.T.);
#12762 = ORIENTED_EDGE('',*,*,#3052,.F.);
#12763 = ORIENTED_EDGE('',*,*,#12729,.F.);
#12764 = PLANE('',#12765);
#12765 = AXIS2_PLACEMENT_3D('',#12766,#12767,#12768);
#12766 = CARTESIAN_POINT('',(0.3,0.6,0.));
#12767 = DIRECTION('',(-0.,1.,0.));
#12768 = DIRECTION('',(0.,0.,1.));
#12769 = ADVANCED_FACE('',(#12770),#12786,.T.);
#12770 = FACE_BOUND('',#12771,.T.);
#12771 = EDGE_LOOP('',(#12772,#12773,#12779,#12780));
#12772 = ORIENTED_EDGE('',*,*,#6545,.F.);
#12773 = ORIENTED_EDGE('',*,*,#12774,.T.);
#12774 = EDGE_CURVE('',#6546,#3071,#12775,.T.);
#12775 = LINE('',#12776,#12777);
#12776 = CARTESIAN_POINT('',(0.9,0.3,0.));
#12777 = VECTOR('',#12778,1.);
#12778 = DIRECTION('',(0.,0.,1.));
#12779 = ORIENTED_EDGE('',*,*,#3068,.F.);
#12780 = ORIENTED_EDGE('',*,*,#12781,.F.);
#12781 = EDGE_CURVE('',#6548,#3069,#12782,.T.);
#12782 = LINE('',#12783,#12784);
#12783 = CARTESIAN_POINT('',(1.2,0.3,0.));
#12784 = VECTOR('',#12785,1.);
#12785 = DIRECTION('',(0.,0.,1.));
#12786 = PLANE('',#12787);
#12787 = AXIS2_PLACEMENT_3D('',#12788,#12789,#12790);
#12788 = CARTESIAN_POINT('',(0.9,0.3,0.));
#12789 = DIRECTION('',(-0.,1.,0.));
#12790 = DIRECTION('',(0.,0.,1.));
#12791 = ADVANCED_FACE('',(#12792),#12803,.F.);
#12792 = FACE_BOUND('',#12793,.F.);
#12793 = EDGE_LOOP('',(#12794,#12795,#12796,#12802));
#12794 = ORIENTED_EDGE('',*,*,#12781,.F.);
#12795 = ORIENTED_EDGE('',*,*,#6571,.T.);
#12796 = ORIENTED_EDGE('',*,*,#12797,.T.);
#12797 = EDGE_CURVE('',#6564,#3087,#12798,.T.);
#12798 = LINE('',#12799,#12800);
#12799 = CARTESIAN_POINT('',(1.2,0.6,0.));
#12800 = VECTOR('',#12801,1.);
#12801 = DIRECTION('',(0.,0.,1.));
#12802 = ORIENTED_EDGE('',*,*,#3094,.F.);
#12803 = PLANE('',#12804);
#12804 = AXIS2_PLACEMENT_3D('',#12805,#12806,#12807);
#12805 = CARTESIAN_POINT('',(1.2,0.3,0.));
#12806 = DIRECTION('',(1.,0.,-0.));
#12807 = DIRECTION('',(0.,0.,1.));
#12808 = ADVANCED_FACE('',(#12809),#12820,.T.);
#12809 = FACE_BOUND('',#12810,.T.);
#12810 = EDGE_LOOP('',(#12811,#12812,#12813,#12819));
#12811 = ORIENTED_EDGE('',*,*,#12774,.F.);
#12812 = ORIENTED_EDGE('',*,*,#6555,.T.);
#12813 = ORIENTED_EDGE('',*,*,#12814,.T.);
#12814 = EDGE_CURVE('',#6556,#3079,#12815,.T.);
#12815 = LINE('',#12816,#12817);
#12816 = CARTESIAN_POINT('',(0.9,0.6,0.));
#12817 = VECTOR('',#12818,1.);
#12818 = DIRECTION('',(0.,0.,1.));
#12819 = ORIENTED_EDGE('',*,*,#3078,.F.);
#12820 = PLANE('',#12821);
#12821 = AXIS2_PLACEMENT_3D('',#12822,#12823,#12824);
#12822 = CARTESIAN_POINT('',(0.9,0.3,0.));
#12823 = DIRECTION('',(1.,0.,-0.));
#12824 = DIRECTION('',(0.,0.,1.));
#12825 = ADVANCED_FACE('',(#12826),#12832,.F.);
#12826 = FACE_BOUND('',#12827,.F.);
#12827 = EDGE_LOOP('',(#12828,#12829,#12830,#12831));
#12828 = ORIENTED_EDGE('',*,*,#6563,.F.);
#12829 = ORIENTED_EDGE('',*,*,#12814,.T.);
#12830 = ORIENTED_EDGE('',*,*,#3086,.F.);
#12831 = ORIENTED_EDGE('',*,*,#12797,.F.);
#12832 = PLANE('',#12833);
#12833 = AXIS2_PLACEMENT_3D('',#12834,#12835,#12836);
#12834 = CARTESIAN_POINT('',(0.9,0.6,0.));
#12835 = DIRECTION('',(-0.,1.,0.));
#12836 = DIRECTION('',(0.,0.,1.));
#12837 = ADVANCED_FACE('',(#12838),#12854,.T.);
#12838 = FACE_BOUND('',#12839,.T.);
#12839 = EDGE_LOOP('',(#12840,#12841,#12847,#12848));
#12840 = ORIENTED_EDGE('',*,*,#6579,.F.);
#12841 = ORIENTED_EDGE('',*,*,#12842,.T.);
#12842 = EDGE_CURVE('',#6580,#3105,#12843,.T.);
#12843 = LINE('',#12844,#12845);
#12844 = CARTESIAN_POINT('',(0.3,0.9,0.));
#12845 = VECTOR('',#12846,1.);
#12846 = DIRECTION('',(0.,0.,1.));
#12847 = ORIENTED_EDGE('',*,*,#3102,.F.);
#12848 = ORIENTED_EDGE('',*,*,#12849,.F.);
#12849 = EDGE_CURVE('',#6582,#3103,#12850,.T.);
#12850 = LINE('',#12851,#12852);
#12851 = CARTESIAN_POINT('',(0.6,0.9,0.));
#12852 = VECTOR('',#12853,1.);
#12853 = DIRECTION('',(0.,0.,1.));
#12854 = PLANE('',#12855);
#12855 = AXIS2_PLACEMENT_3D('',#12856,#12857,#12858);
#12856 = CARTESIAN_POINT('',(0.3,0.9,0.));
#12857 = DIRECTION('',(-0.,1.,0.));
#12858 = DIRECTION('',(0.,0.,1.));
#12859 = ADVANCED_FACE('',(#12860),#12871,.F.);
#12860 = FACE_BOUND('',#12861,.F.);
#12861 = EDGE_LOOP('',(#12862,#12863,#12864,#12870));
#12862 = ORIENTED_EDGE('',*,*,#12849,.F.);
#12863 = ORIENTED_EDGE('',*,*,#6605,.T.);
#12864 = ORIENTED_EDGE('',*,*,#12865,.T.);
#12865 = EDGE_CURVE('',#6598,#3121,#12866,.T.);
#12866 = LINE('',#12867,#12868);
#12867 = CARTESIAN_POINT('',(0.6,1.2,0.));
#12868 = VECTOR('',#12869,1.);
#12869 = DIRECTION('',(0.,0.,1.));
#12870 = ORIENTED_EDGE('',*,*,#3128,.F.);
#12871 = PLANE('',#12872);
#12872 = AXIS2_PLACEMENT_3D('',#12873,#12874,#12875);
#12873 = CARTESIAN_POINT('',(0.6,0.9,0.));
#12874 = DIRECTION('',(1.,0.,-0.));
#12875 = DIRECTION('',(0.,0.,1.));
#12876 = ADVANCED_FACE('',(#12877),#12888,.T.);
#12877 = FACE_BOUND('',#12878,.T.);
#12878 = EDGE_LOOP('',(#12879,#12880,#12881,#12887));
#12879 = ORIENTED_EDGE('',*,*,#12842,.F.);
#12880 = ORIENTED_EDGE('',*,*,#6589,.T.);
#12881 = ORIENTED_EDGE('',*,*,#12882,.T.);
#12882 = EDGE_CURVE('',#6590,#3113,#12883,.T.);
#12883 = LINE('',#12884,#12885);
#12884 = CARTESIAN_POINT('',(0.3,1.2,0.));
#12885 = VECTOR('',#12886,1.);
#12886 = DIRECTION('',(0.,0.,1.));
#12887 = ORIENTED_EDGE('',*,*,#3112,.F.);
#12888 = PLANE('',#12889);
#12889 = AXIS2_PLACEMENT_3D('',#12890,#12891,#12892);
#12890 = CARTESIAN_POINT('',(0.3,0.9,0.));
#12891 = DIRECTION('',(1.,0.,-0.));
#12892 = DIRECTION('',(0.,0.,1.));
#12893 = ADVANCED_FACE('',(#12894),#12900,.F.);
#12894 = FACE_BOUND('',#12895,.F.);
#12895 = EDGE_LOOP('',(#12896,#12897,#12898,#12899));
#12896 = ORIENTED_EDGE('',*,*,#6597,.F.);
#12897 = ORIENTED_EDGE('',*,*,#12882,.T.);
#12898 = ORIENTED_EDGE('',*,*,#3120,.F.);
#12899 = ORIENTED_EDGE('',*,*,#12865,.F.);
#12900 = PLANE('',#12901);
#12901 = AXIS2_PLACEMENT_3D('',#12902,#12903,#12904);
#12902 = CARTESIAN_POINT('',(0.3,1.2,0.));
#12903 = DIRECTION('',(-0.,1.,0.));
#12904 = DIRECTION('',(0.,0.,1.));
#12905 = ADVANCED_FACE('',(#12906),#12922,.T.);
#12906 = FACE_BOUND('',#12907,.T.);
#12907 = EDGE_LOOP('',(#12908,#12909,#12915,#12916));
#12908 = ORIENTED_EDGE('',*,*,#6613,.F.);
#12909 = ORIENTED_EDGE('',*,*,#12910,.T.);
#12910 = EDGE_CURVE('',#6614,#3139,#12911,.T.);
#12911 = LINE('',#12912,#12913);
#12912 = CARTESIAN_POINT('',(0.9,0.9,0.));
#12913 = VECTOR('',#12914,1.);
#12914 = DIRECTION('',(0.,0.,1.));
#12915 = ORIENTED_EDGE('',*,*,#3136,.F.);
#12916 = ORIENTED_EDGE('',*,*,#12917,.F.);
#12917 = EDGE_CURVE('',#6616,#3137,#12918,.T.);
#12918 = LINE('',#12919,#12920);
#12919 = CARTESIAN_POINT('',(1.2,0.9,0.));
#12920 = VECTOR('',#12921,1.);
#12921 = DIRECTION('',(0.,0.,1.));
#12922 = PLANE('',#12923);
#12923 = AXIS2_PLACEMENT_3D('',#12924,#12925,#12926);
#12924 = CARTESIAN_POINT('',(0.9,0.9,0.));
#12925 = DIRECTION('',(-0.,1.,0.));
#12926 = DIRECTION('',(0.,0.,1.));
#12927 = ADVANCED_FACE('',(#12928),#12939,.F.);
#12928 = FACE_BOUND('',#12929,.F.);
#12929 = EDGE_LOOP('',(#12930,#12931,#12932,#12938));
#12930 = ORIENTED_EDGE('',*,*,#12917,.F.);
#12931 = ORIENTED_EDGE('',*,*,#6639,.T.);
#12932 = ORIENTED_EDGE('',*,*,#12933,.T.);
#12933 = EDGE_CURVE('',#6632,#3155,#12934,.T.);
#12934 = LINE('',#12935,#12936);
#12935 = CARTESIAN_POINT('',(1.2,1.2,0.));
#12936 = VECTOR('',#12937,1.);
#12937 = DIRECTION('',(0.,0.,1.));
#12938 = ORIENTED_EDGE('',*,*,#3162,.F.);
#12939 = PLANE('',#12940);
#12940 = AXIS2_PLACEMENT_3D('',#12941,#12942,#12943);
#12941 = CARTESIAN_POINT('',(1.2,0.9,0.));
#12942 = DIRECTION('',(1.,0.,-0.));
#12943 = DIRECTION('',(0.,0.,1.));
#12944 = ADVANCED_FACE('',(#12945),#12956,.T.);
#12945 = FACE_BOUND('',#12946,.T.);
#12946 = EDGE_LOOP('',(#12947,#12948,#12949,#12955));
#12947 = ORIENTED_EDGE('',*,*,#12910,.F.);
#12948 = ORIENTED_EDGE('',*,*,#6623,.T.);
#12949 = ORIENTED_EDGE('',*,*,#12950,.T.);
#12950 = EDGE_CURVE('',#6624,#3147,#12951,.T.);
#12951 = LINE('',#12952,#12953);
#12952 = CARTESIAN_POINT('',(0.9,1.2,0.));
#12953 = VECTOR('',#12954,1.);
#12954 = DIRECTION('',(0.,0.,1.));
#12955 = ORIENTED_EDGE('',*,*,#3146,.F.);
#12956 = PLANE('',#12957);
#12957 = AXIS2_PLACEMENT_3D('',#12958,#12959,#12960);
#12958 = CARTESIAN_POINT('',(0.9,0.9,0.));
#12959 = DIRECTION('',(1.,0.,-0.));
#12960 = DIRECTION('',(0.,0.,1.));
#12961 = ADVANCED_FACE('',(#12962),#12968,.F.);
#12962 = FACE_BOUND('',#12963,.F.);
#12963 = EDGE_LOOP('',(#12964,#12965,#12966,#12967));
#12964 = ORIENTED_EDGE('',*,*,#6631,.F.);
#12965 = ORIENTED_EDGE('',*,*,#12950,.T.);
#12966 = ORIENTED_EDGE('',*,*,#3154,.F.);
#12967 = ORIENTED_EDGE('',*,*,#12933,.F.);
#12968 = PLANE('',#12969);
#12969 = AXIS2_PLACEMENT_3D('',#12970,#12971,#12972);
#12970 = CARTESIAN_POINT('',(0.9,1.2,0.));
#12971 = DIRECTION('',(-0.,1.,0.));
#12972 = DIRECTION('',(0.,0.,1.));
#12973 = ADVANCED_FACE('',(#12974),#12990,.T.);
#12974 = FACE_BOUND('',#12975,.T.);
#12975 = EDGE_LOOP('',(#12976,#12977,#12983,#12984));
#12976 = ORIENTED_EDGE('',*,*,#6647,.F.);
#12977 = ORIENTED_EDGE('',*,*,#12978,.T.);
#12978 = EDGE_CURVE('',#6648,#3173,#12979,.T.);
#12979 = LINE('',#12980,#12981);
#12980 = CARTESIAN_POINT('',(1.5,0.3,0.));
#12981 = VECTOR('',#12982,1.);
#12982 = DIRECTION('',(0.,0.,1.));
#12983 = ORIENTED_EDGE('',*,*,#3170,.F.);
#12984 = ORIENTED_EDGE('',*,*,#12985,.F.);
#12985 = EDGE_CURVE('',#6650,#3171,#12986,.T.);
#12986 = LINE('',#12987,#12988);
#12987 = CARTESIAN_POINT('',(1.8,0.3,0.));
#12988 = VECTOR('',#12989,1.);
#12989 = DIRECTION('',(0.,0.,1.));
#12990 = PLANE('',#12991);
#12991 = AXIS2_PLACEMENT_3D('',#12992,#12993,#12994);
#12992 = CARTESIAN_POINT('',(1.5,0.3,0.));
#12993 = DIRECTION('',(-0.,1.,0.));
#12994 = DIRECTION('',(0.,0.,1.));
#12995 = ADVANCED_FACE('',(#12996),#13007,.F.);
#12996 = FACE_BOUND('',#12997,.F.);
#12997 = EDGE_LOOP('',(#12998,#12999,#13000,#13006));
#12998 = ORIENTED_EDGE('',*,*,#12985,.F.);
#12999 = ORIENTED_EDGE('',*,*,#6673,.T.);
#13000 = ORIENTED_EDGE('',*,*,#13001,.T.);
#13001 = EDGE_CURVE('',#6666,#3189,#13002,.T.);
#13002 = LINE('',#13003,#13004);
#13003 = CARTESIAN_POINT('',(1.8,0.6,0.));
#13004 = VECTOR('',#13005,1.);
#13005 = DIRECTION('',(0.,0.,1.));
#13006 = ORIENTED_EDGE('',*,*,#3196,.F.);
#13007 = PLANE('',#13008);
#13008 = AXIS2_PLACEMENT_3D('',#13009,#13010,#13011);
#13009 = CARTESIAN_POINT('',(1.8,0.3,0.));
#13010 = DIRECTION('',(1.,0.,-0.));
#13011 = DIRECTION('',(0.,0.,1.));
#13012 = ADVANCED_FACE('',(#13013),#13024,.T.);
#13013 = FACE_BOUND('',#13014,.T.);
#13014 = EDGE_LOOP('',(#13015,#13016,#13017,#13023));
#13015 = ORIENTED_EDGE('',*,*,#12978,.F.);
#13016 = ORIENTED_EDGE('',*,*,#6657,.T.);
#13017 = ORIENTED_EDGE('',*,*,#13018,.T.);
#13018 = EDGE_CURVE('',#6658,#3181,#13019,.T.);
#13019 = LINE('',#13020,#13021);
#13020 = CARTESIAN_POINT('',(1.5,0.6,0.));
#13021 = VECTOR('',#13022,1.);
#13022 = DIRECTION('',(0.,0.,1.));
#13023 = ORIENTED_EDGE('',*,*,#3180,.F.);
#13024 = PLANE('',#13025);
#13025 = AXIS2_PLACEMENT_3D('',#13026,#13027,#13028);
#13026 = CARTESIAN_POINT('',(1.5,0.3,0.));
#13027 = DIRECTION('',(1.,0.,-0.));
#13028 = DIRECTION('',(0.,0.,1.));
#13029 = ADVANCED_FACE('',(#13030),#13036,.F.);
#13030 = FACE_BOUND('',#13031,.F.);
#13031 = EDGE_LOOP('',(#13032,#13033,#13034,#13035));
#13032 = ORIENTED_EDGE('',*,*,#6665,.F.);
#13033 = ORIENTED_EDGE('',*,*,#13018,.T.);
#13034 = ORIENTED_EDGE('',*,*,#3188,.F.);
#13035 = ORIENTED_EDGE('',*,*,#13001,.F.);
#13036 = PLANE('',#13037);
#13037 = AXIS2_PLACEMENT_3D('',#13038,#13039,#13040);
#13038 = CARTESIAN_POINT('',(1.5,0.6,0.));
#13039 = DIRECTION('',(-0.,1.,0.));
#13040 = DIRECTION('',(0.,0.,1.));
#13041 = ADVANCED_FACE('',(#13042),#13058,.T.);
#13042 = FACE_BOUND('',#13043,.T.);
#13043 = EDGE_LOOP('',(#13044,#13045,#13051,#13052));
#13044 = ORIENTED_EDGE('',*,*,#6681,.F.);
#13045 = ORIENTED_EDGE('',*,*,#13046,.T.);
#13046 = EDGE_CURVE('',#6682,#3207,#13047,.T.);
#13047 = LINE('',#13048,#13049);
#13048 = CARTESIAN_POINT('',(2.1,0.3,0.));
#13049 = VECTOR('',#13050,1.);
#13050 = DIRECTION('',(0.,0.,1.));
#13051 = ORIENTED_EDGE('',*,*,#3204,.F.);
#13052 = ORIENTED_EDGE('',*,*,#13053,.F.);
#13053 = EDGE_CURVE('',#6684,#3205,#13054,.T.);
#13054 = LINE('',#13055,#13056);
#13055 = CARTESIAN_POINT('',(2.4,0.3,0.));
#13056 = VECTOR('',#13057,1.);
#13057 = DIRECTION('',(0.,0.,1.));
#13058 = PLANE('',#13059);
#13059 = AXIS2_PLACEMENT_3D('',#13060,#13061,#13062);
#13060 = CARTESIAN_POINT('',(2.1,0.3,0.));
#13061 = DIRECTION('',(-0.,1.,0.));
#13062 = DIRECTION('',(0.,0.,1.));
#13063 = ADVANCED_FACE('',(#13064),#13075,.F.);
#13064 = FACE_BOUND('',#13065,.F.);
#13065 = EDGE_LOOP('',(#13066,#13067,#13068,#13074));
#13066 = ORIENTED_EDGE('',*,*,#13053,.F.);
#13067 = ORIENTED_EDGE('',*,*,#6707,.T.);
#13068 = ORIENTED_EDGE('',*,*,#13069,.T.);
#13069 = EDGE_CURVE('',#6700,#3223,#13070,.T.);
#13070 = LINE('',#13071,#13072);
#13071 = CARTESIAN_POINT('',(2.4,0.6,0.));
#13072 = VECTOR('',#13073,1.);
#13073 = DIRECTION('',(0.,0.,1.));
#13074 = ORIENTED_EDGE('',*,*,#3230,.F.);
#13075 = PLANE('',#13076);
#13076 = AXIS2_PLACEMENT_3D('',#13077,#13078,#13079);
#13077 = CARTESIAN_POINT('',(2.4,0.3,0.));
#13078 = DIRECTION('',(1.,0.,-0.));
#13079 = DIRECTION('',(0.,0.,1.));
#13080 = ADVANCED_FACE('',(#13081),#13092,.T.);
#13081 = FACE_BOUND('',#13082,.T.);
#13082 = EDGE_LOOP('',(#13083,#13084,#13085,#13091));
#13083 = ORIENTED_EDGE('',*,*,#13046,.F.);
#13084 = ORIENTED_EDGE('',*,*,#6691,.T.);
#13085 = ORIENTED_EDGE('',*,*,#13086,.T.);
#13086 = EDGE_CURVE('',#6692,#3215,#13087,.T.);
#13087 = LINE('',#13088,#13089);
#13088 = CARTESIAN_POINT('',(2.1,0.6,0.));
#13089 = VECTOR('',#13090,1.);
#13090 = DIRECTION('',(0.,0.,1.));
#13091 = ORIENTED_EDGE('',*,*,#3214,.F.);
#13092 = PLANE('',#13093);
#13093 = AXIS2_PLACEMENT_3D('',#13094,#13095,#13096);
#13094 = CARTESIAN_POINT('',(2.1,0.3,0.));
#13095 = DIRECTION('',(1.,0.,-0.));
#13096 = DIRECTION('',(0.,0.,1.));
#13097 = ADVANCED_FACE('',(#13098),#13104,.F.);
#13098 = FACE_BOUND('',#13099,.F.);
#13099 = EDGE_LOOP('',(#13100,#13101,#13102,#13103));
#13100 = ORIENTED_EDGE('',*,*,#6699,.F.);
#13101 = ORIENTED_EDGE('',*,*,#13086,.T.);
#13102 = ORIENTED_EDGE('',*,*,#3222,.F.);
#13103 = ORIENTED_EDGE('',*,*,#13069,.F.);
#13104 = PLANE('',#13105);
#13105 = AXIS2_PLACEMENT_3D('',#13106,#13107,#13108);
#13106 = CARTESIAN_POINT('',(2.1,0.6,0.));
#13107 = DIRECTION('',(-0.,1.,0.));
#13108 = DIRECTION('',(0.,0.,1.));
#13109 = ADVANCED_FACE('',(#13110),#13126,.T.);
#13110 = FACE_BOUND('',#13111,.T.);
#13111 = EDGE_LOOP('',(#13112,#13113,#13119,#13120));
#13112 = ORIENTED_EDGE('',*,*,#6715,.F.);
#13113 = ORIENTED_EDGE('',*,*,#13114,.T.);
#13114 = EDGE_CURVE('',#6716,#3241,#13115,.T.);
#13115 = LINE('',#13116,#13117);
#13116 = CARTESIAN_POINT('',(2.7,0.3,0.));
#13117 = VECTOR('',#13118,1.);
#13118 = DIRECTION('',(0.,0.,1.));
#13119 = ORIENTED_EDGE('',*,*,#3238,.F.);
#13120 = ORIENTED_EDGE('',*,*,#13121,.F.);
#13121 = EDGE_CURVE('',#6718,#3239,#13122,.T.);
#13122 = LINE('',#13123,#13124);
#13123 = CARTESIAN_POINT('',(3.,0.3,0.));
#13124 = VECTOR('',#13125,1.);
#13125 = DIRECTION('',(0.,0.,1.));
#13126 = PLANE('',#13127);
#13127 = AXIS2_PLACEMENT_3D('',#13128,#13129,#13130);
#13128 = CARTESIAN_POINT('',(2.7,0.3,0.));
#13129 = DIRECTION('',(-0.,1.,0.));
#13130 = DIRECTION('',(0.,0.,1.));
#13131 = ADVANCED_FACE('',(#13132),#13143,.F.);
#13132 = FACE_BOUND('',#13133,.F.);
#13133 = EDGE_LOOP('',(#13134,#13135,#13136,#13142));
#13134 = ORIENTED_EDGE('',*,*,#13121,.F.);
#13135 = ORIENTED_EDGE('',*,*,#6741,.T.);
#13136 = ORIENTED_EDGE('',*,*,#13137,.T.);
#13137 = EDGE_CURVE('',#6734,#3257,#13138,.T.);
#13138 = LINE('',#13139,#13140);
#13139 = CARTESIAN_POINT('',(3.,0.6,0.));
#13140 = VECTOR('',#13141,1.);
#13141 = DIRECTION('',(0.,0.,1.));
#13142 = ORIENTED_EDGE('',*,*,#3264,.F.);
#13143 = PLANE('',#13144);
#13144 = AXIS2_PLACEMENT_3D('',#13145,#13146,#13147);
#13145 = CARTESIAN_POINT('',(3.,0.3,0.));
#13146 = DIRECTION('',(1.,0.,-0.));
#13147 = DIRECTION('',(0.,0.,1.));
#13148 = ADVANCED_FACE('',(#13149),#13160,.T.);
#13149 = FACE_BOUND('',#13150,.T.);
#13150 = EDGE_LOOP('',(#13151,#13152,#13153,#13159));
#13151 = ORIENTED_EDGE('',*,*,#13114,.F.);
#13152 = ORIENTED_EDGE('',*,*,#6725,.T.);
#13153 = ORIENTED_EDGE('',*,*,#13154,.T.);
#13154 = EDGE_CURVE('',#6726,#3249,#13155,.T.);
#13155 = LINE('',#13156,#13157);
#13156 = CARTESIAN_POINT('',(2.7,0.6,0.));
#13157 = VECTOR('',#13158,1.);
#13158 = DIRECTION('',(0.,0.,1.));
#13159 = ORIENTED_EDGE('',*,*,#3248,.F.);
#13160 = PLANE('',#13161);
#13161 = AXIS2_PLACEMENT_3D('',#13162,#13163,#13164);
#13162 = CARTESIAN_POINT('',(2.7,0.3,0.));
#13163 = DIRECTION('',(1.,0.,-0.));
#13164 = DIRECTION('',(0.,0.,1.));
#13165 = ADVANCED_FACE('',(#13166),#13172,.F.);
#13166 = FACE_BOUND('',#13167,.F.);
#13167 = EDGE_LOOP('',(#13168,#13169,#13170,#13171));
#13168 = ORIENTED_EDGE('',*,*,#6733,.F.);
#13169 = ORIENTED_EDGE('',*,*,#13154,.T.);
#13170 = ORIENTED_EDGE('',*,*,#3256,.F.);
#13171 = ORIENTED_EDGE('',*,*,#13137,.F.);
#13172 = PLANE('',#13173);
#13173 = AXIS2_PLACEMENT_3D('',#13174,#13175,#13176);
#13174 = CARTESIAN_POINT('',(2.7,0.6,0.));
#13175 = DIRECTION('',(-0.,1.,0.));
#13176 = DIRECTION('',(0.,0.,1.));
#13177 = ADVANCED_FACE('',(#13178),#13194,.T.);
#13178 = FACE_BOUND('',#13179,.T.);
#13179 = EDGE_LOOP('',(#13180,#13181,#13187,#13188));
#13180 = ORIENTED_EDGE('',*,*,#6749,.F.);
#13181 = ORIENTED_EDGE('',*,*,#13182,.T.);
#13182 = EDGE_CURVE('',#6750,#3275,#13183,.T.);
#13183 = LINE('',#13184,#13185);
#13184 = CARTESIAN_POINT('',(1.5,0.9,0.));
#13185 = VECTOR('',#13186,1.);
#13186 = DIRECTION('',(0.,0.,1.));
#13187 = ORIENTED_EDGE('',*,*,#3272,.F.);
#13188 = ORIENTED_EDGE('',*,*,#13189,.F.);
#13189 = EDGE_CURVE('',#6752,#3273,#13190,.T.);
#13190 = LINE('',#13191,#13192);
#13191 = CARTESIAN_POINT('',(1.8,0.9,0.));
#13192 = VECTOR('',#13193,1.);
#13193 = DIRECTION('',(0.,0.,1.));
#13194 = PLANE('',#13195);
#13195 = AXIS2_PLACEMENT_3D('',#13196,#13197,#13198);
#13196 = CARTESIAN_POINT('',(1.5,0.9,0.));
#13197 = DIRECTION('',(-0.,1.,0.));
#13198 = DIRECTION('',(0.,0.,1.));
#13199 = ADVANCED_FACE('',(#13200),#13211,.F.);
#13200 = FACE_BOUND('',#13201,.F.);
#13201 = EDGE_LOOP('',(#13202,#13203,#13204,#13210));
#13202 = ORIENTED_EDGE('',*,*,#13189,.F.);
#13203 = ORIENTED_EDGE('',*,*,#6775,.T.);
#13204 = ORIENTED_EDGE('',*,*,#13205,.T.);
#13205 = EDGE_CURVE('',#6768,#3291,#13206,.T.);
#13206 = LINE('',#13207,#13208);
#13207 = CARTESIAN_POINT('',(1.8,1.2,0.));
#13208 = VECTOR('',#13209,1.);
#13209 = DIRECTION('',(0.,0.,1.));
#13210 = ORIENTED_EDGE('',*,*,#3298,.F.);
#13211 = PLANE('',#13212);
#13212 = AXIS2_PLACEMENT_3D('',#13213,#13214,#13215);
#13213 = CARTESIAN_POINT('',(1.8,0.9,0.));
#13214 = DIRECTION('',(1.,0.,-0.));
#13215 = DIRECTION('',(0.,0.,1.));
#13216 = ADVANCED_FACE('',(#13217),#13228,.T.);
#13217 = FACE_BOUND('',#13218,.T.);
#13218 = EDGE_LOOP('',(#13219,#13220,#13221,#13227));
#13219 = ORIENTED_EDGE('',*,*,#13182,.F.);
#13220 = ORIENTED_EDGE('',*,*,#6759,.T.);
#13221 = ORIENTED_EDGE('',*,*,#13222,.T.);
#13222 = EDGE_CURVE('',#6760,#3283,#13223,.T.);
#13223 = LINE('',#13224,#13225);
#13224 = CARTESIAN_POINT('',(1.5,1.2,0.));
#13225 = VECTOR('',#13226,1.);
#13226 = DIRECTION('',(0.,0.,1.));
#13227 = ORIENTED_EDGE('',*,*,#3282,.F.);
#13228 = PLANE('',#13229);
#13229 = AXIS2_PLACEMENT_3D('',#13230,#13231,#13232);
#13230 = CARTESIAN_POINT('',(1.5,0.9,0.));
#13231 = DIRECTION('',(1.,0.,-0.));
#13232 = DIRECTION('',(0.,0.,1.));
#13233 = ADVANCED_FACE('',(#13234),#13240,.F.);
#13234 = FACE_BOUND('',#13235,.F.);
#13235 = EDGE_LOOP('',(#13236,#13237,#13238,#13239));
#13236 = ORIENTED_EDGE('',*,*,#6767,.F.);
#13237 = ORIENTED_EDGE('',*,*,#13222,.T.);
#13238 = ORIENTED_EDGE('',*,*,#3290,.F.);
#13239 = ORIENTED_EDGE('',*,*,#13205,.F.);
#13240 = PLANE('',#13241);
#13241 = AXIS2_PLACEMENT_3D('',#13242,#13243,#13244);
#13242 = CARTESIAN_POINT('',(1.5,1.2,0.));
#13243 = DIRECTION('',(-0.,1.,0.));
#13244 = DIRECTION('',(0.,0.,1.));
#13245 = ADVANCED_FACE('',(#13246),#13262,.T.);
#13246 = FACE_BOUND('',#13247,.T.);
#13247 = EDGE_LOOP('',(#13248,#13249,#13255,#13256));
#13248 = ORIENTED_EDGE('',*,*,#6783,.F.);
#13249 = ORIENTED_EDGE('',*,*,#13250,.T.);
#13250 = EDGE_CURVE('',#6784,#3309,#13251,.T.);
#13251 = LINE('',#13252,#13253);
#13252 = CARTESIAN_POINT('',(2.1,0.9,0.));
#13253 = VECTOR('',#13254,1.);
#13254 = DIRECTION('',(0.,0.,1.));
#13255 = ORIENTED_EDGE('',*,*,#3306,.F.);
#13256 = ORIENTED_EDGE('',*,*,#13257,.F.);
#13257 = EDGE_CURVE('',#6786,#3307,#13258,.T.);
#13258 = LINE('',#13259,#13260);
#13259 = CARTESIAN_POINT('',(2.4,0.9,0.));
#13260 = VECTOR('',#13261,1.);
#13261 = DIRECTION('',(0.,0.,1.));
#13262 = PLANE('',#13263);
#13263 = AXIS2_PLACEMENT_3D('',#13264,#13265,#13266);
#13264 = CARTESIAN_POINT('',(2.1,0.9,0.));
#13265 = DIRECTION('',(-0.,1.,0.));
#13266 = DIRECTION('',(0.,0.,1.));
#13267 = ADVANCED_FACE('',(#13268),#13279,.F.);
#13268 = FACE_BOUND('',#13269,.F.);
#13269 = EDGE_LOOP('',(#13270,#13271,#13272,#13278));
#13270 = ORIENTED_EDGE('',*,*,#13257,.F.);
#13271 = ORIENTED_EDGE('',*,*,#6809,.T.);
#13272 = ORIENTED_EDGE('',*,*,#13273,.T.);
#13273 = EDGE_CURVE('',#6802,#3325,#13274,.T.);
#13274 = LINE('',#13275,#13276);
#13275 = CARTESIAN_POINT('',(2.4,1.2,0.));
#13276 = VECTOR('',#13277,1.);
#13277 = DIRECTION('',(0.,0.,1.));
#13278 = ORIENTED_EDGE('',*,*,#3332,.F.);
#13279 = PLANE('',#13280);
#13280 = AXIS2_PLACEMENT_3D('',#13281,#13282,#13283);
#13281 = CARTESIAN_POINT('',(2.4,0.9,0.));
#13282 = DIRECTION('',(1.,0.,-0.));
#13283 = DIRECTION('',(0.,0.,1.));
#13284 = ADVANCED_FACE('',(#13285),#13296,.T.);
#13285 = FACE_BOUND('',#13286,.T.);
#13286 = EDGE_LOOP('',(#13287,#13288,#13289,#13295));
#13287 = ORIENTED_EDGE('',*,*,#13250,.F.);
#13288 = ORIENTED_EDGE('',*,*,#6793,.T.);
#13289 = ORIENTED_EDGE('',*,*,#13290,.T.);
#13290 = EDGE_CURVE('',#6794,#3317,#13291,.T.);
#13291 = LINE('',#13292,#13293);
#13292 = CARTESIAN_POINT('',(2.1,1.2,0.));
#13293 = VECTOR('',#13294,1.);
#13294 = DIRECTION('',(0.,0.,1.));
#13295 = ORIENTED_EDGE('',*,*,#3316,.F.);
#13296 = PLANE('',#13297);
#13297 = AXIS2_PLACEMENT_3D('',#13298,#13299,#13300);
#13298 = CARTESIAN_POINT('',(2.1,0.9,0.));
#13299 = DIRECTION('',(1.,0.,-0.));
#13300 = DIRECTION('',(0.,0.,1.));
#13301 = ADVANCED_FACE('',(#13302),#13308,.F.);
#13302 = FACE_BOUND('',#13303,.F.);
#13303 = EDGE_LOOP('',(#13304,#13305,#13306,#13307));
#13304 = ORIENTED_EDGE('',*,*,#6801,.F.);
#13305 = ORIENTED_EDGE('',*,*,#13290,.T.);
#13306 = ORIENTED_EDGE('',*,*,#3324,.F.);
#13307 = ORIENTED_EDGE('',*,*,#13273,.F.);
#13308 = PLANE('',#13309);
#13309 = AXIS2_PLACEMENT_3D('',#13310,#13311,#13312);
#13310 = CARTESIAN_POINT('',(2.1,1.2,0.));
#13311 = DIRECTION('',(-0.,1.,0.));
#13312 = DIRECTION('',(0.,0.,1.));
#13313 = ADVANCED_FACE('',(#13314),#13330,.T.);
#13314 = FACE_BOUND('',#13315,.T.);
#13315 = EDGE_LOOP('',(#13316,#13317,#13323,#13324));
#13316 = ORIENTED_EDGE('',*,*,#6817,.F.);
#13317 = ORIENTED_EDGE('',*,*,#13318,.T.);
#13318 = EDGE_CURVE('',#6818,#3343,#13319,.T.);
#13319 = LINE('',#13320,#13321);
#13320 = CARTESIAN_POINT('',(2.7,0.9,0.));
#13321 = VECTOR('',#13322,1.);
#13322 = DIRECTION('',(0.,0.,1.));
#13323 = ORIENTED_EDGE('',*,*,#3340,.F.);
#13324 = ORIENTED_EDGE('',*,*,#13325,.F.);
#13325 = EDGE_CURVE('',#6820,#3341,#13326,.T.);
#13326 = LINE('',#13327,#13328);
#13327 = CARTESIAN_POINT('',(3.,0.9,0.));
#13328 = VECTOR('',#13329,1.);
#13329 = DIRECTION('',(0.,0.,1.));
#13330 = PLANE('',#13331);
#13331 = AXIS2_PLACEMENT_3D('',#13332,#13333,#13334);
#13332 = CARTESIAN_POINT('',(2.7,0.9,0.));
#13333 = DIRECTION('',(-0.,1.,0.));
#13334 = DIRECTION('',(0.,0.,1.));
#13335 = ADVANCED_FACE('',(#13336),#13347,.F.);
#13336 = FACE_BOUND('',#13337,.F.);
#13337 = EDGE_LOOP('',(#13338,#13339,#13340,#13346));
#13338 = ORIENTED_EDGE('',*,*,#13325,.F.);
#13339 = ORIENTED_EDGE('',*,*,#6843,.T.);
#13340 = ORIENTED_EDGE('',*,*,#13341,.T.);
#13341 = EDGE_CURVE('',#6836,#3359,#13342,.T.);
#13342 = LINE('',#13343,#13344);
#13343 = CARTESIAN_POINT('',(3.,1.2,0.));
#13344 = VECTOR('',#13345,1.);
#13345 = DIRECTION('',(0.,0.,1.));
#13346 = ORIENTED_EDGE('',*,*,#3366,.F.);
#13347 = PLANE('',#13348);
#13348 = AXIS2_PLACEMENT_3D('',#13349,#13350,#13351);
#13349 = CARTESIAN_POINT('',(3.,0.9,0.));
#13350 = DIRECTION('',(1.,0.,-0.));
#13351 = DIRECTION('',(0.,0.,1.));
#13352 = ADVANCED_FACE('',(#13353),#13364,.T.);
#13353 = FACE_BOUND('',#13354,.T.);
#13354 = EDGE_LOOP('',(#13355,#13356,#13357,#13363));
#13355 = ORIENTED_EDGE('',*,*,#13318,.F.);
#13356 = ORIENTED_EDGE('',*,*,#6827,.T.);
#13357 = ORIENTED_EDGE('',*,*,#13358,.T.);
#13358 = EDGE_CURVE('',#6828,#3351,#13359,.T.);
#13359 = LINE('',#13360,#13361);
#13360 = CARTESIAN_POINT('',(2.7,1.2,0.));
#13361 = VECTOR('',#13362,1.);
#13362 = DIRECTION('',(0.,0.,1.));
#13363 = ORIENTED_EDGE('',*,*,#3350,.F.);
#13364 = PLANE('',#13365);
#13365 = AXIS2_PLACEMENT_3D('',#13366,#13367,#13368);
#13366 = CARTESIAN_POINT('',(2.7,0.9,0.));
#13367 = DIRECTION('',(1.,0.,-0.));
#13368 = DIRECTION('',(0.,0.,1.));
#13369 = ADVANCED_FACE('',(#13370),#13376,.F.);
#13370 = FACE_BOUND('',#13371,.F.);
#13371 = EDGE_LOOP('',(#13372,#13373,#13374,#13375));
#13372 = ORIENTED_EDGE('',*,*,#6835,.F.);
#13373 = ORIENTED_EDGE('',*,*,#13358,.T.);
#13374 = ORIENTED_EDGE('',*,*,#3358,.F.);
#13375 = ORIENTED_EDGE('',*,*,#13341,.F.);
#13376 = PLANE('',#13377);
#13377 = AXIS2_PLACEMENT_3D('',#13378,#13379,#13380);
#13378 = CARTESIAN_POINT('',(2.7,1.2,0.));
#13379 = DIRECTION('',(-0.,1.,0.));
#13380 = DIRECTION('',(0.,0.,1.));
#13381 = ADVANCED_FACE('',(#13382),#13398,.T.);
#13382 = FACE_BOUND('',#13383,.T.);
#13383 = EDGE_LOOP('',(#13384,#13385,#13391,#13392));
#13384 = ORIENTED_EDGE('',*,*,#6851,.F.);
#13385 = ORIENTED_EDGE('',*,*,#13386,.T.);
#13386 = EDGE_CURVE('',#6852,#3377,#13387,.T.);
#13387 = LINE('',#13388,#13389);
#13388 = CARTESIAN_POINT('',(0.3,1.5,0.));
#13389 = VECTOR('',#13390,1.);
#13390 = DIRECTION('',(0.,0.,1.));
#13391 = ORIENTED_EDGE('',*,*,#3374,.F.);
#13392 = ORIENTED_EDGE('',*,*,#13393,.F.);
#13393 = EDGE_CURVE('',#6854,#3375,#13394,.T.);
#13394 = LINE('',#13395,#13396);
#13395 = CARTESIAN_POINT('',(0.6,1.5,0.));
#13396 = VECTOR('',#13397,1.);
#13397 = DIRECTION('',(0.,0.,1.));
#13398 = PLANE('',#13399);
#13399 = AXIS2_PLACEMENT_3D('',#13400,#13401,#13402);
#13400 = CARTESIAN_POINT('',(0.3,1.5,0.));
#13401 = DIRECTION('',(-0.,1.,0.));
#13402 = DIRECTION('',(0.,0.,1.));
#13403 = ADVANCED_FACE('',(#13404),#13415,.F.);
#13404 = FACE_BOUND('',#13405,.F.);
#13405 = EDGE_LOOP('',(#13406,#13407,#13408,#13414));
#13406 = ORIENTED_EDGE('',*,*,#13393,.F.);
#13407 = ORIENTED_EDGE('',*,*,#6877,.T.);
#13408 = ORIENTED_EDGE('',*,*,#13409,.T.);
#13409 = EDGE_CURVE('',#6870,#3393,#13410,.T.);
#13410 = LINE('',#13411,#13412);
#13411 = CARTESIAN_POINT('',(0.6,1.8,0.));
#13412 = VECTOR('',#13413,1.);
#13413 = DIRECTION('',(0.,0.,1.));
#13414 = ORIENTED_EDGE('',*,*,#3400,.F.);
#13415 = PLANE('',#13416);
#13416 = AXIS2_PLACEMENT_3D('',#13417,#13418,#13419);
#13417 = CARTESIAN_POINT('',(0.6,1.5,0.));
#13418 = DIRECTION('',(1.,0.,-0.));
#13419 = DIRECTION('',(0.,0.,1.));
#13420 = ADVANCED_FACE('',(#13421),#13432,.T.);
#13421 = FACE_BOUND('',#13422,.T.);
#13422 = EDGE_LOOP('',(#13423,#13424,#13425,#13431));
#13423 = ORIENTED_EDGE('',*,*,#13386,.F.);
#13424 = ORIENTED_EDGE('',*,*,#6861,.T.);
#13425 = ORIENTED_EDGE('',*,*,#13426,.T.);
#13426 = EDGE_CURVE('',#6862,#3385,#13427,.T.);
#13427 = LINE('',#13428,#13429);
#13428 = CARTESIAN_POINT('',(0.3,1.8,0.));
#13429 = VECTOR('',#13430,1.);
#13430 = DIRECTION('',(0.,0.,1.));
#13431 = ORIENTED_EDGE('',*,*,#3384,.F.);
#13432 = PLANE('',#13433);
#13433 = AXIS2_PLACEMENT_3D('',#13434,#13435,#13436);
#13434 = CARTESIAN_POINT('',(0.3,1.5,0.));
#13435 = DIRECTION('',(1.,0.,-0.));
#13436 = DIRECTION('',(0.,0.,1.));
#13437 = ADVANCED_FACE('',(#13438),#13444,.F.);
#13438 = FACE_BOUND('',#13439,.F.);
#13439 = EDGE_LOOP('',(#13440,#13441,#13442,#13443));
#13440 = ORIENTED_EDGE('',*,*,#6869,.F.);
#13441 = ORIENTED_EDGE('',*,*,#13426,.T.);
#13442 = ORIENTED_EDGE('',*,*,#3392,.F.);
#13443 = ORIENTED_EDGE('',*,*,#13409,.F.);
#13444 = PLANE('',#13445);
#13445 = AXIS2_PLACEMENT_3D('',#13446,#13447,#13448);
#13446 = CARTESIAN_POINT('',(0.3,1.8,0.));
#13447 = DIRECTION('',(-0.,1.,0.));
#13448 = DIRECTION('',(0.,0.,1.));
#13449 = ADVANCED_FACE('',(#13450),#13466,.T.);
#13450 = FACE_BOUND('',#13451,.T.);
#13451 = EDGE_LOOP('',(#13452,#13453,#13459,#13460));
#13452 = ORIENTED_EDGE('',*,*,#6885,.F.);
#13453 = ORIENTED_EDGE('',*,*,#13454,.T.);
#13454 = EDGE_CURVE('',#6886,#3411,#13455,.T.);
#13455 = LINE('',#13456,#13457);
#13456 = CARTESIAN_POINT('',(0.9,1.5,0.));
#13457 = VECTOR('',#13458,1.);
#13458 = DIRECTION('',(0.,0.,1.));
#13459 = ORIENTED_EDGE('',*,*,#3408,.F.);
#13460 = ORIENTED_EDGE('',*,*,#13461,.F.);
#13461 = EDGE_CURVE('',#6888,#3409,#13462,.T.);
#13462 = LINE('',#13463,#13464);
#13463 = CARTESIAN_POINT('',(1.2,1.5,0.));
#13464 = VECTOR('',#13465,1.);
#13465 = DIRECTION('',(0.,0.,1.));
#13466 = PLANE('',#13467);
#13467 = AXIS2_PLACEMENT_3D('',#13468,#13469,#13470);
#13468 = CARTESIAN_POINT('',(0.9,1.5,0.));
#13469 = DIRECTION('',(-0.,1.,0.));
#13470 = DIRECTION('',(0.,0.,1.));
#13471 = ADVANCED_FACE('',(#13472),#13483,.F.);
#13472 = FACE_BOUND('',#13473,.F.);
#13473 = EDGE_LOOP('',(#13474,#13475,#13476,#13482));
#13474 = ORIENTED_EDGE('',*,*,#13461,.F.);
#13475 = ORIENTED_EDGE('',*,*,#6911,.T.);
#13476 = ORIENTED_EDGE('',*,*,#13477,.T.);
#13477 = EDGE_CURVE('',#6904,#3427,#13478,.T.);
#13478 = LINE('',#13479,#13480);
#13479 = CARTESIAN_POINT('',(1.2,1.8,0.));
#13480 = VECTOR('',#13481,1.);
#13481 = DIRECTION('',(0.,0.,1.));
#13482 = ORIENTED_EDGE('',*,*,#3434,.F.);
#13483 = PLANE('',#13484);
#13484 = AXIS2_PLACEMENT_3D('',#13485,#13486,#13487);
#13485 = CARTESIAN_POINT('',(1.2,1.5,0.));
#13486 = DIRECTION('',(1.,0.,-0.));
#13487 = DIRECTION('',(0.,0.,1.));
#13488 = ADVANCED_FACE('',(#13489),#13500,.T.);
#13489 = FACE_BOUND('',#13490,.T.);
#13490 = EDGE_LOOP('',(#13491,#13492,#13493,#13499));
#13491 = ORIENTED_EDGE('',*,*,#13454,.F.);
#13492 = ORIENTED_EDGE('',*,*,#6895,.T.);
#13493 = ORIENTED_EDGE('',*,*,#13494,.T.);
#13494 = EDGE_CURVE('',#6896,#3419,#13495,.T.);
#13495 = LINE('',#13496,#13497);
#13496 = CARTESIAN_POINT('',(0.9,1.8,0.));
#13497 = VECTOR('',#13498,1.);
#13498 = DIRECTION('',(0.,0.,1.));
#13499 = ORIENTED_EDGE('',*,*,#3418,.F.);
#13500 = PLANE('',#13501);
#13501 = AXIS2_PLACEMENT_3D('',#13502,#13503,#13504);
#13502 = CARTESIAN_POINT('',(0.9,1.5,0.));
#13503 = DIRECTION('',(1.,0.,-0.));
#13504 = DIRECTION('',(0.,0.,1.));
#13505 = ADVANCED_FACE('',(#13506),#13512,.F.);
#13506 = FACE_BOUND('',#13507,.F.);
#13507 = EDGE_LOOP('',(#13508,#13509,#13510,#13511));
#13508 = ORIENTED_EDGE('',*,*,#6903,.F.);
#13509 = ORIENTED_EDGE('',*,*,#13494,.T.);
#13510 = ORIENTED_EDGE('',*,*,#3426,.F.);
#13511 = ORIENTED_EDGE('',*,*,#13477,.F.);
#13512 = PLANE('',#13513);
#13513 = AXIS2_PLACEMENT_3D('',#13514,#13515,#13516);
#13514 = CARTESIAN_POINT('',(0.9,1.8,0.));
#13515 = DIRECTION('',(-0.,1.,0.));
#13516 = DIRECTION('',(0.,0.,1.));
#13517 = ADVANCED_FACE('',(#13518),#13534,.T.);
#13518 = FACE_BOUND('',#13519,.T.);
#13519 = EDGE_LOOP('',(#13520,#13521,#13527,#13528));
#13520 = ORIENTED_EDGE('',*,*,#6919,.F.);
#13521 = ORIENTED_EDGE('',*,*,#13522,.T.);
#13522 = EDGE_CURVE('',#6920,#3445,#13523,.T.);
#13523 = LINE('',#13524,#13525);
#13524 = CARTESIAN_POINT('',(0.3,2.1,0.));
#13525 = VECTOR('',#13526,1.);
#13526 = DIRECTION('',(0.,0.,1.));
#13527 = ORIENTED_EDGE('',*,*,#3442,.F.);
#13528 = ORIENTED_EDGE('',*,*,#13529,.F.);
#13529 = EDGE_CURVE('',#6922,#3443,#13530,.T.);
#13530 = LINE('',#13531,#13532);
#13531 = CARTESIAN_POINT('',(0.6,2.1,0.));
#13532 = VECTOR('',#13533,1.);
#13533 = DIRECTION('',(0.,0.,1.));
#13534 = PLANE('',#13535);
#13535 = AXIS2_PLACEMENT_3D('',#13536,#13537,#13538);
#13536 = CARTESIAN_POINT('',(0.3,2.1,0.));
#13537 = DIRECTION('',(-0.,1.,0.));
#13538 = DIRECTION('',(0.,0.,1.));
#13539 = ADVANCED_FACE('',(#13540),#13551,.F.);
#13540 = FACE_BOUND('',#13541,.F.);
#13541 = EDGE_LOOP('',(#13542,#13543,#13544,#13550));
#13542 = ORIENTED_EDGE('',*,*,#13529,.F.);
#13543 = ORIENTED_EDGE('',*,*,#6945,.T.);
#13544 = ORIENTED_EDGE('',*,*,#13545,.T.);
#13545 = EDGE_CURVE('',#6938,#3461,#13546,.T.);
#13546 = LINE('',#13547,#13548);
#13547 = CARTESIAN_POINT('',(0.6,2.4,0.));
#13548 = VECTOR('',#13549,1.);
#13549 = DIRECTION('',(0.,0.,1.));
#13550 = ORIENTED_EDGE('',*,*,#3468,.F.);
#13551 = PLANE('',#13552);
#13552 = AXIS2_PLACEMENT_3D('',#13553,#13554,#13555);
#13553 = CARTESIAN_POINT('',(0.6,2.1,0.));
#13554 = DIRECTION('',(1.,0.,-0.));
#13555 = DIRECTION('',(0.,0.,1.));
#13556 = ADVANCED_FACE('',(#13557),#13568,.T.);
#13557 = FACE_BOUND('',#13558,.T.);
#13558 = EDGE_LOOP('',(#13559,#13560,#13561,#13567));
#13559 = ORIENTED_EDGE('',*,*,#13522,.F.);
#13560 = ORIENTED_EDGE('',*,*,#6929,.T.);
#13561 = ORIENTED_EDGE('',*,*,#13562,.T.);
#13562 = EDGE_CURVE('',#6930,#3453,#13563,.T.);
#13563 = LINE('',#13564,#13565);
#13564 = CARTESIAN_POINT('',(0.3,2.4,0.));
#13565 = VECTOR('',#13566,1.);
#13566 = DIRECTION('',(0.,0.,1.));
#13567 = ORIENTED_EDGE('',*,*,#3452,.F.);
#13568 = PLANE('',#13569);
#13569 = AXIS2_PLACEMENT_3D('',#13570,#13571,#13572);
#13570 = CARTESIAN_POINT('',(0.3,2.1,0.));
#13571 = DIRECTION('',(1.,0.,-0.));
#13572 = DIRECTION('',(0.,0.,1.));
#13573 = ADVANCED_FACE('',(#13574),#13580,.F.);
#13574 = FACE_BOUND('',#13575,.F.);
#13575 = EDGE_LOOP('',(#13576,#13577,#13578,#13579));
#13576 = ORIENTED_EDGE('',*,*,#6937,.F.);
#13577 = ORIENTED_EDGE('',*,*,#13562,.T.);
#13578 = ORIENTED_EDGE('',*,*,#3460,.F.);
#13579 = ORIENTED_EDGE('',*,*,#13545,.F.);
#13580 = PLANE('',#13581);
#13581 = AXIS2_PLACEMENT_3D('',#13582,#13583,#13584);
#13582 = CARTESIAN_POINT('',(0.3,2.4,0.));
#13583 = DIRECTION('',(-0.,1.,0.));
#13584 = DIRECTION('',(0.,0.,1.));
#13585 = ADVANCED_FACE('',(#13586),#13602,.T.);
#13586 = FACE_BOUND('',#13587,.T.);
#13587 = EDGE_LOOP('',(#13588,#13589,#13595,#13596));
#13588 = ORIENTED_EDGE('',*,*,#6953,.F.);
#13589 = ORIENTED_EDGE('',*,*,#13590,.T.);
#13590 = EDGE_CURVE('',#6954,#3479,#13591,.T.);
#13591 = LINE('',#13592,#13593);
#13592 = CARTESIAN_POINT('',(0.3,2.7,0.));
#13593 = VECTOR('',#13594,1.);
#13594 = DIRECTION('',(0.,0.,1.));
#13595 = ORIENTED_EDGE('',*,*,#3476,.F.);
#13596 = ORIENTED_EDGE('',*,*,#13597,.F.);
#13597 = EDGE_CURVE('',#6956,#3477,#13598,.T.);
#13598 = LINE('',#13599,#13600);
#13599 = CARTESIAN_POINT('',(0.6,2.7,0.));
#13600 = VECTOR('',#13601,1.);
#13601 = DIRECTION('',(0.,0.,1.));
#13602 = PLANE('',#13603);
#13603 = AXIS2_PLACEMENT_3D('',#13604,#13605,#13606);
#13604 = CARTESIAN_POINT('',(0.3,2.7,0.));
#13605 = DIRECTION('',(-0.,1.,0.));
#13606 = DIRECTION('',(0.,0.,1.));
#13607 = ADVANCED_FACE('',(#13608),#13619,.F.);
#13608 = FACE_BOUND('',#13609,.F.);
#13609 = EDGE_LOOP('',(#13610,#13611,#13612,#13618));
#13610 = ORIENTED_EDGE('',*,*,#13597,.F.);
#13611 = ORIENTED_EDGE('',*,*,#6979,.T.);
#13612 = ORIENTED_EDGE('',*,*,#13613,.T.);
#13613 = EDGE_CURVE('',#6972,#3495,#13614,.T.);
#13614 = LINE('',#13615,#13616);
#13615 = CARTESIAN_POINT('',(0.6,3.,0.));
#13616 = VECTOR('',#13617,1.);
#13617 = DIRECTION('',(0.,0.,1.));
#13618 = ORIENTED_EDGE('',*,*,#3502,.F.);
#13619 = PLANE('',#13620);
#13620 = AXIS2_PLACEMENT_3D('',#13621,#13622,#13623);
#13621 = CARTESIAN_POINT('',(0.6,2.7,0.));
#13622 = DIRECTION('',(1.,0.,-0.));
#13623 = DIRECTION('',(0.,0.,1.));
#13624 = ADVANCED_FACE('',(#13625),#13636,.T.);
#13625 = FACE_BOUND('',#13626,.T.);
#13626 = EDGE_LOOP('',(#13627,#13628,#13629,#13635));
#13627 = ORIENTED_EDGE('',*,*,#13590,.F.);
#13628 = ORIENTED_EDGE('',*,*,#6963,.T.);
#13629 = ORIENTED_EDGE('',*,*,#13630,.T.);
#13630 = EDGE_CURVE('',#6964,#3487,#13631,.T.);
#13631 = LINE('',#13632,#13633);
#13632 = CARTESIAN_POINT('',(0.3,3.,0.));
#13633 = VECTOR('',#13634,1.);
#13634 = DIRECTION('',(0.,0.,1.));
#13635 = ORIENTED_EDGE('',*,*,#3486,.F.);
#13636 = PLANE('',#13637);
#13637 = AXIS2_PLACEMENT_3D('',#13638,#13639,#13640);
#13638 = CARTESIAN_POINT('',(0.3,2.7,0.));
#13639 = DIRECTION('',(1.,0.,-0.));
#13640 = DIRECTION('',(0.,0.,1.));
#13641 = ADVANCED_FACE('',(#13642),#13648,.F.);
#13642 = FACE_BOUND('',#13643,.F.);
#13643 = EDGE_LOOP('',(#13644,#13645,#13646,#13647));
#13644 = ORIENTED_EDGE('',*,*,#6971,.F.);
#13645 = ORIENTED_EDGE('',*,*,#13630,.T.);
#13646 = ORIENTED_EDGE('',*,*,#3494,.F.);
#13647 = ORIENTED_EDGE('',*,*,#13613,.F.);
#13648 = PLANE('',#13649);
#13649 = AXIS2_PLACEMENT_3D('',#13650,#13651,#13652);
#13650 = CARTESIAN_POINT('',(0.3,3.,0.));
#13651 = DIRECTION('',(-0.,1.,0.));
#13652 = DIRECTION('',(0.,0.,1.));
#13653 = ADVANCED_FACE('',(#13654),#13670,.T.);
#13654 = FACE_BOUND('',#13655,.T.);
#13655 = EDGE_LOOP('',(#13656,#13657,#13663,#13664));
#13656 = ORIENTED_EDGE('',*,*,#6987,.F.);
#13657 = ORIENTED_EDGE('',*,*,#13658,.T.);
#13658 = EDGE_CURVE('',#6988,#3513,#13659,.T.);
#13659 = LINE('',#13660,#13661);
#13660 = CARTESIAN_POINT('',(0.9,2.1,0.));
#13661 = VECTOR('',#13662,1.);
#13662 = DIRECTION('',(0.,0.,1.));
#13663 = ORIENTED_EDGE('',*,*,#3510,.F.);
#13664 = ORIENTED_EDGE('',*,*,#13665,.F.);
#13665 = EDGE_CURVE('',#6990,#3511,#13666,.T.);
#13666 = LINE('',#13667,#13668);
#13667 = CARTESIAN_POINT('',(1.2,2.1,0.));
#13668 = VECTOR('',#13669,1.);
#13669 = DIRECTION('',(0.,0.,1.));
#13670 = PLANE('',#13671);
#13671 = AXIS2_PLACEMENT_3D('',#13672,#13673,#13674);
#13672 = CARTESIAN_POINT('',(0.9,2.1,0.));
#13673 = DIRECTION('',(-0.,1.,0.));
#13674 = DIRECTION('',(0.,0.,1.));
#13675 = ADVANCED_FACE('',(#13676),#13687,.F.);
#13676 = FACE_BOUND('',#13677,.F.);
#13677 = EDGE_LOOP('',(#13678,#13679,#13680,#13686));
#13678 = ORIENTED_EDGE('',*,*,#13665,.F.);
#13679 = ORIENTED_EDGE('',*,*,#7013,.T.);
#13680 = ORIENTED_EDGE('',*,*,#13681,.T.);
#13681 = EDGE_CURVE('',#7006,#3529,#13682,.T.);
#13682 = LINE('',#13683,#13684);
#13683 = CARTESIAN_POINT('',(1.2,2.4,0.));
#13684 = VECTOR('',#13685,1.);
#13685 = DIRECTION('',(0.,0.,1.));
#13686 = ORIENTED_EDGE('',*,*,#3536,.F.);
#13687 = PLANE('',#13688);
#13688 = AXIS2_PLACEMENT_3D('',#13689,#13690,#13691);
#13689 = CARTESIAN_POINT('',(1.2,2.1,0.));
#13690 = DIRECTION('',(1.,0.,-0.));
#13691 = DIRECTION('',(0.,0.,1.));
#13692 = ADVANCED_FACE('',(#13693),#13704,.T.);
#13693 = FACE_BOUND('',#13694,.T.);
#13694 = EDGE_LOOP('',(#13695,#13696,#13697,#13703));
#13695 = ORIENTED_EDGE('',*,*,#13658,.F.);
#13696 = ORIENTED_EDGE('',*,*,#6997,.T.);
#13697 = ORIENTED_EDGE('',*,*,#13698,.T.);
#13698 = EDGE_CURVE('',#6998,#3521,#13699,.T.);
#13699 = LINE('',#13700,#13701);
#13700 = CARTESIAN_POINT('',(0.9,2.4,0.));
#13701 = VECTOR('',#13702,1.);
#13702 = DIRECTION('',(0.,0.,1.));
#13703 = ORIENTED_EDGE('',*,*,#3520,.F.);
#13704 = PLANE('',#13705);
#13705 = AXIS2_PLACEMENT_3D('',#13706,#13707,#13708);
#13706 = CARTESIAN_POINT('',(0.9,2.1,0.));
#13707 = DIRECTION('',(1.,0.,-0.));
#13708 = DIRECTION('',(0.,0.,1.));
#13709 = ADVANCED_FACE('',(#13710),#13716,.F.);
#13710 = FACE_BOUND('',#13711,.F.);
#13711 = EDGE_LOOP('',(#13712,#13713,#13714,#13715));
#13712 = ORIENTED_EDGE('',*,*,#7005,.F.);
#13713 = ORIENTED_EDGE('',*,*,#13698,.T.);
#13714 = ORIENTED_EDGE('',*,*,#3528,.F.);
#13715 = ORIENTED_EDGE('',*,*,#13681,.F.);
#13716 = PLANE('',#13717);
#13717 = AXIS2_PLACEMENT_3D('',#13718,#13719,#13720);
#13718 = CARTESIAN_POINT('',(0.9,2.4,0.));
#13719 = DIRECTION('',(-0.,1.,0.));
#13720 = DIRECTION('',(0.,0.,1.));
#13721 = ADVANCED_FACE('',(#13722),#13738,.T.);
#13722 = FACE_BOUND('',#13723,.T.);
#13723 = EDGE_LOOP('',(#13724,#13725,#13731,#13732));
#13724 = ORIENTED_EDGE('',*,*,#7021,.F.);
#13725 = ORIENTED_EDGE('',*,*,#13726,.T.);
#13726 = EDGE_CURVE('',#7022,#3547,#13727,.T.);
#13727 = LINE('',#13728,#13729);
#13728 = CARTESIAN_POINT('',(0.9,2.7,0.));
#13729 = VECTOR('',#13730,1.);
#13730 = DIRECTION('',(0.,0.,1.));
#13731 = ORIENTED_EDGE('',*,*,#3544,.F.);
#13732 = ORIENTED_EDGE('',*,*,#13733,.F.);
#13733 = EDGE_CURVE('',#7024,#3545,#13734,.T.);
#13734 = LINE('',#13735,#13736);
#13735 = CARTESIAN_POINT('',(1.2,2.7,0.));
#13736 = VECTOR('',#13737,1.);
#13737 = DIRECTION('',(0.,0.,1.));
#13738 = PLANE('',#13739);
#13739 = AXIS2_PLACEMENT_3D('',#13740,#13741,#13742);
#13740 = CARTESIAN_POINT('',(0.9,2.7,0.));
#13741 = DIRECTION('',(-0.,1.,0.));
#13742 = DIRECTION('',(0.,0.,1.));
#13743 = ADVANCED_FACE('',(#13744),#13755,.F.);
#13744 = FACE_BOUND('',#13745,.F.);
#13745 = EDGE_LOOP('',(#13746,#13747,#13748,#13754));
#13746 = ORIENTED_EDGE('',*,*,#13733,.F.);
#13747 = ORIENTED_EDGE('',*,*,#7047,.T.);
#13748 = ORIENTED_EDGE('',*,*,#13749,.T.);
#13749 = EDGE_CURVE('',#7040,#3563,#13750,.T.);
#13750 = LINE('',#13751,#13752);
#13751 = CARTESIAN_POINT('',(1.2,3.,0.));
#13752 = VECTOR('',#13753,1.);
#13753 = DIRECTION('',(0.,0.,1.));
#13754 = ORIENTED_EDGE('',*,*,#3570,.F.);
#13755 = PLANE('',#13756);
#13756 = AXIS2_PLACEMENT_3D('',#13757,#13758,#13759);
#13757 = CARTESIAN_POINT('',(1.2,2.7,0.));
#13758 = DIRECTION('',(1.,0.,-0.));
#13759 = DIRECTION('',(0.,0.,1.));
#13760 = ADVANCED_FACE('',(#13761),#13772,.T.);
#13761 = FACE_BOUND('',#13762,.T.);
#13762 = EDGE_LOOP('',(#13763,#13764,#13765,#13771));
#13763 = ORIENTED_EDGE('',*,*,#13726,.F.);
#13764 = ORIENTED_EDGE('',*,*,#7031,.T.);
#13765 = ORIENTED_EDGE('',*,*,#13766,.T.);
#13766 = EDGE_CURVE('',#7032,#3555,#13767,.T.);
#13767 = LINE('',#13768,#13769);
#13768 = CARTESIAN_POINT('',(0.9,3.,0.));
#13769 = VECTOR('',#13770,1.);
#13770 = DIRECTION('',(0.,0.,1.));
#13771 = ORIENTED_EDGE('',*,*,#3554,.F.);
#13772 = PLANE('',#13773);
#13773 = AXIS2_PLACEMENT_3D('',#13774,#13775,#13776);
#13774 = CARTESIAN_POINT('',(0.9,2.7,0.));
#13775 = DIRECTION('',(1.,0.,-0.));
#13776 = DIRECTION('',(0.,0.,1.));
#13777 = ADVANCED_FACE('',(#13778),#13784,.F.);
#13778 = FACE_BOUND('',#13779,.F.);
#13779 = EDGE_LOOP('',(#13780,#13781,#13782,#13783));
#13780 = ORIENTED_EDGE('',*,*,#7039,.F.);
#13781 = ORIENTED_EDGE('',*,*,#13766,.T.);
#13782 = ORIENTED_EDGE('',*,*,#3562,.F.);
#13783 = ORIENTED_EDGE('',*,*,#13749,.F.);
#13784 = PLANE('',#13785);
#13785 = AXIS2_PLACEMENT_3D('',#13786,#13787,#13788);
#13786 = CARTESIAN_POINT('',(0.9,3.,0.));
#13787 = DIRECTION('',(-0.,1.,0.));
#13788 = DIRECTION('',(0.,0.,1.));
#13789 = ADVANCED_FACE('',(#13790),#13806,.T.);
#13790 = FACE_BOUND('',#13791,.T.);
#13791 = EDGE_LOOP('',(#13792,#13793,#13799,#13800));
#13792 = ORIENTED_EDGE('',*,*,#7055,.F.);
#13793 = ORIENTED_EDGE('',*,*,#13794,.T.);
#13794 = EDGE_CURVE('',#7056,#3581,#13795,.T.);
#13795 = LINE('',#13796,#13797);
#13796 = CARTESIAN_POINT('',(1.5,1.5,0.));
#13797 = VECTOR('',#13798,1.);
#13798 = DIRECTION('',(0.,0.,1.));
#13799 = ORIENTED_EDGE('',*,*,#3578,.F.);
#13800 = ORIENTED_EDGE('',*,*,#13801,.F.);
#13801 = EDGE_CURVE('',#7058,#3579,#13802,.T.);
#13802 = LINE('',#13803,#13804);
#13803 = CARTESIAN_POINT('',(1.8,1.5,0.));
#13804 = VECTOR('',#13805,1.);
#13805 = DIRECTION('',(0.,0.,1.));
#13806 = PLANE('',#13807);
#13807 = AXIS2_PLACEMENT_3D('',#13808,#13809,#13810);
#13808 = CARTESIAN_POINT('',(1.5,1.5,0.));
#13809 = DIRECTION('',(-0.,1.,0.));
#13810 = DIRECTION('',(0.,0.,1.));
#13811 = ADVANCED_FACE('',(#13812),#13823,.F.);
#13812 = FACE_BOUND('',#13813,.F.);
#13813 = EDGE_LOOP('',(#13814,#13815,#13816,#13822));
#13814 = ORIENTED_EDGE('',*,*,#13801,.F.);
#13815 = ORIENTED_EDGE('',*,*,#7081,.T.);
#13816 = ORIENTED_EDGE('',*,*,#13817,.T.);
#13817 = EDGE_CURVE('',#7074,#3597,#13818,.T.);
#13818 = LINE('',#13819,#13820);
#13819 = CARTESIAN_POINT('',(1.8,1.8,0.));
#13820 = VECTOR('',#13821,1.);
#13821 = DIRECTION('',(0.,0.,1.));
#13822 = ORIENTED_EDGE('',*,*,#3604,.F.);
#13823 = PLANE('',#13824);
#13824 = AXIS2_PLACEMENT_3D('',#13825,#13826,#13827);
#13825 = CARTESIAN_POINT('',(1.8,1.5,0.));
#13826 = DIRECTION('',(1.,0.,-0.));
#13827 = DIRECTION('',(0.,0.,1.));
#13828 = ADVANCED_FACE('',(#13829),#13840,.T.);
#13829 = FACE_BOUND('',#13830,.T.);
#13830 = EDGE_LOOP('',(#13831,#13832,#13833,#13839));
#13831 = ORIENTED_EDGE('',*,*,#13794,.F.);
#13832 = ORIENTED_EDGE('',*,*,#7065,.T.);
#13833 = ORIENTED_EDGE('',*,*,#13834,.T.);
#13834 = EDGE_CURVE('',#7066,#3589,#13835,.T.);
#13835 = LINE('',#13836,#13837);
#13836 = CARTESIAN_POINT('',(1.5,1.8,0.));
#13837 = VECTOR('',#13838,1.);
#13838 = DIRECTION('',(0.,0.,1.));
#13839 = ORIENTED_EDGE('',*,*,#3588,.F.);
#13840 = PLANE('',#13841);
#13841 = AXIS2_PLACEMENT_3D('',#13842,#13843,#13844);
#13842 = CARTESIAN_POINT('',(1.5,1.5,0.));
#13843 = DIRECTION('',(1.,0.,-0.));
#13844 = DIRECTION('',(0.,0.,1.));
#13845 = ADVANCED_FACE('',(#13846),#13852,.F.);
#13846 = FACE_BOUND('',#13847,.F.);
#13847 = EDGE_LOOP('',(#13848,#13849,#13850,#13851));
#13848 = ORIENTED_EDGE('',*,*,#7073,.F.);
#13849 = ORIENTED_EDGE('',*,*,#13834,.T.);
#13850 = ORIENTED_EDGE('',*,*,#3596,.F.);
#13851 = ORIENTED_EDGE('',*,*,#13817,.F.);
#13852 = PLANE('',#13853);
#13853 = AXIS2_PLACEMENT_3D('',#13854,#13855,#13856);
#13854 = CARTESIAN_POINT('',(1.5,1.8,0.));
#13855 = DIRECTION('',(-0.,1.,0.));
#13856 = DIRECTION('',(0.,0.,1.));
#13857 = ADVANCED_FACE('',(#13858),#13874,.T.);
#13858 = FACE_BOUND('',#13859,.T.);
#13859 = EDGE_LOOP('',(#13860,#13861,#13867,#13868));
#13860 = ORIENTED_EDGE('',*,*,#7089,.F.);
#13861 = ORIENTED_EDGE('',*,*,#13862,.T.);
#13862 = EDGE_CURVE('',#7090,#3615,#13863,.T.);
#13863 = LINE('',#13864,#13865);
#13864 = CARTESIAN_POINT('',(2.1,1.5,0.));
#13865 = VECTOR('',#13866,1.);
#13866 = DIRECTION('',(0.,0.,1.));
#13867 = ORIENTED_EDGE('',*,*,#3612,.F.);
#13868 = ORIENTED_EDGE('',*,*,#13869,.F.);
#13869 = EDGE_CURVE('',#7092,#3613,#13870,.T.);
#13870 = LINE('',#13871,#13872);
#13871 = CARTESIAN_POINT('',(2.4,1.5,0.));
#13872 = VECTOR('',#13873,1.);
#13873 = DIRECTION('',(0.,0.,1.));
#13874 = PLANE('',#13875);
#13875 = AXIS2_PLACEMENT_3D('',#13876,#13877,#13878);
#13876 = CARTESIAN_POINT('',(2.1,1.5,0.));
#13877 = DIRECTION('',(-0.,1.,0.));
#13878 = DIRECTION('',(0.,0.,1.));
#13879 = ADVANCED_FACE('',(#13880),#13891,.F.);
#13880 = FACE_BOUND('',#13881,.F.);
#13881 = EDGE_LOOP('',(#13882,#13883,#13884,#13890));
#13882 = ORIENTED_EDGE('',*,*,#13869,.F.);
#13883 = ORIENTED_EDGE('',*,*,#7115,.T.);
#13884 = ORIENTED_EDGE('',*,*,#13885,.T.);
#13885 = EDGE_CURVE('',#7108,#3631,#13886,.T.);
#13886 = LINE('',#13887,#13888);
#13887 = CARTESIAN_POINT('',(2.4,1.8,0.));
#13888 = VECTOR('',#13889,1.);
#13889 = DIRECTION('',(0.,0.,1.));
#13890 = ORIENTED_EDGE('',*,*,#3638,.F.);
#13891 = PLANE('',#13892);
#13892 = AXIS2_PLACEMENT_3D('',#13893,#13894,#13895);
#13893 = CARTESIAN_POINT('',(2.4,1.5,0.));
#13894 = DIRECTION('',(1.,0.,-0.));
#13895 = DIRECTION('',(0.,0.,1.));
#13896 = ADVANCED_FACE('',(#13897),#13908,.T.);
#13897 = FACE_BOUND('',#13898,.T.);
#13898 = EDGE_LOOP('',(#13899,#13900,#13901,#13907));
#13899 = ORIENTED_EDGE('',*,*,#13862,.F.);
#13900 = ORIENTED_EDGE('',*,*,#7099,.T.);
#13901 = ORIENTED_EDGE('',*,*,#13902,.T.);
#13902 = EDGE_CURVE('',#7100,#3623,#13903,.T.);
#13903 = LINE('',#13904,#13905);
#13904 = CARTESIAN_POINT('',(2.1,1.8,0.));
#13905 = VECTOR('',#13906,1.);
#13906 = DIRECTION('',(0.,0.,1.));
#13907 = ORIENTED_EDGE('',*,*,#3622,.F.);
#13908 = PLANE('',#13909);
#13909 = AXIS2_PLACEMENT_3D('',#13910,#13911,#13912);
#13910 = CARTESIAN_POINT('',(2.1,1.5,0.));
#13911 = DIRECTION('',(1.,0.,-0.));
#13912 = DIRECTION('',(0.,0.,1.));
#13913 = ADVANCED_FACE('',(#13914),#13920,.F.);
#13914 = FACE_BOUND('',#13915,.F.);
#13915 = EDGE_LOOP('',(#13916,#13917,#13918,#13919));
#13916 = ORIENTED_EDGE('',*,*,#7107,.F.);
#13917 = ORIENTED_EDGE('',*,*,#13902,.T.);
#13918 = ORIENTED_EDGE('',*,*,#3630,.F.);
#13919 = ORIENTED_EDGE('',*,*,#13885,.F.);
#13920 = PLANE('',#13921);
#13921 = AXIS2_PLACEMENT_3D('',#13922,#13923,#13924);
#13922 = CARTESIAN_POINT('',(2.1,1.8,0.));
#13923 = DIRECTION('',(-0.,1.,0.));
#13924 = DIRECTION('',(0.,0.,1.));
#13925 = ADVANCED_FACE('',(#13926),#13942,.T.);
#13926 = FACE_BOUND('',#13927,.T.);
#13927 = EDGE_LOOP('',(#13928,#13929,#13935,#13936));
#13928 = ORIENTED_EDGE('',*,*,#7123,.F.);
#13929 = ORIENTED_EDGE('',*,*,#13930,.T.);
#13930 = EDGE_CURVE('',#7124,#3649,#13931,.T.);
#13931 = LINE('',#13932,#13933);
#13932 = CARTESIAN_POINT('',(2.7,1.5,0.));
#13933 = VECTOR('',#13934,1.);
#13934 = DIRECTION('',(0.,0.,1.));
#13935 = ORIENTED_EDGE('',*,*,#3646,.F.);
#13936 = ORIENTED_EDGE('',*,*,#13937,.F.);
#13937 = EDGE_CURVE('',#7126,#3647,#13938,.T.);
#13938 = LINE('',#13939,#13940);
#13939 = CARTESIAN_POINT('',(3.,1.5,0.));
#13940 = VECTOR('',#13941,1.);
#13941 = DIRECTION('',(0.,0.,1.));
#13942 = PLANE('',#13943);
#13943 = AXIS2_PLACEMENT_3D('',#13944,#13945,#13946);
#13944 = CARTESIAN_POINT('',(2.7,1.5,0.));
#13945 = DIRECTION('',(-0.,1.,0.));
#13946 = DIRECTION('',(0.,0.,1.));
#13947 = ADVANCED_FACE('',(#13948),#13959,.F.);
#13948 = FACE_BOUND('',#13949,.F.);
#13949 = EDGE_LOOP('',(#13950,#13951,#13952,#13958));
#13950 = ORIENTED_EDGE('',*,*,#13937,.F.);
#13951 = ORIENTED_EDGE('',*,*,#7149,.T.);
#13952 = ORIENTED_EDGE('',*,*,#13953,.T.);
#13953 = EDGE_CURVE('',#7142,#3665,#13954,.T.);
#13954 = LINE('',#13955,#13956);
#13955 = CARTESIAN_POINT('',(3.,1.8,0.));
#13956 = VECTOR('',#13957,1.);
#13957 = DIRECTION('',(0.,0.,1.));
#13958 = ORIENTED_EDGE('',*,*,#3672,.F.);
#13959 = PLANE('',#13960);
#13960 = AXIS2_PLACEMENT_3D('',#13961,#13962,#13963);
#13961 = CARTESIAN_POINT('',(3.,1.5,0.));
#13962 = DIRECTION('',(1.,0.,-0.));
#13963 = DIRECTION('',(0.,0.,1.));
#13964 = ADVANCED_FACE('',(#13965),#13976,.F.);
#13965 = FACE_BOUND('',#13966,.F.);
#13966 = EDGE_LOOP('',(#13967,#13968,#13974,#13975));
#13967 = ORIENTED_EDGE('',*,*,#7141,.F.);
#13968 = ORIENTED_EDGE('',*,*,#13969,.T.);
#13969 = EDGE_CURVE('',#7134,#3657,#13970,.T.);
#13970 = LINE('',#13971,#13972);
#13971 = CARTESIAN_POINT('',(2.7,1.8,0.));
#13972 = VECTOR('',#13973,1.);
#13973 = DIRECTION('',(0.,0.,1.));
#13974 = ORIENTED_EDGE('',*,*,#3664,.F.);
#13975 = ORIENTED_EDGE('',*,*,#13953,.F.);
#13976 = PLANE('',#13977);
#13977 = AXIS2_PLACEMENT_3D('',#13978,#13979,#13980);
#13978 = CARTESIAN_POINT('',(2.7,1.8,0.));
#13979 = DIRECTION('',(-0.,1.,0.));
#13980 = DIRECTION('',(0.,0.,1.));
#13981 = ADVANCED_FACE('',(#13982),#13988,.T.);
#13982 = FACE_BOUND('',#13983,.T.);
#13983 = EDGE_LOOP('',(#13984,#13985,#13986,#13987));
#13984 = ORIENTED_EDGE('',*,*,#13930,.F.);
#13985 = ORIENTED_EDGE('',*,*,#7133,.T.);
#13986 = ORIENTED_EDGE('',*,*,#13969,.T.);
#13987 = ORIENTED_EDGE('',*,*,#3656,.F.);
#13988 = PLANE('',#13989);
#13989 = AXIS2_PLACEMENT_3D('',#13990,#13991,#13992);
#13990 = CARTESIAN_POINT('',(2.7,1.5,0.));
#13991 = DIRECTION('',(1.,0.,-0.));
#13992 = DIRECTION('',(0.,0.,1.));
#13993 = ADVANCED_FACE('',(#13994),#14010,.T.);
#13994 = FACE_BOUND('',#13995,.T.);
#13995 = EDGE_LOOP('',(#13996,#13997,#14003,#14004));
#13996 = ORIENTED_EDGE('',*,*,#7157,.F.);
#13997 = ORIENTED_EDGE('',*,*,#13998,.T.);
#13998 = EDGE_CURVE('',#7158,#3683,#13999,.T.);
#13999 = LINE('',#14000,#14001);
#14000 = CARTESIAN_POINT('',(1.5,2.1,0.));
#14001 = VECTOR('',#14002,1.);
#14002 = DIRECTION('',(0.,0.,1.));
#14003 = ORIENTED_EDGE('',*,*,#3680,.F.);
#14004 = ORIENTED_EDGE('',*,*,#14005,.F.);
#14005 = EDGE_CURVE('',#7160,#3681,#14006,.T.);
#14006 = LINE('',#14007,#14008);
#14007 = CARTESIAN_POINT('',(1.8,2.1,0.));
#14008 = VECTOR('',#14009,1.);
#14009 = DIRECTION('',(0.,0.,1.));
#14010 = PLANE('',#14011);
#14011 = AXIS2_PLACEMENT_3D('',#14012,#14013,#14014);
#14012 = CARTESIAN_POINT('',(1.5,2.1,0.));
#14013 = DIRECTION('',(-0.,1.,0.));
#14014 = DIRECTION('',(0.,0.,1.));
#14015 = ADVANCED_FACE('',(#14016),#14027,.F.);
#14016 = FACE_BOUND('',#14017,.F.);
#14017 = EDGE_LOOP('',(#14018,#14019,#14020,#14026));
#14018 = ORIENTED_EDGE('',*,*,#14005,.F.);
#14019 = ORIENTED_EDGE('',*,*,#7183,.T.);
#14020 = ORIENTED_EDGE('',*,*,#14021,.T.);
#14021 = EDGE_CURVE('',#7176,#3699,#14022,.T.);
#14022 = LINE('',#14023,#14024);
#14023 = CARTESIAN_POINT('',(1.8,2.4,0.));
#14024 = VECTOR('',#14025,1.);
#14025 = DIRECTION('',(0.,0.,1.));
#14026 = ORIENTED_EDGE('',*,*,#3706,.F.);
#14027 = PLANE('',#14028);
#14028 = AXIS2_PLACEMENT_3D('',#14029,#14030,#14031);
#14029 = CARTESIAN_POINT('',(1.8,2.1,0.));
#14030 = DIRECTION('',(1.,0.,-0.));
#14031 = DIRECTION('',(0.,0.,1.));
#14032 = ADVANCED_FACE('',(#14033),#14044,.T.);
#14033 = FACE_BOUND('',#14034,.T.);
#14034 = EDGE_LOOP('',(#14035,#14036,#14037,#14043));
#14035 = ORIENTED_EDGE('',*,*,#13998,.F.);
#14036 = ORIENTED_EDGE('',*,*,#7167,.T.);
#14037 = ORIENTED_EDGE('',*,*,#14038,.T.);
#14038 = EDGE_CURVE('',#7168,#3691,#14039,.T.);
#14039 = LINE('',#14040,#14041);
#14040 = CARTESIAN_POINT('',(1.5,2.4,0.));
#14041 = VECTOR('',#14042,1.);
#14042 = DIRECTION('',(0.,0.,1.));
#14043 = ORIENTED_EDGE('',*,*,#3690,.F.);
#14044 = PLANE('',#14045);
#14045 = AXIS2_PLACEMENT_3D('',#14046,#14047,#14048);
#14046 = CARTESIAN_POINT('',(1.5,2.1,0.));
#14047 = DIRECTION('',(1.,0.,-0.));
#14048 = DIRECTION('',(0.,0.,1.));
#14049 = ADVANCED_FACE('',(#14050),#14056,.F.);
#14050 = FACE_BOUND('',#14051,.F.);
#14051 = EDGE_LOOP('',(#14052,#14053,#14054,#14055));
#14052 = ORIENTED_EDGE('',*,*,#7175,.F.);
#14053 = ORIENTED_EDGE('',*,*,#14038,.T.);
#14054 = ORIENTED_EDGE('',*,*,#3698,.F.);
#14055 = ORIENTED_EDGE('',*,*,#14021,.F.);
#14056 = PLANE('',#14057);
#14057 = AXIS2_PLACEMENT_3D('',#14058,#14059,#14060);
#14058 = CARTESIAN_POINT('',(1.5,2.4,0.));
#14059 = DIRECTION('',(-0.,1.,0.));
#14060 = DIRECTION('',(0.,0.,1.));
#14061 = ADVANCED_FACE('',(#14062),#14078,.T.);
#14062 = FACE_BOUND('',#14063,.T.);
#14063 = EDGE_LOOP('',(#14064,#14065,#14071,#14072));
#14064 = ORIENTED_EDGE('',*,*,#7191,.F.);
#14065 = ORIENTED_EDGE('',*,*,#14066,.T.);
#14066 = EDGE_CURVE('',#7192,#3717,#14067,.T.);
#14067 = LINE('',#14068,#14069);
#14068 = CARTESIAN_POINT('',(1.5,2.7,0.));
#14069 = VECTOR('',#14070,1.);
#14070 = DIRECTION('',(0.,0.,1.));
#14071 = ORIENTED_EDGE('',*,*,#3714,.F.);
#14072 = ORIENTED_EDGE('',*,*,#14073,.F.);
#14073 = EDGE_CURVE('',#7194,#3715,#14074,.T.);
#14074 = LINE('',#14075,#14076);
#14075 = CARTESIAN_POINT('',(1.8,2.7,0.));
#14076 = VECTOR('',#14077,1.);
#14077 = DIRECTION('',(0.,0.,1.));
#14078 = PLANE('',#14079);
#14079 = AXIS2_PLACEMENT_3D('',#14080,#14081,#14082);
#14080 = CARTESIAN_POINT('',(1.5,2.7,0.));
#14081 = DIRECTION('',(-0.,1.,0.));
#14082 = DIRECTION('',(0.,0.,1.));
#14083 = ADVANCED_FACE('',(#14084),#14095,.F.);
#14084 = FACE_BOUND('',#14085,.F.);
#14085 = EDGE_LOOP('',(#14086,#14087,#14088,#14094));
#14086 = ORIENTED_EDGE('',*,*,#14073,.F.);
#14087 = ORIENTED_EDGE('',*,*,#7217,.T.);
#14088 = ORIENTED_EDGE('',*,*,#14089,.T.);
#14089 = EDGE_CURVE('',#7210,#3733,#14090,.T.);
#14090 = LINE('',#14091,#14092);
#14091 = CARTESIAN_POINT('',(1.8,3.,0.));
#14092 = VECTOR('',#14093,1.);
#14093 = DIRECTION('',(0.,0.,1.));
#14094 = ORIENTED_EDGE('',*,*,#3740,.F.);
#14095 = PLANE('',#14096);
#14096 = AXIS2_PLACEMENT_3D('',#14097,#14098,#14099);
#14097 = CARTESIAN_POINT('',(1.8,2.7,0.));
#14098 = DIRECTION('',(1.,0.,-0.));
#14099 = DIRECTION('',(0.,0.,1.));
#14100 = ADVANCED_FACE('',(#14101),#14112,.T.);
#14101 = FACE_BOUND('',#14102,.T.);
#14102 = EDGE_LOOP('',(#14103,#14104,#14105,#14111));
#14103 = ORIENTED_EDGE('',*,*,#14066,.F.);
#14104 = ORIENTED_EDGE('',*,*,#7201,.T.);
#14105 = ORIENTED_EDGE('',*,*,#14106,.T.);
#14106 = EDGE_CURVE('',#7202,#3725,#14107,.T.);
#14107 = LINE('',#14108,#14109);
#14108 = CARTESIAN_POINT('',(1.5,3.,0.));
#14109 = VECTOR('',#14110,1.);
#14110 = DIRECTION('',(0.,0.,1.));
#14111 = ORIENTED_EDGE('',*,*,#3724,.F.);
#14112 = PLANE('',#14113);
#14113 = AXIS2_PLACEMENT_3D('',#14114,#14115,#14116);
#14114 = CARTESIAN_POINT('',(1.5,2.7,0.));
#14115 = DIRECTION('',(1.,0.,-0.));
#14116 = DIRECTION('',(0.,0.,1.));
#14117 = ADVANCED_FACE('',(#14118),#14124,.F.);
#14118 = FACE_BOUND('',#14119,.F.);
#14119 = EDGE_LOOP('',(#14120,#14121,#14122,#14123));
#14120 = ORIENTED_EDGE('',*,*,#7209,.F.);
#14121 = ORIENTED_EDGE('',*,*,#14106,.T.);
#14122 = ORIENTED_EDGE('',*,*,#3732,.F.);
#14123 = ORIENTED_EDGE('',*,*,#14089,.F.);
#14124 = PLANE('',#14125);
#14125 = AXIS2_PLACEMENT_3D('',#14126,#14127,#14128);
#14126 = CARTESIAN_POINT('',(1.5,3.,0.));
#14127 = DIRECTION('',(-0.,1.,0.));
#14128 = DIRECTION('',(0.,0.,1.));
#14129 = ADVANCED_FACE('',(#14130),#14146,.T.);
#14130 = FACE_BOUND('',#14131,.T.);
#14131 = EDGE_LOOP('',(#14132,#14133,#14139,#14140));
#14132 = ORIENTED_EDGE('',*,*,#7225,.F.);
#14133 = ORIENTED_EDGE('',*,*,#14134,.T.);
#14134 = EDGE_CURVE('',#7226,#3751,#14135,.T.);
#14135 = LINE('',#14136,#14137);
#14136 = CARTESIAN_POINT('',(2.1,2.1,0.));
#14137 = VECTOR('',#14138,1.);
#14138 = DIRECTION('',(0.,0.,1.));
#14139 = ORIENTED_EDGE('',*,*,#3748,.F.);
#14140 = ORIENTED_EDGE('',*,*,#14141,.F.);
#14141 = EDGE_CURVE('',#7228,#3749,#14142,.T.);
#14142 = LINE('',#14143,#14144);
#14143 = CARTESIAN_POINT('',(2.4,2.1,0.));
#14144 = VECTOR('',#14145,1.);
#14145 = DIRECTION('',(0.,0.,1.));
#14146 = PLANE('',#14147);
#14147 = AXIS2_PLACEMENT_3D('',#14148,#14149,#14150);
#14148 = CARTESIAN_POINT('',(2.1,2.1,0.));
#14149 = DIRECTION('',(-0.,1.,0.));
#14150 = DIRECTION('',(0.,0.,1.));
#14151 = ADVANCED_FACE('',(#14152),#14163,.F.);
#14152 = FACE_BOUND('',#14153,.F.);
#14153 = EDGE_LOOP('',(#14154,#14155,#14156,#14162));
#14154 = ORIENTED_EDGE('',*,*,#14141,.F.);
#14155 = ORIENTED_EDGE('',*,*,#7251,.T.);
#14156 = ORIENTED_EDGE('',*,*,#14157,.T.);
#14157 = EDGE_CURVE('',#7244,#3767,#14158,.T.);
#14158 = LINE('',#14159,#14160);
#14159 = CARTESIAN_POINT('',(2.4,2.4,0.));
#14160 = VECTOR('',#14161,1.);
#14161 = DIRECTION('',(0.,0.,1.));
#14162 = ORIENTED_EDGE('',*,*,#3774,.F.);
#14163 = PLANE('',#14164);
#14164 = AXIS2_PLACEMENT_3D('',#14165,#14166,#14167);
#14165 = CARTESIAN_POINT('',(2.4,2.1,0.));
#14166 = DIRECTION('',(1.,0.,-0.));
#14167 = DIRECTION('',(0.,0.,1.));
#14168 = ADVANCED_FACE('',(#14169),#14180,.T.);
#14169 = FACE_BOUND('',#14170,.T.);
#14170 = EDGE_LOOP('',(#14171,#14172,#14173,#14179));
#14171 = ORIENTED_EDGE('',*,*,#14134,.F.);
#14172 = ORIENTED_EDGE('',*,*,#7235,.T.);
#14173 = ORIENTED_EDGE('',*,*,#14174,.T.);
#14174 = EDGE_CURVE('',#7236,#3759,#14175,.T.);
#14175 = LINE('',#14176,#14177);
#14176 = CARTESIAN_POINT('',(2.1,2.4,0.));
#14177 = VECTOR('',#14178,1.);
#14178 = DIRECTION('',(0.,0.,1.));
#14179 = ORIENTED_EDGE('',*,*,#3758,.F.);
#14180 = PLANE('',#14181);
#14181 = AXIS2_PLACEMENT_3D('',#14182,#14183,#14184);
#14182 = CARTESIAN_POINT('',(2.1,2.1,0.));
#14183 = DIRECTION('',(1.,0.,-0.));
#14184 = DIRECTION('',(0.,0.,1.));
#14185 = ADVANCED_FACE('',(#14186),#14192,.F.);
#14186 = FACE_BOUND('',#14187,.F.);
#14187 = EDGE_LOOP('',(#14188,#14189,#14190,#14191));
#14188 = ORIENTED_EDGE('',*,*,#7243,.F.);
#14189 = ORIENTED_EDGE('',*,*,#14174,.T.);
#14190 = ORIENTED_EDGE('',*,*,#3766,.F.);
#14191 = ORIENTED_EDGE('',*,*,#14157,.F.);
#14192 = PLANE('',#14193);
#14193 = AXIS2_PLACEMENT_3D('',#14194,#14195,#14196);
#14194 = CARTESIAN_POINT('',(2.1,2.4,0.));
#14195 = DIRECTION('',(-0.,1.,0.));
#14196 = DIRECTION('',(0.,0.,1.));
#14197 = ( GEOMETRIC_REPRESENTATION_CONTEXT(3) 
GLOBAL_UNCERTAINTY_ASSIGNED_CONTEXT((#14201)) 
GLOBAL_UNIT_ASSIGNED_CONTEXT((#14198,#14199,#14200)) 
REPRESENTATION_CONTEXT('Context #1',
  '3D Context with UNIT and UNCERTAINTY') );
#14198 = ( LENGTH_UNIT() NAMED_UNIT(*) SI_UNIT(.MILLI.,.METRE.) );
#14199 = ( NAMED_UNIT(*) PLANE_ANGLE_UNIT() SI_UNIT($,.RADIAN.) );
#14200 = ( NAMED_UNIT(*) SI_UNIT($,.STERADIAN.) SOLID_ANGLE_UNIT() );
#14201 = UNCERTAINTY_MEASURE_WITH_UNIT(LENGTH_MEASURE(1.E-07),#14198,
  'distance_accuracy_value','confusion accuracy');
#14202 = CONTEXT_DEPENDENT_SHAPE_REPRESENTATION(#14203,#14205);
#14203 = ( REPRESENTATION_RELATIONSHIP('','',#271,#10) 
REPRESENTATION_RELATIONSHIP_WITH_TRANSFORMATION(#14204) 
SHAPE_REPRESENTATION_RELATIONSHIP() );
#14204 = ITEM_DEFINED_TRANSFORMATION('','',#11,#19);
#14205 = PRODUCT_DEFINITION_SHAPE('Placement','Placement of an item',
  #14206);
#14206 = NEXT_ASSEMBLY_USAGE_OCCURRENCE('8','GrillDeepMesh','',#5,#266,$
  );
#14207 = PRODUCT_RELATED_PRODUCT_CATEGORY('part',$,(#268));
#14208 = SHAPE_DEFINITION_REPRESENTATION(#14209,#14215);
#14209 = PRODUCT_DEFINITION_SHAPE('','',#14210);
#14210 = PRODUCT_DEFINITION('design','',#14211,#14214);
#14211 = PRODUCT_DEFINITION_FORMATION('','',#14212);
#14212 = PRODUCT('BodyFillet','BodyFillet','',(#14213));
#14213 = PRODUCT_CONTEXT('',#2,'mechanical');
#14214 = PRODUCT_DEFINITION_CONTEXT('part definition',#2,'design');
#14215 = ADVANCED_BREP_SHAPE_REPRESENTATION('',(#11,#14216),#14366);
#14216 = MANIFOLD_SOLID_BREP('',#14217);
#14217 = CLOSED_SHELL('',(#14218,#14251,#14277,#14286,#14306,#14332,
    #14357));
#14218 = ADVANCED_FACE('',(#14219),#14246,.T.);
#14219 = FACE_BOUND('',#14220,.T.);
#14220 = EDGE_LOOP('',(#14221,#14231,#14238,#14239));
#14221 = ORIENTED_EDGE('',*,*,#14222,.T.);
#14222 = EDGE_CURVE('',#14223,#14225,#14227,.T.);
#14223 = VERTEX_POINT('',#14224);
#14224 = CARTESIAN_POINT('',(6.,-1.469576158977E-15,0.));
#14225 = VERTEX_POINT('',#14226);
#14226 = CARTESIAN_POINT('',(6.,0.,12.4));
#14227 = LINE('',#14228,#14229);
#14228 = CARTESIAN_POINT('',(6.,-1.469576158977E-15,0.));
#14229 = VECTOR('',#14230,1.);
#14230 = DIRECTION('',(0.,0.,1.));
#14231 = ORIENTED_EDGE('',*,*,#14232,.F.);
#14232 = EDGE_CURVE('',#14225,#14225,#14233,.T.);
#14233 = CIRCLE('',#14234,6.);
#14234 = AXIS2_PLACEMENT_3D('',#14235,#14236,#14237);
#14235 = CARTESIAN_POINT('',(0.,0.,12.4));
#14236 = DIRECTION('',(0.,0.,1.));
#14237 = DIRECTION('',(1.,0.,-0.));
#14238 = ORIENTED_EDGE('',*,*,#14222,.F.);
#14239 = ORIENTED_EDGE('',*,*,#14240,.T.);
#14240 = EDGE_CURVE('',#14223,#14223,#14241,.T.);
#14241 = CIRCLE('',#14242,6.);
#14242 = AXIS2_PLACEMENT_3D('',#14243,#14244,#14245);
#14243 = CARTESIAN_POINT('',(0.,0.,0.));
#14244 = DIRECTION('',(0.,0.,1.));
#14245 = DIRECTION('',(1.,0.,-0.));
#14246 = CYLINDRICAL_SURFACE('',#14247,6.);
#14247 = AXIS2_PLACEMENT_3D('',#14248,#14249,#14250);
#14248 = CARTESIAN_POINT('',(0.,0.,0.));
#14249 = DIRECTION('',(0.,0.,1.));
#14250 = DIRECTION('',(1.,0.,-0.));
#14251 = ADVANCED_FACE('',(#14252),#14272,.T.);
#14252 = FACE_BOUND('',#14253,.T.);
#14253 = EDGE_LOOP('',(#14254,#14263,#14264,#14265));
#14254 = ORIENTED_EDGE('',*,*,#14255,.F.);
#14255 = EDGE_CURVE('',#14225,#14256,#14258,.T.);
#14256 = VERTEX_POINT('',#14257);
#14257 = CARTESIAN_POINT('',(5.4,0.,13.));
#14258 = CIRCLE('',#14259,0.6);
#14259 = AXIS2_PLACEMENT_3D('',#14260,#14261,#14262);
#14260 = CARTESIAN_POINT('',(5.4,0.,12.4));
#14261 = DIRECTION('',(0.,-1.,0.));
#14262 = DIRECTION('',(1.,0.,0.));
#14263 = ORIENTED_EDGE('',*,*,#14232,.T.);
#14264 = ORIENTED_EDGE('',*,*,#14255,.T.);
#14265 = ORIENTED_EDGE('',*,*,#14266,.F.);
#14266 = EDGE_CURVE('',#14256,#14256,#14267,.T.);
#14267 = CIRCLE('',#14268,5.4);
#14268 = AXIS2_PLACEMENT_3D('',#14269,#14270,#14271);
#14269 = CARTESIAN_POINT('',(0.,0.,13.));
#14270 = DIRECTION('',(0.,0.,1.));
#14271 = DIRECTION('',(1.,0.,-0.));
#14272 = TOROIDAL_SURFACE('',#14273,5.4,0.6);
#14273 = AXIS2_PLACEMENT_3D('',#14274,#14275,#14276);
#14274 = CARTESIAN_POINT('',(0.,0.,12.4));
#14275 = DIRECTION('',(0.,0.,1.));
#14276 = DIRECTION('',(1.,0.,-0.));
#14277 = ADVANCED_FACE('',(#14278),#14281,.F.);
#14278 = FACE_BOUND('',#14279,.T.);
#14279 = EDGE_LOOP('',(#14280));
#14280 = ORIENTED_EDGE('',*,*,#14240,.F.);
#14281 = PLANE('',#14282);
#14282 = AXIS2_PLACEMENT_3D('',#14283,#14284,#14285);
#14283 = CARTESIAN_POINT('',(0.,0.,0.));
#14284 = DIRECTION('',(0.,0.,1.));
#14285 = DIRECTION('',(1.,0.,-0.));
#14286 = ADVANCED_FACE('',(#14287,#14290),#14301,.T.);
#14287 = FACE_BOUND('',#14288,.T.);
#14288 = EDGE_LOOP('',(#14289));
#14289 = ORIENTED_EDGE('',*,*,#14266,.T.);
#14290 = FACE_BOUND('',#14291,.T.);
#14291 = EDGE_LOOP('',(#14292));
#14292 = ORIENTED_EDGE('',*,*,#14293,.F.);
#14293 = EDGE_CURVE('',#14294,#14294,#14296,.T.);
#14294 = VERTEX_POINT('',#14295);
#14295 = CARTESIAN_POINT('',(4.35,0.,13.));
#14296 = CIRCLE('',#14297,4.35);
#14297 = AXIS2_PLACEMENT_3D('',#14298,#14299,#14300);
#14298 = CARTESIAN_POINT('',(0.,0.,13.));
#14299 = DIRECTION('',(0.,0.,1.));
#14300 = DIRECTION('',(1.,0.,-0.));
#14301 = PLANE('',#14302);
#14302 = AXIS2_PLACEMENT_3D('',#14303,#14304,#14305);
#14303 = CARTESIAN_POINT('',(0.,0.,13.));
#14304 = DIRECTION('',(0.,0.,1.));
#14305 = DIRECTION('',(1.,0.,-0.));
#14306 = ADVANCED_FACE('',(#14307),#14327,.T.);
#14307 = FACE_BOUND('',#14308,.T.);
#14308 = EDGE_LOOP('',(#14309,#14318,#14319,#14320));
#14309 = ORIENTED_EDGE('',*,*,#14310,.F.);
#14310 = EDGE_CURVE('',#14294,#14311,#14313,.T.);
#14311 = VERTEX_POINT('',#14312);
#14312 = CARTESIAN_POINT('',(3.75,0.,12.4));
#14313 = CIRCLE('',#14314,0.6);
#14314 = AXIS2_PLACEMENT_3D('',#14315,#14316,#14317);
#14315 = CARTESIAN_POINT('',(4.35,0.,12.4));
#14316 = DIRECTION('',(0.,-1.,0.));
#14317 = DIRECTION('',(1.,0.,0.));
#14318 = ORIENTED_EDGE('',*,*,#14293,.T.);
#14319 = ORIENTED_EDGE('',*,*,#14310,.T.);
#14320 = ORIENTED_EDGE('',*,*,#14321,.F.);
#14321 = EDGE_CURVE('',#14311,#14311,#14322,.T.);
#14322 = CIRCLE('',#14323,3.75);
#14323 = AXIS2_PLACEMENT_3D('',#14324,#14325,#14326);
#14324 = CARTESIAN_POINT('',(0.,0.,12.4));
#14325 = DIRECTION('',(0.,0.,1.));
#14326 = DIRECTION('',(1.,0.,-0.));
#14327 = TOROIDAL_SURFACE('',#14328,4.35,0.6);
#14328 = AXIS2_PLACEMENT_3D('',#14329,#14330,#14331);
#14329 = CARTESIAN_POINT('',(0.,0.,12.4));
#14330 = DIRECTION('',(0.,0.,1.));
#14331 = DIRECTION('',(1.,0.,-0.));
#14332 = ADVANCED_FACE('',(#14333),#14352,.F.);
#14333 = FACE_BOUND('',#14334,.F.);
#14334 = EDGE_LOOP('',(#14335,#14343,#14344,#14345));
#14335 = ORIENTED_EDGE('',*,*,#14336,.T.);
#14336 = EDGE_CURVE('',#14337,#14311,#14339,.T.);
#14337 = VERTEX_POINT('',#14338);
#14338 = CARTESIAN_POINT('',(3.75,-9.184850993605E-16,11.8));
#14339 = LINE('',#14340,#14341);
#14340 = CARTESIAN_POINT('',(3.75,-9.184850993605E-16,11.8));
#14341 = VECTOR('',#14342,1.);
#14342 = DIRECTION('',(0.,0.,1.));
#14343 = ORIENTED_EDGE('',*,*,#14321,.F.);
#14344 = ORIENTED_EDGE('',*,*,#14336,.F.);
#14345 = ORIENTED_EDGE('',*,*,#14346,.T.);
#14346 = EDGE_CURVE('',#14337,#14337,#14347,.T.);
#14347 = CIRCLE('',#14348,3.75);
#14348 = AXIS2_PLACEMENT_3D('',#14349,#14350,#14351);
#14349 = CARTESIAN_POINT('',(0.,0.,11.8));
#14350 = DIRECTION('',(0.,0.,1.));
#14351 = DIRECTION('',(1.,0.,-0.));
#14352 = CYLINDRICAL_SURFACE('',#14353,3.75);
#14353 = AXIS2_PLACEMENT_3D('',#14354,#14355,#14356);
#14354 = CARTESIAN_POINT('',(0.,0.,11.8));
#14355 = DIRECTION('',(0.,0.,1.));
#14356 = DIRECTION('',(1.,0.,-0.));
#14357 = ADVANCED_FACE('',(#14358),#14361,.T.);
#14358 = FACE_BOUND('',#14359,.F.);
#14359 = EDGE_LOOP('',(#14360));
#14360 = ORIENTED_EDGE('',*,*,#14346,.F.);
#14361 = PLANE('',#14362);
#14362 = AXIS2_PLACEMENT_3D('',#14363,#14364,#14365);
#14363 = CARTESIAN_POINT('',(0.,0.,11.8));
#14364 = DIRECTION('',(0.,0.,1.));
#14365 = DIRECTION('',(1.,0.,-0.));
#14366 = ( GEOMETRIC_REPRESENTATION_CONTEXT(3) 
GLOBAL_UNCERTAINTY_ASSIGNED_CONTEXT((#14370)) 
GLOBAL_UNIT_ASSIGNED_CONTEXT((#14367,#14368,#14369)) 
REPRESENTATION_CONTEXT('Context #1',
  '3D Context with UNIT and UNCERTAINTY') );
#14367 = ( LENGTH_UNIT() NAMED_UNIT(*) SI_UNIT(.MILLI.,.METRE.) );
#14368 = ( NAMED_UNIT(*) PLANE_ANGLE_UNIT() SI_UNIT($,.RADIAN.) );
#14369 = ( NAMED_UNIT(*) SI_UNIT($,.STERADIAN.) SOLID_ANGLE_UNIT() );
#14370 = UNCERTAINTY_MEASURE_WITH_UNIT(LENGTH_MEASURE(1.E-07),#14367,
  'distance_accuracy_value','confusion accuracy');
#14371 = CONTEXT_DEPENDENT_SHAPE_REPRESENTATION(#14372,#14374);
#14372 = ( REPRESENTATION_RELATIONSHIP('','',#14215,#10) 
REPRESENTATION_RELATIONSHIP_WITH_TRANSFORMATION(#14373) 
SHAPE_REPRESENTATION_RELATIONSHIP() );
#14373 = ITEM_DEFINED_TRANSFORMATION('','',#11,#23);
#14374 = PRODUCT_DEFINITION_SHAPE('Placement','Placement of an item',
  #14375);
#14375 = NEXT_ASSEMBLY_USAGE_OCCURRENCE('9','BodyFillet','',#5,#14210,$
  );
#14376 = PRODUCT_RELATED_PRODUCT_CATEGORY('part',$,(#14212));
#14377 = MECHANICAL_DESIGN_GEOMETRIC_PRESENTATION_REPRESENTATION('',(
    #14378),#14366);
#14378 = STYLED_ITEM('color',(#14379),#14216);
#14379 = PRESENTATION_STYLE_ASSIGNMENT((#14380,#14386));
#14380 = SURFACE_STYLE_USAGE(.BOTH.,#14381);
#14381 = SURFACE_SIDE_STYLE('',(#14382));
#14382 = SURFACE_STYLE_FILL_AREA(#14383);
#14383 = FILL_AREA_STYLE('',(#14384));
#14384 = FILL_AREA_STYLE_COLOUR('',#14385);
#14385 = COLOUR_RGB('',0.199999998682,0.199999998682,0.199999998682);
#14386 = CURVE_STYLE('',#14387,POSITIVE_LENGTH_MEASURE(0.1),#14388);
#14387 = DRAUGHTING_PRE_DEFINED_CURVE_FONT('continuous');
#14388 = COLOUR_RGB('',9.803921802644E-02,9.803921802644E-02,
  9.803921802644E-02);
#14389 = MECHANICAL_DESIGN_GEOMETRIC_PRESENTATION_REPRESENTATION('',(
    #14390),#14197);
#14390 = STYLED_ITEM('color',(#14391),#272);
#14391 = PRESENTATION_STYLE_ASSIGNMENT((#14392,#14398));
#14392 = SURFACE_STYLE_USAGE(.BOTH.,#14393);
#14393 = SURFACE_SIDE_STYLE('',(#14394));
#14394 = SURFACE_STYLE_FILL_AREA(#14395);
#14395 = FILL_AREA_STYLE('',(#14396));
#14396 = FILL_AREA_STYLE_COLOUR('',#14397);
#14397 = COLOUR_RGB('',0.750000000934,0.750000000934,0.750000000934);
#14398 = CURVE_STYLE('',#14399,POSITIVE_LENGTH_MEASURE(0.1),#14388);
#14399 = DRAUGHTING_PRE_DEFINED_CURVE_FONT('continuous');
#14400 = MECHANICAL_DESIGN_GEOMETRIC_PRESENTATION_REPRESENTATION('',(
    #14401,#14410,#14419,#14428),#253);
#14401 = STYLED_ITEM('color',(#14402),#41);
#14402 = PRESENTATION_STYLE_ASSIGNMENT((#14403,#14408));
#14403 = SURFACE_STYLE_USAGE(.BOTH.,#14404);
#14404 = SURFACE_SIDE_STYLE('',(#14405));
#14405 = SURFACE_STYLE_FILL_AREA(#14406);
#14406 = FILL_AREA_STYLE('',(#14407));
#14407 = FILL_AREA_STYLE_COLOUR('',#14397);
#14408 = CURVE_STYLE('',#14409,POSITIVE_LENGTH_MEASURE(0.1),#14388);
#14409 = DRAUGHTING_PRE_DEFINED_CURVE_FONT('continuous');
#14410 = STYLED_ITEM('color',(#14411),#94);
#14411 = PRESENTATION_STYLE_ASSIGNMENT((#14412,#14417));
#14412 = SURFACE_STYLE_USAGE(.BOTH.,#14413);
#14413 = SURFACE_SIDE_STYLE('',(#14414));
#14414 = SURFACE_STYLE_FILL_AREA(#14415);
#14415 = FILL_AREA_STYLE('',(#14416));
#14416 = FILL_AREA_STYLE_COLOUR('',#14397);
#14417 = CURVE_STYLE('',#14418,POSITIVE_LENGTH_MEASURE(0.1),#14388);
#14418 = DRAUGHTING_PRE_DEFINED_CURVE_FONT('continuous');
#14419 = STYLED_ITEM('color',(#14420),#147);
#14420 = PRESENTATION_STYLE_ASSIGNMENT((#14421,#14426));
#14421 = SURFACE_STYLE_USAGE(.BOTH.,#14422);
#14422 = SURFACE_SIDE_STYLE('',(#14423));
#14423 = SURFACE_STYLE_FILL_AREA(#14424);
#14424 = FILL_AREA_STYLE('',(#14425));
#14425 = FILL_AREA_STYLE_COLOUR('',#14397);
#14426 = CURVE_STYLE('',#14427,POSITIVE_LENGTH_MEASURE(0.1),#14388);
#14427 = DRAUGHTING_PRE_DEFINED_CURVE_FONT('continuous');
#14428 = STYLED_ITEM('color',(#14429),#200);
#14429 = PRESENTATION_STYLE_ASSIGNMENT((#14430,#14435));
#14430 = SURFACE_STYLE_USAGE(.BOTH.,#14431);
#14431 = SURFACE_SIDE_STYLE('',(#14432));
#14432 = SURFACE_STYLE_FILL_AREA(#14433);
#14433 = FILL_AREA_STYLE('',(#14434));
#14434 = FILL_AREA_STYLE_COLOUR('',#14397);
#14435 = CURVE_STYLE('',#14436,POSITIVE_LENGTH_MEASURE(0.1),#14388);
#14436 = DRAUGHTING_PRE_DEFINED_CURVE_FONT('continuous');
ENDSEC;
END-ISO-10303-21;
